trip_id,train_number,train_name,train_type,from_station_code,to_station_code,distance_km,scheduled_run_time_min,departure_hour,day_of_week,departure_delay_min,section_congestion_level,weather_impact_flag,actual_run_time_min
TRIP-1001,22436,Vande Bharat Express,VB,NDLS,CNB,440.0,240.0,8,3,0.0,0.85,1,321.08
TRIP-1001,22436,Vande Bharat Express,VB,CNB,PRYJ,194.5,100.0,13,3,82.2,0.61,0,107.28
TRIP-1001,22436,Vande Bharat Express,VB,PRYJ,DDU,153.0,90.0,15,3,89.0,0.69,0,94.86
TRIP-1001,22436,Vande Bharat Express,VB,DDU,BSB,18.0,25.0,16,3,93.8,0.78,0,29.91
TRIP-1002,12951,Mumbai Rajdhani Express,RAJ,BCT,ST,263.0,160.0,11,3,0.0,0.95,0,169.13
TRIP-1002,12951,Mumbai Rajdhani Express,RAJ,ST,BRC,129.0,80.0,13,3,8.6,0.62,0,74.56
TRIP-1002,12951,Mumbai Rajdhani Express,RAJ,BRC,RTM,261.0,195.0,15,3,4.6,0.69,0,188.09
TRIP-1002,12951,Mumbai Rajdhani Express,RAJ,RTM,KOTA,266.0,155.0,18,3,0.0,0.95,0,165.17
TRIP-1002,12951,Mumbai Rajdhani Express,RAJ,KOTA,MTJ,324.0,195.0,21,3,11.9,0.88,0,207.25
TRIP-1002,12951,Mumbai Rajdhani Express,RAJ,MTJ,NDLS,143.0,110.0,0,3,23.7,0.89,0,115.26
TRIP-1003,12302,Howrah Rajdhani Express,RAJ,NDLS,CNB,440.0,285.0,14,3,18.2,0.88,0,274.67
TRIP-1003,12302,Howrah Rajdhani Express,RAJ,CNB,PRYJ,194.5,120.0,18,3,8.1,0.88,0,123.98
TRIP-1003,12302,Howrah Rajdhani Express,RAJ,PRYJ,DDU,153.0,105.0,20,3,11.9,0.96,0,103.24
TRIP-1003,12302,Howrah Rajdhani Express,RAJ,DDU,GAYA,205.0,130.0,22,3,9.1,0.84,0,127.37
TRIP-1003,12302,Howrah Rajdhani Express,RAJ,GAYA,DHN,201.0,140.0,0,3,5.7,0.46,0,132.59
TRIP-1003,12302,Howrah Rajdhani Express,RAJ,DHN,HWH,259.0,200.0,3,3,0.0,0.37,0,184.84
TRIP-1004,22436,Vande Bharat Express,VB,NDLS,CNB,440.0,240.0,16,3,5.3,0.87,0,237.08
TRIP-1004,22436,Vande Bharat Express,VB,CNB,PRYJ,194.5,100.0,20,3,3.5,0.98,0,107.62
TRIP-1004,22436,Vande Bharat Express,VB,PRYJ,DDU,153.0,90.0,21,3,11.7,0.93,1,123.25
TRIP-1004,22436,Vande Bharat Express,VB,DDU,BSB,18.0,25.0,0,3,44.9,0.75,0,29.7
TRIP-1005,12802,Purushottam Express,EXP,NDLS,CNB,440.0,350.0,22,3,5.0,0.65,0,343.56
TRIP-1005,12802,Purushottam Express,EXP,CNB,PRYJ,194.5,150.0,3,3,0.0,0.66,0,141.08
TRIP-1005,12802,Purushottam Express,EXP,PRYJ,DDU,153.0,135.0,6,3,0.0,0.87,1,166.54
TRIP-1005,12802,Purushottam Express,EXP,DDU,GAYA,205.0,165.0,9,3,33.1,0.8,0,174.75
TRIP-1005,12802,Purushottam Express,EXP,GAYA,BKSC,149.0,135.0,12,3,42.2,0.45,0,139.19
TRIP-1005,12802,Purushottam Express,EXP,BKSC,PURI,612.0,520.0,14,3,47.5,0.46,0,503.2
TRIP-1006,22436,Vande Bharat Express,VB,NDLS,CNB,440.0,240.0,0,4,0.0,0.69,1,304.54
TRIP-1006,22436,Vande Bharat Express,VB,CNB,PRYJ,194.5,100.0,5,4,63.7,0.68,0,105.4
TRIP-1006,22436,Vande Bharat Express,VB,PRYJ,DDU,153.0,90.0,6,4,68.8,0.8,0,98.35
TRIP-1006,22436,Vande Bharat Express,VB,DDU,BSB,18.0,25.0,8,4,77.3,0.98,0,34.0
TRIP-1007,22436,Vande Bharat Express,VB,NDLS,CNB,440.0,240.0,3,4,5.7,0.78,0,222.47
TRIP-1007,22436,Vande Bharat Express,VB,CNB,PRYJ,194.5,100.0,6,4,0.0,0.81,1,123.31
TRIP-1007,22436,Vande Bharat Express,VB,PRYJ,DDU,153.0,90.0,8,4,23.3,0.83,0,101.06
TRIP-1007,22436,Vande Bharat Express,VB,DDU,BSB,18.0,25.0,10,4,35.8,0.97,0,31.98
TRIP-1008,12302,Howrah Rajdhani Express,RAJ,NDLS,CNB,440.0,285.0,5,4,46.1,0.79,1,384.8
TRIP-1008,12302,Howrah Rajdhani Express,RAJ,CNB,PRYJ,194.5,120.0,11,4,146.9,0.83,0,136.76
TRIP-1008,12302,Howrah Rajdhani Express,RAJ,PRYJ,DDU,153.0,105.0,13,4,164.4,0.6,0,117.8
TRIP-1008,12302,Howrah Rajdhani Express,RAJ,DDU,GAYA,205.0,130.0,15,4,178.2,0.67,0,139.8
TRIP-1008,12302,Howrah Rajdhani Express,RAJ,GAYA,DHN,201.0,140.0,18,4,188.0,0.77,0,154.09
TRIP-1008,12302,Howrah Rajdhani Express,RAJ,DHN,HWH,259.0,200.0,20,4,202.8,0.58,0,213.04
TRIP-1009,12802,Purushottam Express,EXP,NDLS,CNB,440.0,350.0,8,4,1.7,0.98,0,373.23
TRIP-1009,12802,Purushottam Express,EXP,CNB,PRYJ,194.5,150.0,14,4,25.4,0.77,0,152.97
TRIP-1009,12802,Purushottam Express,EXP,PRYJ,DDU,153.0,135.0,16,4,28.2,0.61,0,133.85
TRIP-1009,12802,Purushottam Express,EXP,DDU,GAYA,205.0,165.0,19,4,26.6,0.98,0,179.43
TRIP-1009,12802,Purushottam Express,EXP,GAYA,BKSC,149.0,135.0,22,4,40.1,0.63,0,140.8
TRIP-1009,12802,Purushottam Express,EXP,BKSC,PURI,612.0,520.0,0,4,47.8,0.64,0,517.35
TRIP-1010,12802,Purushottam Express,EXP,NDLS,CNB,440.0,350.0,14,4,0.0,0.65,0,347.46
TRIP-1010,12802,Purushottam Express,EXP,CNB,PRYJ,194.5,150.0,19,4,0.0,0.83,0,160.69
TRIP-1010,12802,Purushottam Express,EXP,PRYJ,DDU,153.0,135.0,22,4,12.7,0.64,0,139.32
TRIP-1010,12802,Purushottam Express,EXP,DDU,GAYA,205.0,165.0,1,4,18.1,0.71,1,210.37
TRIP-1010,12802,Purushottam Express,EXP,GAYA,BKSC,149.0,135.0,4,4,65.1,0.62,0,137.64
TRIP-1010,12802,Purushottam Express,EXP,BKSC,PURI,612.0,520.0,7,4,68.6,0.56,0,519.64
TRIP-1011,12302,Howrah Rajdhani Express,RAJ,NDLS,CNB,440.0,285.0,20,4,0.0,0.97,0,299.15
TRIP-1011,12302,Howrah Rajdhani Express,RAJ,CNB,PRYJ,194.5,120.0,1,4,14.5,0.76,1,135.49
TRIP-1011,12302,Howrah Rajdhani Express,RAJ,PRYJ,DDU,153.0,105.0,3,4,29.4,0.76,0,102.9
TRIP-1011,12302,Howrah Rajdhani Express,RAJ,DDU,GAYA,205.0,130.0,5,4,28.2,0.63,1,170.09
TRIP-1011,12302,Howrah Rajdhani Express,RAJ,GAYA,DHN,201.0,140.0,8,4,70.2,0.7,0,150.35
TRIP-1011,12302,Howrah Rajdhani Express,RAJ,DHN,HWH,259.0,200.0,10,4,81.9,0.63,0,207.47
TRIP-1012,12802,Purushottam Express,EXP,NDLS,CNB,440.0,350.0,0,5,8.6,0.68,0,338.15
TRIP-1012,12802,Purushottam Express,EXP,CNB,PRYJ,194.5,150.0,5,5,0.0,0.82,0,151.78
TRIP-1012,12802,Purushottam Express,EXP,PRYJ,DDU,153.0,135.0,8,5,2.0,0.87,1,170.01
TRIP-1012,12802,Purushottam Express,EXP,DDU,GAYA,205.0,165.0,11,5,36.3,0.95,0,182.99
TRIP-1012,12802,Purushottam Express,EXP,GAYA,BKSC,149.0,135.0,14,5,54.6,0.47,0,136.71
TRIP-1012,12802,Purushottam Express,EXP,BKSC,PURI,612.0,520.0,16,5,56.5,0.54,0,507.57
TRIP-1013,22436,Vande Bharat Express,VB,NDLS,CNB,440.0,240.0,3,5,1.2,0.78,0,223.29
TRIP-1013,22436,Vande Bharat Express,VB,CNB,PRYJ,194.5,100.0,6,5,0.0,0.79,0,100.29
TRIP-1013,22436,Vande Bharat Express,VB,PRYJ,DDU,153.0,90.0,8,5,2.2,0.98,1,115.88
TRIP-1013,22436,Vande Bharat Express,VB,DDU,BSB,18.0,25.0,10,5,27.1,0.83,0,29.87
TRIP-1014,12004,Lucknow Shatabdi Express,SF,NDLS,GZB,24.5,38.0,7,5,0.0,0.84,1,52.41
TRIP-1014,12004,Lucknow Shatabdi Express,SF,GZB,ALJN,106.3,60.0,7,5,15.6,0.84,1,79.42
TRIP-1014,12004,Lucknow Shatabdi Express,SF,ALJN,CNB,308.6,210.0,9,5,36.5,0.98,0,228.73
TRIP-1014,12004,Lucknow Shatabdi Express,SF,CNB,LKO,71.6,75.0,13,5,56.8,0.73,0,85.71
TRIP-1015,12951,Mumbai Rajdhani Express,RAJ,BCT,ST,263.0,160.0,10,5,14.1,0.98,0,162.99
TRIP-1015,12951,Mumbai Rajdhani Express,RAJ,ST,BRC,129.0,80.0,12,5,18.9,0.77,0,77.51
TRIP-1015,12951,Mumbai Rajdhani Express,RAJ,BRC,RTM,261.0,195.0,14,5,16.3,0.7,0,188.62
TRIP-1015,12951,Mumbai Rajdhani Express,RAJ,RTM,KOTA,266.0,155.0,17,5,9.2,0.95,0,158.04
TRIP-1015,12951,Mumbai Rajdhani Express,RAJ,KOTA,MTJ,324.0,195.0,20,5,12.6,0.98,0,202.36
TRIP-1015,12951,Mumbai Rajdhani Express,RAJ,MTJ,NDLS,143.0,110.0,23,5,20.8,0.63,0,105.99
TRIP-1016,12302,Howrah Rajdhani Express,RAJ,NDLS,CNB,440.0,285.0,14,5,4.2,0.62,0,277.84
TRIP-1016,12302,Howrah Rajdhani Express,RAJ,CNB,PRYJ,194.5,120.0,18,5,0.0,0.91,0,124.35
TRIP-1016,12302,Howrah Rajdhani Express,RAJ,PRYJ,DDU,153.0,105.0,20,5,5.7,0.97,0,105.74
TRIP-1016,12302,Howrah Rajdhani Express,RAJ,DDU,GAYA,205.0,130.0,22,5,5.8,0.75,1,154.85
TRIP-1016,12302,Howrah Rajdhani Express,RAJ,GAYA,DHN,201.0,140.0,1,5,31.8,0.53,0,133.06
TRIP-1016,12302,Howrah Rajdhani Express,RAJ,DHN,HWH,259.0,200.0,3,5,25.0,0.44,0,181.54
TRIP-1017,22436,Vande Bharat Express,VB,NDLS,CNB,440.0,240.0,16,5,3.8,0.89,0,234.24
TRIP-1017,22436,Vande Bharat Express,VB,CNB,PRYJ,194.5,100.0,19,5,0.0,0.82,0,108.06
TRIP-1017,22436,Vande Bharat Express,VB,PRYJ,DDU,153.0,90.0,21,5,10.0,0.96,0,97.18
TRIP-1017,22436,Vande Bharat Express,VB,DDU,BSB,18.0,25.0,23,5,18.9,0.61,1,34.17
TRIP-1018,12004,Lucknow Shatabdi Express,SF,NDLS,GZB,24.5,38.0,18,5,1.4,0.91,0,40.35
TRIP-1018,12004,Lucknow Shatabdi Express,SF,GZB,ALJN,106.3,60.0,18,5,3.0,0.98,0,70.08
TRIP-1018,12004,Lucknow Shatabdi Express,SF,ALJN,CNB,308.6,210.0,20,5,13.0,0.98,0,225.82
TRIP-1018,12004,Lucknow Shatabdi Express,SF,CNB,LKO,71.6,75.0,23,5,28.3,0.87,0,81.04
TRIP-1019,12951,Mumbai Rajdhani Express,RAJ,BCT,ST,263.0,160.0,22,5,40.2,0.61,0,163.55
TRIP-1019,12951,Mumbai Rajdhani Express,RAJ,ST,BRC,129.0,80.0,0,5,45.2,0.9,0,86.71
TRIP-1019,12951,Mumbai Rajdhani Express,RAJ,BRC,RTM,261.0,195.0,2,5,53.4,0.85,0,186.86
TRIP-1019,12951,Mumbai Rajdhani Express,RAJ,RTM,KOTA,266.0,155.0,5,5,45.1,0.62,0,164.29
TRIP-1019,12951,Mumbai Rajdhani Express,RAJ,KOTA,MTJ,324.0,195.0,8,5,56.2,0.98,0,209.35
TRIP-1019,12951,Mumbai Rajdhani Express,RAJ,MTJ,NDLS,143.0,110.0,11,5,70.0,0.98,0,125.41
TRIP-1020,12802,Purushottam Express,EXP,NDLS,CNB,440.0,350.0,2,6,8.2,0.8,0,333.84
TRIP-1020,12802,Purushottam Express,EXP,CNB,PRYJ,194.5,150.0,7,6,0.0,0.77,0,151.16
TRIP-1020,12802,Purushottam Express,EXP,PRYJ,DDU,153.0,135.0,10,6,0.6,0.81,0,148.3
TRIP-1020,12802,Purushottam Express,EXP,DDU,GAYA,205.0,165.0,12,6,13.5,0.64,0,165.46
TRIP-1020,12802,Purushottam Express,EXP,GAYA,BKSC,149.0,135.0,15,6,14.0,0.53,0,129.24
TRIP-1020,12802,Purushottam Express,EXP,BKSC,PURI,612.0,520.0,17,6,10.0,0.65,0,524.98
TRIP-1021,22436,Vande Bharat Express,VB,NDLS,CNB,440.0,240.0,8,6,10.1,0.98,0,255.71
TRIP-1021,22436,Vande Bharat Express,VB,CNB,PRYJ,194.5,100.0,12,6,25.6,0.74,0,106.16
TRIP-1021,22436,Vande Bharat Express,VB,PRYJ,DDU,153.0,90.0,14,6,32.2,0.7,0,97.25
TRIP-1021,22436,Vande Bharat Express,VB,DDU,BSB,18.0,25.0,15,6,39.0,0.7,0,32.53
TRIP-1022,12802,Purushottam Express,EXP,NDLS,CNB,440.0,350.0,10,6,0.0,0.85,0,362.38
TRIP-1022,12802,Purushottam Express,EXP,CNB,PRYJ,194.5,150.0,16,6,11.7,0.74,0,150.04
TRIP-1022,12802,Purushottam Express,EXP,PRYJ,DDU,153.0,135.0,18,6,12.9,0.81,0,139.09
TRIP-1022,12802,Purushottam Express,EXP,DDU,GAYA,205.0,165.0,21,6,17.8,0.82,0,176.26
TRIP-1022,12802,Purushottam Express,EXP,GAYA,BKSC,149.0,135.0,0,6,30.5,0.57,0,136.51
TRIP-1022,12802,Purushottam Express,EXP,BKSC,PURI,612.0,520.0,2,6,31.6,0.46,0,486.26
TRIP-1023,12004,Lucknow Shatabdi Express,SF,NDLS,GZB,24.5,38.0,12,6,10.0,0.68,0,45.01
TRIP-1023,12004,Lucknow Shatabdi Express,SF,GZB,ALJN,106.3,60.0,12,6,18.7,0.75,0,62.59
TRIP-1023,12004,Lucknow Shatabdi Express,SF,ALJN,CNB,308.6,210.0,13,6,21.9,0.67,0,206.25
TRIP-1023,12004,Lucknow Shatabdi Express,SF,CNB,LKO,71.6,75.0,17,6,18.3,0.81,0,78.95
TRIP-1024,12802,Purushottam Express,EXP,NDLS,CNB,440.0,350.0,16,6,18.0,0.8,0,347.26
TRIP-1024,12802,Purushottam Express,EXP,CNB,PRYJ,194.5,150.0,21,6,15.8,0.83,0,158.48
TRIP-1024,12802,Purushottam Express,EXP,PRYJ,DDU,153.0,135.0,0,6,23.6,0.69,1,178.51
TRIP-1024,12802,Purushottam Express,EXP,DDU,GAYA,205.0,165.0,3,6,67.2,0.9,0,161.97
TRIP-1024,12802,Purushottam Express,EXP,GAYA,BKSC,149.0,135.0,6,6,63.7,0.41,0,137.57
TRIP-1024,12802,Purushottam Express,EXP,BKSC,PURI,612.0,520.0,8,6,65.7,0.82,0,537.02
TRIP-1025,12802,Purushottam Express,EXP,NDLS,CNB,440.0,350.0,20,6,4.7,0.92,0,371.9
TRIP-1025,12802,Purushottam Express,EXP,CNB,PRYJ,194.5,150.0,2,6,26.4,0.65,0,145.14
TRIP-1025,12802,Purushottam Express,EXP,PRYJ,DDU,153.0,135.0,4,6,22.2,0.77,1,157.41
TRIP-1025,12802,Purushottam Express,EXP,DDU,GAYA,205.0,165.0,7,6,45.2,0.67,1,213.99
TRIP-1025,12802,Purushottam Express,EXP,GAYA,BKSC,149.0,135.0,11,6,93.6,0.69,0,147.94
TRIP-1025,12802,Purushottam Express,EXP,BKSC,PURI,612.0,520.0,13,6,106.0,0.37,0,519.9
TRIP-1026,12802,Purushottam Express,EXP,NDLS,CNB,440.0,350.0,23,6,10.0,0.8,0,342.86
TRIP-1026,12802,Purushottam Express,EXP,CNB,PRYJ,194.5,150.0,4,6,2.9,0.88,0,144.4
TRIP-1026,12802,Purushottam Express,EXP,PRYJ,DDU,153.0,135.0,7,6,0.0,0.82,0,135.71
TRIP-1026,12802,Purushottam Express,EXP,DDU,GAYA,205.0,165.0,9,6,1.4,0.98,1,218.37
TRIP-1026,12802,Purushottam Express,EXP,GAYA,BKSC,149.0,135.0,13,6,54.3,0.4,0,141.92
TRIP-1026,12802,Purushottam Express,EXP,BKSC,PURI,612.0,520.0,15,6,61.3,0.61,0,522.86
TRIP-1027,22436,Vande Bharat Express,VB,NDLS,CNB,440.0,240.0,1,0,0.0,0.69,0,216.77
TRIP-1027,22436,Vande Bharat Express,VB,CNB,PRYJ,194.5,100.0,4,0,0.0,0.87,1,124.21
TRIP-1027,22436,Vande Bharat Express,VB,PRYJ,DDU,153.0,90.0,6,0,26.0,0.79,1,117.52
TRIP-1027,22436,Vande Bharat Express,VB,DDU,BSB,18.0,25.0,8,0,54.4,0.96,0,33.15
TRIP-1028,12302,Howrah Rajdhani Express,RAJ,NDLS,CNB,440.0,285.0,5,0,0.0,0.77,0,283.1
TRIP-1028,12302,Howrah Rajdhani Express,RAJ,CNB,PRYJ,194.5,120.0,9,0,0.0,0.98,1,165.25
TRIP-1028,12302,Howrah Rajdhani Express,RAJ,PRYJ,DDU,153.0,105.0,12,0,44.7,0.67,0,115.29
TRIP-1028,12302,Howrah Rajdhani Express,RAJ,DDU,GAYA,205.0,130.0,14,0,55.6,0.68,0,134.49
TRIP-1028,12302,Howrah Rajdhani Express,RAJ,GAYA,DHN,201.0,140.0,16,0,61.8,0.53,0,141.29
TRIP-1028,12302,Howrah Rajdhani Express,RAJ,DHN,HWH,259.0,200.0,19,0,62.6,0.73,0,206.74
TRIP-1029,22436,Vande Bharat Express,VB,NDLS,CNB,440.0,240.0,8,0,9.1,0.98,0,245.9
TRIP-1029,22436,Vande Bharat Express,VB,CNB,PRYJ,194.5,100.0,12,0,15.8,0.73,0,95.11
TRIP-1029,22436,Vande Bharat Express,VB,PRYJ,DDU,153.0,90.0,13,0,10.3,0.9,0,92.82
TRIP-1029,22436,Vande Bharat Express,VB,DDU,BSB,18.0,25.0,15,0,14.9,0.86,0,22.72
TRIP-1030,22436,Vande Bharat Express,VB,NDLS,CNB,440.0,240.0,14,0,10.0,0.7,0,229.78
TRIP-1030,22436,Vande Bharat Express,VB,CNB,PRYJ,194.5,100.0,17,0,1.5,0.9,0,104.67
TRIP-1030,22436,Vande Bharat Express,VB,PRYJ,DDU,153.0,90.0,19,0,5.9,0.94,0,96.07
TRIP-1030,22436,Vande Bharat Express,VB,DDU,BSB,18.0,25.0,21,0,12.4,0.93,0,22.53
TRIP-1031,12951,Mumbai Rajdhani Express,RAJ,BCT,ST,263.0,160.0,20,0,4.1,0.92,0,165.5
TRIP-1031,12951,Mumbai Rajdhani Express,RAJ,ST,BRC,129.0,80.0,22,0,10.4,0.62,0,78.53
TRIP-1031,12951,Mumbai Rajdhani Express,RAJ,BRC,RTM,261.0,195.0,0,0,10.6,0.66,0,194.05
TRIP-1031,12951,Mumbai Rajdhani Express,RAJ,RTM,KOTA,266.0,155.0,3,0,8.8,0.83,0,138.41
TRIP-1031,12951,Mumbai Rajdhani Express,RAJ,KOTA,MTJ,324.0,195.0,5,0,0.0,0.72,0,190.92
TRIP-1031,12951,Mumbai Rajdhani Express,RAJ,MTJ,NDLS,143.0,110.0,9,0,0.0,0.98,0,115.92
TRIP-1032,12951,Mumbai Rajdhani Express,RAJ,BCT,ST,263.0,160.0,23,0,0.6,0.65,0,157.89
TRIP-1032,12951,Mumbai Rajdhani Express,RAJ,ST,BRC,129.0,80.0,1,0,0.0,0.61,0,76.8
TRIP-1032,12951,Mumbai Rajdhani Express,RAJ,BRC,RTM,261.0,195.0,3,0,0.0,0.63,0,179.3
TRIP-1032,12951,Mumbai Rajdhani Express,RAJ,RTM,KOTA,266.0,155.0,6,0,0.0,0.8,0,151.75
TRIP-1032,12951,Mumbai Rajdhani Express,RAJ,KOTA,MTJ,324.0,195.0,8,0,0.0,0.98,0,205.68
TRIP-1032,12951,Mumbai Rajdhani Express,RAJ,MTJ,NDLS,143.0,110.0,12,0,10.9,0.8,0,101.41
TRIP-1033,12951,Mumbai Rajdhani Express,RAJ,BCT,ST,263.0,160.0,3,1,10.0,0.68,0,148.88
TRIP-1033,12951,Mumbai Rajdhani Express,RAJ,ST,BRC,129.0,80.0,5,1,0.0,0.79,0,75.52
TRIP-1033,12951,Mumbai Rajdhani Express,RAJ,BRC,RTM,261.0,195.0,6,1,0.0,0.88,0,198.54
TRIP-1033,12951,Mumbai Rajdhani Express,RAJ,RTM,KOTA,266.0,155.0,10,1,3.0,0.98,0,163.91
TRIP-1033,12951,Mumbai Rajdhani Express,RAJ,KOTA,MTJ,324.0,195.0,13,1,12.1,0.61,0,185.92
TRIP-1033,12951,Mumbai Rajdhani Express,RAJ,MTJ,NDLS,143.0,110.0,16,1,4.0,0.68,0,104.63
TRIP-1034,12302,Howrah Rajdhani Express,RAJ,NDLS,CNB,440.0,285.0,7,1,2.4,0.87,1,351.64
TRIP-1034,12302,Howrah Rajdhani Express,RAJ,CNB,PRYJ,194.5,120.0,12,1,70.5,0.66,0,122.76
TRIP-1034,12302,Howrah Rajdhani Express,RAJ,PRYJ,DDU,153.0,105.0,15,1,75.0,0.86,0,110.26
TRIP-1034,12302,Howrah Rajdhani Express,RAJ,DDU,GAYA,205.0,130.0,16,1,82.0,0.73,0,135.95
TRIP-1034,12302,Howrah Rajdhani Express,RAJ,GAYA,DHN,201.0,140.0,19,1,87.1,0.6,0,147.28
TRIP-1034,12302,Howrah Rajdhani Express,RAJ,DHN,HWH,259.0,200.0,21,1,94.1,0.67,0,203.62
TRIP-1035,22436,Vande Bharat Express,VB,NDLS,CNB,440.0,240.0,10,1,10.0,0.97,0,245.99
TRIP-1035,22436,Vande Bharat Express,VB,CNB,PRYJ,194.5,100.0,14,1,15.6,0.61,0,94.41
TRIP-1035,22436,Vande Bharat Express,VB,PRYJ,DDU,153.0,90.0,15,1,9.2,0.75,0,86.75
TRIP-1035,22436,Vande Bharat Express,VB,DDU,BSB,18.0,25.0,17,1,5.2,0.98,0,26.34
TRIP-1036,12802,Purushottam Express,EXP,NDLS,CNB,440.0,350.0,13,1,4.0,0.81,0,342.16
TRIP-1036,12802,Purushottam Express,EXP,CNB,PRYJ,194.5,150.0,18,1,0.0,0.91,0,155.01
TRIP-1036,12802,Purushottam Express,EXP,PRYJ,DDU,153.0,135.0,21,1,4.6,0.96,0,145.79
TRIP-1036,12802,Purushottam Express,EXP,DDU,GAYA,205.0,165.0,23,1,16.8,0.8,0,164.76
TRIP-1036,12802,Purushottam Express,EXP,GAYA,BKSC,149.0,135.0,2,1,16.2,0.65,0,118.97
TRIP-1036,12802,Purushottam Express,EXP,BKSC,PURI,612.0,520.0,4,1,2.0,0.36,0,475.31
TRIP-1037,12302,Howrah Rajdhani Express,RAJ,NDLS,CNB,440.0,285.0,19,1,2.8,0.98,0,291.43
TRIP-1037,12302,Howrah Rajdhani Express,RAJ,CNB,PRYJ,194.5,120.0,23,1,11.0,0.89,0,117.53
TRIP-1037,12302,Howrah Rajdhani Express,RAJ,PRYJ,DDU,153.0,105.0,1,1,10.1,0.7,0,91.84
TRIP-1037,12302,Howrah Rajdhani Express,RAJ,DDU,GAYA,205.0,130.0,3,1,0.0,0.81,1,147.8
TRIP-1037,12302,Howrah Rajdhani Express,RAJ,GAYA,DHN,201.0,140.0,6,1,17.7,0.51,0,131.77
TRIP-1037,12302,Howrah Rajdhani Express,RAJ,DHN,HWH,259.0,200.0,8,1,11.2,0.73,0,194.45
TRIP-1038,12004,Lucknow Shatabdi Express,SF,NDLS,GZB,24.5,38.0,23,1,10.0,0.86,0,46.34
TRIP-1038,12004,Lucknow Shatabdi Express,SF,GZB,ALJN,106.3,60.0,23,1,18.5,0.74,0,61.49
TRIP-1038,12004,Lucknow Shatabdi Express,SF,ALJN,CNB,308.6,210.0,0,1,22.0,0.83,0,204.39
TRIP-1038,12004,Lucknow Shatabdi Express,SF,CNB,LKO,71.6,75.0,4,1,15.7,0.71,1,89.14
TRIP-1039,12802,Purushottam Express,EXP,NDLS,CNB,440.0,350.0,2,2,1.9,0.72,0,322.17
TRIP-1039,12802,Purushottam Express,EXP,CNB,PRYJ,194.5,150.0,7,2,0.0,0.84,1,196.64
TRIP-1039,12802,Purushottam Express,EXP,PRYJ,DDU,153.0,135.0,10,2,47.5,0.85,0,151.42
TRIP-1039,12802,Purushottam Express,EXP,DDU,GAYA,205.0,165.0,13,2,65.7,0.79,0,170.6
TRIP-1039,12802,Purushottam Express,EXP,GAYA,BKSC,149.0,135.0,16,2,71.0,0.41,0,138.13
TRIP-1039,12802,Purushottam Express,EXP,BKSC,PURI,612.0,520.0,18,2,74.2,0.57,0,531.37
TRIP-1040,12951,Mumbai Rajdhani Express,RAJ,BCT,ST,263.0,160.0,4,2,0.0,0.84,0,149.24
TRIP-1040,12951,Mumbai Rajdhani Express,RAJ,ST,BRC,129.0,80.0,6,2,0.0,0.77,0,75.34
TRIP-1040,12951,Mumbai Rajdhani Express,RAJ,BRC,RTM,261.0,195.0,7,2,0.0,0.68,0,190.37
TRIP-1040,12951,Mumbai Rajdhani Express,RAJ,RTM,KOTA,266.0,155.0,11,2,0.0,0.97,0,161.96
TRIP-1040,12951,Mumbai Rajdhani Express,RAJ,KOTA,MTJ,324.0,195.0,13,2,7.2,0.71,0,183.41
TRIP-1040,12951,Mumbai Rajdhani Express,RAJ,MTJ,NDLS,143.0,110.0,17,2,0.0,0.98,0,115.08
TRIP-1041,12302,Howrah Rajdhani Express,RAJ,NDLS,CNB,440.0,285.0,6,2,12.1,0.85,1,341.02
TRIP-1041,12302,Howrah Rajdhani Express,RAJ,CNB,PRYJ,194.5,120.0,11,2,69.8,0.98,0,137.43
TRIP-1041,12302,Howrah Rajdhani Express,RAJ,PRYJ,DDU,153.0,105.0,14,2,88.7,0.81,0,114.95
TRIP-1041,12302,Howrah Rajdhani Express,RAJ,DDU,GAYA,205.0,130.0,16,2,99.9,0.65,0,137.27
TRIP-1041,12302,Howrah Rajdhani Express,RAJ,GAYA,DHN,201.0,140.0,18,2,108.4,0.6,0,145.56
TRIP-1041,12302,Howrah Rajdhani Express,RAJ,DHN,HWH,259.0,200.0,21,2,115.5,0.7,0,207.03
TRIP-1042,12951,Mumbai Rajdhani Express,RAJ,BCT,ST,263.0,160.0,12,2,0.0,0.68,0,161.75
TRIP-1042,12951,Mumbai Rajdhani Express,RAJ,ST,BRC,129.0,80.0,14,2,1.1,0.83,0,82.15
TRIP-1042,12951,Mumbai Rajdhani Express,RAJ,BRC,RTM,261.0,195.0,16,2,5.1,0.7,0,185.06
TRIP-1042,12951,Mumbai Rajdhani Express,RAJ,RTM,KOTA,266.0,155.0,19,2,0.0,0.98,0,161.64
TRIP-1042,12951,Mumbai Rajdhani Express,RAJ,KOTA,MTJ,324.0,195.0,22,2,7.4,0.7,0,190.59
TRIP-1042,12951,Mumbai Rajdhani Express,RAJ,MTJ,NDLS,143.0,110.0,1,2,2.1,0.61,0,101.41
TRIP-1043,12951,Mumbai Rajdhani Express,RAJ,BCT,ST,263.0,160.0,14,2,23.0,0.73,0,153.8
TRIP-1043,12951,Mumbai Rajdhani Express,RAJ,ST,BRC,129.0,80.0,16,2,18.2,0.81,0,77.15
TRIP-1043,12951,Mumbai Rajdhani Express,RAJ,BRC,RTM,261.0,195.0,18,2,16.4,0.98,0,196.98
TRIP-1043,12951,Mumbai Rajdhani Express,RAJ,RTM,KOTA,266.0,155.0,21,2,20.2,0.93,0,160.76
TRIP-1043,12951,Mumbai Rajdhani Express,RAJ,KOTA,MTJ,324.0,195.0,0,2,26.1,0.68,0,195.39
TRIP-1043,12951,Mumbai Rajdhani Express,RAJ,MTJ,NDLS,143.0,110.0,3,2,26.2,0.66,0,101.25
TRIP-1044,12302,Howrah Rajdhani Express,RAJ,NDLS,CNB,440.0,285.0,18,2,1.7,0.98,0,297.82
TRIP-1044,12302,Howrah Rajdhani Express,RAJ,CNB,PRYJ,194.5,120.0,23,2,16.1,0.83,0,114.35
TRIP-1044,12302,Howrah Rajdhani Express,RAJ,PRYJ,DDU,153.0,105.0,1,2,9.5,0.88,0,98.61
TRIP-1044,12302,Howrah Rajdhani Express,RAJ,DDU,GAYA,205.0,130.0,2,2,2.5,0.64,0,121.39
TRIP-1044,12302,Howrah Rajdhani Express,RAJ,GAYA,DHN,201.0,140.0,4,2,0.0,0.52,0,124.1
TRIP-1044,12302,Howrah Rajdhani Express,RAJ,DHN,HWH,259.0,200.0,7,2,0.0,0.59,0,191.13
TRIP-1045,12302,Howrah Rajdhani Express,RAJ,NDLS,CNB,440.0,285.0,0,3,0.0,0.72,0,281.24
TRIP-1045,12302,Howrah Rajdhani Express,RAJ,CNB,PRYJ,194.5,120.0,4,3,0.0,0.83,1,134.37
TRIP-1045,12302,Howrah Rajdhani Express,RAJ,PRYJ,DDU,153.0,105.0,7,3,14.1,0.9,1,132.02
TRIP-1045,12302,Howrah Rajdhani Express,RAJ,DDU,GAYA,205.0,130.0,9,3,41.1,0.96,1,168.14
TRIP-1045,12302,Howrah Rajdhani Express,RAJ,GAYA,DHN,201.0,140.0,12,3,79.4,0.39,0,142.94
TRIP-1045,12302,Howrah Rajdhani Express,RAJ,DHN,HWH,259.0,200.0,14,3,82.0,0.4,0,197.24
TRIP-1046,12004,Lucknow Shatabdi Express,SF,NDLS,GZB,24.5,38.0,6,3,10.0,0.88,1,53.59
TRIP-1046,12004,Lucknow Shatabdi Express,SF,GZB,ALJN,106.3,60.0,6,3,27.0,0.7,0,61.24
TRIP-1046,12004,Lucknow Shatabdi Express,SF,ALJN,CNB,308.6,210.0,8,3,29.9,0.96,0,220.35
TRIP-1046,12004,Lucknow Shatabdi Express,SF,CNB,LKO,71.6,75.0,11,3,41.5,0.82,0,89.04
TRIP-1047,12302,Howrah Rajdhani Express,RAJ,NDLS,CNB,440.0,285.0,10,3,10.0,0.98,0,294.74
TRIP-1047,12302,Howrah Rajdhani Express,RAJ,CNB,PRYJ,194.5,120.0,14,3,20.2,0.77,0,123.44
TRIP-1047,12302,Howrah Rajdhani Express,RAJ,PRYJ,DDU,153.0,105.0,17,3,23.4,0.98,0,112.44
TRIP-1047,12302,Howrah Rajdhani Express,RAJ,DDU,GAYA,205.0,130.0,19,3,31.8,0.82,0,138.73
TRIP-1047,12302,Howrah Rajdhani Express,RAJ,GAYA,DHN,201.0,140.0,21,3,41.0,0.81,0,146.87
TRIP-1047,12302,Howrah Rajdhani Express,RAJ,DHN,HWH,259.0,200.0,0,3,47.9,0.46,0,203.58
TRIP-1048,12302,Howrah Rajdhani Express,RAJ,NDLS,CNB,440.0,285.0,13,3,17.3,0.73,0,271.31
TRIP-1048,12302,Howrah Rajdhani Express,RAJ,CNB,PRYJ,194.5,120.0,17,3,4.4,0.98,0,124.7
TRIP-1048,12302,Howrah Rajdhani Express,RAJ,PRYJ,DDU,153.0,105.0,19,3,9.9,0.98,0,112.55
TRIP-1048,12302,Howrah Rajdhani Express,RAJ,DDU,GAYA,205.0,130.0,21,3,17.0,0.87,0,130.01
TRIP-1048,12302,Howrah Rajdhani Express,RAJ,GAYA,DHN,201.0,140.0,23,3,17.5,0.42,0,130.56
TRIP-1048,12302,Howrah Rajdhani Express,RAJ,DHN,HWH,259.0,200.0,2,3,8.2,0.53,0,172.62
TRIP-1049,12802,Purushottam Express,EXP,NDLS,CNB,440.0,350.0,17,3,10.0,0.98,0,361.27
TRIP-1049,12802,Purushottam Express,EXP,CNB,PRYJ,194.5,150.0,23,3,23.2,0.74,1,179.89
TRIP-1049,12802,Purushottam Express,EXP,PRYJ,DDU,153.0,135.0,2,3,53.6,0.7,0,136.54
TRIP-1049,12802,Purushottam Express,EXP,DDU,GAYA,205.0,165.0,4,3,54.7,0.65,1,206.19
TRIP-1049,12802,Purushottam Express,EXP,GAYA,BKSC,149.0,135.0,8,3,97.4,0.79,0,146.37
TRIP-1049,12802,Purushottam Express,EXP,BKSC,PURI,612.0,520.0,10,3,108.1,0.63,0,528.62
TRIP-1050,12802,Purushottam Express,EXP,NDLS,CNB,440.0,350.0,23,3,10.0,0.64,0,341.82
TRIP-1050,12802,Purushottam Express,EXP,CNB,PRYJ,194.5,150.0,4,3,0.9,0.64,0,136.79
TRIP-1050,12802,Purushottam Express,EXP,PRYJ,DDU,153.0,135.0,7,3,0.0,0.89,0,139.44
TRIP-1050,12802,Purushottam Express,EXP,DDU,GAYA,205.0,165.0,9,3,4.9,0.98,1,205.55
TRIP-1050,12802,Purushottam Express,EXP,GAYA,BKSC,149.0,135.0,13,3,46.6,0.41,0,135.9
TRIP-1050,12802,Purushottam Express,EXP,BKSC,PURI,612.0,520.0,15,3,49.1,0.4,0,511.14
TRIP-1051,12802,Purushottam Express,EXP,NDLS,CNB,440.0,350.0,5,4,23.0,0.75,0,348.53
TRIP-1051,12802,Purushottam Express,EXP,CNB,PRYJ,194.5,150.0,10,4,23.3,0.98,0,162.85
TRIP-1051,12802,Purushottam Express,EXP,PRYJ,DDU,153.0,135.0,13,4,35.8,0.8,0,144.56
TRIP-1051,12802,Purushottam Express,EXP,DDU,GAYA,205.0,165.0,16,4,47.4,0.61,0,171.62
TRIP-1051,12802,Purushottam Express,EXP,GAYA,BKSC,149.0,135.0,19,4,55.6,0.78,0,148.56
TRIP-1051,12802,Purushottam Express,EXP,BKSC,PURI,612.0,520.0,21,4,69.4,0.65,0,540.47
TRIP-1052,12951,Mumbai Rajdhani Express,RAJ,BCT,ST,263.0,160.0,8,4,32.0,0.93,0,175.81
TRIP-1052,12951,Mumbai Rajdhani Express,RAJ,ST,BRC,129.0,80.0,11,4,47.8,0.91,0,93.62
TRIP-1052,12951,Mumbai Rajdhani Express,RAJ,BRC,RTM,261.0,195.0,12,4,61.5,0.73,0,203.42
TRIP-1052,12951,Mumbai Rajdhani Express,RAJ,RTM,KOTA,266.0,155.0,16,4,70.8,0.74,0,165.84
TRIP-1052,12951,Mumbai Rajdhani Express,RAJ,KOTA,MTJ,324.0,195.0,18,4,82.2,0.94,0,207.07
TRIP-1052,12951,Mumbai Rajdhani Express,RAJ,MTJ,NDLS,143.0,110.0,22,4,95.0,0.76,0,116.11
TRIP-1053,12302,Howrah Rajdhani Express,RAJ,NDLS,CNB,440.0,285.0,14,4,62.3,0.61,0,286.65
TRIP-1053,12302,Howrah Rajdhani Express,RAJ,CNB,PRYJ,194.5,120.0,18,4,63.6,0.98,0,136.36
TRIP-1053,12302,Howrah Rajdhani Express,RAJ,PRYJ,DDU,153.0,105.0,21,4,80.1,0.83,0,118.89
TRIP-1053,12302,Howrah Rajdhani Express,RAJ,DDU,GAYA,205.0,130.0,23,4,94.6,0.69,0,135.76
TRIP-1053,12302,Howrah Rajdhani Express,RAJ,GAYA,DHN,201.0,140.0,1,4,100.6,0.39,0,132.73
TRIP-1053,12302,Howrah Rajdhani Express,RAJ,DHN,HWH,259.0,200.0,3,4,93.9,0.56,0,191.84
TRIP-1054,22436,Vande Bharat Express,VB,NDLS,CNB,440.0,240.0,16,4,1.9,0.84,0,242.3
TRIP-1054,22436,Vande Bharat Express,VB,CNB,PRYJ,194.5,100.0,20,4,3.4,0.98,0,115.07
TRIP-1054,22436,Vande Bharat Express,VB,PRYJ,DDU,153.0,90.0,22,4,20.1,0.67,1,116.26
TRIP-1054,22436,Vande Bharat Express,VB,DDU,BSB,18.0,25.0,0,4,47.9,0.87,1,39.69
TRIP-1055,22436,Vande Bharat Express,VB,NDLS,CNB,440.0,240.0,19,4,7.0,0.98,0,252.37
TRIP-1055,22436,Vande Bharat Express,VB,CNB,PRYJ,194.5,100.0,23,4,20.9,0.67,1,126.89
TRIP-1055,22436,Vande Bharat Express,VB,PRYJ,DDU,153.0,90.0,1,4,48.7,0.76,1,113.94
TRIP-1055,22436,Vande Bharat Express,VB,DDU,BSB,18.0,25.0,3,4,72.9,0.82,0,37.97
TRIP-1056,12302,Howrah Rajdhani Express,RAJ,NDLS,CNB,440.0,285.0,1,5,17.3,0.68,1,312.77
TRIP-1056,12302,Howrah Rajdhani Express,RAJ,CNB,PRYJ,194.5,120.0,6,5,45.1,0.62,0,122.03
TRIP-1056,12302,Howrah Rajdhani Express,RAJ,PRYJ,DDU,153.0,105.0,8,5,46.8,0.96,0,115.75
TRIP-1056,12302,Howrah Rajdhani Express,RAJ,DDU,GAYA,205.0,130.0,10,5,58.6,0.98,0,141.91
TRIP-1056,12302,Howrah Rajdhani Express,RAJ,GAYA,DHN,201.0,140.0,12,5,71.7,0.49,0,139.43
TRIP-1056,12302,Howrah Rajdhani Express,RAJ,DHN,HWH,259.0,200.0,15,5,70.7,0.56,0,196.74
TRIP-1057,12802,Purushottam Express,EXP,NDLS,CNB,440.0,350.0,3,5,8.3,0.7,0,323.17
TRIP-1057,12802,Purushottam Express,EXP,CNB,PRYJ,194.5,150.0,8,5,0.0,0.87,1,208.31
TRIP-1057,12802,Purushottam Express,EXP,PRYJ,DDU,153.0,135.0,12,5,59.8,0.76,0,142.55
TRIP-1057,12802,Purushottam Express,EXP,DDU,GAYA,205.0,165.0,14,5,68.7,0.64,0,170.56
TRIP-1057,12802,Purushottam Express,EXP,GAYA,BKSC,149.0,135.0,17,5,74.3,0.58,0,143.12
TRIP-1057,12802,Purushottam Express,EXP,BKSC,PURI,612.0,520.0,19,5,83.1,0.64,0,533.65
TRIP-1058,12004,Lucknow Shatabdi Express,SF,NDLS,GZB,24.5,38.0,9,5,13.7,0.98,0,39.29
TRIP-1058,12004,Lucknow Shatabdi Express,SF,GZB,ALJN,106.3,60.0,9,5,16.8,0.83,0,65.76
TRIP-1058,12004,Lucknow Shatabdi Express,SF,ALJN,CNB,308.6,210.0,10,5,22.5,0.82,0,217.71
TRIP-1058,12004,Lucknow Shatabdi Express,SF,CNB,LKO,71.6,75.0,14,5,29.7,0.81,0,75.83
TRIP-1059,12802,Purushottam Express,EXP,NDLS,CNB,440.0,350.0,15,5,2.7,0.86,0,350.86
TRIP-1059,12802,Purushottam Express,EXP,CNB,PRYJ,194.5,150.0,20,5,4.8,0.85,0,155.7
TRIP-1059,12802,Purushottam Express,EXP,PRYJ,DDU,153.0,135.0,23,5,10.7,0.64,1,159.18
TRIP-1059,12802,Purushottam Express,EXP,DDU,GAYA,205.0,165.0,2,5,35.2,0.69,0,158.46
TRIP-1059,12802,Purushottam Express,EXP,GAYA,BKSC,149.0,135.0,5,5,29.6,0.41,0,133.13
TRIP-1059,12802,Purushottam Express,EXP,BKSC,PURI,612.0,520.0,7,5,27.2,0.37,0,500.7
TRIP-1060,12802,Purushottam Express,EXP,NDLS,CNB,440.0,350.0,19,5,2.6,0.98,0,361.09
TRIP-1060,12802,Purushottam Express,EXP,CNB,PRYJ,194.5,150.0,1,5,13.1,0.64,1,180.07
TRIP-1060,12802,Purushottam Express,EXP,PRYJ,DDU,153.0,135.0,4,5,45.2,0.84,0,132.35
TRIP-1060,12802,Purushottam Express,EXP,DDU,GAYA,205.0,165.0,6,5,43.1,0.73,1,204.74
TRIP-1060,12802,Purushottam Express,EXP,GAYA,BKSC,149.0,135.0,9,5,84.3,0.77,0,142.55
TRIP-1060,12802,Purushottam Express,EXP,BKSC,PURI,612.0,520.0,12,5,90.9,0.47,0,507.14
TRIP-1061,12802,Purushottam Express,EXP,NDLS,CNB,440.0,350.0,21,5,3.6,0.8,1,473.32
TRIP-1061,12802,Purushottam Express,EXP,CNB,PRYJ,194.5,150.0,4,5,126.2,0.76,0,153.68
TRIP-1061,12802,Purushottam Express,EXP,PRYJ,DDU,153.0,135.0,7,5,130.4,0.65,1,177.42
TRIP-1061,12802,Purushottam Express,EXP,DDU,GAYA,205.0,165.0,10,5,174.1,0.98,0,187.31
TRIP-1061,12802,Purushottam Express,EXP,GAYA,BKSC,149.0,135.0,13,5,196.4,0.56,0,147.35
TRIP-1061,12802,Purushottam Express,EXP,BKSC,PURI,612.0,520.0,16,5,207.9,0.62,0,515.68
TRIP-1062,22436,Vande Bharat Express,VB,NDLS,CNB,440.0,240.0,1,6,3.1,0.78,1,278.92
TRIP-1062,22436,Vande Bharat Express,VB,CNB,PRYJ,194.5,100.0,5,6,43.2,0.75,0,102.42
TRIP-1062,22436,Vande Bharat Express,VB,PRYJ,DDU,153.0,90.0,7,6,44.9,0.6,0,97.24
TRIP-1062,22436,Vande Bharat Express,VB,DDU,BSB,18.0,25.0,9,6,52.0,0.9,0,38.27
TRIP-1063,12951,Mumbai Rajdhani Express,RAJ,BCT,ST,263.0,160.0,3,6,4.9,0.62,0,156.17
TRIP-1063,12951,Mumbai Rajdhani Express,RAJ,ST,BRC,129.0,80.0,5,6,1.9,0.71,0,79.03
TRIP-1063,12951,Mumbai Rajdhani Express,RAJ,BRC,RTM,261.0,195.0,7,6,0.3,0.78,0,198.23
TRIP-1063,12951,Mumbai Rajdhani Express,RAJ,RTM,KOTA,266.0,155.0,10,6,2.7,0.98,0,174.04
TRIP-1063,12951,Mumbai Rajdhani Express,RAJ,KOTA,MTJ,324.0,195.0,13,6,21.6,0.89,0,201.13
TRIP-1063,12951,Mumbai Rajdhani Express,RAJ,MTJ,NDLS,143.0,110.0,16,6,29.2,0.8,0,111.78
TRIP-1064,12951,Mumbai Rajdhani Express,RAJ,BCT,ST,263.0,160.0,9,6,10.0,0.91,0,168.2
TRIP-1064,12951,Mumbai Rajdhani Express,RAJ,ST,BRC,129.0,80.0,11,6,17.9,0.84,0,80.23
TRIP-1064,12951,Mumbai Rajdhani Express,RAJ,BRC,RTM,261.0,195.0,13,6,19.1,0.69,0,192.97
TRIP-1064,12951,Mumbai Rajdhani Express,RAJ,RTM,KOTA,266.0,155.0,16,6,17.4,0.85,0,151.02
TRIP-1064,12951,Mumbai Rajdhani Express,RAJ,KOTA,MTJ,324.0,195.0,19,6,14.4,0.85,0,200.11
TRIP-1064,12951,Mumbai Rajdhani Express,RAJ,MTJ,NDLS,143.0,110.0,22,6,20.7,0.85,0,110.98
TRIP-1065,12302,Howrah Rajdhani Express,RAJ,NDLS,CNB,440.0,285.0,15,6,26.4,0.76,0,279.83
TRIP-1065,12302,Howrah Rajdhani Express,RAJ,CNB,PRYJ,194.5,120.0,19,6,21.9,0.98,0,132.69
TRIP-1065,12302,Howrah Rajdhani Express,RAJ,PRYJ,DDU,153.0,105.0,22,6,35.5,0.83,1,134.14
TRIP-1065,12302,Howrah Rajdhani Express,RAJ,DDU,GAYA,205.0,130.0,0,6,66.1,0.66,0,136.13
TRIP-1065,12302,Howrah Rajdhani Express,RAJ,GAYA,DHN,201.0,140.0,2,6,71.8,0.46,0,137.25
TRIP-1065,12302,Howrah Rajdhani Express,RAJ,DHN,HWH,259.0,200.0,5,6,70.3,0.36,0,202.37
TRIP-1066,22436,Vande Bharat Express,VB,NDLS,CNB,440.0,240.0,19,6,10.0,0.9,0,246.64
TRIP-1066,22436,Vande Bharat Express,VB,CNB,PRYJ,194.5,100.0,23,6,17.8,0.87,0,93.48
TRIP-1066,22436,Vande Bharat Express,VB,PRYJ,DDU,153.0,90.0,0,6,12.4,0.6,0,86.01
TRIP-1066,22436,Vande Bharat Express,VB,DDU,BSB,18.0,25.0,2,6,8.8,0.79,1,27.86
TRIP-1067,12802,Purushottam Express,EXP,NDLS,CNB,440.0,350.0,22,6,0.0,0.85,0,349.08
TRIP-1067,12802,Purushottam Express,EXP,CNB,PRYJ,194.5,150.0,3,6,0.0,0.7,0,144.13
TRIP-1067,12802,Purushottam Express,EXP,PRYJ,DDU,153.0,135.0,6,6,0.0,0.64,1,167.39
TRIP-1067,12802,Purushottam Express,EXP,DDU,GAYA,205.0,165.0,9,6,32.1,0.98,0,186.28
TRIP-1067,12802,Purushottam Express,EXP,GAYA,BKSC,149.0,135.0,12,6,54.2,0.59,0,142.84
TRIP-1067,12802,Purushottam Express,EXP,BKSC,PURI,612.0,520.0,14,6,62.3,0.6,0,522.3
TRIP-1068,12802,Purushottam Express,EXP,NDLS,CNB,440.0,350.0,0,0,8.2,0.7,1,448.5
TRIP-1068,12802,Purushottam Express,EXP,CNB,PRYJ,194.5,150.0,7,0,106.6,0.88,1,204.69
TRIP-1068,12802,Purushottam Express,EXP,PRYJ,DDU,153.0,135.0,11,0,160.8,0.98,0,156.95
TRIP-1068,12802,Purushottam Express,EXP,DDU,GAYA,205.0,165.0,13,0,183.1,0.82,0,182.94
TRIP-1068,12802,Purushottam Express,EXP,GAYA,BKSC,149.0,135.0,16,0,201.8,0.39,0,148.0
TRIP-1068,12802,Purushottam Express,EXP,BKSC,PURI,612.0,520.0,19,0,214.1,0.57,0,533.08
TRIP-1069,12951,Mumbai Rajdhani Express,RAJ,BCT,ST,263.0,160.0,3,0,1.1,0.68,0,151.3
TRIP-1069,12951,Mumbai Rajdhani Express,RAJ,ST,BRC,129.0,80.0,5,0,0.0,0.83,0,77.93
TRIP-1069,12951,Mumbai Rajdhani Express,RAJ,BRC,RTM,261.0,195.0,6,0,0.0,0.87,0,190.91
TRIP-1069,12951,Mumbai Rajdhani Express,RAJ,RTM,KOTA,266.0,155.0,10,0,0.0,0.92,0,162.46
TRIP-1069,12951,Mumbai Rajdhani Express,RAJ,KOTA,MTJ,324.0,195.0,13,0,8.1,0.88,0,187.09
TRIP-1069,12951,Mumbai Rajdhani Express,RAJ,MTJ,NDLS,143.0,110.0,16,0,0.0,0.82,0,114.67
TRIP-1070,12302,Howrah Rajdhani Express,RAJ,NDLS,CNB,440.0,285.0,7,0,0.0,0.74,0,276.92
TRIP-1070,12302,Howrah Rajdhani Express,RAJ,CNB,PRYJ,194.5,120.0,11,0,0.0,0.87,0,124.2
TRIP-1070,12302,Howrah Rajdhani Express,RAJ,PRYJ,DDU,153.0,105.0,13,0,5.8,0.77,0,103.86
TRIP-1070,12302,Howrah Rajdhani Express,RAJ,DDU,GAYA,205.0,130.0,15,0,3.8,0.81,0,131.5
TRIP-1070,12302,Howrah Rajdhani Express,RAJ,GAYA,DHN,201.0,140.0,17,0,4.6,0.69,0,137.18
TRIP-1070,12302,Howrah Rajdhani Express,RAJ,DHN,HWH,259.0,200.0,20,0,3.6,0.8,0,202.02
TRIP-1071,12302,Howrah Rajdhani Express,RAJ,NDLS,CNB,440.0,285.0,9,0,9.1,0.96,1,367.0
TRIP-1071,12302,Howrah Rajdhani Express,RAJ,CNB,PRYJ,194.5,120.0,15,0,90.2,0.84,0,122.5
TRIP-1071,12302,Howrah Rajdhani Express,RAJ,PRYJ,DDU,153.0,105.0,17,0,94.0,0.96,0,116.4
TRIP-1071,12302,Howrah Rajdhani Express,RAJ,DDU,GAYA,205.0,130.0,19,0,107.0,0.98,0,145.15
TRIP-1071,12302,Howrah Rajdhani Express,RAJ,GAYA,DHN,201.0,140.0,21,0,122.8,0.7,0,145.24
TRIP-1071,12302,Howrah Rajdhani Express,RAJ,DHN,HWH,259.0,200.0,0,0,129.0,0.6,0,199.05
TRIP-1072,12802,Purushottam Express,EXP,NDLS,CNB,440.0,350.0,13,0,17.2,0.79,0,339.52
TRIP-1072,12802,Purushottam Express,EXP,CNB,PRYJ,194.5,150.0,18,0,6.9,0.98,0,159.98
TRIP-1072,12802,Purushottam Express,EXP,PRYJ,DDU,153.0,135.0,21,0,18.3,0.9,0,142.06
TRIP-1072,12802,Purushottam Express,EXP,DDU,GAYA,205.0,165.0,23,0,25.2,0.9,1,199.53
TRIP-1072,12802,Purushottam Express,EXP,GAYA,BKSC,149.0,135.0,3,0,59.2,0.48,0,133.65
TRIP-1072,12802,Purushottam Express,EXP,BKSC,PURI,612.0,520.0,5,0,57.1,0.61,0,510.77
TRIP-1073,12004,Lucknow Shatabdi Express,SF,NDLS,GZB,24.5,38.0,15,0,22.0,0.79,0,39.05
TRIP-1073,12004,Lucknow Shatabdi Express,SF,GZB,ALJN,106.3,60.0,15,0,24.7,0.73,0,60.08
TRIP-1073,12004,Lucknow Shatabdi Express,SF,ALJN,CNB,308.6,210.0,16,0,25.4,0.82,0,208.12
TRIP-1073,12004,Lucknow Shatabdi Express,SF,CNB,LKO,71.6,75.0,20,0,22.8,0.98,0,80.58
TRIP-1074,22436,Vande Bharat Express,VB,NDLS,CNB,440.0,240.0,19,0,10.0,0.94,0,248.58
TRIP-1074,22436,Vande Bharat Express,VB,CNB,PRYJ,194.5,100.0,23,0,18.7,0.75,0,98.84
TRIP-1074,22436,Vande Bharat Express,VB,PRYJ,DDU,153.0,90.0,0,0,16.8,0.67,1,114.01
TRIP-1074,22436,Vande Bharat Express,VB,DDU,BSB,18.0,25.0,2,0,41.8,0.79,1,39.21
TRIP-1075,12951,Mumbai Rajdhani Express,RAJ,BCT,ST,263.0,160.0,22,0,3.3,0.81,0,157.13
TRIP-1075,12951,Mumbai Rajdhani Express,RAJ,ST,BRC,129.0,80.0,0,0,0.1,0.85,0,79.77
TRIP-1075,12951,Mumbai Rajdhani Express,RAJ,BRC,RTM,261.0,195.0,2,0,0.8,0.81,0,179.45
TRIP-1075,12951,Mumbai Rajdhani Express,RAJ,RTM,KOTA,266.0,155.0,5,0,0.0,0.69,0,151.67
TRIP-1075,12951,Mumbai Rajdhani Express,RAJ,KOTA,MTJ,324.0,195.0,7,0,0.0,0.86,0,195.7
TRIP-1075,12951,Mumbai Rajdhani Express,RAJ,MTJ,NDLS,143.0,110.0,11,0,0.5,0.98,0,121.37
TRIP-1076,22436,Vande Bharat Express,VB,NDLS,CNB,440.0,240.0,1,1,0.0,0.86,0,216.87
TRIP-1076,22436,Vande Bharat Express,VB,CNB,PRYJ,194.5,100.0,4,1,0.0,0.63,0,93.45
TRIP-1076,22436,Vande Bharat Express,VB,PRYJ,DDU,153.0,90.0,6,1,0.0,0.86,1,121.1
TRIP-1076,22436,Vande Bharat Express,VB,DDU,BSB,18.0,25.0,8,1,32.5,0.81,0,33.27
TRIP-1077,12802,Purushottam Express,EXP,NDLS,CNB,440.0,350.0,3,1,5.2,0.81,0,316.58
TRIP-1077,12802,Purushottam Express,EXP,CNB,PRYJ,194.5,150.0,8,1,0.0,0.89,1,189.29
TRIP-1077,12802,Purushottam Express,EXP,PRYJ,DDU,153.0,135.0,11,1,41.0,0.98,0,151.36
TRIP-1077,12802,Purushottam Express,EXP,DDU,GAYA,205.0,165.0,14,1,58.7,0.61,0,172.1
TRIP-1077,12802,Purushottam Express,EXP,GAYA,BKSC,149.0,135.0,17,1,67.4,0.71,0,142.77
TRIP-1077,12802,Purushottam Express,EXP,BKSC,PURI,612.0,520.0,19,1,74.5,0.58,0,530.85
TRIP-1078,22436,Vande Bharat Express,VB,NDLS,CNB,440.0,240.0,9,1,42.2,0.97,0,258.25
TRIP-1078,22436,Vande Bharat Express,VB,CNB,PRYJ,194.5,100.0,13,1,61.3,0.87,0,106.09
TRIP-1078,22436,Vande Bharat Express,VB,PRYJ,DDU,153.0,90.0,15,1,68.3,0.78,0,93.82
TRIP-1078,22436,Vande Bharat Express,VB,DDU,BSB,18.0,25.0,16,1,72.2,0.75,0,36.81
TRIP-1079,22436,Vande Bharat Express,VB,NDLS,CNB,440.0,240.0,12,1,14.1,0.79,0,229.4
TRIP-1079,22436,Vande Bharat Express,VB,CNB,PRYJ,194.5,100.0,15,1,2.7,0.64,0,93.04
TRIP-1079,22436,Vande Bharat Express,VB,PRYJ,DDU,153.0,90.0,17,1,0.0,0.9,0,97.19
TRIP-1079,22436,Vande Bharat Express,VB,DDU,BSB,18.0,25.0,19,1,7.0,0.86,0,24.65
TRIP-1080,12302,Howrah Rajdhani Express,RAJ,NDLS,CNB,440.0,285.0,18,1,6.3,0.97,0,292.07
TRIP-1080,12302,Howrah Rajdhani Express,RAJ,CNB,PRYJ,194.5,120.0,22,1,15.2,0.72,1,149.1
TRIP-1080,12302,Howrah Rajdhani Express,RAJ,PRYJ,DDU,153.0,105.0,1,1,44.8,0.81,0,102.34
TRIP-1080,12302,Howrah Rajdhani Express,RAJ,DDU,GAYA,205.0,130.0,3,1,42.3,0.73,0,126.46
TRIP-1080,12302,Howrah Rajdhani Express,RAJ,GAYA,DHN,201.0,140.0,5,1,40.2,0.64,0,143.85
TRIP-1080,12302,Howrah Rajdhani Express,RAJ,DHN,HWH,259.0,200.0,7,1,43.1,0.54,0,199.2
TRIP-1081,12802,Purushottam Express,EXP,NDLS,CNB,440.0,350.0,21,1,5.6,0.94,1,453.71
TRIP-1081,12802,Purushottam Express,EXP,CNB,PRYJ,194.5,150.0,4,1,108.5,0.71,0,153.17
TRIP-1081,12802,Purushottam Express,EXP,PRYJ,DDU,153.0,135.0,7,1,111.8,0.78,1,187.03
TRIP-1081,12802,Purushottam Express,EXP,DDU,GAYA,205.0,165.0,10,1,163.2,0.98,0,187.44
TRIP-1081,12802,Purushottam Express,EXP,GAYA,BKSC,149.0,135.0,13,1,185.1,0.35,0,144.04
TRIP-1081,12802,Purushottam Express,EXP,BKSC,PURI,612.0,520.0,16,1,194.8,0.36,0,507.16
TRIP-1082,12951,Mumbai Rajdhani Express,RAJ,BCT,ST,263.0,160.0,3,2,5.4,0.85,0,150.65
TRIP-1082,12951,Mumbai Rajdhani Express,RAJ,ST,BRC,129.0,80.0,5,2,0.0,0.68,0,78.98
TRIP-1082,12951,Mumbai Rajdhani Express,RAJ,BRC,RTM,261.0,195.0,6,2,0.4,0.85,0,198.06
TRIP-1082,12951,Mumbai Rajdhani Express,RAJ,RTM,KOTA,266.0,155.0,10,2,5.2,0.93,0,160.78
TRIP-1082,12951,Mumbai Rajdhani Express,RAJ,KOTA,MTJ,324.0,195.0,13,2,12.1,0.81,0,184.87
TRIP-1082,12951,Mumbai Rajdhani Express,RAJ,MTJ,NDLS,143.0,110.0,16,2,2.2,0.64,0,108.12
TRIP-1083,12302,Howrah Rajdhani Express,RAJ,NDLS,CNB,440.0,285.0,6,2,0.3,0.79,1,351.63
TRIP-1083,12302,Howrah Rajdhani Express,RAJ,CNB,PRYJ,194.5,120.0,11,2,67.7,0.91,0,130.65
TRIP-1083,12302,Howrah Rajdhani Express,RAJ,PRYJ,DDU,153.0,105.0,14,2,78.7,0.81,0,109.69
TRIP-1083,12302,Howrah Rajdhani Express,RAJ,DDU,GAYA,205.0,130.0,16,2,85.3,0.72,0,129.56
TRIP-1083,12302,Howrah Rajdhani Express,RAJ,GAYA,DHN,201.0,140.0,18,2,85.0,0.6,0,142.55
TRIP-1083,12302,Howrah Rajdhani Express,RAJ,DHN,HWH,259.0,200.0,20,2,87.5,0.82,0,210.79
TRIP-1084,12951,Mumbai Rajdhani Express,RAJ,BCT,ST,263.0,160.0,12,2,3.0,0.85,0,163.56
TRIP-1084,12951,Mumbai Rajdhani Express,RAJ,ST,BRC,129.0,80.0,14,2,6.4,0.89,0,78.99
TRIP-1084,12951,Mumbai Rajdhani Express,RAJ,BRC,RTM,261.0,195.0,16,2,4.8,0.77,0,187.05
TRIP-1084,12951,Mumbai Rajdhani Express,RAJ,RTM,KOTA,266.0,155.0,19,2,0.0,0.98,0,160.69
TRIP-1084,12951,Mumbai Rajdhani Express,RAJ,KOTA,MTJ,324.0,195.0,22,2,5.3,0.62,0,184.8
TRIP-1084,12951,Mumbai Rajdhani Express,RAJ,MTJ,NDLS,143.0,110.0,1,2,0.0,0.77,0,100.78
TRIP-1085,12951,Mumbai Rajdhani Express,RAJ,BCT,ST,263.0,160.0,18,2,3.0,0.95,0,170.49
TRIP-1085,12951,Mumbai Rajdhani Express,RAJ,ST,BRC,129.0,80.0,20,2,14.3,0.86,0,87.73
TRIP-1085,12951,Mumbai Rajdhani Express,RAJ,BRC,RTM,261.0,195.0,22,2,22.5,0.76,0,191.29
TRIP-1085,12951,Mumbai Rajdhani Express,RAJ,RTM,KOTA,266.0,155.0,1,2,20.4,0.64,0,150.1
TRIP-1085,12951,Mumbai Rajdhani Express,RAJ,KOTA,MTJ,324.0,195.0,4,2,14.8,0.84,0,176.34
TRIP-1085,12951,Mumbai Rajdhani Express,RAJ,MTJ,NDLS,143.0,110.0,7,2,0.0,0.86,0,110.98
TRIP-1086,12802,Purushottam Express,EXP,NDLS,CNB,440.0,350.0,0,3,4.6,0.72,0,339.04
TRIP-1086,12802,Purushottam Express,EXP,CNB,PRYJ,194.5,150.0,5,3,0.0,0.86,0,150.08
TRIP-1086,12802,Purushottam Express,EXP,PRYJ,DDU,153.0,135.0,8,3,0.8,0.98,1,187.9
TRIP-1086,12802,Purushottam Express,EXP,DDU,GAYA,205.0,165.0,11,3,54.0,0.98,0,181.47
TRIP-1086,12802,Purushottam Express,EXP,GAYA,BKSC,149.0,135.0,14,3,71.0,0.54,0,143.04
TRIP-1086,12802,Purushottam Express,EXP,BKSC,PURI,612.0,520.0,17,3,78.1,0.69,0,533.77
TRIP-1087,22436,Vande Bharat Express,VB,NDLS,CNB,440.0,240.0,3,3,6.4,0.71,0,217.31
TRIP-1087,22436,Vande Bharat Express,VB,CNB,PRYJ,194.5,100.0,6,3,0.0,0.82,0,103.98
TRIP-1087,22436,Vande Bharat Express,VB,PRYJ,DDU,153.0,90.0,8,3,3.4,0.98,0,99.5
TRIP-1087,22436,Vande Bharat Express,VB,DDU,BSB,18.0,25.0,10,3,13.7,0.83,0,28.23
TRIP-1088,12302,Howrah Rajdhani Express,RAJ,NDLS,CNB,440.0,285.0,5,3,1.2,0.63,0,277.63
TRIP-1088,12302,Howrah Rajdhani Express,RAJ,CNB,PRYJ,194.5,120.0,9,3,0.0,0.98,0,126.66
TRIP-1088,12302,Howrah Rajdhani Express,RAJ,PRYJ,DDU,153.0,105.0,11,3,8.0,0.98,0,105.49
TRIP-1088,12302,Howrah Rajdhani Express,RAJ,DDU,GAYA,205.0,130.0,13,3,8.7,0.69,0,126.5
TRIP-1088,12302,Howrah Rajdhani Express,RAJ,GAYA,DHN,201.0,140.0,15,3,5.2,0.49,0,130.91
TRIP-1088,12302,Howrah Rajdhani Express,RAJ,DHN,HWH,259.0,200.0,18,3,0.0,0.84,0,198.64
TRIP-1089,12951,Mumbai Rajdhani Express,RAJ,BCT,ST,263.0,160.0,7,3,6.8,0.87,0,159.71
TRIP-1089,12951,Mumbai Rajdhani Express,RAJ,ST,BRC,129.0,80.0,9,3,5.7,0.98,0,83.58
TRIP-1089,12951,Mumbai Rajdhani Express,RAJ,BRC,RTM,261.0,195.0,11,3,10.8,0.98,0,201.88
TRIP-1089,12951,Mumbai Rajdhani Express,RAJ,RTM,KOTA,266.0,155.0,14,3,17.5,0.75,0,148.43
TRIP-1089,12951,Mumbai Rajdhani Express,RAJ,KOTA,MTJ,324.0,195.0,17,3,11.8,0.82,0,199.46
TRIP-1089,12951,Mumbai Rajdhani Express,RAJ,MTJ,NDLS,143.0,110.0,20,3,15.4,0.88,0,115.08
TRIP-1090,12802,Purushottam Express,EXP,NDLS,CNB,440.0,350.0,10,3,5.3,0.89,0,356.33
TRIP-1090,12802,Purushottam Express,EXP,CNB,PRYJ,194.5,150.0,16,3,11.7,0.68,0,151.8
TRIP-1090,12802,Purushottam Express,EXP,PRYJ,DDU,153.0,135.0,18,3,15.2,0.93,0,143.07
TRIP-1090,12802,Purushottam Express,EXP,DDU,GAYA,205.0,165.0,21,3,23.4,0.98,1,225.29
TRIP-1090,12802,Purushottam Express,EXP,GAYA,BKSC,149.0,135.0,0,3,84.8,0.35,0,133.75
TRIP-1090,12802,Purushottam Express,EXP,BKSC,PURI,612.0,520.0,3,3,84.7,0.55,0,483.51
TRIP-1091,12802,Purushottam Express,EXP,NDLS,CNB,440.0,350.0,13,3,20.7,0.61,0,341.74
TRIP-1091,12802,Purushottam Express,EXP,CNB,PRYJ,194.5,150.0,18,3,14.3,0.95,0,154.09
TRIP-1091,12802,Purushottam Express,EXP,PRYJ,DDU,153.0,135.0,21,3,18.5,0.91,1,179.19
TRIP-1091,12802,Purushottam Express,EXP,DDU,GAYA,205.0,165.0,0,3,64.1,0.86,1,227.38
TRIP-1091,12802,Purushottam Express,EXP,GAYA,BKSC,149.0,135.0,4,3,127.3,0.44,0,130.76
TRIP-1091,12802,Purushottam Express,EXP,BKSC,PURI,612.0,520.0,6,3,124.0,0.57,0,507.68
TRIP-1092,22436,Vande Bharat Express,VB,NDLS,CNB,440.0,240.0,15,3,8.6,0.87,0,227.38
TRIP-1092,22436,Vande Bharat Express,VB,CNB,PRYJ,194.5,100.0,18,3,0.0,0.8,0,104.8
TRIP-1092,22436,Vande Bharat Express,VB,PRYJ,DDU,153.0,90.0,20,3,4.8,0.81,0,92.72
TRIP-1092,22436,Vande Bharat Express,VB,DDU,BSB,18.0,25.0,22,3,7.7,0.76,0,15.22
TRIP-1093,22436,Vande Bharat Express,VB,NDLS,CNB,440.0,240.0,18,3,0.0,0.98,0,255.17
TRIP-1093,22436,Vande Bharat Express,VB,CNB,PRYJ,194.5,100.0,22,3,15.7,0.89,1,123.64
TRIP-1093,22436,Vande Bharat Express,VB,PRYJ,DDU,153.0,90.0,0,3,38.4,0.69,0,93.28
TRIP-1093,22436,Vande Bharat Express,VB,DDU,BSB,18.0,25.0,2,3,41.8,0.6,1,43.17
TRIP-1094,22436,Vande Bharat Express,VB,NDLS,CNB,440.0,240.0,20,3,4.7,0.89,0,244.51
TRIP-1094,22436,Vande Bharat Express,VB,CNB,PRYJ,194.5,100.0,0,3,9.7,0.82,0,90.66
TRIP-1094,22436,Vande Bharat Express,VB,PRYJ,DDU,153.0,90.0,1,3,2.2,0.84,0,83.35
TRIP-1094,22436,Vande Bharat Express,VB,DDU,BSB,18.0,25.0,3,3,0.0,0.64,0,25.54
TRIP-1095,12951,Mumbai Rajdhani Express,RAJ,BCT,ST,263.0,160.0,22,3,4.0,0.72,0,161.39
TRIP-1095,12951,Mumbai Rajdhani Express,RAJ,ST,BRC,129.0,80.0,0,3,5.2,0.7,0,81.62
TRIP-1095,12951,Mumbai Rajdhani Express,RAJ,BRC,RTM,261.0,195.0,2,3,7.9,0.62,0,177.41
TRIP-1095,12951,Mumbai Rajdhani Express,RAJ,RTM,KOTA,266.0,155.0,5,3,0.0,0.73,0,151.54
TRIP-1095,12951,Mumbai Rajdhani Express,RAJ,KOTA,MTJ,324.0,195.0,7,3,0.0,0.75,0,194.05
TRIP-1095,12951,Mumbai Rajdhani Express,RAJ,MTJ,NDLS,143.0,110.0,11,3,0.0,0.88,0,123.35
TRIP-1096,12802,Purushottam Express,EXP,NDLS,CNB,440.0,350.0,1,4,0.0,0.65,0,326.63
TRIP-1096,12802,Purushottam Express,EXP,CNB,PRYJ,194.5,150.0,6,4,0.0,0.66,0,154.0
TRIP-1096,12802,Purushottam Express,EXP,PRYJ,DDU,153.0,135.0,9,4,5.1,0.98,0,149.62
TRIP-1096,12802,Purushottam Express,EXP,DDU,GAYA,205.0,165.0,11,4,19.0,0.98,0,176.74
TRIP-1096,12802,Purushottam Express,EXP,GAYA,BKSC,149.0,135.0,14,4,30.3,0.59,0,141.78
TRIP-1096,12802,Purushottam Express,EXP,BKSC,PURI,612.0,520.0,17,4,38.3,0.6,0,534.8
TRIP-1097,12951,Mumbai Rajdhani Express,RAJ,BCT,ST,263.0,160.0,7,4,7.6,0.65,0,158.41
TRIP-1097,12951,Mumbai Rajdhani Express,RAJ,ST,BRC,129.0,80.0,9,4,6.5,0.8,0,77.57
TRIP-1097,12951,Mumbai Rajdhani Express,RAJ,BRC,RTM,261.0,195.0,11,4,4.0,0.98,0,211.53
TRIP-1097,12951,Mumbai Rajdhani Express,RAJ,RTM,KOTA,266.0,155.0,14,4,19.8,0.73,0,148.06
TRIP-1097,12951,Mumbai Rajdhani Express,RAJ,KOTA,MTJ,324.0,195.0,17,4,12.8,0.92,0,204.65
TRIP-1097,12951,Mumbai Rajdhani Express,RAJ,MTJ,NDLS,143.0,110.0,20,4,21.5,0.98,0,122.64
TRIP-1098,12302,Howrah Rajdhani Express,RAJ,NDLS,CNB,440.0,285.0,10,4,17.2,0.91,0,297.88
TRIP-1098,12302,Howrah Rajdhani Express,RAJ,CNB,PRYJ,194.5,120.0,15,4,30.8,0.71,0,126.0
TRIP-1098,12302,Howrah Rajdhani Express,RAJ,PRYJ,DDU,153.0,105.0,17,4,36.4,0.81,0,111.35
TRIP-1098,12302,Howrah Rajdhani Express,RAJ,DDU,GAYA,205.0,130.0,19,4,44.4,0.88,0,152.35
TRIP-1098,12302,Howrah Rajdhani Express,RAJ,GAYA,DHN,201.0,140.0,21,4,67.3,0.78,0,144.97
TRIP-1098,12302,Howrah Rajdhani Express,RAJ,DHN,HWH,259.0,200.0,0,4,72.3,0.62,0,203.91
TRIP-1099,12802,Purushottam Express,EXP,NDLS,CNB,440.0,350.0,16,4,5.7,0.75,0,343.53
TRIP-1099,12802,Purushottam Express,EXP,CNB,PRYJ,194.5,150.0,21,4,0.0,0.98,1,193.0
TRIP-1099,12802,Purushottam Express,EXP,PRYJ,DDU,153.0,135.0,1,4,44.8,0.75,0,142.69
TRIP-1099,12802,Purushottam Express,EXP,DDU,GAYA,205.0,165.0,3,4,53.8,0.8,1,201.74
TRIP-1099,12802,Purushottam Express,EXP,GAYA,BKSC,149.0,135.0,7,4,90.8,0.36,0,141.57
TRIP-1099,12802,Purushottam Express,EXP,BKSC,PURI,612.0,520.0,9,4,96.6,0.84,0,540.27
TRIP-1100,12302,Howrah Rajdhani Express,RAJ,NDLS,CNB,440.0,285.0,22,4,4.7,0.82,0,281.54
TRIP-1100,12302,Howrah Rajdhani Express,RAJ,CNB,PRYJ,194.5,120.0,2,4,1.2,0.7,0,115.31
TRIP-1100,12302,Howrah Rajdhani Express,RAJ,PRYJ,DDU,153.0,105.0,4,4,0.0,0.84,0,100.32
TRIP-1100,12302,Howrah Rajdhani Express,RAJ,DDU,GAYA,205.0,130.0,6,4,0.0,0.78,0,134.37
TRIP-1100,12302,Howrah Rajdhani Express,RAJ,GAYA,DHN,201.0,140.0,8,4,3.9,0.78,0,145.08
TRIP-1100,12302,Howrah Rajdhani Express,RAJ,DHN,HWH,259.0,200.0,11,4,9.7,0.84,0,206.28
TRIP-1101,12004,Lucknow Shatabdi Express,SF,NDLS,GZB,24.5,38.0,1,5,28.5,0.63,0,34.08
TRIP-1101,12004,Lucknow Shatabdi Express,SF,GZB,ALJN,106.3,60.0,1,5,24.6,0.88,0,59.36
TRIP-1101,12004,Lucknow Shatabdi Express,SF,ALJN,CNB,308.6,210.0,2,5,25.8,0.81,0,201.82
TRIP-1101,12004,Lucknow Shatabdi Express,SF,CNB,LKO,71.6,75.0,6,5,17.4,0.84,1,96.65
TRIP-1102,22436,Vande Bharat Express,VB,NDLS,CNB,440.0,240.0,3,5,13.7,0.71,1,277.45
TRIP-1102,22436,Vande Bharat Express,VB,CNB,PRYJ,194.5,100.0,7,5,50.2,0.85,1,137.36
TRIP-1102,22436,Vande Bharat Express,VB,PRYJ,DDU,153.0,90.0,10,5,89.1,0.96,0,101.09
TRIP-1102,22436,Vande Bharat Express,VB,DDU,BSB,18.0,25.0,11,5,100.7,0.98,0,38.16
TRIP-1103,12004,Lucknow Shatabdi Express,SF,NDLS,GZB,24.5,38.0,7,5,7.5,0.86,1,49.92
TRIP-1103,12004,Lucknow Shatabdi Express,SF,GZB,ALJN,106.3,60.0,7,5,20.9,0.68,0,63.49
TRIP-1103,12004,Lucknow Shatabdi Express,SF,ALJN,CNB,308.6,210.0,9,5,25.8,0.98,1,261.32
TRIP-1103,12004,Lucknow Shatabdi Express,SF,CNB,LKO,71.6,75.0,13,5,77.1,0.71,0,85.65
TRIP-1104,12004,Lucknow Shatabdi Express,SF,NDLS,GZB,24.5,38.0,13,5,0.0,0.81,0,35.65
TRIP-1104,12004,Lucknow Shatabdi Express,SF,GZB,ALJN,106.3,60.0,13,5,0.0,0.71,0,66.72
TRIP-1104,12004,Lucknow Shatabdi Express,SF,ALJN,CNB,308.6,210.0,14,5,7.6,0.66,0,207.98
TRIP-1104,12004,Lucknow Shatabdi Express,SF,CNB,LKO,71.6,75.0,18,5,6.8,0.83,0,77.76
TRIP-1105,12004,Lucknow Shatabdi Express,SF,NDLS,GZB,24.5,38.0,15,5,0.0,0.76,0,42.77
TRIP-1105,12004,Lucknow Shatabdi Express,SF,GZB,ALJN,106.3,60.0,15,5,5.9,0.73,0,59.28
TRIP-1105,12004,Lucknow Shatabdi Express,SF,ALJN,CNB,308.6,210.0,16,5,5.4,0.68,0,200.04
TRIP-1105,12004,Lucknow Shatabdi Express,SF,CNB,LKO,71.6,75.0,20,5,0.0,0.98,0,84.17
TRIP-1106,22436,Vande Bharat Express,VB,NDLS,CNB,440.0,240.0,17,5,0.0,0.98,0,250.82
TRIP-1106,22436,Vande Bharat Express,VB,CNB,PRYJ,194.5,100.0,21,5,11.8,0.88,1,138.24
TRIP-1106,22436,Vande Bharat Express,VB,PRYJ,DDU,153.0,90.0,23,5,49.9,0.68,0,103.13
TRIP-1106,22436,Vande Bharat Express,VB,DDU,BSB,18.0,25.0,1,5,62.4,0.65,0,35.61
TRIP-1107,12004,Lucknow Shatabdi Express,SF,NDLS,GZB,24.5,38.0,21,5,0.0,0.92,1,54.47
TRIP-1107,12004,Lucknow Shatabdi Express,SF,GZB,ALJN,106.3,60.0,21,5,16.7,0.98,1,88.53
TRIP-1107,12004,Lucknow Shatabdi Express,SF,ALJN,CNB,308.6,210.0,23,5,44.5,0.6,0,211.51
TRIP-1107,12004,Lucknow Shatabdi Express,SF,CNB,LKO,71.6,75.0,3,5,45.8,0.73,0,79.66
TRIP-1108,22436,Vande Bharat Express,VB,NDLS,CNB,440.0,240.0,0,6,5.2,0.63,1,280.26
TRIP-1108,22436,Vande Bharat Express,VB,CNB,PRYJ,194.5,100.0,4,6,45.2,0.66,1,125.26
TRIP-1108,22436,Vande Bharat Express,VB,PRYJ,DDU,153.0,90.0,6,6,71.5,0.62,0,103.82
TRIP-1108,22436,Vande Bharat Express,VB,DDU,BSB,18.0,25.0,8,6,86.8,0.98,0,38.25
TRIP-1109,12302,Howrah Rajdhani Express,RAJ,NDLS,CNB,440.0,285.0,3,6,5.5,0.71,0,262.91
TRIP-1109,12302,Howrah Rajdhani Express,RAJ,CNB,PRYJ,194.5,120.0,7,6,0.0,0.8,0,118.47
TRIP-1109,12302,Howrah Rajdhani Express,RAJ,PRYJ,DDU,153.0,105.0,9,6,0.0,0.87,0,117.78
TRIP-1109,12302,Howrah Rajdhani Express,RAJ,DDU,GAYA,205.0,130.0,11,6,14.6,0.82,0,134.85
TRIP-1109,12302,Howrah Rajdhani Express,RAJ,GAYA,DHN,201.0,140.0,13,6,19.8,0.36,0,131.71
TRIP-1109,12302,Howrah Rajdhani Express,RAJ,DHN,HWH,259.0,200.0,16,6,12.0,0.63,0,193.83
TRIP-1110,12802,Purushottam Express,EXP,NDLS,CNB,440.0,350.0,9,6,0.0,0.85,1,448.83
TRIP-1110,12802,Purushottam Express,EXP,CNB,PRYJ,194.5,150.0,16,6,99.8,0.86,0,164.36
TRIP-1110,12802,Purushottam Express,EXP,PRYJ,DDU,153.0,135.0,19,6,114.1,0.87,0,154.34
TRIP-1110,12802,Purushottam Express,EXP,DDU,GAYA,205.0,165.0,22,6,133.5,0.71,0,175.62
TRIP-1110,12802,Purushottam Express,EXP,GAYA,BKSC,149.0,135.0,1,6,144.7,0.63,0,137.24
TRIP-1110,12802,Purushottam Express,EXP,BKSC,PURI,612.0,520.0,3,6,146.2,0.47,0,493.76
TRIP-1111,12302,Howrah Rajdhani Express,RAJ,NDLS,CNB,440.0,285.0,15,6,2.1,0.85,0,285.97
TRIP-1111,12302,Howrah Rajdhani Express,RAJ,CNB,PRYJ,194.5,120.0,19,6,3.9,0.85,0,133.3
TRIP-1111,12302,Howrah Rajdhani Express,RAJ,PRYJ,DDU,153.0,105.0,22,6,16.7,0.81,1,126.07
TRIP-1111,12302,Howrah Rajdhani Express,RAJ,DDU,GAYA,205.0,130.0,0,6,38.3,0.65,1,177.45
TRIP-1111,12302,Howrah Rajdhani Express,RAJ,GAYA,DHN,201.0,140.0,3,6,85.5,0.46,0,134.73
TRIP-1111,12302,Howrah Rajdhani Express,RAJ,DHN,HWH,259.0,200.0,5,6,81.0,0.42,0,195.52
TRIP-1112,12302,Howrah Rajdhani Express,RAJ,NDLS,CNB,440.0,285.0,19,6,6.1,0.92,0,301.76
TRIP-1112,12302,Howrah Rajdhani Express,RAJ,CNB,PRYJ,194.5,120.0,0,6,23.9,0.81,1,153.97
TRIP-1112,12302,Howrah Rajdhani Express,RAJ,PRYJ,DDU,153.0,105.0,2,6,58.5,0.63,0,106.54
TRIP-1112,12302,Howrah Rajdhani Express,RAJ,DDU,GAYA,205.0,130.0,4,6,59.5,0.81,1,153.3
TRIP-1112,12302,Howrah Rajdhani Express,RAJ,GAYA,DHN,201.0,140.0,7,6,81.8,0.59,0,141.89
TRIP-1112,12302,Howrah Rajdhani Express,RAJ,DHN,HWH,259.0,200.0,9,6,84.1,0.72,0,209.05
TRIP-1113,12004,Lucknow Shatabdi Express,SF,NDLS,GZB,24.5,38.0,22,6,15.3,0.85,0,45.54
TRIP-1113,12004,Lucknow Shatabdi Express,SF,GZB,ALJN,106.3,60.0,22,6,23.3,0.7,0,63.08
TRIP-1113,12004,Lucknow Shatabdi Express,SF,ALJN,CNB,308.6,210.0,23,6,28.1,0.74,1,275.15
TRIP-1113,12004,Lucknow Shatabdi Express,SF,CNB,LKO,71.6,75.0,4,6,94.9,0.66,1,102.31
TRIP-1114,22436,Vande Bharat Express,VB,NDLS,CNB,440.0,240.0,4,0,11.4,0.9,0,220.06
TRIP-1114,22436,Vande Bharat Express,VB,CNB,PRYJ,194.5,100.0,7,0,0.0,0.71,1,127.57
TRIP-1114,22436,Vande Bharat Express,VB,PRYJ,DDU,153.0,90.0,9,0,28.7,0.8,1,123.73
TRIP-1114,22436,Vande Bharat Express,VB,DDU,BSB,18.0,25.0,12,0,61.4,0.84,0,39.19
TRIP-1115,12802,Purushottam Express,EXP,NDLS,CNB,440.0,350.0,6,0,14.6,0.64,0,341.46
TRIP-1115,12802,Purushottam Express,EXP,CNB,PRYJ,194.5,150.0,11,0,7.3,0.85,0,155.63
TRIP-1115,12802,Purushottam Express,EXP,PRYJ,DDU,153.0,135.0,14,0,14.6,0.83,0,136.17
TRIP-1115,12802,Purushottam Express,EXP,DDU,GAYA,205.0,165.0,16,0,16.8,0.87,0,161.66
TRIP-1115,12802,Purushottam Express,EXP,GAYA,BKSC,149.0,135.0,19,0,13.9,0.76,0,137.04
TRIP-1115,12802,Purushottam Express,EXP,BKSC,PURI,612.0,520.0,21,0,15.7,0.61,0,515.38
TRIP-1116,22436,Vande Bharat Express,VB,NDLS,CNB,440.0,240.0,8,0,0.0,0.98,0,249.5
TRIP-1116,22436,Vande Bharat Express,VB,CNB,PRYJ,194.5,100.0,12,0,9.6,0.85,0,95.3
TRIP-1116,22436,Vande Bharat Express,VB,PRYJ,DDU,153.0,90.0,13,0,4.8,0.81,0,90.22
TRIP-1116,22436,Vande Bharat Express,VB,DDU,BSB,18.0,25.0,15,0,5.0,0.68,0,27.6
TRIP-1117,22436,Vande Bharat Express,VB,NDLS,CNB,440.0,240.0,11,0,0.0,0.98,0,254.17
TRIP-1117,22436,Vande Bharat Express,VB,CNB,PRYJ,194.5,100.0,15,0,15.5,0.83,0,94.44
TRIP-1117,22436,Vande Bharat Express,VB,PRYJ,DDU,153.0,90.0,16,0,10.2,0.61,0,90.17
TRIP-1117,22436,Vande Bharat Express,VB,DDU,BSB,18.0,25.0,18,0,12.0,0.87,0,24.81
TRIP-1118,12302,Howrah Rajdhani Express,RAJ,NDLS,CNB,440.0,285.0,17,0,10.0,0.98,0,297.4
TRIP-1118,12302,Howrah Rajdhani Express,RAJ,CNB,PRYJ,194.5,120.0,22,0,23.9,0.67,0,120.04
TRIP-1118,12302,Howrah Rajdhani Express,RAJ,PRYJ,DDU,153.0,105.0,0,0,25.4,0.86,0,102.4
TRIP-1118,12302,Howrah Rajdhani Express,RAJ,DDU,GAYA,205.0,130.0,1,0,21.9,0.72,1,151.05
TRIP-1118,12302,Howrah Rajdhani Express,RAJ,GAYA,DHN,201.0,140.0,4,0,42.9,0.55,0,135.28
TRIP-1118,12302,Howrah Rajdhani Express,RAJ,DHN,HWH,259.0,200.0,6,0,37.2,0.58,0,199.03
TRIP-1119,12004,Lucknow Shatabdi Express,SF,NDLS,GZB,24.5,38.0,23,0,6.4,0.86,0,45.86
TRIP-1119,12004,Lucknow Shatabdi Express,SF,GZB,ALJN,106.3,60.0,23,0,14.4,0.67,0,61.6
TRIP-1119,12004,Lucknow Shatabdi Express,SF,ALJN,CNB,308.6,210.0,0,0,17.8,0.7,0,207.38
TRIP-1119,12004,Lucknow Shatabdi Express,SF,CNB,LKO,71.6,75.0,4,0,16.3,0.78,1,94.06
TRIP-1120,12302,Howrah Rajdhani Express,RAJ,NDLS,CNB,440.0,285.0,5,1,9.9,0.81,0,275.48
TRIP-1120,12302,Howrah Rajdhani Express,RAJ,CNB,PRYJ,194.5,120.0,9,1,1.2,0.98,1,164.41
TRIP-1120,12302,Howrah Rajdhani Express,RAJ,PRYJ,DDU,153.0,105.0,12,1,45.2,0.61,0,112.17
TRIP-1120,12302,Howrah Rajdhani Express,RAJ,DDU,GAYA,205.0,130.0,14,1,53.4,0.85,0,136.82
TRIP-1120,12302,Howrah Rajdhani Express,RAJ,GAYA,DHN,201.0,140.0,16,1,60.5,0.4,0,147.79
TRIP-1120,12302,Howrah Rajdhani Express,RAJ,DHN,HWH,259.0,200.0,19,1,68.1,0.83,0,204.55
TRIP-1121,22436,Vande Bharat Express,VB,NDLS,CNB,440.0,240.0,8,1,6.5,0.93,1,323.29
TRIP-1121,22436,Vande Bharat Express,VB,CNB,PRYJ,194.5,100.0,13,1,91.3,0.87,0,108.49
TRIP-1121,22436,Vande Bharat Express,VB,PRYJ,DDU,153.0,90.0,15,1,99.7,0.84,0,98.42
TRIP-1121,22436,Vande Bharat Express,VB,DDU,BSB,18.0,25.0,17,1,110.0,0.94,0,38.76
TRIP-1122,12004,Lucknow Shatabdi Express,SF,NDLS,GZB,24.5,38.0,10,1,1.2,0.82,0,39.28
TRIP-1122,12004,Lucknow Shatabdi Express,SF,GZB,ALJN,106.3,60.0,10,1,2.1,0.94,0,60.43
TRIP-1122,12004,Lucknow Shatabdi Express,SF,ALJN,CNB,308.6,210.0,11,1,4.0,0.9,0,216.12
TRIP-1122,12004,Lucknow Shatabdi Express,SF,CNB,LKO,71.6,75.0,15,1,9.8,0.64,0,77.85
TRIP-1123,12004,Lucknow Shatabdi Express,SF,NDLS,GZB,24.5,38.0,14,1,0.0,0.84,0,41.33
TRIP-1123,12004,Lucknow Shatabdi Express,SF,GZB,ALJN,106.3,60.0,14,1,2.8,0.62,0,59.8
TRIP-1123,12004,Lucknow Shatabdi Express,SF,ALJN,CNB,308.6,210.0,15,1,2.5,0.77,0,208.42
TRIP-1123,12004,Lucknow Shatabdi Express,SF,CNB,LKO,71.6,75.0,19,1,1.4,0.84,0,78.21
TRIP-1124,12004,Lucknow Shatabdi Express,SF,NDLS,GZB,24.5,38.0,18,1,1.7,0.89,0,42.76
TRIP-1124,12004,Lucknow Shatabdi Express,SF,GZB,ALJN,106.3,60.0,18,1,5.6,0.93,0,67.01
TRIP-1124,12004,Lucknow Shatabdi Express,SF,ALJN,CNB,308.6,210.0,19,1,13.6,0.98,0,226.27
TRIP-1124,12004,Lucknow Shatabdi Express,SF,CNB,LKO,71.6,75.0,23,1,29.8,0.76,0,77.67
TRIP-1125,12004,Lucknow Shatabdi Express,SF,NDLS,GZB,24.5,38.0,0,2,5.4,0.82,0,39.65
TRIP-1125,12004,Lucknow Shatabdi Express,SF,GZB,ALJN,106.3,60.0,0,2,8.6,0.72,1,81.99
TRIP-1125,12004,Lucknow Shatabdi Express,SF,ALJN,CNB,308.6,210.0,2,2,30.0,0.66,0,198.3
TRIP-1125,12004,Lucknow Shatabdi Express,SF,CNB,LKO,71.6,75.0,5,2,18.7,0.79,1,99.16
TRIP-1126,12302,Howrah Rajdhani Express,RAJ,NDLS,CNB,440.0,285.0,3,2,0.0,0.68,1,346.93
TRIP-1126,12302,Howrah Rajdhani Express,RAJ,CNB,PRYJ,194.5,120.0,8,2,61.8,0.98,0,135.25
TRIP-1126,12302,Howrah Rajdhani Express,RAJ,PRYJ,DDU,153.0,105.0,11,2,77.1,0.83,0,117.29
TRIP-1126,12302,Howrah Rajdhani Express,RAJ,DDU,GAYA,205.0,130.0,13,2,90.8,0.65,0,134.97
TRIP-1126,12302,Howrah Rajdhani Express,RAJ,GAYA,DHN,201.0,140.0,15,2,95.5,0.43,0,137.29
TRIP-1126,12302,Howrah Rajdhani Express,RAJ,DHN,HWH,259.0,200.0,17,2,94.4,0.79,0,207.44
TRIP-1127,12951,Mumbai Rajdhani Express,RAJ,BCT,ST,263.0,160.0,6,2,3.8,0.63,0,154.67
TRIP-1127,12951,Mumbai Rajdhani Express,RAJ,ST,BRC,129.0,80.0,8,2,0.0,0.98,0,85.0
TRIP-1127,12951,Mumbai Rajdhani Express,RAJ,BRC,RTM,261.0,195.0,10,2,5.4,0.98,0,203.54
TRIP-1127,12951,Mumbai Rajdhani Express,RAJ,RTM,KOTA,266.0,155.0,13,2,15.9,0.83,0,144.52
TRIP-1127,12951,Mumbai Rajdhani Express,RAJ,KOTA,MTJ,324.0,195.0,16,2,5.0,0.61,0,189.83
TRIP-1127,12951,Mumbai Rajdhani Express,RAJ,MTJ,NDLS,143.0,110.0,19,2,0.6,0.98,0,112.32
TRIP-1128,22436,Vande Bharat Express,VB,NDLS,CNB,440.0,240.0,8,2,2.2,0.93,0,246.44
TRIP-1128,22436,Vande Bharat Express,VB,CNB,PRYJ,194.5,100.0,12,2,7.7,0.73,0,95.26
TRIP-1128,22436,Vande Bharat Express,VB,PRYJ,DDU,153.0,90.0,13,2,3.8,0.68,0,89.55
TRIP-1128,22436,Vande Bharat Express,VB,DDU,BSB,18.0,25.0,15,2,3.5,0.84,0,26.47
TRIP-1129,12951,Mumbai Rajdhani Express,RAJ,BCT,ST,263.0,160.0,10,2,3.4,0.98,0,168.76
TRIP-1129,12951,Mumbai Rajdhani Express,RAJ,ST,BRC,129.0,80.0,12,2,11.4,0.61,0,78.75
TRIP-1129,12951,Mumbai Rajdhani Express,RAJ,BRC,RTM,261.0,195.0,14,2,11.5,0.67,0,188.57
TRIP-1129,12951,Mumbai Rajdhani Express,RAJ,RTM,KOTA,266.0,155.0,17,2,6.8,0.88,0,158.52
TRIP-1129,12951,Mumbai Rajdhani Express,RAJ,KOTA,MTJ,324.0,195.0,20,2,10.3,0.98,0,199.54
TRIP-1129,12951,Mumbai Rajdhani Express,RAJ,MTJ,NDLS,143.0,110.0,23,2,14.7,0.89,0,105.72
TRIP-1130,22436,Vande Bharat Express,VB,NDLS,CNB,440.0,240.0,16,2,0.0,0.73,0,233.36
TRIP-1130,22436,Vande Bharat Express,VB,CNB,PRYJ,194.5,100.0,19,2,0.0,0.98,0,108.74
TRIP-1130,22436,Vande Bharat Express,VB,PRYJ,DDU,153.0,90.0,21,2,10.5,0.82,1,106.56
TRIP-1130,22436,Vande Bharat Express,VB,DDU,BSB,18.0,25.0,23,2,29.0,0.73,0,31.83
TRIP-1131,12802,Purushottam Express,EXP,NDLS,CNB,440.0,350.0,19,2,17.2,0.98,0,364.4
TRIP-1131,12802,Purushottam Express,EXP,CNB,PRYJ,194.5,150.0,1,2,32.9,0.62,1,184.25
TRIP-1131,12802,Purushottam Express,EXP,PRYJ,DDU,153.0,135.0,4,2,68.9,0.87,1,163.51
TRIP-1131,12802,Purushottam Express,EXP,DDU,GAYA,205.0,165.0,7,2,96.9,0.7,0,172.82
TRIP-1131,12802,Purushottam Express,EXP,GAYA,BKSC,149.0,135.0,10,2,104.6,0.7,0,149.49
TRIP-1131,12802,Purushottam Express,EXP,BKSC,PURI,612.0,520.0,12,2,119.9,0.48,0,509.06
TRIP-1132,22436,Vande Bharat Express,VB,NDLS,CNB,440.0,240.0,21,2,0.0,0.98,0,253.97
TRIP-1132,22436,Vande Bharat Express,VB,CNB,PRYJ,194.5,100.0,1,2,14.9,0.87,1,125.33
TRIP-1132,22436,Vande Bharat Express,VB,PRYJ,DDU,153.0,90.0,3,2,41.7,0.63,0,88.89
TRIP-1132,22436,Vande Bharat Express,VB,DDU,BSB,18.0,25.0,5,2,41.8,0.61,0,28.86
TRIP-1133,12302,Howrah Rajdhani Express,RAJ,NDLS,CNB,440.0,285.0,23,2,3.3,0.85,0,277.99
TRIP-1133,12302,Howrah Rajdhani Express,RAJ,CNB,PRYJ,194.5,120.0,3,2,0.0,0.73,1,132.84
TRIP-1133,12302,Howrah Rajdhani Express,RAJ,PRYJ,DDU,153.0,105.0,6,2,12.5,0.78,1,139.63
TRIP-1133,12302,Howrah Rajdhani Express,RAJ,DDU,GAYA,205.0,130.0,8,2,48.6,0.94,1,173.01
TRIP-1133,12302,Howrah Rajdhani Express,RAJ,GAYA,DHN,201.0,140.0,11,2,93.1,0.62,0,138.28
TRIP-1133,12302,Howrah Rajdhani Express,RAJ,DHN,HWH,259.0,200.0,13,2,92.8,0.6,0,193.39
TRIP-1134,12802,Purushottam Express,EXP,NDLS,CNB,440.0,350.0,1,3,0.4,0.88,0,323.7
TRIP-1134,12802,Purushottam Express,EXP,CNB,PRYJ,194.5,150.0,6,3,0.0,0.65,0,148.16
TRIP-1134,12802,Purushottam Express,EXP,PRYJ,DDU,153.0,135.0,9,3,0.0,0.98,1,174.32
TRIP-1134,12802,Purushottam Express,EXP,DDU,GAYA,205.0,165.0,12,3,40.3,0.62,0,168.82
TRIP-1134,12802,Purushottam Express,EXP,GAYA,BKSC,149.0,135.0,14,3,44.3,0.6,0,134.62
TRIP-1134,12802,Purushottam Express,EXP,BKSC,PURI,612.0,520.0,17,3,43.7,0.58,0,526.77
TRIP-1135,12302,Howrah Rajdhani Express,RAJ,NDLS,CNB,440.0,285.0,7,3,0.0,0.72,1,366.29
TRIP-1135,12302,Howrah Rajdhani Express,RAJ,CNB,PRYJ,194.5,120.0,13,3,80.4,0.73,0,122.08
TRIP-1135,12302,Howrah Rajdhani Express,RAJ,PRYJ,DDU,153.0,105.0,15,3,83.0,0.82,0,113.31
TRIP-1135,12302,Howrah Rajdhani Express,RAJ,DDU,GAYA,205.0,130.0,17,3,93.0,0.98,0,144.39
TRIP-1135,12302,Howrah Rajdhani Express,RAJ,GAYA,DHN,201.0,140.0,19,3,108.6,0.71,0,152.37
TRIP-1135,12302,Howrah Rajdhani Express,RAJ,DHN,HWH,259.0,200.0,22,3,121.3,0.57,0,201.3
TRIP-1136,22436,Vande Bharat Express,VB,NDLS,CNB,440.0,240.0,10,3,11.3,0.91,0,247.79
TRIP-1136,22436,Vande Bharat Express,VB,CNB,PRYJ,194.5,100.0,14,3,20.6,0.75,0,101.92
TRIP-1136,22436,Vande Bharat Express,VB,PRYJ,DDU,153.0,90.0,15,3,22.5,0.61,0,84.35
TRIP-1136,22436,Vande Bharat Express,VB,DDU,BSB,18.0,25.0,17,3,15.9,0.98,0,27.51
TRIP-1137,12802,Purushottam Express,EXP,NDLS,CNB,440.0,350.0,12,3,58.7,0.72,0,352.16
TRIP-1137,12802,Purushottam Express,EXP,CNB,PRYJ,194.5,150.0,17,3,62.8,0.81,0,163.53
TRIP-1137,12802,Purushottam Express,EXP,PRYJ,DDU,153.0,135.0,20,3,78.1,0.85,0,150.55
TRIP-1137,12802,Purushottam Express,EXP,DDU,GAYA,205.0,165.0,23,3,93.6,0.76,0,173.59
TRIP-1137,12802,Purushottam Express,EXP,GAYA,BKSC,149.0,135.0,2,3,103.9,0.38,0,132.13
TRIP-1137,12802,Purushottam Express,EXP,BKSC,PURI,612.0,520.0,4,3,100.3,0.35,0,482.74
TRIP-1138,12802,Purushottam Express,EXP,NDLS,CNB,440.0,350.0,14,3,3.4,0.85,0,343.89
TRIP-1138,12802,Purushottam Express,EXP,CNB,PRYJ,194.5,150.0,19,3,0.0,0.98,0,156.83
TRIP-1138,12802,Purushottam Express,EXP,PRYJ,DDU,153.0,135.0,22,3,6.0,0.61,0,132.65
TRIP-1138,12802,Purushottam Express,EXP,DDU,GAYA,205.0,165.0,0,3,2.7,0.84,1,206.18
TRIP-1138,12802,Purushottam Express,EXP,GAYA,BKSC,149.0,135.0,4,3,44.0,0.64,0,132.86
TRIP-1138,12802,Purushottam Express,EXP,BKSC,PURI,612.0,520.0,6,3,41.7,0.62,0,503.95
TRIP-1139,12004,Lucknow Shatabdi Express,SF,NDLS,GZB,24.5,38.0,18,3,6.8,0.98,0,41.54
TRIP-1139,12004,Lucknow Shatabdi Express,SF,GZB,ALJN,106.3,60.0,18,3,10.1,0.98,0,68.62
TRIP-1139,12004,Lucknow Shatabdi Express,SF,ALJN,CNB,308.6,210.0,20,3,18.7,0.98,0,215.35
TRIP-1139,12004,Lucknow Shatabdi Express,SF,CNB,LKO,71.6,75.0,23,3,23.7,0.83,1,93.24
TRIP-1140,12951,Mumbai Rajdhani Express,RAJ,BCT,ST,263.0,160.0,21,3,0.0,0.97,0,168.91
TRIP-1140,12951,Mumbai Rajdhani Express,RAJ,ST,BRC,129.0,80.0,23,3,8.4,0.68,0,77.37
TRIP-1140,12951,Mumbai Rajdhani Express,RAJ,BRC,RTM,261.0,195.0,1,3,6.8,0.62,0,173.28
TRIP-1140,12951,Mumbai Rajdhani Express,RAJ,RTM,KOTA,266.0,155.0,4,3,0.0,0.68,0,147.86
TRIP-1140,12951,Mumbai Rajdhani Express,RAJ,KOTA,MTJ,324.0,195.0,6,3,0.0,0.69,0,186.47
TRIP-1140,12951,Mumbai Rajdhani Express,RAJ,MTJ,NDLS,143.0,110.0,9,3,0.0,0.98,0,117.36
TRIP-1141,12951,Mumbai Rajdhani Express,RAJ,BCT,ST,263.0,160.0,0,4,3.9,0.71,0,159.78
TRIP-1141,12951,Mumbai Rajdhani Express,RAJ,ST,BRC,129.0,80.0,2,4,3.5,0.62,0,81.58
TRIP-1141,12951,Mumbai Rajdhani Express,RAJ,BRC,RTM,261.0,195.0,4,4,6.7,0.69,0,184.81
TRIP-1141,12951,Mumbai Rajdhani Express,RAJ,RTM,KOTA,266.0,155.0,7,4,0.0,0.73,0,158.16
TRIP-1141,12951,Mumbai Rajdhani Express,RAJ,KOTA,MTJ,324.0,195.0,10,4,2.8,0.98,0,210.31
TRIP-1141,12951,Mumbai Rajdhani Express,RAJ,MTJ,NDLS,143.0,110.0,13,4,19.5,0.77,0,108.93
TRIP-1142,12951,Mumbai Rajdhani Express,RAJ,BCT,ST,263.0,160.0,6,4,0.0,0.86,0,162.21
TRIP-1142,12951,Mumbai Rajdhani Express,RAJ,ST,BRC,129.0,80.0,8,4,2.2,0.98,0,90.18
TRIP-1142,12951,Mumbai Rajdhani Express,RAJ,BRC,RTM,261.0,195.0,10,4,13.2,0.98,0,207.69
TRIP-1142,12951,Mumbai Rajdhani Express,RAJ,RTM,KOTA,266.0,155.0,13,4,25.5,0.81,0,153.47
TRIP-1142,12951,Mumbai Rajdhani Express,RAJ,KOTA,MTJ,324.0,195.0,16,4,24.9,0.82,0,197.45
TRIP-1142,12951,Mumbai Rajdhani Express,RAJ,MTJ,NDLS,143.0,110.0,19,4,26.5,0.98,0,119.73
TRIP-1143,12302,Howrah Rajdhani Express,RAJ,NDLS,CNB,440.0,285.0,10,4,10.0,0.94,0,293.89
TRIP-1143,12302,Howrah Rajdhani Express,RAJ,CNB,PRYJ,194.5,120.0,14,4,19.5,0.65,0,120.37
TRIP-1143,12302,Howrah Rajdhani Express,RAJ,PRYJ,DDU,153.0,105.0,17,4,21.8,0.82,0,118.5
TRIP-1143,12302,Howrah Rajdhani Express,RAJ,DDU,GAYA,205.0,130.0,19,4,35.8,0.82,0,146.91
TRIP-1143,12302,Howrah Rajdhani Express,RAJ,GAYA,DHN,201.0,140.0,21,4,52.7,0.83,0,150.86
TRIP-1143,12302,Howrah Rajdhani Express,RAJ,DHN,HWH,259.0,200.0,0,4,63.5,0.51,0,200.7
TRIP-1144,12004,Lucknow Shatabdi Express,SF,NDLS,GZB,24.5,38.0,14,4,22.6,0.8,0,41.35
TRIP-1144,12004,Lucknow Shatabdi Express,SF,GZB,ALJN,106.3,60.0,14,4,26.9,0.79,0,61.67
TRIP-1144,12004,Lucknow Shatabdi Express,SF,ALJN,CNB,308.6,210.0,15,4,27.6,0.82,0,211.72
TRIP-1144,12004,Lucknow Shatabdi Express,SF,CNB,LKO,71.6,75.0,19,4,29.4,0.84,0,84.57
TRIP-1145,22436,Vande Bharat Express,VB,NDLS,CNB,440.0,240.0,16,4,21.0,0.63,0,240.47
TRIP-1145,22436,Vande Bharat Express,VB,CNB,PRYJ,194.5,100.0,20,4,20.8,0.8,0,109.92
TRIP-1145,22436,Vande Bharat Express,VB,PRYJ,DDU,153.0,90.0,22,4,30.8,0.68,1,130.73
TRIP-1145,22436,Vande Bharat Express,VB,DDU,BSB,18.0,25.0,0,4,70.8,0.76,1,46.96
TRIP-1146,12004,Lucknow Shatabdi Express,SF,NDLS,GZB,24.5,38.0,18,4,1.9,0.96,0,47.29
TRIP-1146,12004,Lucknow Shatabdi Express,SF,GZB,ALJN,106.3,60.0,18,4,13.2,0.97,0,66.3
TRIP-1146,12004,Lucknow Shatabdi Express,SF,ALJN,CNB,308.6,210.0,20,4,19.7,0.98,0,222.73
TRIP-1146,12004,Lucknow Shatabdi Express,SF,CNB,LKO,71.6,75.0,23,4,32.3,0.64,0,84.96
TRIP-1147,22436,Vande Bharat Express,VB,NDLS,CNB,440.0,240.0,21,4,13.9,0.98,0,254.4
TRIP-1147,22436,Vande Bharat Express,VB,CNB,PRYJ,194.5,100.0,1,4,28.1,0.73,0,97.47
TRIP-1147,22436,Vande Bharat Express,VB,PRYJ,DDU,153.0,90.0,3,4,27.5,0.63,0,86.59
TRIP-1147,22436,Vande Bharat Express,VB,DDU,BSB,18.0,25.0,4,4,24.7,0.63,1,27.74
TRIP-1148,12802,Purushottam Express,EXP,NDLS,CNB,440.0,350.0,1,5,10.0,0.75,0,322.48
TRIP-1148,12802,Purushottam Express,EXP,CNB,PRYJ,194.5,150.0,6,5,0.0,0.78,0,154.05
TRIP-1148,12802,Purushottam Express,EXP,PRYJ,DDU,153.0,135.0,9,5,4.1,0.98,0,142.82
TRIP-1148,12802,Purushottam Express,EXP,DDU,GAYA,205.0,165.0,11,5,13.1,0.97,0,172.01
TRIP-1148,12802,Purushottam Express,EXP,GAYA,BKSC,149.0,135.0,14,5,21.4,0.56,0,129.3
TRIP-1148,12802,Purushottam Express,EXP,BKSC,PURI,612.0,520.0,16,5,15.7,0.55,0,503.0
TRIP-1149,12302,Howrah Rajdhani Express,RAJ,NDLS,CNB,440.0,285.0,5,5,0.0,0.88,1,356.95
TRIP-1149,12302,Howrah Rajdhani Express,RAJ,CNB,PRYJ,194.5,120.0,11,5,71.1,0.9,0,131.82
TRIP-1149,12302,Howrah Rajdhani Express,RAJ,PRYJ,DDU,153.0,105.0,13,5,83.9,0.9,0,108.92
TRIP-1149,12302,Howrah Rajdhani Express,RAJ,DDU,GAYA,205.0,130.0,15,5,89.5,0.72,0,134.88
TRIP-1149,12302,Howrah Rajdhani Express,RAJ,GAYA,DHN,201.0,140.0,17,5,94.7,0.74,0,146.08
TRIP-1149,12302,Howrah Rajdhani Express,RAJ,DHN,HWH,259.0,200.0,20,5,100.2,0.69,0,207.83
TRIP-1150,22436,Vande Bharat Express,VB,NDLS,CNB,440.0,240.0,8,5,0.0,0.92,1,306.39
TRIP-1150,22436,Vande Bharat Express,VB,CNB,PRYJ,194.5,100.0,13,5,65.6,0.77,0,103.81
TRIP-1150,22436,Vande Bharat Express,VB,PRYJ,DDU,153.0,90.0,15,5,70.8,0.76,0,97.23
TRIP-1150,22436,Vande Bharat Express,VB,DDU,BSB,18.0,25.0,16,5,79.7,0.72,0,30.57
TRIP-1151,12951,Mumbai Rajdhani Express,RAJ,BCT,ST,263.0,160.0,12,5,0.0,0.88,0,163.43
TRIP-1151,12951,Mumbai Rajdhani Express,RAJ,ST,BRC,129.0,80.0,14,5,2.7,0.74,0,82.2
TRIP-1151,12951,Mumbai Rajdhani Express,RAJ,BRC,RTM,261.0,195.0,16,5,6.4,0.84,0,186.77
TRIP-1151,12951,Mumbai Rajdhani Express,RAJ,RTM,KOTA,266.0,155.0,19,5,0.0,0.98,0,158.38
TRIP-1151,12951,Mumbai Rajdhani Express,RAJ,KOTA,MTJ,324.0,195.0,22,5,3.8,0.84,0,193.15
TRIP-1151,12951,Mumbai Rajdhani Express,RAJ,MTJ,NDLS,143.0,110.0,1,5,2.3,0.79,0,102.7
TRIP-1152,12302,Howrah Rajdhani Express,RAJ,NDLS,CNB,440.0,285.0,18,5,1.1,0.86,0,295.4
TRIP-1152,12302,Howrah Rajdhani Express,RAJ,CNB,PRYJ,194.5,120.0,23,5,10.6,0.85,0,117.86
TRIP-1152,12302,Howrah Rajdhani Express,RAJ,PRYJ,DDU,153.0,105.0,1,5,9.9,0.79,0,99.98
TRIP-1152,12302,Howrah Rajdhani Express,RAJ,DDU,GAYA,205.0,130.0,2,5,6.8,0.76,0,113.36
TRIP-1152,12302,Howrah Rajdhani Express,RAJ,GAYA,DHN,201.0,140.0,4,5,0.0,0.53,0,128.41
TRIP-1152,12302,Howrah Rajdhani Express,RAJ,DHN,HWH,259.0,200.0,7,5,0.0,0.51,0,193.68
TRIP-1153,12802,Purushottam Express,EXP,NDLS,CNB,440.0,350.0,22,5,0.0,0.65,1,425.49
TRIP-1153,12802,Purushottam Express,EXP,CNB,PRYJ,194.5,150.0,5,5,76.0,0.74,1,195.59
TRIP-1153,12802,Purushottam Express,EXP,PRYJ,DDU,153.0,135.0,8,5,120.8,0.82,0,156.09
TRIP-1153,12802,Purushottam Express,EXP,DDU,GAYA,205.0,165.0,11,5,141.0,0.83,0,180.6
TRIP-1153,12802,Purushottam Express,EXP,GAYA,BKSC,149.0,135.0,14,5,157.3,0.54,0,140.16
TRIP-1153,12802,Purushottam Express,EXP,BKSC,PURI,612.0,520.0,16,5,161.9,0.39,0,509.64
TRIP-1154,12802,Purushottam Express,EXP,NDLS,CNB,440.0,350.0,0,6,3.3,0.64,1,419.88
TRIP-1154,12802,Purushottam Express,EXP,CNB,PRYJ,194.5,150.0,7,6,72.2,0.8,0,159.12
TRIP-1154,12802,Purushottam Express,EXP,PRYJ,DDU,153.0,135.0,9,6,81.3,0.85,1,199.22
TRIP-1154,12802,Purushottam Express,EXP,DDU,GAYA,205.0,165.0,13,6,145.5,0.72,0,177.1
TRIP-1154,12802,Purushottam Express,EXP,GAYA,BKSC,149.0,135.0,16,6,158.6,0.51,0,144.7
TRIP-1154,12802,Purushottam Express,EXP,BKSC,PURI,612.0,520.0,18,6,170.1,0.57,0,543.42
TRIP-1155,12802,Purushottam Express,EXP,NDLS,CNB,440.0,350.0,4,6,0.0,0.86,0,324.64
TRIP-1155,12802,Purushottam Express,EXP,CNB,PRYJ,194.5,150.0,9,6,0.0,0.85,0,154.38
TRIP-1155,12802,Purushottam Express,EXP,PRYJ,DDU,153.0,135.0,12,6,5.6,0.73,0,137.81
TRIP-1155,12802,Purushottam Express,EXP,DDU,GAYA,205.0,165.0,14,6,10.0,0.62,0,166.87
TRIP-1155,12802,Purushottam Express,EXP,GAYA,BKSC,149.0,135.0,17,6,11.3,0.67,0,132.3
TRIP-1155,12802,Purushottam Express,EXP,BKSC,PURI,612.0,520.0,19,6,9.1,0.85,0,540.9
TRIP-1156,22436,Vande Bharat Express,VB,NDLS,CNB,440.0,240.0,7,6,0.0,0.65,0,239.6
TRIP-1156,22436,Vande Bharat Express,VB,CNB,PRYJ,194.5,100.0,11,6,1.3,0.98,0,111.1
TRIP-1156,22436,Vande Bharat Express,VB,PRYJ,DDU,153.0,90.0,13,6,12.9,0.73,0,84.21
TRIP-1156,22436,Vande Bharat Express,VB,DDU,BSB,18.0,25.0,14,6,7.8,0.65,0,19.97
TRIP-1157,12951,Mumbai Rajdhani Express,RAJ,BCT,ST,263.0,160.0,9,6,3.4,0.91,0,168.35
TRIP-1157,12951,Mumbai Rajdhani Express,RAJ,ST,BRC,129.0,80.0,11,6,12.8,0.97,0,86.25
TRIP-1157,12951,Mumbai Rajdhani Express,RAJ,BRC,RTM,261.0,195.0,13,6,19.9,0.75,0,195.37
TRIP-1157,12951,Mumbai Rajdhani Express,RAJ,RTM,KOTA,266.0,155.0,16,6,20.8,0.69,0,149.99
TRIP-1157,12951,Mumbai Rajdhani Express,RAJ,KOTA,MTJ,324.0,195.0,19,6,16.3,0.89,0,207.62
TRIP-1157,12951,Mumbai Rajdhani Express,RAJ,MTJ,NDLS,143.0,110.0,22,6,28.4,0.74,0,110.36
TRIP-1158,22436,Vande Bharat Express,VB,NDLS,CNB,440.0,240.0,12,6,4.3,0.87,0,233.09
TRIP-1158,22436,Vande Bharat Express,VB,CNB,PRYJ,194.5,100.0,15,6,0.0,0.86,0,103.83
TRIP-1158,22436,Vande Bharat Express,VB,PRYJ,DDU,153.0,90.0,17,6,5.3,0.93,0,96.35
TRIP-1158,22436,Vande Bharat Express,VB,DDU,BSB,18.0,25.0,19,6,12.3,0.85,0,24.11
TRIP-1159,12951,Mumbai Rajdhani Express,RAJ,BCT,ST,263.0,160.0,16,6,0.0,0.73,0,161.64
TRIP-1159,12951,Mumbai Rajdhani Express,RAJ,ST,BRC,129.0,80.0,18,6,1.3,0.88,0,83.62
TRIP-1159,12951,Mumbai Rajdhani Express,RAJ,BRC,RTM,261.0,195.0,20,6,6.3,0.8,0,200.82
TRIP-1159,12951,Mumbai Rajdhani Express,RAJ,RTM,KOTA,266.0,155.0,23,6,12.9,0.8,0,154.23
TRIP-1159,12951,Mumbai Rajdhani Express,RAJ,KOTA,MTJ,324.0,195.0,2,6,14.1,0.82,0,178.24
TRIP-1159,12951,Mumbai Rajdhani Express,RAJ,MTJ,NDLS,143.0,110.0,5,6,0.0,0.64,0,113.66
TRIP-1160,12802,Purushottam Express,EXP,NDLS,CNB,440.0,350.0,19,6,5.1,0.98,0,367.56
TRIP-1160,12802,Purushottam Express,EXP,CNB,PRYJ,194.5,150.0,1,6,22.9,0.66,0,142.96
TRIP-1160,12802,Purushottam Express,EXP,PRYJ,DDU,153.0,135.0,3,6,17.2,0.83,0,133.04
TRIP-1160,12802,Purushottam Express,EXP,DDU,GAYA,205.0,165.0,5,6,15.4,0.64,0,162.58
TRIP-1160,12802,Purushottam Express,EXP,GAYA,BKSC,149.0,135.0,8,6,13.5,0.64,0,138.39
TRIP-1160,12802,Purushottam Express,EXP,BKSC,PURI,612.0,520.0,11,6,17.2,0.74,0,531.62
TRIP-1161,12951,Mumbai Rajdhani Express,RAJ,BCT,ST,263.0,160.0,22,6,5.1,0.66,0,159.23
TRIP-1161,12951,Mumbai Rajdhani Express,RAJ,ST,BRC,129.0,80.0,0,6,6.0,0.85,0,73.91
TRIP-1161,12951,Mumbai Rajdhani Express,RAJ,BRC,RTM,261.0,195.0,2,6,0.0,0.7,0,180.58
TRIP-1161,12951,Mumbai Rajdhani Express,RAJ,RTM,KOTA,266.0,155.0,5,6,0.0,0.7,0,157.01
TRIP-1161,12951,Mumbai Rajdhani Express,RAJ,KOTA,MTJ,324.0,195.0,7,6,3.6,0.69,0,197.52
TRIP-1161,12951,Mumbai Rajdhani Express,RAJ,MTJ,NDLS,143.0,110.0,11,6,5.6,0.98,0,119.11
TRIP-1162,12951,Mumbai Rajdhani Express,RAJ,BCT,ST,263.0,160.0,4,0,2.6,0.64,0,153.93
TRIP-1162,12951,Mumbai Rajdhani Express,RAJ,ST,BRC,129.0,80.0,6,0,0.0,0.86,0,79.41
TRIP-1162,12951,Mumbai Rajdhani Express,RAJ,BRC,RTM,261.0,195.0,8,0,0.4,0.98,0,207.36
TRIP-1162,12951,Mumbai Rajdhani Express,RAJ,RTM,KOTA,266.0,155.0,11,0,14.6,0.89,0,164.15
TRIP-1162,12951,Mumbai Rajdhani Express,RAJ,KOTA,MTJ,324.0,195.0,14,0,24.8,0.68,0,194.87
TRIP-1162,12951,Mumbai Rajdhani Express,RAJ,MTJ,NDLS,143.0,110.0,17,0,24.2,0.82,0,119.5
TRIP-1163,12951,Mumbai Rajdhani Express,RAJ,BCT,ST,263.0,160.0,6,0,1.7,0.85,0,160.59
TRIP-1163,12951,Mumbai Rajdhani Express,RAJ,ST,BRC,129.0,80.0,8,0,2.8,0.98,0,84.5
TRIP-1163,12951,Mumbai Rajdhani Express,RAJ,BRC,RTM,261.0,195.0,10,0,8.8,0.98,0,204.67
TRIP-1163,12951,Mumbai Rajdhani Express,RAJ,RTM,KOTA,266.0,155.0,13,0,19.5,0.71,0,151.95
TRIP-1163,12951,Mumbai Rajdhani Express,RAJ,KOTA,MTJ,324.0,195.0,16,0,15.8,0.72,0,191.18
TRIP-1163,12951,Mumbai Rajdhani Express,RAJ,MTJ,NDLS,143.0,110.0,19,0,12.9,0.88,0,109.63
TRIP-1164,22436,Vande Bharat Express,VB,NDLS,CNB,440.0,240.0,12,0,10.0,0.64,0,227.91
TRIP-1164,22436,Vande Bharat Express,VB,CNB,PRYJ,194.5,100.0,15,0,0.0,0.7,0,100.47
TRIP-1164,22436,Vande Bharat Express,VB,PRYJ,DDU,153.0,90.0,17,0,0.8,0.98,0,94.29
TRIP-1164,22436,Vande Bharat Express,VB,DDU,BSB,18.0,25.0,19,0,7.0,0.87,0,22.93
TRIP-1165,12951,Mumbai Rajdhani Express,RAJ,BCT,ST,263.0,160.0,14,0,7.6,0.66,0,153.02
TRIP-1165,12951,Mumbai Rajdhani Express,RAJ,ST,BRC,129.0,80.0,16,0,0.9,0.74,0,79.96
TRIP-1165,12951,Mumbai Rajdhani Express,RAJ,BRC,RTM,261.0,195.0,18,0,0.8,0.98,0,211.72
TRIP-1165,12951,Mumbai Rajdhani Express,RAJ,RTM,KOTA,266.0,155.0,21,0,17.8,0.98,0,159.64
TRIP-1165,12951,Mumbai Rajdhani Express,RAJ,KOTA,MTJ,324.0,195.0,0,0,22.1,0.6,0,188.6
TRIP-1165,12951,Mumbai Rajdhani Express,RAJ,MTJ,NDLS,143.0,110.0,3,0,17.3,0.82,0,100.68
TRIP-1166,22436,Vande Bharat Express,VB,NDLS,CNB,440.0,240.0,18,0,0.8,0.84,0,244.5
TRIP-1166,22436,Vande Bharat Express,VB,CNB,PRYJ,194.5,100.0,22,0,6.2,0.82,1,111.35
TRIP-1166,22436,Vande Bharat Express,VB,PRYJ,DDU,153.0,90.0,0,0,16.7,0.66,1,110.81
TRIP-1166,22436,Vande Bharat Express,VB,DDU,BSB,18.0,25.0,2,0,38.1,0.86,0,29.71
TRIP-1167,12302,Howrah Rajdhani Express,RAJ,NDLS,CNB,440.0,285.0,22,0,13.2,0.9,0,275.33
TRIP-1167,12302,Howrah Rajdhani Express,RAJ,CNB,PRYJ,194.5,120.0,2,0,3.6,0.6,0,110.08
TRIP-1167,12302,Howrah Rajdhani Express,RAJ,PRYJ,DDU,153.0,105.0,4,0,0.0,0.7,0,94.5
TRIP-1167,12302,Howrah Rajdhani Express,RAJ,DDU,GAYA,205.0,130.0,6,0,0.0,0.62,1,156.83
TRIP-1167,12302,Howrah Rajdhani Express,RAJ,GAYA,DHN,201.0,140.0,8,0,27.1,0.66,0,134.83
TRIP-1167,12302,Howrah Rajdhani Express,RAJ,DHN,HWH,259.0,200.0,11,0,21.2,0.84,0,202.55
TRIP-1168,12302,Howrah Rajdhani Express,RAJ,NDLS,CNB,440.0,285.0,4,1,0.0,0.65,0,258.77
TRIP-1168,12302,Howrah Rajdhani Express,RAJ,CNB,PRYJ,194.5,120.0,8,1,0.0,0.84,1,156.18
TRIP-1168,12302,Howrah Rajdhani Express,RAJ,PRYJ,DDU,153.0,105.0,11,1,35.4,0.98,0,121.25
TRIP-1168,12302,Howrah Rajdhani Express,RAJ,DDU,GAYA,205.0,130.0,13,1,51.2,0.86,0,132.58
TRIP-1168,12302,Howrah Rajdhani Express,RAJ,GAYA,DHN,201.0,140.0,15,1,53.6,0.44,0,139.66
TRIP-1168,12302,Howrah Rajdhani Express,RAJ,DHN,HWH,259.0,200.0,17,1,53.4,0.71,0,202.43
TRIP-1169,12802,Purushottam Express,EXP,NDLS,CNB,440.0,350.0,10,1,4.1,0.98,0,362.39
TRIP-1169,12802,Purushottam Express,EXP,CNB,PRYJ,194.5,150.0,16,1,17.1,0.63,0,148.03
TRIP-1169,12802,Purushottam Express,EXP,PRYJ,DDU,153.0,135.0,18,1,15.4,0.81,0,138.56
TRIP-1169,12802,Purushottam Express,EXP,DDU,GAYA,205.0,165.0,21,1,18.5,0.92,0,170.6
TRIP-1169,12802,Purushottam Express,EXP,GAYA,BKSC,149.0,135.0,23,1,25.3,0.38,0,129.11
TRIP-1169,12802,Purushottam Express,EXP,BKSC,PURI,612.0,520.0,2,1,20.8,0.45,0,474.7
TRIP-1170,12802,Purushottam Express,EXP,NDLS,CNB,440.0,350.0,12,1,6.7,0.62,0,340.31
TRIP-1170,12802,Purushottam Express,EXP,CNB,PRYJ,194.5,150.0,17,1,0.0,0.98,0,158.47
TRIP-1170,12802,Purushottam Express,EXP,PRYJ,DDU,153.0,135.0,20,1,9.9,0.91,0,137.42
TRIP-1170,12802,Purushottam Express,EXP,DDU,GAYA,205.0,165.0,22,1,11.9,0.67,1,206.4
TRIP-1170,12802,Purushottam Express,EXP,GAYA,BKSC,149.0,135.0,2,1,54.8,0.41,0,134.27
TRIP-1170,12802,Purushottam Express,EXP,BKSC,PURI,612.0,520.0,4,1,55.5,0.4,0,479.3
TRIP-1171,22436,Vande Bharat Express,VB,NDLS,CNB,440.0,240.0,14,1,5.2,0.81,0,229.14
TRIP-1171,22436,Vande Bharat Express,VB,CNB,PRYJ,194.5,100.0,17,1,0.0,0.82,0,105.07
TRIP-1171,22436,Vande Bharat Express,VB,PRYJ,DDU,153.0,90.0,19,1,5.0,0.83,0,97.36
TRIP-1171,22436,Vande Bharat Express,VB,DDU,BSB,18.0,25.0,21,1,11.7,0.89,0,21.68
TRIP-1172,12302,Howrah Rajdhani Express,RAJ,NDLS,CNB,440.0,285.0,16,1,15.8,0.87,0,274.78
TRIP-1172,12302,Howrah Rajdhani Express,RAJ,CNB,PRYJ,194.5,120.0,20,1,7.4,0.9,0,119.91
TRIP-1172,12302,Howrah Rajdhani Express,RAJ,PRYJ,DDU,153.0,105.0,22,1,7.3,0.89,0,97.14
TRIP-1172,12302,Howrah Rajdhani Express,RAJ,DDU,GAYA,205.0,130.0,0,1,0.7,0.88,0,128.75
TRIP-1172,12302,Howrah Rajdhani Express,RAJ,GAYA,DHN,201.0,140.0,2,1,1.3,0.48,0,122.19
TRIP-1172,12302,Howrah Rajdhani Express,RAJ,DHN,HWH,259.0,200.0,4,1,0.0,0.52,0,181.99
TRIP-1173,12951,Mumbai Rajdhani Express,RAJ,BCT,ST,263.0,160.0,19,1,10.0,0.93,0,169.93
TRIP-1173,12951,Mumbai Rajdhani Express,RAJ,ST,BRC,129.0,80.0,21,1,21.3,0.98,0,88.02
TRIP-1173,12951,Mumbai Rajdhani Express,RAJ,BRC,RTM,261.0,195.0,23,1,28.5,0.72,0,196.31
TRIP-1173,12951,Mumbai Rajdhani Express,RAJ,RTM,KOTA,266.0,155.0,2,1,29.9,0.79,0,143.02
TRIP-1173,12951,Mumbai Rajdhani Express,RAJ,KOTA,MTJ,324.0,195.0,5,1,19.2,0.76,0,187.06
TRIP-1173,12951,Mumbai Rajdhani Express,RAJ,MTJ,NDLS,143.0,110.0,8,1,10.9,0.98,0,117.19
TRIP-1174,12004,Lucknow Shatabdi Express,SF,NDLS,GZB,24.5,38.0,22,1,2.2,0.81,1,50.87
TRIP-1174,12004,Lucknow Shatabdi Express,SF,GZB,ALJN,106.3,60.0,22,1,14.7,0.6,1,78.44
TRIP-1174,12004,Lucknow Shatabdi Express,SF,ALJN,CNB,308.6,210.0,0,1,33.8,0.65,0,214.58
TRIP-1174,12004,Lucknow Shatabdi Express,SF,CNB,LKO,71.6,75.0,3,1,39.7,0.89,0,78.76
TRIP-1175,22436,Vande Bharat Express,VB,NDLS,CNB,440.0,240.0,2,2,0.0,0.72,0,226.15
TRIP-1175,22436,Vande Bharat Express,VB,CNB,PRYJ,194.5,100.0,5,2,0.0,0.83,0,98.22
TRIP-1175,22436,Vande Bharat Express,VB,PRYJ,DDU,153.0,90.0,7,2,0.0,0.65,0,87.08
TRIP-1175,22436,Vande Bharat Express,VB,DDU,BSB,18.0,25.0,9,2,0.0,0.81,1,39.24
TRIP-1176,12951,Mumbai Rajdhani Express,RAJ,BCT,ST,263.0,160.0,4,2,2.2,0.68,0,149.42
TRIP-1176,12951,Mumbai Rajdhani Express,RAJ,ST,BRC,129.0,80.0,6,2,0.0,0.64,0,85.63
TRIP-1176,12951,Mumbai Rajdhani Express,RAJ,BRC,RTM,261.0,195.0,8,2,6.4,0.85,0,200.15
TRIP-1176,12951,Mumbai Rajdhani Express,RAJ,RTM,KOTA,266.0,155.0,11,2,13.5,0.98,0,157.94
TRIP-1176,12951,Mumbai Rajdhani Express,RAJ,KOTA,MTJ,324.0,195.0,14,2,17.4,0.79,0,189.6
TRIP-1176,12951,Mumbai Rajdhani Express,RAJ,MTJ,NDLS,143.0,110.0,17,2,12.6,0.9,0,112.53
TRIP-1177,12951,Mumbai Rajdhani Express,RAJ,BCT,ST,263.0,160.0,7,2,4.0,0.8,0,159.24
TRIP-1177,12951,Mumbai Rajdhani Express,RAJ,ST,BRC,129.0,80.0,9,2,3.3,0.98,0,85.09
TRIP-1177,12951,Mumbai Rajdhani Express,RAJ,BRC,RTM,261.0,195.0,11,2,8.9,0.9,0,197.03
TRIP-1177,12951,Mumbai Rajdhani Express,RAJ,RTM,KOTA,266.0,155.0,14,2,12.7,0.6,0,146.44
TRIP-1177,12951,Mumbai Rajdhani Express,RAJ,KOTA,MTJ,324.0,195.0,17,2,4.6,0.83,0,210.03
TRIP-1177,12951,Mumbai Rajdhani Express,RAJ,MTJ,NDLS,143.0,110.0,20,2,19.3,0.95,0,115.43
TRIP-1178,12302,Howrah Rajdhani Express,RAJ,NDLS,CNB,440.0,285.0,9,2,10.0,0.86,0,290.35
TRIP-1178,12302,Howrah Rajdhani Express,RAJ,CNB,PRYJ,194.5,120.0,13,2,14.5,0.62,0,117.78
TRIP-1178,12302,Howrah Rajdhani Express,RAJ,PRYJ,DDU,153.0,105.0,15,2,11.4,0.73,0,102.02
TRIP-1178,12302,Howrah Rajdhani Express,RAJ,DDU,GAYA,205.0,130.0,17,2,8.7,0.97,0,134.8
TRIP-1178,12302,Howrah Rajdhani Express,RAJ,GAYA,DHN,201.0,140.0,20,2,13.5,0.58,0,136.25
TRIP-1178,12302,Howrah Rajdhani Express,RAJ,DHN,HWH,259.0,200.0,22,2,11.6,0.64,0,186.16
TRIP-1179,12951,Mumbai Rajdhani Express,RAJ,BCT,ST,263.0,160.0,15,2,10.0,0.79,0,152.19
TRIP-1179,12951,Mumbai Rajdhani Express,RAJ,ST,BRC,129.0,80.0,17,2,2.1,0.98,0,86.64
TRIP-1179,12951,Mumbai Rajdhani Express,RAJ,BRC,RTM,261.0,195.0,19,2,9.2,0.98,0,199.21
TRIP-1179,12951,Mumbai Rajdhani Express,RAJ,RTM,KOTA,266.0,155.0,22,2,15.0,0.77,0,147.96
TRIP-1179,12951,Mumbai Rajdhani Express,RAJ,KOTA,MTJ,324.0,195.0,1,2,7.0,0.89,0,177.81
TRIP-1179,12951,Mumbai Rajdhani Express,RAJ,MTJ,NDLS,143.0,110.0,4,2,0.0,0.77,0,101.09
TRIP-1180,12802,Purushottam Express,EXP,NDLS,CNB,440.0,350.0,18,2,10.4,0.98,0,364.97
TRIP-1180,12802,Purushottam Express,EXP,CNB,PRYJ,194.5,150.0,0,2,24.8,0.69,1,197.0
TRIP-1180,12802,Purushottam Express,EXP,PRYJ,DDU,153.0,135.0,3,2,72.8,0.69,1,164.05
TRIP-1180,12802,Purushottam Express,EXP,DDU,GAYA,205.0,165.0,6,2,101.9,0.74,1,209.29
TRIP-1180,12802,Purushottam Express,EXP,GAYA,BKSC,149.0,135.0,9,2,145.8,0.78,0,148.22
TRIP-1180,12802,Purushottam Express,EXP,BKSC,PURI,612.0,520.0,12,2,158.1,0.48,0,514.43
TRIP-1181,12302,Howrah Rajdhani Express,RAJ,NDLS,CNB,440.0,285.0,21,2,5.4,0.92,0,287.71
TRIP-1181,12302,Howrah Rajdhani Express,RAJ,CNB,PRYJ,194.5,120.0,1,2,9.4,0.88,0,105.09
TRIP-1181,12302,Howrah Rajdhani Express,RAJ,PRYJ,DDU,153.0,105.0,3,2,0.0,0.83,0,95.39
TRIP-1181,12302,Howrah Rajdhani Express,RAJ,DDU,GAYA,205.0,130.0,5,2,0.0,0.82,1,162.88
TRIP-1181,12302,Howrah Rajdhani Express,RAJ,GAYA,DHN,201.0,140.0,8,2,34.8,0.66,0,148.94
TRIP-1181,12302,Howrah Rajdhani Express,RAJ,DHN,HWH,259.0,200.0,10,2,44.1,0.81,0,208.96
TRIP-1182,12302,Howrah Rajdhani Express,RAJ,NDLS,CNB,440.0,285.0,3,3,0.0,0.73,0,262.02
TRIP-1182,12302,Howrah Rajdhani Express,RAJ,CNB,PRYJ,194.5,120.0,7,3,0.0,0.65,1,141.63
TRIP-1182,12302,Howrah Rajdhani Express,RAJ,PRYJ,DDU,153.0,105.0,9,3,22.4,0.98,1,149.53
TRIP-1182,12302,Howrah Rajdhani Express,RAJ,DDU,GAYA,205.0,130.0,12,3,67.1,0.75,0,131.98
TRIP-1182,12302,Howrah Rajdhani Express,RAJ,GAYA,DHN,201.0,140.0,14,3,70.1,0.36,0,139.06
TRIP-1182,12302,Howrah Rajdhani Express,RAJ,DHN,HWH,259.0,200.0,17,3,69.7,0.82,0,210.29
TRIP-1183,22436,Vande Bharat Express,VB,NDLS,CNB,440.0,240.0,6,3,40.0,0.74,0,240.91
TRIP-1183,22436,Vande Bharat Express,VB,CNB,PRYJ,194.5,100.0,10,3,42.5,0.94,0,110.62
TRIP-1183,22436,Vande Bharat Express,VB,PRYJ,DDU,153.0,90.0,12,3,53.3,0.86,0,95.32
TRIP-1183,22436,Vande Bharat Express,VB,DDU,BSB,18.0,25.0,13,3,60.6,0.75,0,32.68
TRIP-1184,12951,Mumbai Rajdhani Express,RAJ,BCT,ST,263.0,160.0,12,3,0.8,0.69,0,158.09
TRIP-1184,12951,Mumbai Rajdhani Express,RAJ,ST,BRC,129.0,80.0,14,3,0.0,0.67,0,80.18
TRIP-1184,12951,Mumbai Rajdhani Express,RAJ,BRC,RTM,261.0,195.0,16,3,0.2,0.9,0,192.57
TRIP-1184,12951,Mumbai Rajdhani Express,RAJ,RTM,KOTA,266.0,155.0,19,3,0.0,0.98,0,161.03
TRIP-1184,12951,Mumbai Rajdhani Express,RAJ,KOTA,MTJ,324.0,195.0,22,3,5.6,0.61,0,186.17
TRIP-1184,12951,Mumbai Rajdhani Express,RAJ,MTJ,NDLS,143.0,110.0,1,3,0.0,0.74,0,103.45
TRIP-1185,12302,Howrah Rajdhani Express,RAJ,NDLS,CNB,440.0,285.0,16,3,1.7,0.83,0,284.56
TRIP-1185,12302,Howrah Rajdhani Express,RAJ,CNB,PRYJ,194.5,120.0,20,3,1.7,0.92,0,123.06
TRIP-1185,12302,Howrah Rajdhani Express,RAJ,PRYJ,DDU,153.0,105.0,22,3,6.5,0.7,0,93.07
TRIP-1185,12302,Howrah Rajdhani Express,RAJ,DDU,GAYA,205.0,130.0,0,3,0.0,0.89,1,162.47
TRIP-1185,12302,Howrah Rajdhani Express,RAJ,GAYA,DHN,201.0,140.0,3,3,32.3,0.47,0,135.6
TRIP-1185,12302,Howrah Rajdhani Express,RAJ,DHN,HWH,259.0,200.0,5,3,27.2,0.4,0,189.95
TRIP-1186,12302,Howrah Rajdhani Express,RAJ,NDLS,CNB,440.0,285.0,18,3,0.0,0.83,0,289.08
TRIP-1186,12302,Howrah Rajdhani Express,RAJ,CNB,PRYJ,194.5,120.0,22,3,6.0,0.88,1,138.56
TRIP-1186,12302,Howrah Rajdhani Express,RAJ,PRYJ,DDU,153.0,105.0,1,3,23.6,0.68,0,101.34
TRIP-1186,12302,Howrah Rajdhani Express,RAJ,DDU,GAYA,205.0,130.0,3,3,21.1,0.9,1,153.52
TRIP-1186,12302,Howrah Rajdhani Express,RAJ,GAYA,DHN,201.0,140.0,5,3,46.6,0.61,0,139.21
TRIP-1186,12302,Howrah Rajdhani Express,RAJ,DHN,HWH,259.0,200.0,8,3,46.6,0.62,0,205.45
TRIP-1187,12004,Lucknow Shatabdi Express,SF,NDLS,GZB,24.5,38.0,20,3,9.7,0.91,0,43.77
TRIP-1187,12004,Lucknow Shatabdi Express,SF,GZB,ALJN,106.3,60.0,20,3,15.5,0.93,0,64.64
TRIP-1187,12004,Lucknow Shatabdi Express,SF,ALJN,CNB,308.6,210.0,21,3,20.6,0.98,0,217.64
TRIP-1187,12004,Lucknow Shatabdi Express,SF,CNB,LKO,71.6,75.0,1,3,27.9,0.75,1,92.02
TRIP-1188,12004,Lucknow Shatabdi Express,SF,NDLS,GZB,24.5,38.0,23,3,2.3,0.86,1,54.68
TRIP-1188,12004,Lucknow Shatabdi Express,SF,GZB,ALJN,106.3,60.0,23,3,19.7,0.82,1,78.09
TRIP-1188,12004,Lucknow Shatabdi Express,SF,ALJN,CNB,308.6,210.0,1,3,37.5,0.89,0,199.9
TRIP-1188,12004,Lucknow Shatabdi Express,SF,CNB,LKO,71.6,75.0,4,3,29.1,0.89,0,76.77
TRIP-1189,12302,Howrah Rajdhani Express,RAJ,NDLS,CNB,440.0,285.0,5,4,10.0,0.61,1,355.96
TRIP-1189,12302,Howrah Rajdhani Express,RAJ,CNB,PRYJ,194.5,120.0,11,4,80.9,0.86,0,132.79
TRIP-1189,12302,Howrah Rajdhani Express,RAJ,PRYJ,DDU,153.0,105.0,13,4,94.4,0.9,0,108.67
TRIP-1189,12302,Howrah Rajdhani Express,RAJ,DDU,GAYA,205.0,130.0,15,4,99.3,0.78,0,137.64
TRIP-1189,12302,Howrah Rajdhani Express,RAJ,GAYA,DHN,201.0,140.0,17,4,108.1,0.61,0,149.01
TRIP-1189,12302,Howrah Rajdhani Express,RAJ,DHN,HWH,259.0,200.0,20,4,116.2,0.8,0,211.72
TRIP-1190,12951,Mumbai Rajdhani Express,RAJ,BCT,ST,263.0,160.0,9,4,0.6,0.86,0,171.26
TRIP-1190,12951,Mumbai Rajdhani Express,RAJ,ST,BRC,129.0,80.0,11,4,11.3,0.89,0,88.7
TRIP-1190,12951,Mumbai Rajdhani Express,RAJ,BRC,RTM,261.0,195.0,13,4,20.2,0.81,0,191.42
TRIP-1190,12951,Mumbai Rajdhani Express,RAJ,RTM,KOTA,266.0,155.0,16,4,18.6,0.89,0,151.96
TRIP-1190,12951,Mumbai Rajdhani Express,RAJ,KOTA,MTJ,324.0,195.0,19,4,14.7,0.9,0,203.01
TRIP-1190,12951,Mumbai Rajdhani Express,RAJ,MTJ,NDLS,143.0,110.0,22,4,24.3,0.71,0,113.41
TRIP-1191,12302,Howrah Rajdhani Express,RAJ,NDLS,CNB,440.0,285.0,12,4,0.0,0.81,0,283.69
TRIP-1191,12302,Howrah Rajdhani Express,RAJ,CNB,PRYJ,194.5,120.0,16,4,0.0,0.84,0,125.64
TRIP-1191,12302,Howrah Rajdhani Express,RAJ,PRYJ,DDU,153.0,105.0,18,4,6.7,0.98,0,107.35
TRIP-1191,12302,Howrah Rajdhani Express,RAJ,DDU,GAYA,205.0,130.0,20,4,9.9,0.98,0,129.57
TRIP-1191,12302,Howrah Rajdhani Express,RAJ,GAYA,DHN,201.0,140.0,23,4,9.9,0.45,0,133.82
TRIP-1191,12302,Howrah Rajdhani Express,RAJ,DHN,HWH,259.0,200.0,1,4,5.4,0.52,0,179.89
TRIP-1192,22436,Vande Bharat Express,VB,NDLS,CNB,440.0,240.0,15,4,2.1,0.69,0,232.81
TRIP-1192,22436,Vande Bharat Express,VB,CNB,PRYJ,194.5,100.0,18,4,0.0,0.94,0,106.94
TRIP-1192,22436,Vande Bharat Express,VB,PRYJ,DDU,153.0,90.0,20,4,8.7,0.98,0,99.37
TRIP-1192,22436,Vande Bharat Express,VB,DDU,BSB,18.0,25.0,22,4,19.4,0.63,0,26.09
TRIP-1193,12004,Lucknow Shatabdi Express,SF,NDLS,GZB,24.5,38.0,19,4,0.0,0.98,0,42.23
TRIP-1193,12004,Lucknow Shatabdi Express,SF,GZB,ALJN,106.3,60.0,19,4,4.5,0.89,0,67.98
TRIP-1193,12004,Lucknow Shatabdi Express,SF,ALJN,CNB,308.6,210.0,21,4,13.9,0.85,1,289.9
TRIP-1193,12004,Lucknow Shatabdi Express,SF,CNB,LKO,71.6,75.0,1,4,94.4,0.74,1,107.09
TRIP-1194,12951,Mumbai Rajdhani Express,RAJ,BCT,ST,263.0,160.0,21,4,2.8,0.88,0,166.72
TRIP-1194,12951,Mumbai Rajdhani Express,RAJ,ST,BRC,129.0,80.0,23,4,11.3,0.78,0,75.77
TRIP-1194,12951,Mumbai Rajdhani Express,RAJ,BRC,RTM,261.0,195.0,1,4,6.4,0.82,0,177.58
TRIP-1194,12951,Mumbai Rajdhani Express,RAJ,RTM,KOTA,266.0,155.0,4,4,0.0,0.61,0,145.55
TRIP-1194,12951,Mumbai Rajdhani Express,RAJ,KOTA,MTJ,324.0,195.0,6,4,0.0,0.85,0,200.06
TRIP-1194,12951,Mumbai Rajdhani Express,RAJ,MTJ,NDLS,143.0,110.0,10,4,6.0,0.84,0,115.46
TRIP-1195,12951,Mumbai Rajdhani Express,RAJ,BCT,ST,263.0,160.0,1,5,1.5,0.85,0,150.24
TRIP-1195,12951,Mumbai Rajdhani Express,RAJ,ST,BRC,129.0,80.0,3,5,0.0,0.62,0,77.73
TRIP-1195,12951,Mumbai Rajdhani Express,RAJ,BRC,RTM,261.0,195.0,4,5,0.0,0.69,0,181.25
TRIP-1195,12951,Mumbai Rajdhani Express,RAJ,RTM,KOTA,266.0,155.0,8,5,0.0,0.98,0,157.39
TRIP-1195,12951,Mumbai Rajdhani Express,RAJ,KOTA,MTJ,324.0,195.0,10,5,3.4,0.98,0,205.1
TRIP-1195,12951,Mumbai Rajdhani Express,RAJ,MTJ,NDLS,143.0,110.0,14,5,13.3,0.69,0,103.47
TRIP-1196,12802,Purushottam Express,EXP,NDLS,CNB,440.0,350.0,7,5,11.9,0.74,1,449.72
TRIP-1196,12802,Purushottam Express,EXP,CNB,PRYJ,194.5,150.0,14,5,111.4,0.73,0,163.56
TRIP-1196,12802,Purushottam Express,EXP,PRYJ,DDU,153.0,135.0,17,5,124.5,0.83,0,152.59
TRIP-1196,12802,Purushottam Express,EXP,DDU,GAYA,205.0,165.0,20,5,143.4,0.81,0,186.91
TRIP-1196,12802,Purushottam Express,EXP,GAYA,BKSC,149.0,135.0,23,5,164.6,0.58,0,139.46
TRIP-1196,12802,Purushottam Express,EXP,BKSC,PURI,612.0,520.0,1,5,168.6,0.41,0,487.59
TRIP-1197,12802,Purushottam Express,EXP,NDLS,CNB,440.0,350.0,11,5,0.0,0.81,0,357.1
TRIP-1197,12802,Purushottam Express,EXP,CNB,PRYJ,194.5,150.0,17,5,7.1,0.98,0,159.73
TRIP-1197,12802,Purushottam Express,EXP,PRYJ,DDU,153.0,135.0,19,5,16.0,0.98,0,147.84
TRIP-1197,12802,Purushottam Express,EXP,DDU,GAYA,205.0,165.0,22,5,29.8,0.66,1,196.8
TRIP-1197,12802,Purushottam Express,EXP,GAYA,BKSC,149.0,135.0,1,5,62.7,0.61,0,130.83
TRIP-1197,12802,Purushottam Express,EXP,BKSC,PURI,612.0,520.0,3,5,57.8,0.59,0,483.77
TRIP-1198,22436,Vande Bharat Express,VB,NDLS,CNB,440.0,240.0,13,5,24.3,0.85,0,235.46
TRIP-1198,22436,Vande Bharat Express,VB,CNB,PRYJ,194.5,100.0,17,5,19.6,0.98,0,101.55
TRIP-1198,22436,Vande Bharat Express,VB,PRYJ,DDU,153.0,90.0,18,5,20.3,0.97,0,92.93
TRIP-1198,22436,Vande Bharat Express,VB,DDU,BSB,18.0,25.0,20,5,22.9,0.95,0,34.05
TRIP-1199,12951,Mumbai Rajdhani Express,RAJ,BCT,ST,263.0,160.0,16,5,2.0,0.87,0,161.21
TRIP-1199,12951,Mumbai Rajdhani Express,RAJ,ST,BRC,129.0,80.0,18,5,4.2,0.87,0,85.99
TRIP-1199,12951,Mumbai Rajdhani Express,RAJ,BRC,RTM,261.0,195.0,20,5,11.4,0.89,0,203.18
TRIP-1199,12951,Mumbai Rajdhani Express,RAJ,RTM,KOTA,266.0,155.0,23,5,21.6,0.69,0,154.05
TRIP-1199,12951,Mumbai Rajdhani Express,RAJ,KOTA,MTJ,324.0,195.0,2,5,20.4,0.87,0,176.08
TRIP-1199,12951,Mumbai Rajdhani Express,RAJ,MTJ,NDLS,143.0,110.0,5,5,3.1,0.63,0,109.44
TRIP-1200,12802,Purushottam Express,EXP,NDLS,CNB,440.0,350.0,20,5,4.0,0.89,0,357.53
TRIP-1200,12802,Purushottam Express,EXP,CNB,PRYJ,194.5,150.0,2,5,10.9,0.63,0,140.38
TRIP-1200,12802,Purushottam Express,EXP,PRYJ,DDU,153.0,135.0,4,5,0.7,0.64,0,128.52
TRIP-1200,12802,Purushottam Express,EXP,DDU,GAYA,205.0,165.0,6,5,0.0,0.8,0,160.72
TRIP-1200,12802,Purushottam Express,EXP,GAYA,BKSC,149.0,135.0,9,5,0.0,0.56,0,136.43
TRIP-1200,12802,Purushottam Express,EXP,BKSC,PURI,612.0,520.0,11,5,2.1,0.8,0,525.34
TRIP-1201,22436,Vande Bharat Express,VB,NDLS,CNB,440.0,240.0,22,5,6.4,0.89,0,237.53
TRIP-1201,22436,Vande Bharat Express,VB,CNB,PRYJ,194.5,100.0,2,5,5.3,0.63,0,89.77
TRIP-1201,22436,Vande Bharat Express,VB,PRYJ,DDU,153.0,90.0,3,5,0.0,0.69,0,92.2
TRIP-1201,22436,Vande Bharat Express,VB,DDU,BSB,18.0,25.0,5,5,4.0,0.65,0,27.98
TRIP-1202,12802,Purushottam Express,EXP,NDLS,CNB,440.0,350.0,4,6,20.1,0.82,1,397.11
TRIP-1202,12802,Purushottam Express,EXP,CNB,PRYJ,194.5,150.0,10,6,67.3,0.98,0,171.47
TRIP-1202,12802,Purushottam Express,EXP,PRYJ,DDU,153.0,135.0,13,6,89.0,0.78,0,139.3
TRIP-1202,12802,Purushottam Express,EXP,DDU,GAYA,205.0,165.0,16,6,95.0,0.68,0,177.75
TRIP-1202,12802,Purushottam Express,EXP,GAYA,BKSC,149.0,135.0,19,6,108.7,0.84,0,150.6
TRIP-1202,12802,Purushottam Express,EXP,BKSC,PURI,612.0,520.0,21,6,124.9,0.79,0,544.63
TRIP-1203,12951,Mumbai Rajdhani Express,RAJ,BCT,ST,263.0,160.0,8,6,0.0,0.98,0,170.74
TRIP-1203,12951,Mumbai Rajdhani Express,RAJ,ST,BRC,129.0,80.0,10,6,12.7,0.98,0,83.68
TRIP-1203,12951,Mumbai Rajdhani Express,RAJ,BRC,RTM,261.0,195.0,12,6,18.3,0.85,0,194.84
TRIP-1203,12951,Mumbai Rajdhani Express,RAJ,RTM,KOTA,266.0,155.0,15,6,18.7,0.85,0,152.23
TRIP-1203,12951,Mumbai Rajdhani Express,RAJ,KOTA,MTJ,324.0,195.0,18,6,17.1,0.85,0,200.3
TRIP-1203,12951,Mumbai Rajdhani Express,RAJ,MTJ,NDLS,143.0,110.0,21,6,23.0,0.98,0,118.17
TRIP-1204,12004,Lucknow Shatabdi Express,SF,NDLS,GZB,24.5,38.0,10,6,3.7,0.98,0,47.36
TRIP-1204,12004,Lucknow Shatabdi Express,SF,GZB,ALJN,106.3,60.0,10,6,13.9,0.98,0,65.28
TRIP-1204,12004,Lucknow Shatabdi Express,SF,ALJN,CNB,308.6,210.0,12,6,20.3,0.7,0,208.19
TRIP-1204,12004,Lucknow Shatabdi Express,SF,CNB,LKO,71.6,75.0,15,6,18.0,0.89,0,79.63
TRIP-1205,12004,Lucknow Shatabdi Express,SF,NDLS,GZB,24.5,38.0,13,6,6.1,0.6,0,35.61
TRIP-1205,12004,Lucknow Shatabdi Express,SF,GZB,ALJN,106.3,60.0,13,6,4.3,0.6,0,67.24
TRIP-1205,12004,Lucknow Shatabdi Express,SF,ALJN,CNB,308.6,210.0,14,6,12.7,0.73,0,212.81
TRIP-1205,12004,Lucknow Shatabdi Express,SF,CNB,LKO,71.6,75.0,18,6,16.3,0.86,0,79.18
TRIP-1206,12951,Mumbai Rajdhani Express,RAJ,BCT,ST,263.0,160.0,15,6,10.7,0.68,0,155.67
TRIP-1206,12951,Mumbai Rajdhani Express,RAJ,ST,BRC,129.0,80.0,17,6,6.0,0.98,0,74.4
TRIP-1206,12951,Mumbai Rajdhani Express,RAJ,BRC,RTM,261.0,195.0,19,6,0.9,0.95,0,212.81
TRIP-1206,12951,Mumbai Rajdhani Express,RAJ,RTM,KOTA,266.0,155.0,22,6,19.4,0.75,0,149.98
TRIP-1206,12951,Mumbai Rajdhani Express,RAJ,KOTA,MTJ,324.0,195.0,1,6,14.2,0.87,0,184.62
TRIP-1206,12951,Mumbai Rajdhani Express,RAJ,MTJ,NDLS,143.0,110.0,4,6,4.4,0.64,0,106.44
TRIP-1207,12004,Lucknow Shatabdi Express,SF,NDLS,GZB,24.5,38.0,17,6,7.9,0.87,0,41.28
TRIP-1207,12004,Lucknow Shatabdi Express,SF,GZB,ALJN,106.3,60.0,17,6,11.4,0.98,0,70.23
TRIP-1207,12004,Lucknow Shatabdi Express,SF,ALJN,CNB,308.6,210.0,19,6,20.9,0.98,0,218.77
TRIP-1207,12004,Lucknow Shatabdi Express,SF,CNB,LKO,71.6,75.0,22,6,29.5,0.78,1,93.44
TRIP-1208,12802,Purushottam Express,EXP,NDLS,CNB,440.0,350.0,20,6,22.4,0.98,0,374.78
TRIP-1208,12802,Purushottam Express,EXP,CNB,PRYJ,194.5,150.0,2,6,46.4,0.7,1,192.46
TRIP-1208,12802,Purushottam Express,EXP,PRYJ,DDU,153.0,135.0,5,6,88.6,0.68,0,143.99
TRIP-1208,12802,Purushottam Express,EXP,DDU,GAYA,205.0,165.0,8,6,99.2,0.98,1,235.7
TRIP-1208,12802,Purushottam Express,EXP,GAYA,BKSC,149.0,135.0,12,6,169.4,0.59,0,148.28
TRIP-1208,12802,Purushottam Express,EXP,BKSC,PURI,612.0,520.0,14,6,181.8,0.54,0,526.99
TRIP-1209,12951,Mumbai Rajdhani Express,RAJ,BCT,ST,263.0,160.0,2,0,0.0,0.88,0,149.6
TRIP-1209,12951,Mumbai Rajdhani Express,RAJ,ST,BRC,129.0,80.0,4,0,0.0,0.87,0,79.05
TRIP-1209,12951,Mumbai Rajdhani Express,RAJ,BRC,RTM,261.0,195.0,5,0,0.9,0.85,0,195.55
TRIP-1209,12951,Mumbai Rajdhani Express,RAJ,RTM,KOTA,266.0,155.0,9,0,3.0,0.89,0,163.21
TRIP-1209,12951,Mumbai Rajdhani Express,RAJ,KOTA,MTJ,324.0,195.0,12,0,10.3,0.64,0,188.47
TRIP-1209,12951,Mumbai Rajdhani Express,RAJ,MTJ,NDLS,143.0,110.0,15,0,4.8,0.85,0,108.32
TRIP-1210,22436,Vande Bharat Express,VB,NDLS,CNB,440.0,240.0,6,0,0.0,0.81,0,237.03
TRIP-1210,22436,Vande Bharat Express,VB,CNB,PRYJ,194.5,100.0,10,0,0.0,0.84,0,106.67
TRIP-1210,22436,Vande Bharat Express,VB,PRYJ,DDU,153.0,90.0,11,0,7.5,0.85,0,93.55
TRIP-1210,22436,Vande Bharat Express,VB,DDU,BSB,18.0,25.0,13,0,10.3,0.79,0,13.94
TRIP-1211,12802,Purushottam Express,EXP,NDLS,CNB,440.0,350.0,10,0,2.5,0.96,0,362.69
TRIP-1211,12802,Purushottam Express,EXP,CNB,PRYJ,194.5,150.0,16,0,16.8,0.86,0,145.12
TRIP-1211,12802,Purushottam Express,EXP,PRYJ,DDU,153.0,135.0,18,0,11.2,0.88,0,144.64
TRIP-1211,12802,Purushottam Express,EXP,DDU,GAYA,205.0,165.0,21,0,20.1,0.98,1,213.72
TRIP-1211,12802,Purushottam Express,EXP,GAYA,BKSC,149.0,135.0,0,0,69.7,0.42,0,139.73
TRIP-1211,12802,Purushottam Express,EXP,BKSC,PURI,612.0,520.0,3,0,73.8,0.48,0,484.03
TRIP-1212,22436,Vande Bharat Express,VB,NDLS,CNB,440.0,240.0,14,0,10.0,0.75,0,232.46
TRIP-1212,22436,Vande Bharat Express,VB,CNB,PRYJ,194.5,100.0,17,0,3.1,0.92,0,108.56
TRIP-1212,22436,Vande Bharat Express,VB,PRYJ,DDU,153.0,90.0,19,0,12.1,0.94,0,90.34
TRIP-1212,22436,Vande Bharat Express,VB,DDU,BSB,18.0,25.0,21,0,12.4,0.95,0,26.55
TRIP-1213,12802,Purushottam Express,EXP,NDLS,CNB,440.0,350.0,18,0,0.9,0.98,0,361.32
TRIP-1213,12802,Purushottam Express,EXP,CNB,PRYJ,194.5,150.0,0,0,11.8,0.74,1,187.55
TRIP-1213,12802,Purushottam Express,EXP,PRYJ,DDU,153.0,135.0,3,0,49.4,0.73,0,137.07
TRIP-1213,12802,Purushottam Express,EXP,DDU,GAYA,205.0,165.0,5,0,51.2,0.74,0,169.94
TRIP-1213,12802,Purushottam Express,EXP,GAYA,BKSC,149.0,135.0,8,0,57.5,0.65,0,142.34
TRIP-1213,12802,Purushottam Express,EXP,BKSC,PURI,612.0,520.0,11,0,64.4,0.77,0,529.67
TRIP-1214,12004,Lucknow Shatabdi Express,SF,NDLS,GZB,24.5,38.0,22,0,3.7,0.82,1,50.75
TRIP-1214,12004,Lucknow Shatabdi Express,SF,GZB,ALJN,106.3,60.0,22,0,15.7,0.66,0,59.62
TRIP-1214,12004,Lucknow Shatabdi Express,SF,ALJN,CNB,308.6,210.0,0,0,15.4,0.88,0,208.71
TRIP-1214,12004,Lucknow Shatabdi Express,SF,CNB,LKO,71.6,75.0,3,0,16.1,0.68,0,73.18
TRIP-1215,12004,Lucknow Shatabdi Express,SF,NDLS,GZB,24.5,38.0,2,1,2.2,0.69,1,49.82
TRIP-1215,12004,Lucknow Shatabdi Express,SF,GZB,ALJN,106.3,60.0,2,1,15.3,0.76,1,69.82
TRIP-1215,12004,Lucknow Shatabdi Express,SF,ALJN,CNB,308.6,210.0,4,1,26.0,0.84,0,194.67
TRIP-1215,12004,Lucknow Shatabdi Express,SF,CNB,LKO,71.6,75.0,7,1,10.0,0.86,0,68.5
TRIP-1216,12802,Purushottam Express,EXP,NDLS,CNB,440.0,350.0,5,1,17.3,0.76,1,422.73
TRIP-1216,12802,Purushottam Express,EXP,CNB,PRYJ,194.5,150.0,12,1,89.2,0.82,0,157.38
TRIP-1216,12802,Purushottam Express,EXP,PRYJ,DDU,153.0,135.0,14,1,96.5,0.67,0,142.54
TRIP-1216,12802,Purushottam Express,EXP,DDU,GAYA,205.0,165.0,17,1,104.5,0.92,0,182.78
TRIP-1216,12802,Purushottam Express,EXP,GAYA,BKSC,149.0,135.0,20,1,123.7,0.7,0,147.87
TRIP-1216,12802,Purushottam Express,EXP,BKSC,PURI,612.0,520.0,22,1,137.3,0.4,0,511.35
TRIP-1217,12302,Howrah Rajdhani Express,RAJ,NDLS,CNB,440.0,285.0,11,1,0.0,0.98,0,295.53
TRIP-1217,12302,Howrah Rajdhani Express,RAJ,CNB,PRYJ,194.5,120.0,16,1,10.4,0.64,0,114.04
TRIP-1217,12302,Howrah Rajdhani Express,RAJ,PRYJ,DDU,153.0,105.0,17,1,5.4,0.98,0,109.11
TRIP-1217,12302,Howrah Rajdhani Express,RAJ,DDU,GAYA,205.0,130.0,19,1,11.0,0.86,0,127.71
TRIP-1217,12302,Howrah Rajdhani Express,RAJ,GAYA,DHN,201.0,140.0,22,1,8.9,0.63,0,128.02
TRIP-1217,12302,Howrah Rajdhani Express,RAJ,DHN,HWH,259.0,200.0,0,1,0.0,0.37,0,188.36
TRIP-1218,12004,Lucknow Shatabdi Express,SF,NDLS,GZB,24.5,38.0,14,1,0.0,0.83,0,39.56
TRIP-1218,12004,Lucknow Shatabdi Express,SF,GZB,ALJN,106.3,60.0,14,1,1.0,0.71,0,61.77
TRIP-1218,12004,Lucknow Shatabdi Express,SF,ALJN,CNB,308.6,210.0,15,1,3.9,0.66,0,203.79
TRIP-1218,12004,Lucknow Shatabdi Express,SF,CNB,LKO,71.6,75.0,19,1,0.0,0.98,0,82.84
TRIP-1219,12802,Purushottam Express,EXP,NDLS,CNB,440.0,350.0,18,1,0.0,0.85,0,359.79
TRIP-1219,12802,Purushottam Express,EXP,CNB,PRYJ,194.5,150.0,0,1,10.7,0.86,0,153.92
TRIP-1219,12802,Purushottam Express,EXP,PRYJ,DDU,153.0,135.0,2,1,13.9,0.76,0,125.25
TRIP-1219,12802,Purushottam Express,EXP,DDU,GAYA,205.0,165.0,4,1,5.6,0.82,1,189.34
TRIP-1219,12802,Purushottam Express,EXP,GAYA,BKSC,149.0,135.0,8,1,29.9,0.56,0,136.74
TRIP-1219,12802,Purushottam Express,EXP,BKSC,PURI,612.0,520.0,10,1,32.5,0.75,0,526.3
TRIP-1220,12004,Lucknow Shatabdi Express,SF,NDLS,GZB,24.5,38.0,20,1,1.3,0.98,0,46.31
TRIP-1220,12004,Lucknow Shatabdi Express,SF,GZB,ALJN,106.3,60.0,20,1,10.1,0.98,0,66.46
TRIP-1220,12004,Lucknow Shatabdi Express,SF,ALJN,CNB,308.6,210.0,22,1,16.6,0.88,1,262.77
TRIP-1220,12004,Lucknow Shatabdi Express,SF,CNB,LKO,71.6,75.0,2,1,70.3,0.68,1,106.38
TRIP-1221,12951,Mumbai Rajdhani Express,RAJ,BCT,ST,263.0,160.0,0,2,3.5,0.77,0,161.09
TRIP-1221,12951,Mumbai Rajdhani Express,RAJ,ST,BRC,129.0,80.0,2,2,4.9,0.64,0,75.56
TRIP-1221,12951,Mumbai Rajdhani Express,RAJ,BRC,RTM,261.0,195.0,4,2,2.3,0.7,0,182.07
TRIP-1221,12951,Mumbai Rajdhani Express,RAJ,RTM,KOTA,266.0,155.0,7,2,0.0,0.82,0,154.92
TRIP-1221,12951,Mumbai Rajdhani Express,RAJ,KOTA,MTJ,324.0,195.0,9,2,1.3,0.93,0,202.22
TRIP-1221,12951,Mumbai Rajdhani Express,RAJ,MTJ,NDLS,143.0,110.0,13,2,8.8,0.71,0,108.14
TRIP-1222,12302,Howrah Rajdhani Express,RAJ,NDLS,CNB,440.0,285.0,6,2,10.2,0.68,1,354.08
TRIP-1222,12302,Howrah Rajdhani Express,RAJ,CNB,PRYJ,194.5,120.0,11,2,80.2,0.81,0,126.91
TRIP-1222,12302,Howrah Rajdhani Express,RAJ,PRYJ,DDU,153.0,105.0,14,2,86.3,0.66,0,113.63
TRIP-1222,12302,Howrah Rajdhani Express,RAJ,DDU,GAYA,205.0,130.0,16,2,95.4,0.62,0,135.68
TRIP-1222,12302,Howrah Rajdhani Express,RAJ,GAYA,DHN,201.0,140.0,18,2,100.8,0.77,0,153.83
TRIP-1222,12302,Howrah Rajdhani Express,RAJ,DHN,HWH,259.0,200.0,21,2,114.2,0.69,0,208.04
TRIP-1223,12802,Purushottam Express,EXP,NDLS,CNB,440.0,350.0,10,2,10.8,0.82,0,354.11
TRIP-1223,12802,Purushottam Express,EXP,CNB,PRYJ,194.5,150.0,15,2,16.9,0.78,0,149.63
TRIP-1223,12802,Purushottam Express,EXP,PRYJ,DDU,153.0,135.0,18,2,15.6,0.97,0,144.91
TRIP-1223,12802,Purushottam Express,EXP,DDU,GAYA,205.0,165.0,21,2,27.4,0.96,0,174.97
TRIP-1223,12802,Purushottam Express,EXP,GAYA,BKSC,149.0,135.0,0,2,37.8,0.42,0,136.42
TRIP-1223,12802,Purushottam Express,EXP,BKSC,PURI,612.0,520.0,2,2,39.6,0.52,0,480.43
TRIP-1224,12004,Lucknow Shatabdi Express,SF,NDLS,GZB,24.5,38.0,16,2,0.0,0.7,0,42.52
TRIP-1224,12004,Lucknow Shatabdi Express,SF,GZB,ALJN,106.3,60.0,16,2,5.1,0.61,0,62.07
TRIP-1224,12004,Lucknow Shatabdi Express,SF,ALJN,CNB,308.6,210.0,17,2,7.6,0.98,0,218.19
TRIP-1224,12004,Lucknow Shatabdi Express,SF,CNB,LKO,71.6,75.0,21,2,16.4,0.83,0,83.78
TRIP-1225,12004,Lucknow Shatabdi Express,SF,NDLS,GZB,24.5,38.0,19,2,10.0,0.95,0,45.43
TRIP-1225,12004,Lucknow Shatabdi Express,SF,GZB,ALJN,106.3,60.0,19,2,18.5,0.98,0,64.16
TRIP-1225,12004,Lucknow Shatabdi Express,SF,ALJN,CNB,308.6,210.0,20,2,24.3,0.82,0,215.56
TRIP-1225,12004,Lucknow Shatabdi Express,SF,CNB,LKO,71.6,75.0,0,2,30.4,0.88,1,100.23
TRIP-1226,12802,Purushottam Express,EXP,NDLS,CNB,440.0,350.0,1,3,5.0,0.83,0,325.27
TRIP-1226,12802,Purushottam Express,EXP,CNB,PRYJ,194.5,150.0,6,3,0.0,0.62,1,180.9
TRIP-1226,12802,Purushottam Express,EXP,PRYJ,DDU,153.0,135.0,9,3,32.1,0.98,0,147.2
TRIP-1226,12802,Purushottam Express,EXP,DDU,GAYA,205.0,165.0,12,3,45.0,0.77,0,162.23
TRIP-1226,12802,Purushottam Express,EXP,GAYA,BKSC,149.0,135.0,14,3,41.2,0.57,0,134.9
TRIP-1226,12802,Purushottam Express,EXP,BKSC,PURI,612.0,520.0,17,3,41.9,0.71,0,529.58
TRIP-1227,12302,Howrah Rajdhani Express,RAJ,NDLS,CNB,440.0,285.0,3,3,115.2,0.73,1,346.52
TRIP-1227,12302,Howrah Rajdhani Express,RAJ,CNB,PRYJ,194.5,120.0,8,3,176.9,0.81,1,176.83
TRIP-1227,12302,Howrah Rajdhani Express,RAJ,PRYJ,DDU,153.0,105.0,11,3,232.9,0.96,0,119.56
TRIP-1227,12302,Howrah Rajdhani Express,RAJ,DDU,GAYA,205.0,130.0,13,3,248.8,0.8,0,141.33
TRIP-1227,12302,Howrah Rajdhani Express,RAJ,GAYA,DHN,201.0,140.0,16,3,259.5,0.51,0,144.19
TRIP-1227,12302,Howrah Rajdhani Express,RAJ,DHN,HWH,259.0,200.0,18,3,264.4,0.69,0,212.5
TRIP-1228,12951,Mumbai Rajdhani Express,RAJ,BCT,ST,263.0,160.0,7,3,2.0,0.81,0,157.18
TRIP-1228,12951,Mumbai Rajdhani Express,RAJ,ST,BRC,129.0,80.0,9,3,0.0,0.98,0,80.54
TRIP-1228,12951,Mumbai Rajdhani Express,RAJ,BRC,RTM,261.0,195.0,11,3,0.7,0.81,0,198.33
TRIP-1228,12951,Mumbai Rajdhani Express,RAJ,RTM,KOTA,266.0,155.0,14,3,3.2,0.74,0,152.48
TRIP-1228,12951,Mumbai Rajdhani Express,RAJ,KOTA,MTJ,324.0,195.0,17,3,0.0,0.98,0,205.43
TRIP-1228,12951,Mumbai Rajdhani Express,RAJ,MTJ,NDLS,143.0,110.0,20,3,11.8,0.98,0,115.66
TRIP-1229,22436,Vande Bharat Express,VB,NDLS,CNB,440.0,240.0,10,3,26.0,0.98,0,247.02
TRIP-1229,22436,Vande Bharat Express,VB,CNB,PRYJ,194.5,100.0,14,3,34.4,0.66,0,103.87
TRIP-1229,22436,Vande Bharat Express,VB,PRYJ,DDU,153.0,90.0,16,3,37.3,0.85,0,99.74
TRIP-1229,22436,Vande Bharat Express,VB,DDU,BSB,18.0,25.0,17,3,48.8,0.8,0,31.77
TRIP-1230,12951,Mumbai Rajdhani Express,RAJ,BCT,ST,263.0,160.0,13,3,12.3,0.78,0,149.42
TRIP-1230,12951,Mumbai Rajdhani Express,RAJ,ST,BRC,129.0,80.0,15,3,2.4,0.75,0,79.26
TRIP-1230,12951,Mumbai Rajdhani Express,RAJ,BRC,RTM,261.0,195.0,16,3,2.0,0.7,0,191.21
TRIP-1230,12951,Mumbai Rajdhani Express,RAJ,RTM,KOTA,266.0,155.0,20,3,0.0,0.98,0,162.95
TRIP-1230,12951,Mumbai Rajdhani Express,RAJ,KOTA,MTJ,324.0,195.0,23,3,7.1,0.83,0,189.3
TRIP-1230,12951,Mumbai Rajdhani Express,RAJ,MTJ,NDLS,143.0,110.0,2,3,2.1,0.65,0,101.62
TRIP-1231,12302,Howrah Rajdhani Express,RAJ,NDLS,CNB,440.0,285.0,16,3,0.0,0.77,0,271.85
TRIP-1231,12302,Howrah Rajdhani Express,RAJ,CNB,PRYJ,194.5,120.0,20,3,0.0,0.98,0,126.51
TRIP-1231,12302,Howrah Rajdhani Express,RAJ,PRYJ,DDU,153.0,105.0,22,3,6.3,0.71,0,101.14
TRIP-1231,12302,Howrah Rajdhani Express,RAJ,DDU,GAYA,205.0,130.0,0,3,3.7,0.63,0,126.28
TRIP-1231,12302,Howrah Rajdhani Express,RAJ,GAYA,DHN,201.0,140.0,2,3,0.0,0.59,0,127.58
TRIP-1231,12302,Howrah Rajdhani Express,RAJ,DHN,HWH,259.0,200.0,4,3,0.0,0.44,0,184.97
TRIP-1232,22436,Vande Bharat Express,VB,NDLS,CNB,440.0,240.0,18,3,0.7,0.84,0,246.65
TRIP-1232,22436,Vande Bharat Express,VB,CNB,PRYJ,194.5,100.0,22,3,7.9,0.78,1,120.64
TRIP-1232,22436,Vande Bharat Express,VB,PRYJ,DDU,153.0,90.0,0,3,27.9,0.76,0,90.63
TRIP-1232,22436,Vande Bharat Express,VB,DDU,BSB,18.0,25.0,1,3,28.3,0.61,1,33.19
TRIP-1233,12302,Howrah Rajdhani Express,RAJ,NDLS,CNB,440.0,285.0,0,4,0.0,0.72,0,284.76
TRIP-1233,12302,Howrah Rajdhani Express,RAJ,CNB,PRYJ,194.5,120.0,4,4,1.2,0.65,0,120.15
TRIP-1233,12302,Howrah Rajdhani Express,RAJ,PRYJ,DDU,153.0,105.0,6,4,1.6,0.64,0,107.61
TRIP-1233,12302,Howrah Rajdhani Express,RAJ,DDU,GAYA,205.0,130.0,8,4,5.1,0.9,0,141.62
TRIP-1233,12302,Howrah Rajdhani Express,RAJ,GAYA,DHN,201.0,140.0,11,4,18.1,0.7,0,136.9
TRIP-1233,12302,Howrah Rajdhani Express,RAJ,DHN,HWH,259.0,200.0,13,4,14.8,0.47,0,190.8
TRIP-1234,12802,Purushottam Express,EXP,NDLS,CNB,440.0,350.0,2,4,4.6,0.86,1,401.21
TRIP-1234,12802,Purushottam Express,EXP,CNB,PRYJ,194.5,150.0,8,4,55.8,0.84,1,205.07
TRIP-1234,12802,Purushottam Express,EXP,PRYJ,DDU,153.0,135.0,12,4,112.1,0.87,0,147.52
TRIP-1234,12802,Purushottam Express,EXP,DDU,GAYA,205.0,165.0,14,4,124.0,0.7,0,178.75
TRIP-1234,12802,Purushottam Express,EXP,GAYA,BKSC,149.0,135.0,17,4,137.0,0.59,0,148.16
TRIP-1234,12802,Purushottam Express,EXP,BKSC,PURI,612.0,520.0,20,4,150.8,0.71,0,548.64
TRIP-1235,12004,Lucknow Shatabdi Express,SF,NDLS,GZB,24.5,38.0,8,4,10.0,0.98,1,51.96
TRIP-1235,12004,Lucknow Shatabdi Express,SF,GZB,ALJN,106.3,60.0,8,4,25.3,0.87,0,68.32
TRIP-1235,12004,Lucknow Shatabdi Express,SF,ALJN,CNB,308.6,210.0,10,4,34.3,0.98,0,229.62
TRIP-1235,12004,Lucknow Shatabdi Express,SF,CNB,LKO,71.6,75.0,14,4,54.7,0.82,0,86.44
TRIP-1236,12802,Purushottam Express,EXP,NDLS,CNB,440.0,350.0,11,4,53.2,0.96,0,380.11
TRIP-1236,12802,Purushottam Express,EXP,CNB,PRYJ,194.5,150.0,17,4,84.4,0.98,0,172.1
TRIP-1236,12802,Purushottam Express,EXP,PRYJ,DDU,153.0,135.0,20,4,105.8,0.93,0,152.82
TRIP-1236,12802,Purushottam Express,EXP,DDU,GAYA,205.0,165.0,23,4,124.4,0.63,1,232.84
TRIP-1236,12802,Purushottam Express,EXP,GAYA,BKSC,149.0,135.0,2,4,192.6,0.42,0,141.34
TRIP-1236,12802,Purushottam Express,EXP,BKSC,PURI,612.0,520.0,5,4,199.6,0.63,0,523.1
TRIP-1237,12004,Lucknow Shatabdi Express,SF,NDLS,GZB,24.5,38.0,17,4,10.0,0.83,0,43.59
TRIP-1237,12004,Lucknow Shatabdi Express,SF,GZB,ALJN,106.3,60.0,17,4,17.6,0.98,0,67.92
TRIP-1237,12004,Lucknow Shatabdi Express,SF,ALJN,CNB,308.6,210.0,19,4,27.5,0.92,0,217.35
TRIP-1237,12004,Lucknow Shatabdi Express,SF,CNB,LKO,71.6,75.0,22,4,34.1,0.6,0,86.01
TRIP-1238,12004,Lucknow Shatabdi Express,SF,NDLS,GZB,24.5,38.0,20,4,0.0,0.85,0,41.24
TRIP-1238,12004,Lucknow Shatabdi Express,SF,GZB,ALJN,106.3,60.0,20,4,4.6,0.98,0,71.48
TRIP-1238,12004,Lucknow Shatabdi Express,SF,ALJN,CNB,308.6,210.0,22,4,16.1,0.63,0,208.95
TRIP-1238,12004,Lucknow Shatabdi Express,SF,CNB,LKO,71.6,75.0,1,4,14.5,0.73,1,92.47
TRIP-1239,12302,Howrah Rajdhani Express,RAJ,NDLS,CNB,440.0,285.0,22,4,0.0,0.82,0,287.97
TRIP-1239,12302,Howrah Rajdhani Express,RAJ,CNB,PRYJ,194.5,120.0,2,4,3.6,0.85,1,143.88
TRIP-1239,12302,Howrah Rajdhani Express,RAJ,PRYJ,DDU,153.0,105.0,5,4,27.9,0.69,0,105.98
TRIP-1239,12302,Howrah Rajdhani Express,RAJ,DDU,GAYA,205.0,130.0,7,4,28.1,0.63,1,162.05
TRIP-1239,12302,Howrah Rajdhani Express,RAJ,GAYA,DHN,201.0,140.0,9,4,61.5,0.77,0,146.27
TRIP-1239,12302,Howrah Rajdhani Express,RAJ,DHN,HWH,259.0,200.0,12,4,69.1,0.37,0,195.87
TRIP-1240,22436,Vande Bharat Express,VB,NDLS,CNB,440.0,240.0,4,5,0.6,0.88,0,223.13
TRIP-1240,22436,Vande Bharat Express,VB,CNB,PRYJ,194.5,100.0,7,5,0.0,0.76,0,103.89
TRIP-1240,22436,Vande Bharat Express,VB,PRYJ,DDU,153.0,90.0,9,5,3.5,0.86,0,93.8
TRIP-1240,22436,Vande Bharat Express,VB,DDU,BSB,18.0,25.0,11,5,9.1,0.83,0,27.24
TRIP-1241,12302,Howrah Rajdhani Express,RAJ,NDLS,CNB,440.0,285.0,7,5,49.2,0.65,1,342.47
TRIP-1241,12302,Howrah Rajdhani Express,RAJ,CNB,PRYJ,194.5,120.0,12,5,107.0,0.73,0,124.5
TRIP-1241,12302,Howrah Rajdhani Express,RAJ,PRYJ,DDU,153.0,105.0,14,5,110.5,0.7,0,111.14
TRIP-1241,12302,Howrah Rajdhani Express,RAJ,DDU,GAYA,205.0,130.0,16,5,118.4,0.79,0,131.55
TRIP-1241,12302,Howrah Rajdhani Express,RAJ,GAYA,DHN,201.0,140.0,19,5,120.1,0.6,0,147.46
TRIP-1241,12302,Howrah Rajdhani Express,RAJ,DHN,HWH,259.0,200.0,21,5,129.5,0.7,0,201.81
TRIP-1242,12802,Purushottam Express,EXP,NDLS,CNB,440.0,350.0,13,5,6.6,0.66,0,337.06
TRIP-1242,12802,Purushottam Express,EXP,CNB,PRYJ,194.5,150.0,18,5,0.0,0.86,0,157.87
TRIP-1242,12802,Purushottam Express,EXP,PRYJ,DDU,153.0,135.0,21,5,8.3,0.98,0,139.03
TRIP-1242,12802,Purushottam Express,EXP,DDU,GAYA,205.0,165.0,23,5,12.8,0.74,0,163.69
TRIP-1242,12802,Purushottam Express,EXP,GAYA,BKSC,149.0,135.0,2,5,11.7,0.5,0,119.48
TRIP-1242,12802,Purushottam Express,EXP,BKSC,PURI,612.0,520.0,4,5,0.0,0.36,0,473.19
TRIP-1243,22436,Vande Bharat Express,VB,NDLS,CNB,440.0,240.0,16,5,3.7,0.74,0,235.6
TRIP-1243,22436,Vande Bharat Express,VB,CNB,PRYJ,194.5,100.0,20,5,1.2,0.86,0,102.24
TRIP-1243,22436,Vande Bharat Express,VB,PRYJ,DDU,153.0,90.0,21,5,3.6,0.98,0,95.23
TRIP-1243,22436,Vande Bharat Express,VB,DDU,BSB,18.0,25.0,23,5,10.6,0.61,1,32.08
TRIP-1244,22436,Vande Bharat Express,VB,NDLS,CNB,440.0,240.0,22,5,0.0,0.7,1,285.0
TRIP-1244,22436,Vande Bharat Express,VB,CNB,PRYJ,194.5,100.0,2,5,45.0,0.83,0,103.01
TRIP-1244,22436,Vande Bharat Express,VB,PRYJ,DDU,153.0,90.0,4,5,49.6,0.8,1,112.34
TRIP-1244,22436,Vande Bharat Express,VB,DDU,BSB,18.0,25.0,6,5,71.0,0.83,0,30.75
TRIP-1245,12302,Howrah Rajdhani Express,RAJ,NDLS,CNB,440.0,285.0,4,6,9.8,0.81,0,266.85
TRIP-1245,12302,Howrah Rajdhani Express,RAJ,CNB,PRYJ,194.5,120.0,8,6,0.0,0.98,1,172.55
TRIP-1245,12302,Howrah Rajdhani Express,RAJ,PRYJ,DDU,153.0,105.0,11,6,53.0,0.86,0,113.91
TRIP-1245,12302,Howrah Rajdhani Express,RAJ,DDU,GAYA,205.0,130.0,13,6,62.1,0.76,0,139.66
TRIP-1245,12302,Howrah Rajdhani Express,RAJ,GAYA,DHN,201.0,140.0,15,6,70.9,0.41,0,144.42
TRIP-1245,12302,Howrah Rajdhani Express,RAJ,DHN,HWH,259.0,200.0,18,6,77.1,0.8,0,212.38
TRIP-1246,12802,Purushottam Express,EXP,NDLS,CNB,440.0,350.0,8,6,0.0,0.81,0,363.35
TRIP-1246,12802,Purushottam Express,EXP,CNB,PRYJ,194.5,150.0,14,6,15.1,0.77,0,151.86
TRIP-1246,12802,Purushottam Express,EXP,PRYJ,DDU,153.0,135.0,16,6,18.7,0.7,0,137.92
TRIP-1246,12802,Purushottam Express,EXP,DDU,GAYA,205.0,165.0,19,6,21.7,0.91,0,177.82
TRIP-1246,12802,Purushottam Express,EXP,GAYA,BKSC,149.0,135.0,22,6,33.5,0.42,0,138.85
TRIP-1246,12802,Purushottam Express,EXP,BKSC,PURI,612.0,520.0,0,6,37.2,0.41,0,513.23
TRIP-1247,12004,Lucknow Shatabdi Express,SF,NDLS,GZB,24.5,38.0,14,6,1.1,0.82,0,40.16
TRIP-1247,12004,Lucknow Shatabdi Express,SF,GZB,ALJN,106.3,60.0,14,6,4.7,0.89,0,64.79
TRIP-1247,12004,Lucknow Shatabdi Express,SF,ALJN,CNB,308.6,210.0,15,6,8.6,0.9,0,217.28
TRIP-1247,12004,Lucknow Shatabdi Express,SF,CNB,LKO,71.6,75.0,19,6,15.4,0.98,0,86.23
TRIP-1248,12802,Purushottam Express,EXP,NDLS,CNB,440.0,350.0,20,6,10.0,0.93,0,373.42
TRIP-1248,12802,Purushottam Express,EXP,CNB,PRYJ,194.5,150.0,2,6,34.4,0.84,1,200.35
TRIP-1248,12802,Purushottam Express,EXP,PRYJ,DDU,153.0,135.0,5,6,83.8,0.66,0,145.16
TRIP-1248,12802,Purushottam Express,EXP,DDU,GAYA,205.0,165.0,8,6,95.8,0.95,0,187.37
TRIP-1248,12802,Purushottam Express,EXP,GAYA,BKSC,149.0,135.0,11,6,119.9,0.83,0,150.66
TRIP-1248,12802,Purushottam Express,EXP,BKSC,PURI,612.0,520.0,14,6,136.6,0.58,0,519.5
TRIP-1249,12302,Howrah Rajdhani Express,RAJ,NDLS,CNB,440.0,285.0,2,0,2.4,0.65,1,339.2
TRIP-1249,12302,Howrah Rajdhani Express,RAJ,CNB,PRYJ,194.5,120.0,7,0,56.1,0.77,0,124.67
TRIP-1249,12302,Howrah Rajdhani Express,RAJ,PRYJ,DDU,153.0,105.0,9,0,60.8,0.98,0,115.03
TRIP-1249,12302,Howrah Rajdhani Express,RAJ,DDU,GAYA,205.0,130.0,11,0,70.1,0.83,0,147.18
TRIP-1249,12302,Howrah Rajdhani Express,RAJ,GAYA,DHN,201.0,140.0,14,0,86.6,0.46,0,141.94
TRIP-1249,12302,Howrah Rajdhani Express,RAJ,DHN,HWH,259.0,200.0,16,0,87.6,0.41,0,199.41
TRIP-1250,12004,Lucknow Shatabdi Express,SF,NDLS,GZB,24.5,38.0,6,0,3.9,0.72,0,41.21
TRIP-1250,12004,Lucknow Shatabdi Express,SF,GZB,ALJN,106.3,60.0,6,0,7.4,0.66,0,64.32
TRIP-1250,12004,Lucknow Shatabdi Express,SF,ALJN,CNB,308.6,210.0,7,0,13.4,0.64,0,211.13
TRIP-1250,12004,Lucknow Shatabdi Express,SF,CNB,LKO,71.6,75.0,11,0,14.8,0.94,0,76.54
TRIP-1251,12302,Howrah Rajdhani Express,RAJ,NDLS,CNB,440.0,285.0,10,0,0.0,0.94,0,296.65
TRIP-1251,12302,Howrah Rajdhani Express,RAJ,CNB,PRYJ,194.5,120.0,15,0,12.9,0.86,0,113.11
TRIP-1251,12302,Howrah Rajdhani Express,RAJ,PRYJ,DDU,153.0,105.0,16,0,5.4,0.88,0,99.38
TRIP-1251,12302,Howrah Rajdhani Express,RAJ,DDU,GAYA,205.0,130.0,18,0,0.9,0.98,0,136.15
TRIP-1251,12302,Howrah Rajdhani Express,RAJ,GAYA,DHN,201.0,140.0,21,0,7.4,0.74,0,134.99
TRIP-1251,12302,Howrah Rajdhani Express,RAJ,DHN,HWH,259.0,200.0,23,0,3.8,0.51,0,193.3
TRIP-1252,12802,Purushottam Express,EXP,NDLS,CNB,440.0,350.0,16,0,8.4,0.72,0,342.85
TRIP-1252,12802,Purushottam Express,EXP,CNB,PRYJ,194.5,150.0,21,0,2.3,0.98,1,199.8
TRIP-1252,12802,Purushottam Express,EXP,PRYJ,DDU,153.0,135.0,1,0,52.6,0.87,1,165.81
TRIP-1252,12802,Purushottam Express,EXP,DDU,GAYA,205.0,165.0,4,0,85.4,0.83,1,204.0
TRIP-1252,12802,Purushottam Express,EXP,GAYA,BKSC,149.0,135.0,7,0,124.1,0.63,0,144.06
TRIP-1252,12802,Purushottam Express,EXP,BKSC,PURI,612.0,520.0,10,0,133.3,0.7,0,533.08
TRIP-1253,12302,Howrah Rajdhani Express,RAJ,NDLS,CNB,440.0,285.0,20,0,13.3,0.98,0,294.23
TRIP-1253,12302,Howrah Rajdhani Express,RAJ,CNB,PRYJ,194.5,120.0,0,0,21.9,0.76,1,149.12
TRIP-1253,12302,Howrah Rajdhani Express,RAJ,PRYJ,DDU,153.0,105.0,3,0,50.8,0.72,1,127.71
TRIP-1253,12302,Howrah Rajdhani Express,RAJ,DDU,GAYA,205.0,130.0,5,0,73.0,0.78,0,134.11
TRIP-1253,12302,Howrah Rajdhani Express,RAJ,GAYA,DHN,201.0,140.0,8,0,78.8,0.83,0,145.63
TRIP-1253,12302,Howrah Rajdhani Express,RAJ,DHN,HWH,259.0,200.0,10,0,86.1,0.84,0,208.92
TRIP-1254,12004,Lucknow Shatabdi Express,SF,NDLS,GZB,24.5,38.0,22,0,11.0,0.6,0,32.85
TRIP-1254,12004,Lucknow Shatabdi Express,SF,GZB,ALJN,106.3,60.0,22,0,6.3,0.78,0,63.92
TRIP-1254,12004,Lucknow Shatabdi Express,SF,ALJN,CNB,308.6,210.0,23,0,10.5,0.85,0,200.69
TRIP-1254,12004,Lucknow Shatabdi Express,SF,CNB,LKO,71.6,75.0,3,0,0.3,0.8,0,71.45
TRIP-1255,12951,Mumbai Rajdhani Express,RAJ,BCT,ST,263.0,160.0,1,1,49.1,0.68,0,153.99
TRIP-1255,12951,Mumbai Rajdhani Express,RAJ,ST,BRC,129.0,80.0,3,1,42.3,0.82,0,81.1
TRIP-1255,12951,Mumbai Rajdhani Express,RAJ,BRC,RTM,261.0,195.0,5,1,42.9,0.8,0,195.9
TRIP-1255,12951,Mumbai Rajdhani Express,RAJ,RTM,KOTA,266.0,155.0,8,1,43.9,0.9,0,164.93
TRIP-1255,12951,Mumbai Rajdhani Express,RAJ,KOTA,MTJ,324.0,195.0,11,1,52.9,0.93,0,210.87
TRIP-1255,12951,Mumbai Rajdhani Express,RAJ,MTJ,NDLS,143.0,110.0,14,1,69.6,0.77,0,111.16
TRIP-1256,12951,Mumbai Rajdhani Express,RAJ,BCT,ST,263.0,160.0,5,1,14.4,0.69,0,154.73
TRIP-1256,12951,Mumbai Rajdhani Express,RAJ,ST,BRC,129.0,80.0,7,1,10.3,0.62,0,74.49
TRIP-1256,12951,Mumbai Rajdhani Express,RAJ,BRC,RTM,261.0,195.0,8,1,4.8,0.98,0,199.41
TRIP-1256,12951,Mumbai Rajdhani Express,RAJ,RTM,KOTA,266.0,155.0,12,1,9.5,0.68,0,154.49
TRIP-1256,12951,Mumbai Rajdhani Express,RAJ,KOTA,MTJ,324.0,195.0,15,1,8.1,0.89,0,188.24
TRIP-1256,12951,Mumbai Rajdhani Express,RAJ,MTJ,NDLS,143.0,110.0,18,1,1.5,0.82,0,118.13
TRIP-1257,12951,Mumbai Rajdhani Express,RAJ,BCT,ST,263.0,160.0,7,1,10.0,0.76,0,152.42
TRIP-1257,12951,Mumbai Rajdhani Express,RAJ,ST,BRC,129.0,80.0,9,1,1.6,0.86,0,82.09
TRIP-1257,12951,Mumbai Rajdhani Express,RAJ,BRC,RTM,261.0,195.0,11,1,4.4,0.86,0,205.66
TRIP-1257,12951,Mumbai Rajdhani Express,RAJ,RTM,KOTA,266.0,155.0,14,1,16.9,0.76,0,150.82
TRIP-1257,12951,Mumbai Rajdhani Express,RAJ,KOTA,MTJ,324.0,195.0,17,1,14.6,0.92,0,205.84
TRIP-1257,12951,Mumbai Rajdhani Express,RAJ,MTJ,NDLS,143.0,110.0,20,1,26.0,0.88,0,120.65
TRIP-1258,12302,Howrah Rajdhani Express,RAJ,NDLS,CNB,440.0,285.0,10,1,1.0,0.81,0,289.18
TRIP-1258,12302,Howrah Rajdhani Express,RAJ,CNB,PRYJ,194.5,120.0,14,1,6.4,0.9,0,120.59
TRIP-1258,12302,Howrah Rajdhani Express,RAJ,PRYJ,DDU,153.0,105.0,16,1,8.6,0.81,0,100.86
TRIP-1258,12302,Howrah Rajdhani Express,RAJ,DDU,GAYA,205.0,130.0,18,1,4.6,0.95,0,141.07
TRIP-1258,12302,Howrah Rajdhani Express,RAJ,GAYA,DHN,201.0,140.0,21,1,15.2,0.82,0,135.08
TRIP-1258,12302,Howrah Rajdhani Express,RAJ,DHN,HWH,259.0,200.0,23,1,11.1,0.39,0,189.82
TRIP-1259,12302,Howrah Rajdhani Express,RAJ,NDLS,CNB,440.0,285.0,16,1,0.0,0.73,0,277.37
TRIP-1259,12302,Howrah Rajdhani Express,RAJ,CNB,PRYJ,194.5,120.0,20,1,0.0,0.97,0,127.16
TRIP-1259,12302,Howrah Rajdhani Express,RAJ,PRYJ,DDU,153.0,105.0,22,1,9.1,0.69,0,102.4
TRIP-1259,12302,Howrah Rajdhani Express,RAJ,DDU,GAYA,205.0,130.0,0,1,7.9,0.76,1,163.68
TRIP-1259,12302,Howrah Rajdhani Express,RAJ,GAYA,DHN,201.0,140.0,3,1,40.8,0.56,0,135.41
TRIP-1259,12302,Howrah Rajdhani Express,RAJ,DHN,HWH,259.0,200.0,5,1,36.4,0.46,0,196.46
TRIP-1260,12302,Howrah Rajdhani Express,RAJ,NDLS,CNB,440.0,285.0,19,1,0.0,0.88,0,303.25
TRIP-1260,12302,Howrah Rajdhani Express,RAJ,CNB,PRYJ,194.5,120.0,0,1,18.2,0.65,1,149.35
TRIP-1260,12302,Howrah Rajdhani Express,RAJ,PRYJ,DDU,153.0,105.0,2,1,47.7,0.72,0,104.95
TRIP-1260,12302,Howrah Rajdhani Express,RAJ,DDU,GAYA,205.0,130.0,4,1,48.6,0.69,0,121.62
TRIP-1260,12302,Howrah Rajdhani Express,RAJ,GAYA,DHN,201.0,140.0,6,1,39.3,0.62,0,136.61
TRIP-1260,12302,Howrah Rajdhani Express,RAJ,DHN,HWH,259.0,200.0,9,1,35.3,0.74,0,202.01
TRIP-1261,22436,Vande Bharat Express,VB,NDLS,CNB,440.0,240.0,1,2,7.1,0.77,1,279.9
TRIP-1261,22436,Vande Bharat Express,VB,CNB,PRYJ,194.5,100.0,5,2,47.3,0.68,0,105.45
TRIP-1261,22436,Vande Bharat Express,VB,PRYJ,DDU,153.0,90.0,7,2,52.4,0.68,0,101.32
TRIP-1261,22436,Vande Bharat Express,VB,DDU,BSB,18.0,25.0,9,2,63.8,0.91,1,48.4
TRIP-1262,12004,Lucknow Shatabdi Express,SF,NDLS,GZB,24.5,38.0,5,2,14.4,0.72,0,39.61
TRIP-1262,12004,Lucknow Shatabdi Express,SF,GZB,ALJN,106.3,60.0,5,2,15.0,0.86,0,61.01
TRIP-1262,12004,Lucknow Shatabdi Express,SF,ALJN,CNB,308.6,210.0,6,2,16.5,0.72,0,202.89
TRIP-1262,12004,Lucknow Shatabdi Express,SF,CNB,LKO,71.6,75.0,10,2,11.3,0.98,0,82.96
TRIP-1263,12802,Purushottam Express,EXP,NDLS,CNB,440.0,350.0,11,2,0.0,0.98,0,362.6
TRIP-1263,12802,Purushottam Express,EXP,CNB,PRYJ,194.5,150.0,17,2,13.2,0.98,0,153.62
TRIP-1263,12802,Purushottam Express,EXP,PRYJ,DDU,153.0,135.0,19,2,16.2,0.97,0,141.27
TRIP-1263,12802,Purushottam Express,EXP,DDU,GAYA,205.0,165.0,22,2,23.3,0.88,0,164.37
TRIP-1263,12802,Purushottam Express,EXP,GAYA,BKSC,149.0,135.0,1,2,21.8,0.38,0,126.07
TRIP-1263,12802,Purushottam Express,EXP,BKSC,PURI,612.0,520.0,3,2,12.7,0.42,0,475.25
TRIP-1264,12004,Lucknow Shatabdi Express,SF,NDLS,GZB,24.5,38.0,13,2,2.4,0.77,0,35.78
TRIP-1264,12004,Lucknow Shatabdi Express,SF,GZB,ALJN,106.3,60.0,13,2,0.3,0.78,0,67.41
TRIP-1264,12004,Lucknow Shatabdi Express,SF,ALJN,CNB,308.6,210.0,14,2,7.4,0.63,0,205.49
TRIP-1264,12004,Lucknow Shatabdi Express,SF,CNB,LKO,71.6,75.0,18,2,2.6,0.95,0,85.78
TRIP-1265,12302,Howrah Rajdhani Express,RAJ,NDLS,CNB,440.0,285.0,19,2,4.7,0.92,0,293.91
TRIP-1265,12302,Howrah Rajdhani Express,RAJ,CNB,PRYJ,194.5,120.0,23,2,15.6,0.65,1,152.66
TRIP-1265,12302,Howrah Rajdhani Express,RAJ,PRYJ,DDU,153.0,105.0,2,2,49.4,0.88,0,104.3
TRIP-1265,12302,Howrah Rajdhani Express,RAJ,DDU,GAYA,205.0,130.0,4,2,48.2,0.75,0,135.61
TRIP-1265,12302,Howrah Rajdhani Express,RAJ,GAYA,DHN,201.0,140.0,6,2,54.8,0.38,0,143.15
TRIP-1265,12302,Howrah Rajdhani Express,RAJ,DHN,HWH,259.0,200.0,9,2,59.7,0.57,0,205.96
TRIP-1266,12004,Lucknow Shatabdi Express,SF,NDLS,GZB,24.5,38.0,21,2,0.0,0.98,1,53.41
TRIP-1266,12004,Lucknow Shatabdi Express,SF,GZB,ALJN,106.3,60.0,21,2,16.6,0.98,0,67.61
TRIP-1266,12004,Lucknow Shatabdi Express,SF,ALJN,CNB,308.6,210.0,23,2,25.2,0.73,0,203.57
TRIP-1266,12004,Lucknow Shatabdi Express,SF,CNB,LKO,71.6,75.0,2,2,18.0,0.66,0,74.94
TRIP-1267,12802,Purushottam Express,EXP,NDLS,CNB,440.0,350.0,3,3,0.0,0.87,1,393.53
TRIP-1267,12802,Purushottam Express,EXP,CNB,PRYJ,194.5,150.0,9,3,43.2,0.89,1,204.82
TRIP-1267,12802,Purushottam Express,EXP,PRYJ,DDU,153.0,135.0,13,3,98.3,0.7,0,150.08
TRIP-1267,12802,Purushottam Express,EXP,DDU,GAYA,205.0,165.0,15,3,114.1,0.65,0,173.72
TRIP-1267,12802,Purushottam Express,EXP,GAYA,BKSC,149.0,135.0,18,3,123.8,0.82,0,148.92
TRIP-1267,12802,Purushottam Express,EXP,BKSC,PURI,612.0,520.0,21,3,138.2,0.73,0,535.77
TRIP-1268,12004,Lucknow Shatabdi Express,SF,NDLS,GZB,24.5,38.0,5,3,1.6,0.79,1,47.44
TRIP-1268,12004,Lucknow Shatabdi Express,SF,GZB,ALJN,106.3,60.0,5,3,11.0,0.73,1,73.99
TRIP-1268,12004,Lucknow Shatabdi Express,SF,ALJN,CNB,308.6,210.0,7,3,24.9,0.78,1,247.78
TRIP-1268,12004,Lucknow Shatabdi Express,SF,CNB,LKO,71.6,75.0,11,3,64.2,0.98,0,91.96
TRIP-1269,12951,Mumbai Rajdhani Express,RAJ,BCT,ST,263.0,160.0,9,3,10.2,0.98,0,163.09
TRIP-1269,12951,Mumbai Rajdhani Express,RAJ,ST,BRC,129.0,80.0,11,3,14.2,0.98,0,83.52
TRIP-1269,12951,Mumbai Rajdhani Express,RAJ,BRC,RTM,261.0,195.0,13,3,19.1,0.77,0,196.22
TRIP-1269,12951,Mumbai Rajdhani Express,RAJ,RTM,KOTA,266.0,155.0,16,3,21.5,0.89,0,153.54
TRIP-1269,12951,Mumbai Rajdhani Express,RAJ,KOTA,MTJ,324.0,195.0,19,3,19.2,0.98,0,198.12
TRIP-1269,12951,Mumbai Rajdhani Express,RAJ,MTJ,NDLS,143.0,110.0,22,3,23.7,0.82,0,109.29
TRIP-1270,12004,Lucknow Shatabdi Express,SF,NDLS,GZB,24.5,38.0,15,3,10.0,0.86,0,41.42
TRIP-1270,12004,Lucknow Shatabdi Express,SF,GZB,ALJN,106.3,60.0,15,3,14.5,0.72,0,62.59
TRIP-1270,12004,Lucknow Shatabdi Express,SF,ALJN,CNB,308.6,210.0,16,3,17.1,0.68,0,209.49
TRIP-1270,12004,Lucknow Shatabdi Express,SF,CNB,LKO,71.6,75.0,20,3,16.6,0.81,0,80.84
TRIP-1271,12802,Purushottam Express,EXP,NDLS,CNB,440.0,350.0,18,3,15.4,0.98,0,357.48
TRIP-1271,12802,Purushottam Express,EXP,CNB,PRYJ,194.5,150.0,0,3,23.2,0.62,0,144.69
TRIP-1271,12802,Purushottam Express,EXP,PRYJ,DDU,153.0,135.0,2,3,19.7,0.73,0,128.0
TRIP-1271,12802,Purushottam Express,EXP,DDU,GAYA,205.0,165.0,4,3,12.1,0.63,0,155.88
TRIP-1271,12802,Purushottam Express,EXP,GAYA,BKSC,149.0,135.0,7,3,3.6,0.51,0,131.32
TRIP-1271,12802,Purushottam Express,EXP,BKSC,PURI,612.0,520.0,9,3,0.0,0.75,0,524.21
TRIP-1272,12004,Lucknow Shatabdi Express,SF,NDLS,GZB,24.5,38.0,21,3,4.0,0.89,0,41.84
TRIP-1272,12004,Lucknow Shatabdi Express,SF,GZB,ALJN,106.3,60.0,21,3,7.4,0.98,1,79.17
TRIP-1272,12004,Lucknow Shatabdi Express,SF,ALJN,CNB,308.6,210.0,23,3,26.8,0.67,0,205.53
TRIP-1272,12004,Lucknow Shatabdi Express,SF,CNB,LKO,71.6,75.0,2,3,24.0,0.87,1,91.75
TRIP-1273,12951,Mumbai Rajdhani Express,RAJ,BCT,ST,263.0,160.0,3,4,0.0,0.68,0,152.5
TRIP-1273,12951,Mumbai Rajdhani Express,RAJ,ST,BRC,129.0,80.0,5,4,0.0,0.81,0,80.24
TRIP-1273,12951,Mumbai Rajdhani Express,RAJ,BRC,RTM,261.0,195.0,7,4,0.2,0.7,0,195.83
TRIP-1273,12951,Mumbai Rajdhani Express,RAJ,RTM,KOTA,266.0,155.0,10,4,2.7,0.96,0,164.85
TRIP-1273,12951,Mumbai Rajdhani Express,RAJ,KOTA,MTJ,324.0,195.0,13,4,11.7,0.86,0,182.87
TRIP-1273,12951,Mumbai Rajdhani Express,RAJ,MTJ,NDLS,143.0,110.0,16,4,1.3,0.61,0,110.87
TRIP-1274,12004,Lucknow Shatabdi Express,SF,NDLS,GZB,24.5,38.0,5,4,9.6,0.82,1,49.87
TRIP-1274,12004,Lucknow Shatabdi Express,SF,GZB,ALJN,106.3,60.0,5,4,21.1,0.68,1,79.5
TRIP-1274,12004,Lucknow Shatabdi Express,SF,ALJN,CNB,308.6,210.0,7,4,40.0,0.82,0,213.37
TRIP-1274,12004,Lucknow Shatabdi Express,SF,CNB,LKO,71.6,75.0,10,4,43.0,0.82,0,86.56
TRIP-1275,12004,Lucknow Shatabdi Express,SF,NDLS,GZB,24.5,38.0,9,4,47.3,0.97,1,59.09
TRIP-1275,12004,Lucknow Shatabdi Express,SF,GZB,ALJN,106.3,60.0,10,4,68.7,0.98,0,75.8
TRIP-1275,12004,Lucknow Shatabdi Express,SF,ALJN,CNB,308.6,210.0,11,4,84.1,0.92,0,233.21
TRIP-1275,12004,Lucknow Shatabdi Express,SF,CNB,LKO,71.6,75.0,15,4,106.8,0.74,0,92.2
TRIP-1276,12004,Lucknow Shatabdi Express,SF,NDLS,GZB,24.5,38.0,12,4,0.8,0.62,0,41.29
TRIP-1276,12004,Lucknow Shatabdi Express,SF,GZB,ALJN,106.3,60.0,12,4,5.6,0.75,0,63.96
TRIP-1276,12004,Lucknow Shatabdi Express,SF,ALJN,CNB,308.6,210.0,13,4,8.6,0.69,0,208.88
TRIP-1276,12004,Lucknow Shatabdi Express,SF,CNB,LKO,71.6,75.0,17,4,7.9,0.93,0,84.63
TRIP-1277,12004,Lucknow Shatabdi Express,SF,NDLS,GZB,24.5,38.0,15,4,0.0,0.89,0,42.85
TRIP-1277,12004,Lucknow Shatabdi Express,SF,GZB,ALJN,106.3,60.0,15,4,4.9,0.71,0,66.15
TRIP-1277,12004,Lucknow Shatabdi Express,SF,ALJN,CNB,308.6,210.0,16,4,12.0,0.72,0,215.32
TRIP-1277,12004,Lucknow Shatabdi Express,SF,CNB,LKO,71.6,75.0,20,4,16.5,0.82,0,83.79
TRIP-1278,12802,Purushottam Express,EXP,NDLS,CNB,440.0,350.0,17,4,10.0,0.92,0,368.01
TRIP-1278,12802,Purushottam Express,EXP,CNB,PRYJ,194.5,150.0,23,4,28.2,0.65,0,150.51
TRIP-1278,12802,Purushottam Express,EXP,PRYJ,DDU,153.0,135.0,1,4,30.3,0.81,0,129.48
TRIP-1278,12802,Purushottam Express,EXP,DDU,GAYA,205.0,165.0,4,4,25.5,0.67,1,188.63
TRIP-1278,12802,Purushottam Express,EXP,GAYA,BKSC,149.0,135.0,7,4,49.6,0.61,0,142.66
TRIP-1278,12802,Purushottam Express,EXP,BKSC,PURI,612.0,520.0,9,4,57.9,0.56,0,533.92
TRIP-1279,12004,Lucknow Shatabdi Express,SF,NDLS,GZB,24.5,38.0,19,4,0.0,0.92,0,42.82
TRIP-1279,12004,Lucknow Shatabdi Express,SF,GZB,ALJN,106.3,60.0,19,4,4.1,0.98,0,67.6
TRIP-1279,12004,Lucknow Shatabdi Express,SF,ALJN,CNB,308.6,210.0,21,4,13.2,0.98,0,223.74
TRIP-1279,12004,Lucknow Shatabdi Express,SF,CNB,LKO,71.6,75.0,0,4,27.7,0.7,1,97.58
TRIP-1280,22436,Vande Bharat Express,VB,NDLS,CNB,440.0,240.0,1,5,0.0,0.79,0,220.23
TRIP-1280,22436,Vande Bharat Express,VB,CNB,PRYJ,194.5,100.0,4,5,0.0,0.64,0,94.88
TRIP-1280,22436,Vande Bharat Express,VB,PRYJ,DDU,153.0,90.0,6,5,0.0,0.62,0,88.78
TRIP-1280,22436,Vande Bharat Express,VB,DDU,BSB,18.0,25.0,7,5,0.5,0.76,0,28.52
TRIP-1281,12302,Howrah Rajdhani Express,RAJ,NDLS,CNB,440.0,285.0,7,5,5.0,0.78,1,336.44
TRIP-1281,12302,Howrah Rajdhani Express,RAJ,CNB,PRYJ,194.5,120.0,12,5,58.4,0.79,0,125.38
TRIP-1281,12302,Howrah Rajdhani Express,RAJ,PRYJ,DDU,153.0,105.0,14,5,64.3,0.65,0,115.31
TRIP-1281,12302,Howrah Rajdhani Express,RAJ,DDU,GAYA,205.0,130.0,16,5,74.2,0.66,0,136.31
TRIP-1281,12302,Howrah Rajdhani Express,RAJ,GAYA,DHN,201.0,140.0,19,5,80.8,0.78,0,152.41
TRIP-1281,12302,Howrah Rajdhani Express,RAJ,DHN,HWH,259.0,200.0,21,5,94.7,0.75,0,205.87
TRIP-1282,12302,Howrah Rajdhani Express,RAJ,NDLS,CNB,440.0,285.0,9,5,0.6,0.86,0,294.32
TRIP-1282,12302,Howrah Rajdhani Express,RAJ,CNB,PRYJ,194.5,120.0,13,5,9.2,0.82,0,118.82
TRIP-1282,12302,Howrah Rajdhani Express,RAJ,PRYJ,DDU,153.0,105.0,16,5,8.2,0.83,0,101.52
TRIP-1282,12302,Howrah Rajdhani Express,RAJ,DDU,GAYA,205.0,130.0,17,5,3.8,0.98,0,134.68
TRIP-1282,12302,Howrah Rajdhani Express,RAJ,GAYA,DHN,201.0,140.0,20,5,9.5,0.78,0,138.93
TRIP-1282,12302,Howrah Rajdhani Express,RAJ,DHN,HWH,259.0,200.0,22,5,9.3,0.49,0,189.37
TRIP-1283,12951,Mumbai Rajdhani Express,RAJ,BCT,ST,263.0,160.0,15,5,2.0,0.67,0,155.72
TRIP-1283,12951,Mumbai Rajdhani Express,RAJ,ST,BRC,129.0,80.0,17,5,0.0,0.98,0,87.54
TRIP-1283,12951,Mumbai Rajdhani Express,RAJ,BRC,RTM,261.0,195.0,19,5,8.5,0.87,0,194.58
TRIP-1283,12951,Mumbai Rajdhani Express,RAJ,RTM,KOTA,266.0,155.0,22,5,9.6,0.7,0,147.65
TRIP-1283,12951,Mumbai Rajdhani Express,RAJ,KOTA,MTJ,324.0,195.0,1,5,2.1,0.61,0,179.33
TRIP-1283,12951,Mumbai Rajdhani Express,RAJ,MTJ,NDLS,143.0,110.0,4,5,0.0,0.61,0,104.44
TRIP-1284,12951,Mumbai Rajdhani Express,RAJ,BCT,ST,263.0,160.0,18,5,5.9,0.92,0,165.51
TRIP-1284,12951,Mumbai Rajdhani Express,RAJ,ST,BRC,129.0,80.0,20,5,11.8,0.97,0,79.29
TRIP-1284,12951,Mumbai Rajdhani Express,RAJ,BRC,RTM,261.0,195.0,22,5,11.5,0.77,0,187.41
TRIP-1284,12951,Mumbai Rajdhani Express,RAJ,RTM,KOTA,266.0,155.0,1,5,5.1,0.81,0,147.51
TRIP-1284,12951,Mumbai Rajdhani Express,RAJ,KOTA,MTJ,324.0,195.0,3,5,0.0,0.75,0,185.22
TRIP-1284,12951,Mumbai Rajdhani Express,RAJ,MTJ,NDLS,143.0,110.0,7,5,0.0,0.66,0,110.41
TRIP-1285,12004,Lucknow Shatabdi Express,SF,NDLS,GZB,24.5,38.0,22,5,10.0,0.87,0,43.97
TRIP-1285,12004,Lucknow Shatabdi Express,SF,GZB,ALJN,106.3,60.0,22,5,16.7,0.89,0,69.77
TRIP-1285,12004,Lucknow Shatabdi Express,SF,ALJN,CNB,308.6,210.0,0,5,27.9,0.9,1,266.58
TRIP-1285,12004,Lucknow Shatabdi Express,SF,CNB,LKO,71.6,75.0,4,5,85.3,0.66,0,78.78
TRIP-1286,12951,Mumbai Rajdhani Express,RAJ,BCT,ST,263.0,160.0,4,6,2.0,0.72,0,149.23
TRIP-1286,12951,Mumbai Rajdhani Express,RAJ,ST,BRC,129.0,80.0,6,6,0.0,0.76,0,83.56
TRIP-1286,12951,Mumbai Rajdhani Express,RAJ,BRC,RTM,261.0,195.0,8,6,4.4,0.84,0,205.72
TRIP-1286,12951,Mumbai Rajdhani Express,RAJ,RTM,KOTA,266.0,155.0,11,6,16.5,0.98,0,167.41
TRIP-1286,12951,Mumbai Rajdhani Express,RAJ,KOTA,MTJ,324.0,195.0,14,6,30.0,0.62,0,194.12
TRIP-1286,12951,Mumbai Rajdhani Express,RAJ,MTJ,NDLS,143.0,110.0,17,6,28.9,0.84,0,120.31
TRIP-1287,12951,Mumbai Rajdhani Express,RAJ,BCT,ST,263.0,160.0,10,6,4.0,0.9,0,168.79
TRIP-1287,12951,Mumbai Rajdhani Express,RAJ,ST,BRC,129.0,80.0,12,6,13.4,0.85,0,73.92
TRIP-1287,12951,Mumbai Rajdhani Express,RAJ,BRC,RTM,261.0,195.0,14,6,8.4,0.72,0,190.99
TRIP-1287,12951,Mumbai Rajdhani Express,RAJ,RTM,KOTA,266.0,155.0,17,6,6.3,0.84,0,156.46
TRIP-1287,12951,Mumbai Rajdhani Express,RAJ,KOTA,MTJ,324.0,195.0,20,6,6.9,0.98,0,202.17
TRIP-1287,12951,Mumbai Rajdhani Express,RAJ,MTJ,NDLS,143.0,110.0,23,6,15.5,0.84,0,105.86
TRIP-1288,12951,Mumbai Rajdhani Express,RAJ,BCT,ST,263.0,160.0,12,6,10.0,0.63,0,157.92
TRIP-1288,12951,Mumbai Rajdhani Express,RAJ,ST,BRC,129.0,80.0,14,6,7.1,0.9,0,74.05
TRIP-1288,12951,Mumbai Rajdhani Express,RAJ,BRC,RTM,261.0,195.0,16,6,2.8,0.72,0,195.4
TRIP-1288,12951,Mumbai Rajdhani Express,RAJ,RTM,KOTA,266.0,155.0,19,6,2.8,0.91,0,161.72
TRIP-1288,12951,Mumbai Rajdhani Express,RAJ,KOTA,MTJ,324.0,195.0,22,6,10.3,0.62,0,192.11
TRIP-1288,12951,Mumbai Rajdhani Express,RAJ,MTJ,NDLS,143.0,110.0,1,6,9.2,0.71,0,101.43
TRIP-1289,12004,Lucknow Shatabdi Express,SF,NDLS,GZB,24.5,38.0,14,6,10.0,0.77,0,39.47
TRIP-1289,12004,Lucknow Shatabdi Express,SF,GZB,ALJN,106.3,60.0,14,6,12.0,0.77,0,64.62
TRIP-1289,12004,Lucknow Shatabdi Express,SF,ALJN,CNB,308.6,210.0,15,6,18.2,0.66,0,205.61
TRIP-1289,12004,Lucknow Shatabdi Express,SF,CNB,LKO,71.6,75.0,19,6,15.5,0.9,0,80.47
TRIP-1290,12802,Purushottam Express,EXP,NDLS,CNB,440.0,350.0,16,6,0.7,0.66,0,347.74
TRIP-1290,12802,Purushottam Express,EXP,CNB,PRYJ,194.5,150.0,21,6,0.0,0.96,0,166.3
TRIP-1290,12802,Purushottam Express,EXP,PRYJ,DDU,153.0,135.0,0,6,17.2,0.65,0,136.29
TRIP-1290,12802,Purushottam Express,EXP,DDU,GAYA,205.0,165.0,3,6,18.5,0.8,1,208.75
TRIP-1290,12802,Purushottam Express,EXP,GAYA,BKSC,149.0,135.0,6,6,63.6,0.63,0,145.84
TRIP-1290,12802,Purushottam Express,EXP,BKSC,PURI,612.0,520.0,9,6,74.2,0.84,0,546.62
TRIP-1291,12951,Mumbai Rajdhani Express,RAJ,BCT,ST,263.0,160.0,19,6,4.3,0.81,0,168.94
TRIP-1291,12951,Mumbai Rajdhani Express,RAJ,ST,BRC,129.0,80.0,21,6,12.3,0.98,0,80.66
TRIP-1291,12951,Mumbai Rajdhani Express,RAJ,BRC,RTM,261.0,195.0,23,6,12.2,0.62,0,193.88
TRIP-1291,12951,Mumbai Rajdhani Express,RAJ,RTM,KOTA,266.0,155.0,2,6,12.3,0.75,0,146.23
TRIP-1291,12951,Mumbai Rajdhani Express,RAJ,KOTA,MTJ,324.0,195.0,5,6,5.1,0.73,0,186.6
TRIP-1291,12951,Mumbai Rajdhani Express,RAJ,MTJ,NDLS,143.0,110.0,8,6,0.0,0.98,0,122.43
TRIP-1292,22436,Vande Bharat Express,VB,NDLS,CNB,440.0,240.0,21,6,3.8,0.81,0,255.28
TRIP-1292,22436,Vande Bharat Express,VB,CNB,PRYJ,194.5,100.0,1,6,18.8,0.61,1,113.45
TRIP-1292,22436,Vande Bharat Express,VB,PRYJ,DDU,153.0,90.0,3,6,32.7,0.74,1,114.57
TRIP-1292,22436,Vande Bharat Express,VB,DDU,BSB,18.0,25.0,5,6,58.6,0.86,0,32.68
TRIP-1293,22436,Vande Bharat Express,VB,NDLS,CNB,440.0,240.0,0,0,1.6,0.82,0,240.11
TRIP-1293,22436,Vande Bharat Express,VB,CNB,PRYJ,194.5,100.0,4,0,2.0,0.84,0,90.15
TRIP-1293,22436,Vande Bharat Express,VB,PRYJ,DDU,153.0,90.0,5,0,0.0,0.85,0,86.85
TRIP-1293,22436,Vande Bharat Express,VB,DDU,BSB,18.0,25.0,7,0,0.0,0.89,0,30.2
TRIP-1294,12302,Howrah Rajdhani Express,RAJ,NDLS,CNB,440.0,285.0,2,0,10.0,0.86,0,258.11
TRIP-1294,12302,Howrah Rajdhani Express,RAJ,CNB,PRYJ,194.5,120.0,6,0,0.0,0.76,1,154.32
TRIP-1294,12302,Howrah Rajdhani Express,RAJ,PRYJ,DDU,153.0,105.0,9,0,34.7,0.96,0,117.29
TRIP-1294,12302,Howrah Rajdhani Express,RAJ,DDU,GAYA,205.0,130.0,11,0,47.8,0.83,0,142.96
TRIP-1294,12302,Howrah Rajdhani Express,RAJ,GAYA,DHN,201.0,140.0,13,0,61.5,0.47,0,136.78
TRIP-1294,12302,Howrah Rajdhani Express,RAJ,DHN,HWH,259.0,200.0,15,0,58.0,0.52,0,194.03
TRIP-1295,12802,Purushottam Express,EXP,NDLS,CNB,440.0,350.0,5,0,10.0,0.75,0,340.63
TRIP-1295,12802,Purushottam Express,EXP,CNB,PRYJ,194.5,150.0,10,0,1.4,0.83,0,158.94
TRIP-1295,12802,Purushottam Express,EXP,PRYJ,DDU,153.0,135.0,13,0,11.5,0.78,0,135.63
TRIP-1295,12802,Purushottam Express,EXP,DDU,GAYA,205.0,165.0,15,0,13.7,0.89,0,164.33
TRIP-1295,12802,Purushottam Express,EXP,GAYA,BKSC,149.0,135.0,18,0,13.6,0.69,0,137.09
TRIP-1295,12802,Purushottam Express,EXP,BKSC,PURI,612.0,520.0,21,0,15.3,0.55,0,515.89
TRIP-1296,12302,Howrah Rajdhani Express,RAJ,NDLS,CNB,440.0,285.0,8,0,0.0,0.98,1,364.63
TRIP-1296,12302,Howrah Rajdhani Express,RAJ,CNB,PRYJ,194.5,120.0,14,0,79.1,0.77,0,124.22
TRIP-1296,12302,Howrah Rajdhani Express,RAJ,PRYJ,DDU,153.0,105.0,16,0,82.3,0.64,0,107.04
TRIP-1296,12302,Howrah Rajdhani Express,RAJ,DDU,GAYA,205.0,130.0,18,0,85.1,0.82,0,145.15
TRIP-1296,12302,Howrah Rajdhani Express,RAJ,GAYA,DHN,201.0,140.0,20,0,100.0,0.69,0,141.71
TRIP-1296,12302,Howrah Rajdhani Express,RAJ,DHN,HWH,259.0,200.0,23,0,101.5,0.41,0,203.35
TRIP-1297,12004,Lucknow Shatabdi Express,SF,NDLS,GZB,24.5,38.0,10,0,4.5,0.98,0,46.11
TRIP-1297,12004,Lucknow Shatabdi Express,SF,GZB,ALJN,106.3,60.0,10,0,14.0,0.98,0,62.74
TRIP-1297,12004,Lucknow Shatabdi Express,SF,ALJN,CNB,308.6,210.0,11,0,18.5,0.84,0,222.37
TRIP-1297,12004,Lucknow Shatabdi Express,SF,CNB,LKO,71.6,75.0,15,0,31.0,0.89,0,84.04
TRIP-1298,12802,Purushottam Express,EXP,NDLS,CNB,440.0,350.0,13,0,10.0,0.73,0,342.3
TRIP-1298,12802,Purushottam Express,EXP,CNB,PRYJ,194.5,150.0,18,0,2.2,0.8,0,153.16
TRIP-1298,12802,Purushottam Express,EXP,PRYJ,DDU,153.0,135.0,21,0,4.9,0.98,0,136.44
TRIP-1298,12802,Purushottam Express,EXP,DDU,GAYA,205.0,165.0,23,0,7.2,0.8,0,161.23
TRIP-1298,12802,Purushottam Express,EXP,GAYA,BKSC,149.0,135.0,2,0,5.3,0.57,0,122.91
TRIP-1298,12802,Purushottam Express,EXP,BKSC,PURI,612.0,520.0,4,0,0.0,0.38,0,470.31
TRIP-1299,12004,Lucknow Shatabdi Express,SF,NDLS,GZB,24.5,38.0,17,0,10.0,0.94,0,46.19
TRIP-1299,12004,Lucknow Shatabdi Express,SF,GZB,ALJN,106.3,60.0,17,0,17.7,0.98,0,66.15
TRIP-1299,12004,Lucknow Shatabdi Express,SF,ALJN,CNB,308.6,210.0,19,0,23.8,0.93,0,218.46
TRIP-1299,12004,Lucknow Shatabdi Express,SF,CNB,LKO,71.6,75.0,22,0,32.1,0.89,1,102.54
TRIP-1300,12951,Mumbai Rajdhani Express,RAJ,BCT,ST,263.0,160.0,20,0,3.9,0.98,0,167.1
TRIP-1300,12951,Mumbai Rajdhani Express,RAJ,ST,BRC,129.0,80.0,22,0,12.8,0.88,0,74.07
TRIP-1300,12951,Mumbai Rajdhani Express,RAJ,BRC,RTM,261.0,195.0,0,0,7.3,0.73,0,185.36
TRIP-1300,12951,Mumbai Rajdhani Express,RAJ,RTM,KOTA,266.0,155.0,3,0,0.0,0.83,0,146.49
TRIP-1300,12951,Mumbai Rajdhani Express,RAJ,KOTA,MTJ,324.0,195.0,5,0,0.0,0.87,0,193.89
TRIP-1300,12951,Mumbai Rajdhani Express,RAJ,MTJ,NDLS,143.0,110.0,9,0,0.0,0.9,0,115.27
TRIP-1301,12802,Purushottam Express,EXP,NDLS,CNB,440.0,350.0,22,0,2.9,0.8,0,345.04
TRIP-1301,12802,Purushottam Express,EXP,CNB,PRYJ,194.5,150.0,3,0,0.0,0.75,0,137.96
TRIP-1301,12802,Purushottam Express,EXP,PRYJ,DDU,153.0,135.0,6,0,0.0,0.63,0,132.13
TRIP-1301,12802,Purushottam Express,EXP,DDU,GAYA,205.0,165.0,8,0,0.0,0.98,1,226.92
TRIP-1301,12802,Purushottam Express,EXP,GAYA,BKSC,149.0,135.0,12,0,63.6,0.55,0,140.84
TRIP-1301,12802,Purushottam Express,EXP,BKSC,PURI,612.0,520.0,14,0,69.9,0.51,0,509.53
TRIP-1302,12302,Howrah Rajdhani Express,RAJ,NDLS,CNB,440.0,285.0,2,1,5.7,0.72,1,309.4
TRIP-1302,12302,Howrah Rajdhani Express,RAJ,CNB,PRYJ,194.5,120.0,7,1,30.1,0.62,1,154.75
TRIP-1302,12302,Howrah Rajdhani Express,RAJ,PRYJ,DDU,153.0,105.0,9,1,65.3,0.94,0,121.57
TRIP-1302,12302,Howrah Rajdhani Express,RAJ,DDU,GAYA,205.0,130.0,12,1,80.9,0.72,0,139.07
TRIP-1302,12302,Howrah Rajdhani Express,RAJ,GAYA,DHN,201.0,140.0,14,1,90.6,0.51,0,145.25
TRIP-1302,12302,Howrah Rajdhani Express,RAJ,DHN,HWH,259.0,200.0,16,1,96.1,0.56,0,201.06
TRIP-1303,22436,Vande Bharat Express,VB,NDLS,CNB,440.0,240.0,4,1,8.7,0.67,0,218.02
TRIP-1303,22436,Vande Bharat Express,VB,CNB,PRYJ,194.5,100.0,7,1,0.0,0.9,1,135.9
TRIP-1303,22436,Vande Bharat Express,VB,PRYJ,DDU,153.0,90.0,10,1,35.0,0.98,0,102.82
TRIP-1303,22436,Vande Bharat Express,VB,DDU,BSB,18.0,25.0,11,1,47.6,0.98,0,35.38
TRIP-1304,12951,Mumbai Rajdhani Express,RAJ,BCT,ST,263.0,160.0,10,1,32.2,0.94,0,173.26
TRIP-1304,12951,Mumbai Rajdhani Express,RAJ,ST,BRC,129.0,80.0,12,1,47.0,0.73,0,78.16
TRIP-1304,12951,Mumbai Rajdhani Express,RAJ,BRC,RTM,261.0,195.0,14,1,45.4,0.63,0,199.72
TRIP-1304,12951,Mumbai Rajdhani Express,RAJ,RTM,KOTA,266.0,155.0,17,1,49.8,0.92,0,165.01
TRIP-1304,12951,Mumbai Rajdhani Express,RAJ,KOTA,MTJ,324.0,195.0,20,1,60.4,0.86,0,202.86
TRIP-1304,12951,Mumbai Rajdhani Express,RAJ,MTJ,NDLS,143.0,110.0,0,1,68.5,0.72,0,118.44
TRIP-1305,12004,Lucknow Shatabdi Express,SF,NDLS,GZB,24.5,38.0,13,1,9.3,0.68,0,37.52
TRIP-1305,12004,Lucknow Shatabdi Express,SF,GZB,ALJN,106.3,60.0,13,1,8.0,0.7,0,59.77
TRIP-1305,12004,Lucknow Shatabdi Express,SF,ALJN,CNB,308.6,210.0,14,1,8.9,0.76,0,205.67
TRIP-1305,12004,Lucknow Shatabdi Express,SF,CNB,LKO,71.6,75.0,18,1,4.6,0.98,0,77.71
TRIP-1306,22436,Vande Bharat Express,VB,NDLS,CNB,440.0,240.0,16,1,0.8,0.8,0,231.26
TRIP-1306,22436,Vande Bharat Express,VB,CNB,PRYJ,194.5,100.0,19,1,0.0,0.96,0,107.94
TRIP-1306,22436,Vande Bharat Express,VB,PRYJ,DDU,153.0,90.0,21,1,8.4,0.97,0,96.79
TRIP-1306,22436,Vande Bharat Express,VB,DDU,BSB,18.0,25.0,23,1,14.9,0.68,0,24.83
TRIP-1307,22436,Vande Bharat Express,VB,NDLS,CNB,440.0,240.0,20,1,0.8,0.98,0,255.18
TRIP-1307,22436,Vande Bharat Express,VB,CNB,PRYJ,194.5,100.0,0,1,17.7,0.75,1,123.98
TRIP-1307,22436,Vande Bharat Express,VB,PRYJ,DDU,153.0,90.0,2,1,43.2,0.82,0,87.34
TRIP-1307,22436,Vande Bharat Express,VB,DDU,BSB,18.0,25.0,4,1,41.8,0.68,0,32.09
TRIP-1308,12802,Purushottam Express,EXP,NDLS,CNB,440.0,350.0,22,1,2.7,0.78,0,339.23
TRIP-1308,12802,Purushottam Express,EXP,CNB,PRYJ,194.5,150.0,3,1,0.0,0.75,0,139.55
TRIP-1308,12802,Purushottam Express,EXP,PRYJ,DDU,153.0,135.0,6,1,0.0,0.68,1,175.83
TRIP-1308,12802,Purushottam Express,EXP,DDU,GAYA,205.0,165.0,9,1,40.5,0.9,1,229.92
TRIP-1308,12802,Purushottam Express,EXP,GAYA,BKSC,149.0,135.0,13,1,104.9,0.59,0,142.16
TRIP-1308,12802,Purushottam Express,EXP,BKSC,PURI,612.0,520.0,15,1,111.5,0.47,0,506.03
TRIP-1309,12802,Purushottam Express,EXP,NDLS,CNB,440.0,350.0,0,2,0.0,0.88,1,422.91
TRIP-1309,12802,Purushottam Express,EXP,CNB,PRYJ,194.5,150.0,7,2,72.3,0.86,1,201.4
TRIP-1309,12802,Purushottam Express,EXP,PRYJ,DDU,153.0,135.0,10,2,124.2,0.98,0,154.66
TRIP-1309,12802,Purushottam Express,EXP,DDU,GAYA,205.0,165.0,13,2,144.2,0.72,0,172.43
TRIP-1309,12802,Purushottam Express,EXP,GAYA,BKSC,149.0,135.0,16,2,151.0,0.49,0,144.05
TRIP-1309,12802,Purushottam Express,EXP,BKSC,PURI,612.0,520.0,18,2,162.0,0.76,0,535.72
TRIP-1310,12951,Mumbai Rajdhani Express,RAJ,BCT,ST,263.0,160.0,6,2,10.0,0.64,0,151.33
TRIP-1310,12951,Mumbai Rajdhani Express,RAJ,ST,BRC,129.0,80.0,8,2,2.3,0.98,0,89.78
TRIP-1310,12951,Mumbai Rajdhani Express,RAJ,BRC,RTM,261.0,195.0,10,2,12.1,0.97,0,203.75
TRIP-1310,12951,Mumbai Rajdhani Express,RAJ,RTM,KOTA,266.0,155.0,13,2,20.9,0.72,0,148.61
TRIP-1310,12951,Mumbai Rajdhani Express,RAJ,KOTA,MTJ,324.0,195.0,16,2,14.5,0.72,0,195.09
TRIP-1310,12951,Mumbai Rajdhani Express,RAJ,MTJ,NDLS,143.0,110.0,19,2,16.4,0.81,0,110.51
TRIP-1311,12951,Mumbai Rajdhani Express,RAJ,BCT,ST,263.0,160.0,8,2,10.0,0.98,0,165.29
TRIP-1311,12951,Mumbai Rajdhani Express,RAJ,ST,BRC,129.0,80.0,10,2,17.1,0.94,0,78.81
TRIP-1311,12951,Mumbai Rajdhani Express,RAJ,BRC,RTM,261.0,195.0,12,2,16.3,0.64,0,192.25
TRIP-1311,12951,Mumbai Rajdhani Express,RAJ,RTM,KOTA,266.0,155.0,15,2,14.1,0.85,0,154.29
TRIP-1311,12951,Mumbai Rajdhani Express,RAJ,KOTA,MTJ,324.0,195.0,18,2,12.4,0.98,0,196.64
TRIP-1311,12951,Mumbai Rajdhani Express,RAJ,MTJ,NDLS,143.0,110.0,21,2,15.8,0.84,0,117.84
TRIP-1312,12802,Purushottam Express,EXP,NDLS,CNB,440.0,350.0,12,2,0.9,0.71,0,337.88
TRIP-1312,12802,Purushottam Express,EXP,CNB,PRYJ,194.5,150.0,17,2,0.0,0.93,0,157.64
TRIP-1312,12802,Purushottam Express,EXP,PRYJ,DDU,153.0,135.0,20,2,8.7,0.98,0,142.92
TRIP-1312,12802,Purushottam Express,EXP,DDU,GAYA,205.0,165.0,22,2,16.6,0.63,1,217.52
TRIP-1312,12802,Purushottam Express,EXP,GAYA,BKSC,149.0,135.0,2,2,68.5,0.45,0,132.11
TRIP-1312,12802,Purushottam Express,EXP,BKSC,PURI,612.0,520.0,4,2,64.8,0.63,0,482.09
TRIP-1313,22436,Vande Bharat Express,VB,NDLS,CNB,440.0,240.0,18,2,2.3,0.98,0,253.76
TRIP-1313,22436,Vande Bharat Express,VB,CNB,PRYJ,194.5,100.0,22,2,18.0,0.82,0,104.84
TRIP-1313,22436,Vande Bharat Express,VB,PRYJ,DDU,153.0,90.0,0,2,22.1,0.74,0,97.05
TRIP-1313,22436,Vande Bharat Express,VB,DDU,BSB,18.0,25.0,1,2,29.7,0.61,0,22.99
TRIP-1314,12004,Lucknow Shatabdi Express,SF,NDLS,GZB,24.5,38.0,20,2,0.0,0.84,0,45.95
TRIP-1314,12004,Lucknow Shatabdi Express,SF,GZB,ALJN,106.3,60.0,20,2,8.1,0.87,0,66.22
TRIP-1314,12004,Lucknow Shatabdi Express,SF,ALJN,CNB,308.6,210.0,22,2,15.3,0.63,0,208.75
TRIP-1314,12004,Lucknow Shatabdi Express,SF,CNB,LKO,71.6,75.0,1,2,14.0,0.74,1,98.84
TRIP-1315,12004,Lucknow Shatabdi Express,SF,NDLS,GZB,24.5,38.0,0,3,10.0,0.77,1,48.33
TRIP-1315,12004,Lucknow Shatabdi Express,SF,GZB,ALJN,106.3,60.0,0,3,21.0,0.7,1,83.47
TRIP-1315,12004,Lucknow Shatabdi Express,SF,ALJN,CNB,308.6,210.0,2,3,44.3,0.76,0,201.35
TRIP-1315,12004,Lucknow Shatabdi Express,SF,CNB,LKO,71.6,75.0,5,3,36.6,0.78,0,81.72
TRIP-1316,12004,Lucknow Shatabdi Express,SF,NDLS,GZB,24.5,38.0,3,3,0.0,0.73,0,39.74
TRIP-1316,12004,Lucknow Shatabdi Express,SF,GZB,ALJN,106.3,60.0,3,3,1.7,0.83,0,62.91
TRIP-1316,12004,Lucknow Shatabdi Express,SF,ALJN,CNB,308.6,210.0,4,3,5.3,0.6,0,190.29
TRIP-1316,12004,Lucknow Shatabdi Express,SF,CNB,LKO,71.6,75.0,8,3,0.0,0.9,0,81.12
TRIP-1317,12004,Lucknow Shatabdi Express,SF,NDLS,GZB,24.5,38.0,6,3,9.1,0.73,0,40.08
TRIP-1317,12004,Lucknow Shatabdi Express,SF,GZB,ALJN,106.3,60.0,6,3,11.1,0.77,0,59.9
TRIP-1317,12004,Lucknow Shatabdi Express,SF,ALJN,CNB,308.6,210.0,7,3,10.2,0.62,1,243.51
TRIP-1317,12004,Lucknow Shatabdi Express,SF,CNB,LKO,71.6,75.0,11,3,45.2,0.81,0,86.65
TRIP-1318,12802,Purushottam Express,EXP,NDLS,CNB,440.0,350.0,10,3,6.3,0.91,0,356.93
TRIP-1318,12802,Purushottam Express,EXP,CNB,PRYJ,194.5,150.0,16,3,14.4,0.71,0,147.2
TRIP-1318,12802,Purushottam Express,EXP,PRYJ,DDU,153.0,135.0,18,3,12.0,0.98,0,142.08
TRIP-1318,12802,Purushottam Express,EXP,DDU,GAYA,205.0,165.0,21,3,18.7,0.84,1,215.52
TRIP-1318,12802,Purushottam Express,EXP,GAYA,BKSC,149.0,135.0,0,3,69.6,0.36,0,138.78
TRIP-1318,12802,Purushottam Express,EXP,BKSC,PURI,612.0,520.0,3,3,73.9,0.6,0,483.64
TRIP-1319,12802,Purushottam Express,EXP,NDLS,CNB,440.0,350.0,16,3,4.4,0.86,0,341.37
TRIP-1319,12802,Purushottam Express,EXP,CNB,PRYJ,194.5,150.0,21,3,0.0,0.86,0,157.1
TRIP-1319,12802,Purushottam Express,EXP,PRYJ,DDU,153.0,135.0,0,3,7.6,0.74,1,163.88
TRIP-1319,12802,Purushottam Express,EXP,DDU,GAYA,205.0,165.0,3,3,35.9,0.87,0,164.58
TRIP-1319,12802,Purushottam Express,EXP,GAYA,BKSC,149.0,135.0,6,3,36.8,0.58,0,135.72
TRIP-1319,12802,Purushottam Express,EXP,BKSC,PURI,612.0,520.0,8,3,37.2,0.65,0,529.19
TRIP-1320,12004,Lucknow Shatabdi Express,SF,NDLS,GZB,24.5,38.0,22,3,0.0,0.72,0,36.06
TRIP-1320,12004,Lucknow Shatabdi Express,SF,GZB,ALJN,106.3,60.0,22,3,0.0,0.75,0,66.64
TRIP-1320,12004,Lucknow Shatabdi Express,SF,ALJN,CNB,308.6,210.0,23,3,8.3,0.69,1,262.87
TRIP-1320,12004,Lucknow Shatabdi Express,SF,CNB,LKO,71.6,75.0,4,3,61.1,0.81,1,100.73
TRIP-1321,12802,Purushottam Express,EXP,NDLS,CNB,440.0,350.0,2,4,57.4,0.76,0,342.35
TRIP-1321,12802,Purushottam Express,EXP,CNB,PRYJ,194.5,150.0,7,4,51.7,0.88,0,160.37
TRIP-1321,12802,Purushottam Express,EXP,PRYJ,DDU,153.0,135.0,10,4,63.0,0.98,0,160.37
TRIP-1321,12802,Purushottam Express,EXP,DDU,GAYA,205.0,165.0,13,4,89.5,0.89,0,173.22
TRIP-1321,12802,Purushottam Express,EXP,GAYA,BKSC,149.0,135.0,16,4,98.3,0.43,0,148.67
TRIP-1321,12802,Purushottam Express,EXP,BKSC,PURI,612.0,520.0,18,4,112.0,0.69,0,545.11
TRIP-1322,12951,Mumbai Rajdhani Express,RAJ,BCT,ST,263.0,160.0,5,4,2.1,0.82,0,162.65
TRIP-1322,12951,Mumbai Rajdhani Express,RAJ,ST,BRC,129.0,80.0,7,4,4.8,0.72,0,86.91
TRIP-1322,12951,Mumbai Rajdhani Express,RAJ,BRC,RTM,261.0,195.0,9,4,12.2,0.84,0,208.31
TRIP-1322,12951,Mumbai Rajdhani Express,RAJ,RTM,KOTA,266.0,155.0,12,4,24.9,0.88,0,155.19
TRIP-1322,12951,Mumbai Rajdhani Express,RAJ,KOTA,MTJ,324.0,195.0,15,4,26.8,0.79,0,201.39
TRIP-1322,12951,Mumbai Rajdhani Express,RAJ,MTJ,NDLS,143.0,110.0,18,4,33.3,0.98,0,127.31
TRIP-1323,22436,Vande Bharat Express,VB,NDLS,CNB,440.0,240.0,9,4,0.0,0.98,1,312.11
TRIP-1323,22436,Vande Bharat Express,VB,CNB,PRYJ,194.5,100.0,14,4,73.5,0.77,0,103.84
TRIP-1323,22436,Vande Bharat Express,VB,PRYJ,DDU,153.0,90.0,16,4,77.6,0.63,0,101.61
TRIP-1323,22436,Vande Bharat Express,VB,DDU,BSB,18.0,25.0,17,4,88.2,0.98,0,43.49
TRIP-1324,12004,Lucknow Shatabdi Express,SF,NDLS,GZB,24.5,38.0,12,4,33.2,0.85,0,47.52
TRIP-1324,12004,Lucknow Shatabdi Express,SF,GZB,ALJN,106.3,60.0,12,4,43.4,0.88,0,71.4
TRIP-1324,12004,Lucknow Shatabdi Express,SF,ALJN,CNB,308.6,210.0,14,4,55.3,0.88,0,219.6
TRIP-1324,12004,Lucknow Shatabdi Express,SF,CNB,LKO,71.6,75.0,17,4,65.6,0.98,0,93.76
TRIP-1325,12004,Lucknow Shatabdi Express,SF,NDLS,GZB,24.5,38.0,18,4,3.7,0.98,0,41.63
TRIP-1325,12004,Lucknow Shatabdi Express,SF,GZB,ALJN,106.3,60.0,18,4,6.7,0.83,0,62.3
TRIP-1325,12004,Lucknow Shatabdi Express,SF,ALJN,CNB,308.6,210.0,19,4,10.7,0.98,0,224.36
TRIP-1325,12004,Lucknow Shatabdi Express,SF,CNB,LKO,71.6,75.0,23,4,26.8,0.72,0,81.43
TRIP-1326,12951,Mumbai Rajdhani Express,RAJ,BCT,ST,263.0,160.0,20,4,0.7,0.83,0,166.75
TRIP-1326,12951,Mumbai Rajdhani Express,RAJ,ST,BRC,129.0,80.0,22,4,8.5,0.81,0,82.97
TRIP-1326,12951,Mumbai Rajdhani Express,RAJ,BRC,RTM,261.0,195.0,0,4,13.2,0.75,0,192.13
TRIP-1326,12951,Mumbai Rajdhani Express,RAJ,RTM,KOTA,266.0,155.0,3,4,11.3,0.67,0,141.5
TRIP-1326,12951,Mumbai Rajdhani Express,RAJ,KOTA,MTJ,324.0,195.0,6,4,0.0,0.67,0,192.36
TRIP-1326,12951,Mumbai Rajdhani Express,RAJ,MTJ,NDLS,143.0,110.0,9,4,0.0,0.95,0,121.36
TRIP-1327,12004,Lucknow Shatabdi Express,SF,NDLS,GZB,24.5,38.0,0,5,10.0,0.69,1,48.05
TRIP-1327,12004,Lucknow Shatabdi Express,SF,GZB,ALJN,106.3,60.0,0,5,21.0,0.71,0,55.8
TRIP-1327,12004,Lucknow Shatabdi Express,SF,ALJN,CNB,308.6,210.0,1,5,16.7,0.76,1,243.93
TRIP-1327,12004,Lucknow Shatabdi Express,SF,CNB,LKO,71.6,75.0,6,5,49.9,0.85,0,86.81
TRIP-1328,12302,Howrah Rajdhani Express,RAJ,NDLS,CNB,440.0,285.0,6,5,13.8,0.76,0,276.91
TRIP-1328,12302,Howrah Rajdhani Express,RAJ,CNB,PRYJ,194.5,120.0,10,5,7.3,0.98,0,127.96
TRIP-1328,12302,Howrah Rajdhani Express,RAJ,PRYJ,DDU,153.0,105.0,12,5,16.8,0.75,0,99.21
TRIP-1328,12302,Howrah Rajdhani Express,RAJ,DDU,GAYA,205.0,130.0,14,5,10.8,0.82,0,122.52
TRIP-1328,12302,Howrah Rajdhani Express,RAJ,GAYA,DHN,201.0,140.0,16,5,4.4,0.46,0,131.0
TRIP-1328,12302,Howrah Rajdhani Express,RAJ,DHN,HWH,259.0,200.0,19,5,0.0,0.58,0,197.56
TRIP-1329,12302,Howrah Rajdhani Express,RAJ,NDLS,CNB,440.0,285.0,10,5,10.0,0.98,0,296.79
TRIP-1329,12302,Howrah Rajdhani Express,RAJ,CNB,PRYJ,194.5,120.0,15,5,21.3,0.88,0,120.21
TRIP-1329,12302,Howrah Rajdhani Express,RAJ,PRYJ,DDU,153.0,105.0,17,5,23.0,0.98,0,111.26
TRIP-1329,12302,Howrah Rajdhani Express,RAJ,DDU,GAYA,205.0,130.0,19,5,29.6,0.98,0,138.82
TRIP-1329,12302,Howrah Rajdhani Express,RAJ,GAYA,DHN,201.0,140.0,21,5,40.3,0.64,0,141.86
TRIP-1329,12302,Howrah Rajdhani Express,RAJ,DHN,HWH,259.0,200.0,23,5,43.2,0.51,0,199.96
TRIP-1330,12951,Mumbai Rajdhani Express,RAJ,BCT,ST,263.0,160.0,14,5,5.6,0.7,0,155.61
TRIP-1330,12951,Mumbai Rajdhani Express,RAJ,ST,BRC,129.0,80.0,16,5,2.8,0.81,0,82.16
TRIP-1330,12951,Mumbai Rajdhani Express,RAJ,BRC,RTM,261.0,195.0,18,5,6.4,0.93,0,207.03
TRIP-1330,12951,Mumbai Rajdhani Express,RAJ,RTM,KOTA,266.0,155.0,21,5,19.9,0.98,0,160.4
TRIP-1330,12951,Mumbai Rajdhani Express,RAJ,KOTA,MTJ,324.0,195.0,0,5,24.9,0.62,0,191.76
TRIP-1330,12951,Mumbai Rajdhani Express,RAJ,MTJ,NDLS,143.0,110.0,3,5,22.7,0.72,0,105.09
TRIP-1331,12951,Mumbai Rajdhani Express,RAJ,BCT,ST,263.0,160.0,18,5,4.7,0.91,0,163.52
TRIP-1331,12951,Mumbai Rajdhani Express,RAJ,ST,BRC,129.0,80.0,20,5,9.8,0.98,0,83.22
TRIP-1331,12951,Mumbai Rajdhani Express,RAJ,BRC,RTM,261.0,195.0,22,5,15.1,0.67,0,188.66
TRIP-1331,12951,Mumbai Rajdhani Express,RAJ,RTM,KOTA,266.0,155.0,1,5,7.7,0.6,0,141.55
TRIP-1331,12951,Mumbai Rajdhani Express,RAJ,KOTA,MTJ,324.0,195.0,3,5,0.0,0.65,0,176.31
TRIP-1331,12951,Mumbai Rajdhani Express,RAJ,MTJ,NDLS,143.0,110.0,6,5,0.0,0.76,0,105.44
TRIP-1332,12802,Purushottam Express,EXP,NDLS,CNB,440.0,350.0,20,5,10.0,0.94,0,359.86
TRIP-1332,12802,Purushottam Express,EXP,CNB,PRYJ,194.5,150.0,2,5,20.7,0.68,0,140.5
TRIP-1332,12802,Purushottam Express,EXP,PRYJ,DDU,153.0,135.0,4,5,11.9,0.72,0,129.89
TRIP-1332,12802,Purushottam Express,EXP,DDU,GAYA,205.0,165.0,6,5,6.6,0.85,0,164.2
TRIP-1332,12802,Purushottam Express,EXP,GAYA,BKSC,149.0,135.0,9,5,7.0,0.64,0,136.0
TRIP-1332,12802,Purushottam Express,EXP,BKSC,PURI,612.0,520.0,11,5,7.8,0.64,0,517.02
TRIP-1333,12802,Purushottam Express,EXP,NDLS,CNB,440.0,350.0,23,5,10.0,0.63,1,432.66
TRIP-1333,12802,Purushottam Express,EXP,CNB,PRYJ,194.5,150.0,6,5,91.8,0.89,0,162.92
TRIP-1333,12802,Purushottam Express,EXP,PRYJ,DDU,153.0,135.0,9,5,104.2,0.86,0,148.11
TRIP-1333,12802,Purushottam Express,EXP,DDU,GAYA,205.0,165.0,11,5,118.9,0.98,0,188.97
TRIP-1333,12802,Purushottam Express,EXP,GAYA,BKSC,149.0,135.0,14,5,144.7,0.63,0,144.95
TRIP-1333,12802,Purushottam Express,EXP,BKSC,PURI,612.0,520.0,17,5,155.2,0.66,0,535.48
TRIP-1334,22436,Vande Bharat Express,VB,NDLS,CNB,440.0,240.0,2,6,33.8,0.89,0,230.61
TRIP-1334,22436,Vande Bharat Express,VB,CNB,PRYJ,194.5,100.0,5,6,23.7,0.69,0,103.57
TRIP-1334,22436,Vande Bharat Express,VB,PRYJ,DDU,153.0,90.0,7,6,26.3,0.66,1,117.46
TRIP-1334,22436,Vande Bharat Express,VB,DDU,BSB,18.0,25.0,9,6,52.9,0.9,1,45.16
TRIP-1335,12004,Lucknow Shatabdi Express,SF,NDLS,GZB,24.5,38.0,8,6,1.6,0.98,0,45.46
TRIP-1335,12004,Lucknow Shatabdi Express,SF,GZB,ALJN,106.3,60.0,8,6,8.4,0.98,1,77.66
TRIP-1335,12004,Lucknow Shatabdi Express,SF,ALJN,CNB,308.6,210.0,10,6,26.6,0.82,0,218.97
TRIP-1335,12004,Lucknow Shatabdi Express,SF,CNB,LKO,71.6,75.0,13,6,36.0,0.82,0,85.42
TRIP-1336,12802,Purushottam Express,EXP,NDLS,CNB,440.0,350.0,11,6,2.7,0.82,0,366.43
TRIP-1336,12802,Purushottam Express,EXP,CNB,PRYJ,194.5,150.0,17,6,20.8,0.83,0,161.12
TRIP-1336,12802,Purushottam Express,EXP,PRYJ,DDU,153.0,135.0,19,6,33.5,0.93,0,153.52
TRIP-1336,12802,Purushottam Express,EXP,DDU,GAYA,205.0,165.0,22,6,53.3,0.61,0,169.59
TRIP-1336,12802,Purushottam Express,EXP,GAYA,BKSC,149.0,135.0,1,6,57.9,0.38,0,126.48
TRIP-1336,12802,Purushottam Express,EXP,BKSC,PURI,612.0,520.0,3,6,48.5,0.49,0,495.39
TRIP-1337,12004,Lucknow Shatabdi Express,SF,NDLS,GZB,24.5,38.0,17,6,10.0,0.95,0,48.87
TRIP-1337,12004,Lucknow Shatabdi Express,SF,GZB,ALJN,106.3,60.0,17,6,21.6,0.98,0,65.94
TRIP-1337,12004,Lucknow Shatabdi Express,SF,ALJN,CNB,308.6,210.0,19,6,27.7,0.9,0,228.09
TRIP-1337,12004,Lucknow Shatabdi Express,SF,CNB,LKO,71.6,75.0,22,6,47.5,0.75,0,78.6
TRIP-1338,12004,Lucknow Shatabdi Express,SF,NDLS,GZB,24.5,38.0,19,6,10.0,0.87,0,39.73
TRIP-1338,12004,Lucknow Shatabdi Express,SF,GZB,ALJN,106.3,60.0,19,6,12.4,0.84,0,63.51
TRIP-1338,12004,Lucknow Shatabdi Express,SF,ALJN,CNB,308.6,210.0,20,6,15.9,0.98,0,221.34
TRIP-1338,12004,Lucknow Shatabdi Express,SF,CNB,LKO,71.6,75.0,0,6,26.7,0.82,1,90.35
TRIP-1339,22436,Vande Bharat Express,VB,NDLS,CNB,440.0,240.0,23,6,1.9,0.61,0,237.55
TRIP-1339,22436,Vande Bharat Express,VB,CNB,PRYJ,194.5,100.0,3,6,0.7,0.84,0,94.81
TRIP-1339,22436,Vande Bharat Express,VB,PRYJ,DDU,153.0,90.0,4,6,0.0,0.81,1,108.78
TRIP-1339,22436,Vande Bharat Express,VB,DDU,BSB,18.0,25.0,6,6,19.9,0.66,0,23.01
TRIP-1340,12302,Howrah Rajdhani Express,RAJ,NDLS,CNB,440.0,285.0,5,0,5.8,0.86,1,356.06
TRIP-1340,12302,Howrah Rajdhani Express,RAJ,CNB,PRYJ,194.5,120.0,11,0,76.2,0.98,0,130.16
TRIP-1340,12302,Howrah Rajdhani Express,RAJ,PRYJ,DDU,153.0,105.0,13,0,86.8,0.75,0,108.47
TRIP-1340,12302,Howrah Rajdhani Express,RAJ,DDU,GAYA,205.0,130.0,15,0,90.4,0.8,0,134.01
TRIP-1340,12302,Howrah Rajdhani Express,RAJ,GAYA,DHN,201.0,140.0,17,0,94.3,0.6,0,145.5
TRIP-1340,12302,Howrah Rajdhani Express,RAJ,DHN,HWH,259.0,200.0,19,0,99.4,0.71,0,210.35
TRIP-1341,12302,Howrah Rajdhani Express,RAJ,NDLS,CNB,440.0,285.0,9,0,4.0,0.88,1,385.93
TRIP-1341,12302,Howrah Rajdhani Express,RAJ,CNB,PRYJ,194.5,120.0,15,0,105.3,0.81,0,126.02
TRIP-1341,12302,Howrah Rajdhani Express,RAJ,PRYJ,DDU,153.0,105.0,17,0,111.5,0.97,0,114.35
TRIP-1341,12302,Howrah Rajdhani Express,RAJ,DDU,GAYA,205.0,130.0,19,0,121.4,0.81,0,143.39
TRIP-1341,12302,Howrah Rajdhani Express,RAJ,GAYA,DHN,201.0,140.0,22,0,135.4,0.49,0,138.25
TRIP-1341,12302,Howrah Rajdhani Express,RAJ,DHN,HWH,259.0,200.0,0,0,135.2,0.64,0,195.55
TRIP-1342,12802,Purushottam Express,EXP,NDLS,CNB,440.0,350.0,13,0,11.1,0.77,0,340.78
TRIP-1342,12802,Purushottam Express,EXP,CNB,PRYJ,194.5,150.0,18,0,3.3,0.98,0,161.08
TRIP-1342,12802,Purushottam Express,EXP,PRYJ,DDU,153.0,135.0,21,0,15.6,0.98,1,163.87
TRIP-1342,12802,Purushottam Express,EXP,DDU,GAYA,205.0,165.0,0,0,45.1,0.66,0,165.29
TRIP-1342,12802,Purushottam Express,EXP,GAYA,BKSC,149.0,135.0,3,0,45.8,0.5,0,127.02
TRIP-1342,12802,Purushottam Express,EXP,BKSC,PURI,612.0,520.0,5,0,39.0,0.58,0,505.05
TRIP-1343,12004,Lucknow Shatabdi Express,SF,NDLS,GZB,24.5,38.0,17,0,10.0,0.98,0,44.32
TRIP-1343,12004,Lucknow Shatabdi Express,SF,GZB,ALJN,106.3,60.0,17,0,15.7,0.84,0,64.96
TRIP-1343,12004,Lucknow Shatabdi Express,SF,ALJN,CNB,308.6,210.0,18,0,21.1,0.98,0,225.51
TRIP-1343,12004,Lucknow Shatabdi Express,SF,CNB,LKO,71.6,75.0,22,0,35.6,0.69,0,80.21
TRIP-1344,12004,Lucknow Shatabdi Express,SF,NDLS,GZB,24.5,38.0,21,0,5.6,0.98,1,51.55
TRIP-1344,12004,Lucknow Shatabdi Express,SF,GZB,ALJN,106.3,60.0,21,0,19.2,0.83,0,64.45
TRIP-1344,12004,Lucknow Shatabdi Express,SF,ALJN,CNB,308.6,210.0,23,0,23.3,0.9,1,274.61
TRIP-1344,12004,Lucknow Shatabdi Express,SF,CNB,LKO,71.6,75.0,3,0,87.4,0.89,0,86.47
TRIP-1345,12951,Mumbai Rajdhani Express,RAJ,BCT,ST,263.0,160.0,3,1,4.7,0.83,0,148.52
TRIP-1345,12951,Mumbai Rajdhani Express,RAJ,ST,BRC,129.0,80.0,5,1,0.0,0.74,0,77.9
TRIP-1345,12951,Mumbai Rajdhani Express,RAJ,BRC,RTM,261.0,195.0,6,1,0.0,0.72,0,188.8
TRIP-1345,12951,Mumbai Rajdhani Express,RAJ,RTM,KOTA,266.0,155.0,10,1,0.0,0.98,0,159.9
TRIP-1345,12951,Mumbai Rajdhani Express,RAJ,KOTA,MTJ,324.0,195.0,12,1,6.2,0.63,0,184.77
TRIP-1345,12951,Mumbai Rajdhani Express,RAJ,MTJ,NDLS,143.0,110.0,16,1,0.0,0.75,0,110.18
TRIP-1346,12951,Mumbai Rajdhani Express,RAJ,BCT,ST,263.0,160.0,7,1,4.8,0.84,0,156.89
TRIP-1346,12951,Mumbai Rajdhani Express,RAJ,ST,BRC,129.0,80.0,9,1,1.1,0.98,0,88.91
TRIP-1346,12951,Mumbai Rajdhani Express,RAJ,BRC,RTM,261.0,195.0,11,1,10.9,0.98,0,204.48
TRIP-1346,12951,Mumbai Rajdhani Express,RAJ,RTM,KOTA,266.0,155.0,14,1,21.9,0.68,0,153.92
TRIP-1346,12951,Mumbai Rajdhani Express,RAJ,KOTA,MTJ,324.0,195.0,17,1,21.6,0.94,0,203.43
TRIP-1346,12951,Mumbai Rajdhani Express,RAJ,MTJ,NDLS,143.0,110.0,20,1,30.1,0.98,0,124.99
TRIP-1347,12951,Mumbai Rajdhani Express,RAJ,BCT,ST,263.0,160.0,10,1,0.0,0.96,0,167.59
TRIP-1347,12951,Mumbai Rajdhani Express,RAJ,ST,BRC,129.0,80.0,12,1,9.3,0.65,0,84.04
TRIP-1347,12951,Mumbai Rajdhani Express,RAJ,BRC,RTM,261.0,195.0,14,1,12.4,0.87,0,187.43
TRIP-1347,12951,Mumbai Rajdhani Express,RAJ,RTM,KOTA,266.0,155.0,17,1,6.8,0.89,0,161.59
TRIP-1347,12951,Mumbai Rajdhani Express,RAJ,KOTA,MTJ,324.0,195.0,20,1,13.6,0.98,0,205.08
TRIP-1347,12951,Mumbai Rajdhani Express,RAJ,MTJ,NDLS,143.0,110.0,23,1,25.6,0.62,0,109.31
TRIP-1348,22436,Vande Bharat Express,VB,NDLS,CNB,440.0,240.0,13,1,2.5,0.7,0,231.26
TRIP-1348,22436,Vande Bharat Express,VB,CNB,PRYJ,194.5,100.0,16,1,0.0,0.76,0,103.74
TRIP-1348,22436,Vande Bharat Express,VB,PRYJ,DDU,153.0,90.0,18,1,2.8,0.93,0,97.23
TRIP-1348,22436,Vande Bharat Express,VB,DDU,BSB,18.0,25.0,20,1,11.7,0.85,0,22.37
TRIP-1349,12951,Mumbai Rajdhani Express,RAJ,BCT,ST,263.0,160.0,15,1,0.0,0.62,0,157.58
TRIP-1349,12951,Mumbai Rajdhani Express,RAJ,ST,BRC,129.0,80.0,17,1,0.0,0.97,0,90.27
TRIP-1349,12951,Mumbai Rajdhani Express,RAJ,BRC,RTM,261.0,195.0,19,1,12.1,0.82,0,195.48
TRIP-1349,12951,Mumbai Rajdhani Express,RAJ,RTM,KOTA,266.0,155.0,22,1,12.4,0.82,0,147.73
TRIP-1349,12951,Mumbai Rajdhani Express,RAJ,KOTA,MTJ,324.0,195.0,1,1,6.3,0.82,0,177.44
TRIP-1349,12951,Mumbai Rajdhani Express,RAJ,MTJ,NDLS,143.0,110.0,4,1,0.0,0.61,0,104.18
TRIP-1350,12802,Purushottam Express,EXP,NDLS,CNB,440.0,350.0,18,1,1.2,0.98,0,362.39
TRIP-1350,12802,Purushottam Express,EXP,CNB,PRYJ,194.5,150.0,0,1,13.1,0.61,1,177.23
TRIP-1350,12802,Purushottam Express,EXP,PRYJ,DDU,153.0,135.0,3,1,42.2,0.64,1,166.45
TRIP-1350,12802,Purushottam Express,EXP,DDU,GAYA,205.0,165.0,6,1,75.2,0.78,0,168.59
TRIP-1350,12802,Purushottam Express,EXP,GAYA,BKSC,149.0,135.0,8,1,79.2,0.75,0,146.25
TRIP-1350,12802,Purushottam Express,EXP,BKSC,PURI,612.0,520.0,11,1,91.7,0.83,0,532.07
TRIP-1351,12302,Howrah Rajdhani Express,RAJ,NDLS,CNB,440.0,285.0,21,1,0.0,0.95,0,293.57
TRIP-1351,12302,Howrah Rajdhani Express,RAJ,CNB,PRYJ,194.5,120.0,1,1,8.3,0.65,1,145.38
TRIP-1351,12302,Howrah Rajdhani Express,RAJ,PRYJ,DDU,153.0,105.0,4,1,33.4,0.78,0,112.06
TRIP-1351,12302,Howrah Rajdhani Express,RAJ,DDU,GAYA,205.0,130.0,6,1,41.6,0.63,0,129.11
TRIP-1351,12302,Howrah Rajdhani Express,RAJ,GAYA,DHN,201.0,140.0,8,1,42.7,0.84,0,141.79
TRIP-1351,12302,Howrah Rajdhani Express,RAJ,DHN,HWH,259.0,200.0,11,1,44.9,0.8,0,209.21
TRIP-1352,12004,Lucknow Shatabdi Express,SF,NDLS,GZB,24.5,38.0,1,2,0.0,0.87,0,41.53
TRIP-1352,12004,Lucknow Shatabdi Express,SF,GZB,ALJN,106.3,60.0,1,2,3.5,0.69,1,73.29
TRIP-1352,12004,Lucknow Shatabdi Express,SF,ALJN,CNB,308.6,210.0,3,2,18.3,0.64,0,191.22
TRIP-1352,12004,Lucknow Shatabdi Express,SF,CNB,LKO,71.6,75.0,6,2,1.3,0.72,1,94.37
TRIP-1353,12802,Purushottam Express,EXP,NDLS,CNB,440.0,350.0,5,2,10.0,0.79,0,340.0
TRIP-1353,12802,Purushottam Express,EXP,CNB,PRYJ,194.5,150.0,10,2,1.7,0.98,0,161.19
TRIP-1353,12802,Purushottam Express,EXP,PRYJ,DDU,153.0,135.0,13,2,11.9,0.6,0,126.62
TRIP-1353,12802,Purushottam Express,EXP,DDU,GAYA,205.0,165.0,15,2,2.8,0.68,0,161.72
TRIP-1353,12802,Purushottam Express,EXP,GAYA,BKSC,149.0,135.0,18,2,0.5,0.55,0,135.81
TRIP-1353,12802,Purushottam Express,EXP,BKSC,PURI,612.0,520.0,20,2,3.3,0.81,0,526.76
TRIP-1354,22436,Vande Bharat Express,VB,NDLS,CNB,440.0,240.0,8,2,10.0,0.97,1,309.72
TRIP-1354,22436,Vande Bharat Express,VB,CNB,PRYJ,194.5,100.0,13,2,80.4,0.83,0,108.36
TRIP-1354,22436,Vande Bharat Express,VB,PRYJ,DDU,153.0,90.0,15,2,89.0,0.76,0,96.29
TRIP-1354,22436,Vande Bharat Express,VB,DDU,BSB,18.0,25.0,16,2,96.6,0.76,0,32.52
TRIP-1355,12951,Mumbai Rajdhani Express,RAJ,BCT,ST,263.0,160.0,11,2,0.0,0.98,0,169.94
TRIP-1355,12951,Mumbai Rajdhani Express,RAJ,ST,BRC,129.0,80.0,13,2,11.7,0.88,0,82.95
TRIP-1355,12951,Mumbai Rajdhani Express,RAJ,BRC,RTM,261.0,195.0,15,2,14.5,0.89,0,187.32
TRIP-1355,12951,Mumbai Rajdhani Express,RAJ,RTM,KOTA,266.0,155.0,18,2,8.8,0.98,0,159.19
TRIP-1355,12951,Mumbai Rajdhani Express,RAJ,KOTA,MTJ,324.0,195.0,21,2,13.5,0.81,0,200.71
TRIP-1355,12951,Mumbai Rajdhani Express,RAJ,MTJ,NDLS,143.0,110.0,0,2,18.8,0.67,0,103.19
TRIP-1356,12951,Mumbai Rajdhani Express,RAJ,BCT,ST,263.0,160.0,14,2,10.0,0.78,0,156.8
TRIP-1356,12951,Mumbai Rajdhani Express,RAJ,ST,BRC,129.0,80.0,16,2,6.8,0.81,0,77.0
TRIP-1356,12951,Mumbai Rajdhani Express,RAJ,BRC,RTM,261.0,195.0,18,2,4.3,0.9,0,201.11
TRIP-1356,12951,Mumbai Rajdhani Express,RAJ,RTM,KOTA,266.0,155.0,21,2,9.7,0.85,0,159.76
TRIP-1356,12951,Mumbai Rajdhani Express,RAJ,KOTA,MTJ,324.0,195.0,0,2,13.8,0.83,0,187.9
TRIP-1356,12951,Mumbai Rajdhani Express,RAJ,MTJ,NDLS,143.0,110.0,3,2,5.9,0.85,0,100.6
TRIP-1357,12951,Mumbai Rajdhani Express,RAJ,BCT,ST,263.0,160.0,16,2,0.0,0.61,0,160.65
TRIP-1357,12951,Mumbai Rajdhani Express,RAJ,ST,BRC,129.0,80.0,18,2,0.0,0.98,0,86.04
TRIP-1357,12951,Mumbai Rajdhani Express,RAJ,BRC,RTM,261.0,195.0,20,2,6.5,0.98,0,199.71
TRIP-1357,12951,Mumbai Rajdhani Express,RAJ,RTM,KOTA,266.0,155.0,23,2,12.5,0.84,0,150.82
TRIP-1357,12951,Mumbai Rajdhani Express,RAJ,KOTA,MTJ,324.0,195.0,2,2,8.0,0.68,0,173.61
TRIP-1357,12951,Mumbai Rajdhani Express,RAJ,MTJ,NDLS,143.0,110.0,5,2,0.0,0.67,0,113.47
TRIP-1358,12802,Purushottam Express,EXP,NDLS,CNB,440.0,350.0,19,2,5.9,0.98,0,356.74
TRIP-1358,12802,Purushottam Express,EXP,CNB,PRYJ,194.5,150.0,1,2,13.1,0.74,0,136.52
TRIP-1358,12802,Purushottam Express,EXP,PRYJ,DDU,153.0,135.0,3,2,0.2,0.67,1,168.24
TRIP-1358,12802,Purushottam Express,EXP,DDU,GAYA,205.0,165.0,6,2,34.6,0.8,0,165.92
TRIP-1358,12802,Purushottam Express,EXP,GAYA,BKSC,149.0,135.0,9,2,36.5,0.7,0,143.71
TRIP-1358,12802,Purushottam Express,EXP,BKSC,PURI,612.0,520.0,11,2,44.6,0.74,0,529.6
TRIP-1359,12951,Mumbai Rajdhani Express,RAJ,BCT,ST,263.0,160.0,21,2,10.0,0.98,0,163.47
TRIP-1359,12951,Mumbai Rajdhani Express,RAJ,ST,BRC,129.0,80.0,23,2,14.0,0.65,0,74.43
TRIP-1359,12951,Mumbai Rajdhani Express,RAJ,BRC,RTM,261.0,195.0,1,2,7.9,0.66,0,179.81
TRIP-1359,12951,Mumbai Rajdhani Express,RAJ,RTM,KOTA,266.0,155.0,4,2,0.0,0.7,0,142.54
TRIP-1359,12951,Mumbai Rajdhani Express,RAJ,KOTA,MTJ,324.0,195.0,6,2,0.0,0.87,0,190.55
TRIP-1359,12951,Mumbai Rajdhani Express,RAJ,MTJ,NDLS,143.0,110.0,9,2,0.0,0.83,0,118.97
TRIP-1360,22436,Vande Bharat Express,VB,NDLS,CNB,440.0,240.0,1,3,10.0,0.61,0,215.98
TRIP-1360,22436,Vande Bharat Express,VB,CNB,PRYJ,194.5,100.0,4,3,0.0,0.7,0,92.6
TRIP-1360,22436,Vande Bharat Express,VB,PRYJ,DDU,153.0,90.0,6,3,0.0,0.77,0,88.57
TRIP-1360,22436,Vande Bharat Express,VB,DDU,BSB,18.0,25.0,7,3,0.0,0.66,0,28.59
TRIP-1361,12302,Howrah Rajdhani Express,RAJ,NDLS,CNB,440.0,285.0,7,3,10.0,0.84,0,273.93
TRIP-1361,12302,Howrah Rajdhani Express,RAJ,CNB,PRYJ,194.5,120.0,11,3,0.0,0.98,0,127.48
TRIP-1361,12302,Howrah Rajdhani Express,RAJ,PRYJ,DDU,153.0,105.0,13,3,9.1,0.63,0,101.21
TRIP-1361,12302,Howrah Rajdhani Express,RAJ,DDU,GAYA,205.0,130.0,15,3,6.8,0.61,0,124.78
TRIP-1361,12302,Howrah Rajdhani Express,RAJ,GAYA,DHN,201.0,140.0,17,3,1.5,0.69,0,137.45
TRIP-1361,12302,Howrah Rajdhani Express,RAJ,DHN,HWH,259.0,200.0,20,3,0.9,0.58,0,193.86
TRIP-1362,22436,Vande Bharat Express,VB,NDLS,CNB,440.0,240.0,9,3,6.4,0.91,0,246.19
TRIP-1362,22436,Vande Bharat Express,VB,CNB,PRYJ,194.5,100.0,13,3,14.4,0.85,0,94.22
TRIP-1362,22436,Vande Bharat Express,VB,PRYJ,DDU,153.0,90.0,14,3,9.5,0.64,0,87.45
TRIP-1362,22436,Vande Bharat Express,VB,DDU,BSB,18.0,25.0,16,3,6.9,0.8,0,21.31
TRIP-1363,12802,Purushottam Express,EXP,NDLS,CNB,440.0,350.0,13,3,48.4,0.85,0,352.61
TRIP-1363,12802,Purushottam Express,EXP,CNB,PRYJ,194.5,150.0,18,3,50.8,0.98,0,166.52
TRIP-1363,12802,Purushottam Express,EXP,PRYJ,DDU,153.0,135.0,21,3,69.3,0.88,0,150.49
TRIP-1363,12802,Purushottam Express,EXP,DDU,GAYA,205.0,165.0,0,3,85.4,0.74,1,215.53
TRIP-1363,12802,Purushottam Express,EXP,GAYA,BKSC,149.0,135.0,4,3,135.6,0.5,0,133.91
TRIP-1363,12802,Purushottam Express,EXP,BKSC,PURI,612.0,520.0,6,3,135.6,0.52,0,507.52
TRIP-1364,12004,Lucknow Shatabdi Express,SF,NDLS,GZB,24.5,38.0,19,3,4.0,0.93,0,39.83
TRIP-1364,12004,Lucknow Shatabdi Express,SF,GZB,ALJN,106.3,60.0,19,3,7.0,0.98,0,66.49
TRIP-1364,12004,Lucknow Shatabdi Express,SF,ALJN,CNB,308.6,210.0,20,3,13.9,0.98,0,226.87
TRIP-1364,12004,Lucknow Shatabdi Express,SF,CNB,LKO,71.6,75.0,0,3,31.9,0.63,0,78.27
TRIP-1365,12004,Lucknow Shatabdi Express,SF,NDLS,GZB,24.5,38.0,23,3,3.1,0.86,0,41.42
TRIP-1365,12004,Lucknow Shatabdi Express,SF,GZB,ALJN,106.3,60.0,23,3,8.1,0.6,1,80.54
TRIP-1365,12004,Lucknow Shatabdi Express,SF,ALJN,CNB,308.6,210.0,1,3,28.7,0.87,0,199.51
TRIP-1365,12004,Lucknow Shatabdi Express,SF,CNB,LKO,71.6,75.0,4,3,20.2,0.75,1,95.95
TRIP-1366,12302,Howrah Rajdhani Express,RAJ,NDLS,CNB,440.0,285.0,1,4,4.6,0.86,0,268.11
TRIP-1366,12302,Howrah Rajdhani Express,RAJ,CNB,PRYJ,194.5,120.0,5,4,0.0,0.76,1,158.02
TRIP-1366,12302,Howrah Rajdhani Express,RAJ,PRYJ,DDU,153.0,105.0,8,4,39.0,0.95,0,115.53
TRIP-1366,12302,Howrah Rajdhani Express,RAJ,DDU,GAYA,205.0,130.0,10,4,51.4,0.85,0,142.47
TRIP-1366,12302,Howrah Rajdhani Express,RAJ,GAYA,DHN,201.0,140.0,12,4,64.7,0.4,0,142.3
TRIP-1366,12302,Howrah Rajdhani Express,RAJ,DHN,HWH,259.0,200.0,15,4,66.9,0.63,0,205.56
TRIP-1367,12951,Mumbai Rajdhani Express,RAJ,BCT,ST,263.0,160.0,7,4,7.9,0.66,0,150.66
TRIP-1367,12951,Mumbai Rajdhani Express,RAJ,ST,BRC,129.0,80.0,9,4,0.0,0.98,0,92.8
TRIP-1367,12951,Mumbai Rajdhani Express,RAJ,BRC,RTM,261.0,195.0,11,4,12.1,0.98,0,203.1
TRIP-1367,12951,Mumbai Rajdhani Express,RAJ,RTM,KOTA,266.0,155.0,14,4,21.1,0.74,0,154.46
TRIP-1367,12951,Mumbai Rajdhani Express,RAJ,KOTA,MTJ,324.0,195.0,17,4,21.1,0.94,0,204.76
TRIP-1367,12951,Mumbai Rajdhani Express,RAJ,MTJ,NDLS,143.0,110.0,20,4,31.9,0.98,0,131.71
TRIP-1368,22436,Vande Bharat Express,VB,NDLS,CNB,440.0,240.0,9,4,0.0,0.94,0,251.95
TRIP-1368,22436,Vande Bharat Express,VB,CNB,PRYJ,194.5,100.0,13,4,12.1,0.61,0,96.53
TRIP-1368,22436,Vande Bharat Express,VB,PRYJ,DDU,153.0,90.0,14,4,9.2,0.89,0,90.02
TRIP-1368,22436,Vande Bharat Express,VB,DDU,BSB,18.0,25.0,16,4,9.3,0.84,0,19.94
TRIP-1369,12004,Lucknow Shatabdi Express,SF,NDLS,GZB,24.5,38.0,15,4,10.0,0.81,0,40.68
TRIP-1369,12004,Lucknow Shatabdi Express,SF,GZB,ALJN,106.3,60.0,15,4,13.1,0.71,0,61.24
TRIP-1369,12004,Lucknow Shatabdi Express,SF,ALJN,CNB,308.6,210.0,16,4,15.5,0.83,0,206.06
TRIP-1369,12004,Lucknow Shatabdi Express,SF,CNB,LKO,71.6,75.0,20,4,11.3,0.8,0,82.7
TRIP-1370,22436,Vande Bharat Express,VB,NDLS,CNB,440.0,240.0,17,4,2.4,0.98,0,251.35
TRIP-1370,22436,Vande Bharat Express,VB,CNB,PRYJ,194.5,100.0,21,4,12.9,0.81,1,134.28
TRIP-1370,22436,Vande Bharat Express,VB,PRYJ,DDU,153.0,90.0,23,4,47.7,0.81,1,113.12
TRIP-1370,22436,Vande Bharat Express,VB,DDU,BSB,18.0,25.0,1,4,71.2,0.79,0,36.13
TRIP-1371,12302,Howrah Rajdhani Express,RAJ,NDLS,CNB,440.0,285.0,20,4,6.1,0.98,0,299.81
TRIP-1371,12302,Howrah Rajdhani Express,RAJ,CNB,PRYJ,194.5,120.0,1,4,20.1,0.87,1,155.98
TRIP-1371,12302,Howrah Rajdhani Express,RAJ,PRYJ,DDU,153.0,105.0,3,4,58.0,0.62,0,105.65
TRIP-1371,12302,Howrah Rajdhani Express,RAJ,DDU,GAYA,205.0,130.0,5,4,59.1,0.63,0,136.48
TRIP-1371,12302,Howrah Rajdhani Express,RAJ,GAYA,DHN,201.0,140.0,7,4,67.3,0.47,0,144.02
TRIP-1371,12302,Howrah Rajdhani Express,RAJ,DHN,HWH,259.0,200.0,10,4,70.8,0.68,0,211.61
TRIP-1372,12802,Purushottam Express,EXP,NDLS,CNB,440.0,350.0,0,5,2.3,0.63,0,343.28
TRIP-1372,12802,Purushottam Express,EXP,CNB,PRYJ,194.5,150.0,5,5,0.0,0.64,0,147.92
TRIP-1372,12802,Purushottam Express,EXP,PRYJ,DDU,153.0,135.0,8,5,0.0,0.98,0,145.12
TRIP-1372,12802,Purushottam Express,EXP,DDU,GAYA,205.0,165.0,10,5,11.7,0.89,0,171.95
TRIP-1372,12802,Purushottam Express,EXP,GAYA,BKSC,149.0,135.0,13,5,18.8,0.65,0,129.49
TRIP-1372,12802,Purushottam Express,EXP,BKSC,PURI,612.0,520.0,16,5,13.7,0.52,0,494.16
TRIP-1373,22436,Vande Bharat Express,VB,NDLS,CNB,440.0,240.0,3,5,32.5,0.64,0,228.09
TRIP-1373,22436,Vande Bharat Express,VB,CNB,PRYJ,194.5,100.0,6,5,20.3,0.86,0,99.21
TRIP-1373,22436,Vande Bharat Express,VB,PRYJ,DDU,153.0,90.0,8,5,19.9,0.86,1,115.21
TRIP-1373,22436,Vande Bharat Express,VB,DDU,BSB,18.0,25.0,10,5,44.8,0.98,0,39.6
TRIP-1374,22436,Vande Bharat Express,VB,NDLS,CNB,440.0,240.0,9,5,6.4,0.9,1,323.74
TRIP-1374,22436,Vande Bharat Express,VB,CNB,PRYJ,194.5,100.0,14,5,90.2,0.69,0,108.04
TRIP-1374,22436,Vande Bharat Express,VB,PRYJ,DDU,153.0,90.0,16,5,100.1,0.8,0,99.43
TRIP-1374,22436,Vande Bharat Express,VB,DDU,BSB,18.0,25.0,18,5,110.2,0.98,0,31.26
TRIP-1375,12802,Purushottam Express,EXP,NDLS,CNB,440.0,350.0,12,5,11.7,0.83,0,344.66
TRIP-1375,12802,Purushottam Express,EXP,CNB,PRYJ,194.5,150.0,17,5,8.1,0.94,0,156.39
TRIP-1375,12802,Purushottam Express,EXP,PRYJ,DDU,153.0,135.0,20,5,14.1,0.82,0,143.8
TRIP-1375,12802,Purushottam Express,EXP,DDU,GAYA,205.0,165.0,22,5,24.4,0.85,0,163.52
TRIP-1375,12802,Purushottam Express,EXP,GAYA,BKSC,149.0,135.0,1,5,24.7,0.48,0,117.36
TRIP-1375,12802,Purushottam Express,EXP,BKSC,PURI,612.0,520.0,3,5,7.8,0.49,0,478.39
TRIP-1376,12802,Purushottam Express,EXP,NDLS,CNB,440.0,350.0,18,5,11.8,0.98,0,359.9
TRIP-1376,12802,Purushottam Express,EXP,CNB,PRYJ,194.5,150.0,0,5,23.4,0.66,1,176.34
TRIP-1376,12802,Purushottam Express,EXP,PRYJ,DDU,153.0,135.0,3,5,51.0,0.86,0,133.83
TRIP-1376,12802,Purushottam Express,EXP,DDU,GAYA,205.0,165.0,5,5,49.6,0.82,0,169.6
TRIP-1376,12802,Purushottam Express,EXP,GAYA,BKSC,149.0,135.0,8,5,53.4,0.79,0,142.06
TRIP-1376,12802,Purushottam Express,EXP,BKSC,PURI,612.0,520.0,10,5,62.3,0.61,0,528.64
TRIP-1377,12004,Lucknow Shatabdi Express,SF,NDLS,GZB,24.5,38.0,0,6,13.0,0.82,0,40.3
TRIP-1377,12004,Lucknow Shatabdi Express,SF,GZB,ALJN,106.3,60.0,0,6,14.8,0.89,0,58.19
TRIP-1377,12004,Lucknow Shatabdi Express,SF,ALJN,CNB,308.6,210.0,1,6,13.8,0.79,0,197.51
TRIP-1377,12004,Lucknow Shatabdi Express,SF,CNB,LKO,71.6,75.0,5,6,1.9,0.69,0,79.78
TRIP-1378,12951,Mumbai Rajdhani Express,RAJ,BCT,ST,263.0,160.0,6,6,10.0,0.69,0,159.27
TRIP-1378,12951,Mumbai Rajdhani Express,RAJ,ST,BRC,129.0,80.0,8,6,9.0,0.95,0,82.79
TRIP-1378,12951,Mumbai Rajdhani Express,RAJ,BRC,RTM,261.0,195.0,10,6,11.9,0.91,0,200.82
TRIP-1378,12951,Mumbai Rajdhani Express,RAJ,RTM,KOTA,266.0,155.0,13,6,19.3,0.83,0,157.38
TRIP-1378,12951,Mumbai Rajdhani Express,RAJ,KOTA,MTJ,324.0,195.0,16,6,21.3,0.83,0,194.53
TRIP-1378,12951,Mumbai Rajdhani Express,RAJ,MTJ,NDLS,143.0,110.0,19,6,20.4,0.98,0,116.77
TRIP-1379,12951,Mumbai Rajdhani Express,RAJ,BCT,ST,263.0,160.0,8,6,6.0,0.98,0,170.27
TRIP-1379,12951,Mumbai Rajdhani Express,RAJ,ST,BRC,129.0,80.0,10,6,16.5,0.98,0,85.27
TRIP-1379,12951,Mumbai Rajdhani Express,RAJ,BRC,RTM,261.0,195.0,12,6,21.4,0.83,0,192.98
TRIP-1379,12951,Mumbai Rajdhani Express,RAJ,RTM,KOTA,266.0,155.0,15,6,20.5,0.61,0,152.27
TRIP-1379,12951,Mumbai Rajdhani Express,RAJ,KOTA,MTJ,324.0,195.0,18,6,19.1,0.98,0,207.62
TRIP-1379,12951,Mumbai Rajdhani Express,RAJ,MTJ,NDLS,143.0,110.0,21,6,32.2,0.98,0,122.39
TRIP-1380,12802,Purushottam Express,EXP,NDLS,CNB,440.0,350.0,10,6,0.8,0.89,0,367.58
TRIP-1380,12802,Purushottam Express,EXP,CNB,PRYJ,194.5,150.0,16,6,20.2,0.75,0,154.64
TRIP-1380,12802,Purushottam Express,EXP,PRYJ,DDU,153.0,135.0,18,6,26.0,0.98,0,141.21
TRIP-1380,12802,Purushottam Express,EXP,DDU,GAYA,205.0,165.0,21,6,33.6,0.9,0,185.51
TRIP-1380,12802,Purushottam Express,EXP,GAYA,BKSC,149.0,135.0,0,6,53.6,0.45,0,142.31
TRIP-1380,12802,Purushottam Express,EXP,BKSC,PURI,612.0,520.0,2,6,60.2,0.46,0,491.77
TRIP-1381,12302,Howrah Rajdhani Express,RAJ,NDLS,CNB,440.0,285.0,13,6,85.8,0.63,0,288.78
TRIP-1381,12302,Howrah Rajdhani Express,RAJ,CNB,PRYJ,194.5,120.0,17,6,90.5,0.98,0,139.48
TRIP-1381,12302,Howrah Rajdhani Express,RAJ,PRYJ,DDU,153.0,105.0,20,6,111.1,0.97,0,123.68
TRIP-1381,12302,Howrah Rajdhani Express,RAJ,DDU,GAYA,205.0,130.0,22,6,130.3,0.62,0,134.17
TRIP-1381,12302,Howrah Rajdhani Express,RAJ,GAYA,DHN,201.0,140.0,0,6,135.6,0.5,0,137.97
TRIP-1381,12302,Howrah Rajdhani Express,RAJ,DHN,HWH,259.0,200.0,3,6,132.9,0.46,0,192.33
TRIP-1382,12951,Mumbai Rajdhani Express,RAJ,BCT,ST,263.0,160.0,15,6,17.1,0.87,0,158.74
TRIP-1382,12951,Mumbai Rajdhani Express,RAJ,ST,BRC,129.0,80.0,17,6,17.5,0.89,0,82.99
TRIP-1382,12951,Mumbai Rajdhani Express,RAJ,BRC,RTM,261.0,195.0,19,6,21.2,0.98,0,211.25
TRIP-1382,12951,Mumbai Rajdhani Express,RAJ,RTM,KOTA,266.0,155.0,22,6,37.6,0.79,0,160.38
TRIP-1382,12951,Mumbai Rajdhani Express,RAJ,KOTA,MTJ,324.0,195.0,1,6,43.6,0.81,0,191.98
TRIP-1382,12951,Mumbai Rajdhani Express,RAJ,MTJ,NDLS,143.0,110.0,4,6,40.6,0.63,0,109.07
TRIP-1383,12302,Howrah Rajdhani Express,RAJ,NDLS,CNB,440.0,285.0,18,6,2.6,0.91,0,302.54
TRIP-1383,12302,Howrah Rajdhani Express,RAJ,CNB,PRYJ,194.5,120.0,23,6,21.1,0.78,0,120.3
TRIP-1383,12302,Howrah Rajdhani Express,RAJ,PRYJ,DDU,153.0,105.0,1,6,21.7,0.76,0,101.04
TRIP-1383,12302,Howrah Rajdhani Express,RAJ,DDU,GAYA,205.0,130.0,2,6,19.5,0.71,0,120.0
TRIP-1383,12302,Howrah Rajdhani Express,RAJ,GAYA,DHN,201.0,140.0,5,6,10.6,0.37,0,139.79
TRIP-1383,12302,Howrah Rajdhani Express,RAJ,DHN,HWH,259.0,200.0,7,6,11.9,0.37,0,192.99
TRIP-1384,12302,Howrah Rajdhani Express,RAJ,NDLS,CNB,440.0,285.0,20,6,0.0,0.86,0,297.92
TRIP-1384,12302,Howrah Rajdhani Express,RAJ,CNB,PRYJ,194.5,120.0,1,6,13.7,0.84,0,107.25
TRIP-1384,12302,Howrah Rajdhani Express,RAJ,PRYJ,DDU,153.0,105.0,2,6,1.2,0.74,0,99.85
TRIP-1384,12302,Howrah Rajdhani Express,RAJ,DDU,GAYA,205.0,130.0,4,6,0.0,0.8,0,124.96
TRIP-1384,12302,Howrah Rajdhani Express,RAJ,GAYA,DHN,201.0,140.0,6,6,0.0,0.61,0,143.47
TRIP-1384,12302,Howrah Rajdhani Express,RAJ,DHN,HWH,259.0,200.0,9,6,3.3,0.77,0,205.47
TRIP-1385,12302,Howrah Rajdhani Express,RAJ,NDLS,CNB,440.0,285.0,22,6,4.2,0.73,0,283.02
TRIP-1385,12302,Howrah Rajdhani Express,RAJ,CNB,PRYJ,194.5,120.0,2,6,3.8,0.86,0,116.88
TRIP-1385,12302,Howrah Rajdhani Express,RAJ,PRYJ,DDU,153.0,105.0,4,6,1.0,0.66,0,100.87
TRIP-1385,12302,Howrah Rajdhani Express,RAJ,DDU,GAYA,205.0,130.0,6,6,0.0,0.61,0,132.59
TRIP-1385,12302,Howrah Rajdhani Express,RAJ,GAYA,DHN,201.0,140.0,8,6,2.5,0.65,0,145.58
TRIP-1385,12302,Howrah Rajdhani Express,RAJ,DHN,HWH,259.0,200.0,11,6,8.1,0.75,0,201.4
TRIP-1386,12004,Lucknow Shatabdi Express,SF,NDLS,GZB,24.5,38.0,4,0,39.1,0.72,0,48.03
TRIP-1386,12004,Lucknow Shatabdi Express,SF,GZB,ALJN,106.3,60.0,4,0,50.7,0.69,0,67.72
TRIP-1386,12004,Lucknow Shatabdi Express,SF,ALJN,CNB,308.6,210.0,6,0,58.0,0.64,0,213.57
TRIP-1386,12004,Lucknow Shatabdi Express,SF,CNB,LKO,71.6,75.0,9,0,61.1,0.92,0,93.45
TRIP-1387,12802,Purushottam Express,EXP,NDLS,CNB,440.0,350.0,10,0,26.7,0.94,0,364.69
TRIP-1387,12802,Purushottam Express,EXP,CNB,PRYJ,194.5,150.0,16,0,42.5,0.78,0,154.27
TRIP-1387,12802,Purushottam Express,EXP,PRYJ,DDU,153.0,135.0,18,0,45.8,0.81,0,148.83
TRIP-1387,12802,Purushottam Express,EXP,DDU,GAYA,205.0,165.0,21,0,60.6,0.98,0,183.18
TRIP-1387,12802,Purushottam Express,EXP,GAYA,BKSC,149.0,135.0,0,0,80.6,0.56,0,140.06
TRIP-1387,12802,Purushottam Express,EXP,BKSC,PURI,612.0,520.0,2,0,86.4,0.51,0,477.89
TRIP-1388,12951,Mumbai Rajdhani Express,RAJ,BCT,ST,263.0,160.0,12,0,20.5,0.86,0,161.9
TRIP-1388,12951,Mumbai Rajdhani Express,RAJ,ST,BRC,129.0,80.0,14,0,22.5,0.75,0,82.96
TRIP-1388,12951,Mumbai Rajdhani Express,RAJ,BRC,RTM,261.0,195.0,16,0,25.6,0.89,0,194.58
TRIP-1388,12951,Mumbai Rajdhani Express,RAJ,RTM,KOTA,266.0,155.0,19,0,24.3,0.98,0,169.47
TRIP-1388,12951,Mumbai Rajdhani Express,RAJ,KOTA,MTJ,324.0,195.0,22,0,38.3,0.74,0,192.5
TRIP-1388,12951,Mumbai Rajdhani Express,RAJ,MTJ,NDLS,143.0,110.0,1,0,35.6,0.6,0,105.76
TRIP-1389,12302,Howrah Rajdhani Express,RAJ,NDLS,CNB,440.0,285.0,16,0,17.1,0.81,0,277.99
TRIP-1389,12302,Howrah Rajdhani Express,RAJ,CNB,PRYJ,194.5,120.0,20,0,10.2,0.98,0,118.67
TRIP-1389,12302,Howrah Rajdhani Express,RAJ,PRYJ,DDU,153.0,105.0,22,0,7.9,0.64,0,98.79
TRIP-1389,12302,Howrah Rajdhani Express,RAJ,DDU,GAYA,205.0,130.0,0,0,3.7,0.7,0,131.55
TRIP-1389,12302,Howrah Rajdhani Express,RAJ,GAYA,DHN,201.0,140.0,2,0,4.5,0.61,0,129.73
TRIP-1389,12302,Howrah Rajdhani Express,RAJ,DHN,HWH,259.0,200.0,5,0,0.0,0.36,0,191.66
TRIP-1390,12951,Mumbai Rajdhani Express,RAJ,BCT,ST,263.0,160.0,22,0,0.0,0.87,0,158.14
TRIP-1390,12951,Mumbai Rajdhani Express,RAJ,ST,BRC,129.0,80.0,0,0,0.0,0.72,0,79.33
TRIP-1390,12951,Mumbai Rajdhani Express,RAJ,BRC,RTM,261.0,195.0,2,0,0.0,0.85,0,181.95
TRIP-1390,12951,Mumbai Rajdhani Express,RAJ,RTM,KOTA,266.0,155.0,5,0,0.0,0.82,0,149.38
TRIP-1390,12951,Mumbai Rajdhani Express,RAJ,KOTA,MTJ,324.0,195.0,7,0,0.0,0.77,0,192.78
TRIP-1390,12951,Mumbai Rajdhani Express,RAJ,MTJ,NDLS,143.0,110.0,11,0,0.0,0.81,0,114.85
TRIP-1391,22436,Vande Bharat Express,VB,NDLS,CNB,440.0,240.0,1,1,5.5,0.82,0,223.65
TRIP-1391,22436,Vande Bharat Express,VB,CNB,PRYJ,194.5,100.0,4,1,0.0,0.83,0,93.42
TRIP-1391,22436,Vande Bharat Express,VB,PRYJ,DDU,153.0,90.0,6,1,0.0,0.76,0,90.39
TRIP-1391,22436,Vande Bharat Express,VB,DDU,BSB,18.0,25.0,8,1,1.4,0.98,0,28.64
TRIP-1392,12951,Mumbai Rajdhani Express,RAJ,BCT,ST,263.0,160.0,4,1,52.7,0.76,0,154.99
TRIP-1392,12951,Mumbai Rajdhani Express,RAJ,ST,BRC,129.0,80.0,6,1,48.9,0.66,0,85.08
TRIP-1392,12951,Mumbai Rajdhani Express,RAJ,BRC,RTM,261.0,195.0,8,1,54.3,0.98,0,213.68
TRIP-1392,12951,Mumbai Rajdhani Express,RAJ,RTM,KOTA,266.0,155.0,11,1,73.0,0.98,0,169.91
TRIP-1392,12951,Mumbai Rajdhani Express,RAJ,KOTA,MTJ,324.0,195.0,14,1,89.0,0.9,0,202.27
TRIP-1392,12951,Mumbai Rajdhani Express,RAJ,MTJ,NDLS,143.0,110.0,18,1,95.9,0.98,0,116.76
TRIP-1393,12004,Lucknow Shatabdi Express,SF,NDLS,GZB,24.5,38.0,6,1,10.0,0.78,0,38.88
TRIP-1393,12004,Lucknow Shatabdi Express,SF,GZB,ALJN,106.3,60.0,6,1,11.1,0.85,0,64.39
TRIP-1393,12004,Lucknow Shatabdi Express,SF,ALJN,CNB,308.6,210.0,7,1,15.3,0.7,0,210.17
TRIP-1393,12004,Lucknow Shatabdi Express,SF,CNB,LKO,71.6,75.0,11,1,16.7,0.9,0,78.9
TRIP-1394,12802,Purushottam Express,EXP,NDLS,CNB,440.0,350.0,9,1,57.5,0.98,0,374.21
TRIP-1394,12802,Purushottam Express,EXP,CNB,PRYJ,194.5,150.0,15,1,82.5,0.89,0,158.56
TRIP-1394,12802,Purushottam Express,EXP,PRYJ,DDU,153.0,135.0,18,1,92.5,0.98,0,157.38
TRIP-1394,12802,Purushottam Express,EXP,DDU,GAYA,205.0,165.0,20,1,114.1,0.98,0,182.01
TRIP-1394,12802,Purushottam Express,EXP,GAYA,BKSC,149.0,135.0,23,1,130.8,0.54,0,140.96
TRIP-1394,12802,Purushottam Express,EXP,BKSC,PURI,612.0,520.0,2,1,136.5,0.6,0,487.83
TRIP-1395,12302,Howrah Rajdhani Express,RAJ,NDLS,CNB,440.0,285.0,13,1,1.9,0.78,0,278.3
TRIP-1395,12302,Howrah Rajdhani Express,RAJ,CNB,PRYJ,194.5,120.0,17,1,0.0,0.92,0,126.81
TRIP-1395,12302,Howrah Rajdhani Express,RAJ,PRYJ,DDU,153.0,105.0,19,1,7.9,0.98,0,103.39
TRIP-1395,12302,Howrah Rajdhani Express,RAJ,DDU,GAYA,205.0,130.0,21,1,7.3,0.93,0,130.85
TRIP-1395,12302,Howrah Rajdhani Express,RAJ,GAYA,DHN,201.0,140.0,23,1,8.4,0.58,0,124.87
TRIP-1395,12302,Howrah Rajdhani Express,RAJ,DHN,HWH,259.0,200.0,2,1,0.0,0.63,0,177.86
TRIP-1396,12302,Howrah Rajdhani Express,RAJ,NDLS,CNB,440.0,285.0,15,1,3.9,0.63,0,280.97
TRIP-1396,12302,Howrah Rajdhani Express,RAJ,CNB,PRYJ,194.5,120.0,19,1,0.0,0.95,0,127.32
TRIP-1396,12302,Howrah Rajdhani Express,RAJ,PRYJ,DDU,153.0,105.0,21,1,7.2,0.87,0,112.94
TRIP-1396,12302,Howrah Rajdhani Express,RAJ,DDU,GAYA,205.0,130.0,23,1,15.4,0.66,0,122.38
TRIP-1396,12302,Howrah Rajdhani Express,RAJ,GAYA,DHN,201.0,140.0,2,1,9.3,0.52,0,119.34
TRIP-1396,12302,Howrah Rajdhani Express,RAJ,DHN,HWH,259.0,200.0,4,1,0.0,0.62,0,183.25
TRIP-1397,22436,Vande Bharat Express,VB,NDLS,CNB,440.0,240.0,18,1,1.5,0.98,0,247.11
TRIP-1397,22436,Vande Bharat Express,VB,CNB,PRYJ,194.5,100.0,22,1,9.4,0.73,0,92.76
TRIP-1397,22436,Vande Bharat Express,VB,PRYJ,DDU,153.0,90.0,23,1,3.2,0.66,0,89.93
TRIP-1397,22436,Vande Bharat Express,VB,DDU,BSB,18.0,25.0,1,1,2.4,0.77,0,23.72
TRIP-1398,12951,Mumbai Rajdhani Express,RAJ,BCT,ST,263.0,160.0,22,1,4.9,0.85,0,156.32
TRIP-1398,12951,Mumbai Rajdhani Express,RAJ,ST,BRC,129.0,80.0,0,1,1.0,0.67,0,80.4
TRIP-1398,12951,Mumbai Rajdhani Express,RAJ,BRC,RTM,261.0,195.0,2,1,2.6,0.78,0,176.01
TRIP-1398,12951,Mumbai Rajdhani Express,RAJ,RTM,KOTA,266.0,155.0,5,1,0.0,0.82,0,151.45
TRIP-1398,12951,Mumbai Rajdhani Express,RAJ,KOTA,MTJ,324.0,195.0,7,1,0.0,0.8,0,190.16
TRIP-1398,12951,Mumbai Rajdhani Express,RAJ,MTJ,NDLS,143.0,110.0,10,1,0.0,0.86,0,117.33
TRIP-1399,12004,Lucknow Shatabdi Express,SF,NDLS,GZB,24.5,38.0,0,2,0.0,0.75,0,41.47
TRIP-1399,12004,Lucknow Shatabdi Express,SF,GZB,ALJN,106.3,60.0,0,2,3.8,0.71,0,66.65
TRIP-1399,12004,Lucknow Shatabdi Express,SF,ALJN,CNB,308.6,210.0,1,2,11.3,0.77,0,192.7
TRIP-1399,12004,Lucknow Shatabdi Express,SF,CNB,LKO,71.6,75.0,5,2,0.0,0.85,0,69.66
TRIP-1400,12004,Lucknow Shatabdi Express,SF,NDLS,GZB,24.5,38.0,4,2,3.3,0.65,0,39.56
TRIP-1400,12004,Lucknow Shatabdi Express,SF,GZB,ALJN,106.3,60.0,4,2,4.8,0.65,0,55.28
TRIP-1400,12004,Lucknow Shatabdi Express,SF,ALJN,CNB,308.6,210.0,5,2,0.0,0.71,0,203.58
TRIP-1400,12004,Lucknow Shatabdi Express,SF,CNB,LKO,71.6,75.0,9,2,0.0,0.98,0,83.68
TRIP-1401,12004,Lucknow Shatabdi Express,SF,NDLS,GZB,24.5,38.0,8,2,0.8,0.8,0,44.56
TRIP-1401,12004,Lucknow Shatabdi Express,SF,GZB,ALJN,106.3,60.0,8,2,6.8,0.83,0,68.09
TRIP-1401,12004,Lucknow Shatabdi Express,SF,ALJN,CNB,308.6,210.0,10,2,16.1,0.98,0,225.43
TRIP-1401,12004,Lucknow Shatabdi Express,SF,CNB,LKO,71.6,75.0,13,2,31.6,0.67,0,81.42
TRIP-1402,12802,Purushottam Express,EXP,NDLS,CNB,440.0,350.0,14,2,4.9,0.73,0,341.24
TRIP-1402,12802,Purushottam Express,EXP,CNB,PRYJ,194.5,150.0,19,2,0.0,0.98,0,156.68
TRIP-1402,12802,Purushottam Express,EXP,PRYJ,DDU,153.0,135.0,22,2,7.0,0.83,0,133.52
TRIP-1402,12802,Purushottam Express,EXP,DDU,GAYA,205.0,165.0,0,2,6.5,0.68,0,162.16
TRIP-1402,12802,Purushottam Express,EXP,GAYA,BKSC,149.0,135.0,3,2,2.7,0.4,0,123.37
TRIP-1402,12802,Purushottam Express,EXP,BKSC,PURI,612.0,520.0,5,2,0.0,0.53,0,497.52
TRIP-1403,12004,Lucknow Shatabdi Express,SF,NDLS,GZB,24.5,38.0,16,2,5.2,0.7,0,39.91
TRIP-1403,12004,Lucknow Shatabdi Express,SF,GZB,ALJN,106.3,60.0,16,2,8.8,0.73,0,60.08
TRIP-1403,12004,Lucknow Shatabdi Express,SF,ALJN,CNB,308.6,210.0,17,2,9.6,0.86,0,211.64
TRIP-1403,12004,Lucknow Shatabdi Express,SF,CNB,LKO,71.6,75.0,21,2,10.6,0.93,0,79.19
TRIP-1404,12802,Purushottam Express,EXP,NDLS,CNB,440.0,350.0,18,2,3.9,0.91,0,362.13
TRIP-1404,12802,Purushottam Express,EXP,CNB,PRYJ,194.5,150.0,0,2,16.6,0.81,0,147.81
TRIP-1404,12802,Purushottam Express,EXP,PRYJ,DDU,153.0,135.0,2,2,15.9,0.71,0,126.7
TRIP-1404,12802,Purushottam Express,EXP,DDU,GAYA,205.0,165.0,4,2,8.6,0.6,0,154.61
TRIP-1404,12802,Purushottam Express,EXP,GAYA,BKSC,149.0,135.0,7,2,0.2,0.49,0,126.56
TRIP-1404,12802,Purushottam Express,EXP,BKSC,PURI,612.0,520.0,9,2,0.0,0.7,0,523.6
TRIP-1405,12004,Lucknow Shatabdi Express,SF,NDLS,GZB,24.5,38.0,22,2,10.0,0.76,0,39.17
TRIP-1405,12004,Lucknow Shatabdi Express,SF,GZB,ALJN,106.3,60.0,22,2,11.5,0.75,0,62.61
TRIP-1405,12004,Lucknow Shatabdi Express,SF,ALJN,CNB,308.6,210.0,23,2,13.2,0.86,0,207.79
TRIP-1405,12004,Lucknow Shatabdi Express,SF,CNB,LKO,71.6,75.0,3,2,11.8,0.61,0,66.72
TRIP-1406,12802,Purushottam Express,EXP,NDLS,CNB,440.0,350.0,2,3,10.0,0.62,0,321.05
TRIP-1406,12802,Purushottam Express,EXP,CNB,PRYJ,194.5,150.0,7,3,0.0,0.8,0,147.54
TRIP-1406,12802,Purushottam Express,EXP,PRYJ,DDU,153.0,135.0,9,3,0.0,0.98,0,138.64
TRIP-1406,12802,Purushottam Express,EXP,DDU,GAYA,205.0,165.0,12,3,3.3,0.9,0,161.47
TRIP-1406,12802,Purushottam Express,EXP,GAYA,BKSC,149.0,135.0,15,3,0.6,0.57,0,131.15
TRIP-1406,12802,Purushottam Express,EXP,BKSC,PURI,612.0,520.0,17,3,0.0,0.8,0,521.62
TRIP-1407,22436,Vande Bharat Express,VB,NDLS,CNB,440.0,240.0,4,3,8.0,0.65,0,221.94
TRIP-1407,22436,Vande Bharat Express,VB,CNB,PRYJ,194.5,100.0,7,3,0.0,0.88,0,98.63
TRIP-1407,22436,Vande Bharat Express,VB,PRYJ,DDU,153.0,90.0,9,3,0.0,0.98,0,95.75
TRIP-1407,22436,Vande Bharat Express,VB,DDU,BSB,18.0,25.0,11,3,5.9,0.88,0,29.4
TRIP-1408,12302,Howrah Rajdhani Express,RAJ,NDLS,CNB,440.0,285.0,6,3,4.2,0.85,0,276.48
TRIP-1408,12302,Howrah Rajdhani Express,RAJ,CNB,PRYJ,194.5,120.0,10,3,0.0,0.9,0,126.09
TRIP-1408,12302,Howrah Rajdhani Express,RAJ,PRYJ,DDU,153.0,105.0,12,3,7.7,0.71,0,99.98
TRIP-1408,12302,Howrah Rajdhani Express,RAJ,DDU,GAYA,205.0,130.0,14,3,2.8,0.64,0,130.18
TRIP-1408,12302,Howrah Rajdhani Express,RAJ,GAYA,DHN,201.0,140.0,16,3,2.0,0.41,0,136.18
TRIP-1408,12302,Howrah Rajdhani Express,RAJ,DHN,HWH,259.0,200.0,19,3,0.0,0.72,0,199.84
TRIP-1409,12951,Mumbai Rajdhani Express,RAJ,BCT,ST,263.0,160.0,8,3,3.2,0.98,0,170.9
TRIP-1409,12951,Mumbai Rajdhani Express,RAJ,ST,BRC,129.0,80.0,10,3,15.6,0.98,0,80.11
TRIP-1409,12951,Mumbai Rajdhani Express,RAJ,BRC,RTM,261.0,195.0,12,3,16.9,0.85,0,178.47
TRIP-1409,12951,Mumbai Rajdhani Express,RAJ,RTM,KOTA,266.0,155.0,15,3,0.6,0.75,0,152.55
TRIP-1409,12951,Mumbai Rajdhani Express,RAJ,KOTA,MTJ,324.0,195.0,18,3,0.0,0.98,0,204.88
TRIP-1409,12951,Mumbai Rajdhani Express,RAJ,MTJ,NDLS,143.0,110.0,21,3,10.9,0.98,0,114.03
TRIP-1410,12302,Howrah Rajdhani Express,RAJ,NDLS,CNB,440.0,285.0,14,3,0.9,0.68,0,282.13
TRIP-1410,12302,Howrah Rajdhani Express,RAJ,CNB,PRYJ,194.5,120.0,18,3,0.0,0.98,0,126.44
TRIP-1410,12302,Howrah Rajdhani Express,RAJ,PRYJ,DDU,153.0,105.0,20,3,5.7,0.98,0,106.94
TRIP-1410,12302,Howrah Rajdhani Express,RAJ,DDU,GAYA,205.0,130.0,22,3,6.9,0.69,0,128.86
TRIP-1410,12302,Howrah Rajdhani Express,RAJ,GAYA,DHN,201.0,140.0,1,3,6.8,0.59,0,125.82
TRIP-1410,12302,Howrah Rajdhani Express,RAJ,DHN,HWH,259.0,200.0,3,3,0.0,0.62,0,184.62
TRIP-1411,12802,Purushottam Express,EXP,NDLS,CNB,440.0,350.0,20,3,7.5,0.81,0,358.72
TRIP-1411,12802,Purushottam Express,EXP,CNB,PRYJ,194.5,150.0,2,3,17.9,0.7,0,144.42
TRIP-1411,12802,Purushottam Express,EXP,PRYJ,DDU,153.0,135.0,4,3,13.9,0.84,0,126.59
TRIP-1411,12802,Purushottam Express,EXP,DDU,GAYA,205.0,165.0,6,3,6.5,0.72,0,163.02
TRIP-1411,12802,Purushottam Express,EXP,GAYA,BKSC,149.0,135.0,9,3,6.4,0.79,0,139.5
TRIP-1411,12802,Purushottam Express,EXP,BKSC,PURI,612.0,520.0,11,3,10.9,0.6,0,516.38
TRIP-1412,12951,Mumbai Rajdhani Express,RAJ,BCT,ST,263.0,160.0,23,3,1.1,0.66,0,160.0
TRIP-1412,12951,Mumbai Rajdhani Express,RAJ,ST,BRC,129.0,80.0,1,3,0.2,0.84,0,76.66
TRIP-1412,12951,Mumbai Rajdhani Express,RAJ,BRC,RTM,261.0,195.0,3,3,0.0,0.62,0,176.48
TRIP-1412,12951,Mumbai Rajdhani Express,RAJ,RTM,KOTA,266.0,155.0,6,3,0.0,0.62,0,147.8
TRIP-1412,12951,Mumbai Rajdhani Express,RAJ,KOTA,MTJ,324.0,195.0,8,3,0.0,0.98,0,206.6
TRIP-1412,12951,Mumbai Rajdhani Express,RAJ,MTJ,NDLS,143.0,110.0,12,3,12.7,0.87,0,110.05
TRIP-1413,12802,Purushottam Express,EXP,NDLS,CNB,440.0,350.0,5,4,7.7,0.9,0,355.65
TRIP-1413,12802,Purushottam Express,EXP,CNB,PRYJ,194.5,150.0,11,4,13.1,0.83,0,157.23
TRIP-1413,12802,Purushottam Express,EXP,PRYJ,DDU,153.0,135.0,13,4,20.6,0.6,0,139.15
TRIP-1413,12802,Purushottam Express,EXP,DDU,GAYA,205.0,165.0,16,4,23.9,0.65,0,162.13
TRIP-1413,12802,Purushottam Express,EXP,GAYA,BKSC,149.0,135.0,18,4,21.9,0.84,0,141.54
TRIP-1413,12802,Purushottam Express,EXP,BKSC,PURI,612.0,520.0,21,4,30.4,0.74,0,540.43
TRIP-1414,12004,Lucknow Shatabdi Express,SF,NDLS,GZB,24.5,38.0,7,4,6.8,0.81,0,39.81
TRIP-1414,12004,Lucknow Shatabdi Express,SF,GZB,ALJN,106.3,60.0,7,4,8.6,0.64,0,59.31
TRIP-1414,12004,Lucknow Shatabdi Express,SF,ALJN,CNB,308.6,210.0,8,4,8.8,0.96,0,219.72
TRIP-1414,12004,Lucknow Shatabdi Express,SF,CNB,LKO,71.6,75.0,12,4,18.0,0.67,0,75.27
TRIP-1415,12004,Lucknow Shatabdi Express,SF,NDLS,GZB,24.5,38.0,11,4,1.8,0.98,0,46.98
TRIP-1415,12004,Lucknow Shatabdi Express,SF,GZB,ALJN,106.3,60.0,11,4,12.5,0.88,0,66.72
TRIP-1415,12004,Lucknow Shatabdi Express,SF,ALJN,CNB,308.6,210.0,13,4,19.6,0.88,0,211.14
TRIP-1415,12004,Lucknow Shatabdi Express,SF,CNB,LKO,71.6,75.0,16,4,20.8,0.64,0,77.3
TRIP-1416,12004,Lucknow Shatabdi Express,SF,NDLS,GZB,24.5,38.0,15,4,10.0,0.78,0,43.85
TRIP-1416,12004,Lucknow Shatabdi Express,SF,GZB,ALJN,106.3,60.0,15,4,16.1,0.66,0,60.04
TRIP-1416,12004,Lucknow Shatabdi Express,SF,ALJN,CNB,308.6,210.0,16,4,15.3,0.81,0,207.81
TRIP-1416,12004,Lucknow Shatabdi Express,SF,CNB,LKO,71.6,75.0,20,4,14.7,0.95,0,82.45
TRIP-1417,12951,Mumbai Rajdhani Express,RAJ,BCT,ST,263.0,160.0,17,4,4.4,0.84,0,165.75
TRIP-1417,12951,Mumbai Rajdhani Express,RAJ,ST,BRC,129.0,80.0,19,4,11.3,0.86,0,86.72
TRIP-1417,12951,Mumbai Rajdhani Express,RAJ,BRC,RTM,261.0,195.0,21,4,18.9,0.98,0,205.67
TRIP-1417,12951,Mumbai Rajdhani Express,RAJ,RTM,KOTA,266.0,155.0,0,4,29.6,0.73,0,155.41
TRIP-1417,12951,Mumbai Rajdhani Express,RAJ,KOTA,MTJ,324.0,195.0,3,4,31.5,0.82,0,186.21
TRIP-1417,12951,Mumbai Rajdhani Express,RAJ,MTJ,NDLS,143.0,110.0,6,4,23.3,0.84,0,114.34
TRIP-1418,12302,Howrah Rajdhani Express,RAJ,NDLS,CNB,440.0,285.0,21,4,5.6,0.97,0,293.9
TRIP-1418,12302,Howrah Rajdhani Express,RAJ,CNB,PRYJ,194.5,120.0,1,4,13.6,0.6,0,112.73
TRIP-1418,12302,Howrah Rajdhani Express,RAJ,PRYJ,DDU,153.0,105.0,3,4,5.7,0.67,0,92.11
TRIP-1418,12302,Howrah Rajdhani Express,RAJ,DDU,GAYA,205.0,130.0,5,4,0.0,0.86,0,132.39
TRIP-1418,12302,Howrah Rajdhani Express,RAJ,GAYA,DHN,201.0,140.0,7,4,2.3,0.52,0,139.56
TRIP-1418,12302,Howrah Rajdhani Express,RAJ,DHN,HWH,259.0,200.0,10,4,2.8,0.81,0,208.7
TRIP-1419,12004,Lucknow Shatabdi Express,SF,NDLS,GZB,24.5,38.0,3,5,9.7,0.85,0,34.0
TRIP-1419,12004,Lucknow Shatabdi Express,SF,GZB,ALJN,106.3,60.0,3,5,7.7,0.65,0,57.03
TRIP-1419,12004,Lucknow Shatabdi Express,SF,ALJN,CNB,308.6,210.0,4,5,5.1,0.64,0,195.44
TRIP-1419,12004,Lucknow Shatabdi Express,SF,CNB,LKO,71.6,75.0,8,5,0.0,0.91,0,81.15
TRIP-1420,12951,Mumbai Rajdhani Express,RAJ,BCT,ST,263.0,160.0,9,5,0.0,0.83,0,167.35
TRIP-1420,12951,Mumbai Rajdhani Express,RAJ,ST,BRC,129.0,80.0,11,5,7.9,0.97,0,78.52
TRIP-1420,12951,Mumbai Rajdhani Express,RAJ,BRC,RTM,261.0,195.0,13,5,6.3,0.88,0,191.42
TRIP-1420,12951,Mumbai Rajdhani Express,RAJ,RTM,KOTA,266.0,155.0,16,5,2.6,0.7,0,155.95
TRIP-1420,12951,Mumbai Rajdhani Express,RAJ,KOTA,MTJ,324.0,195.0,19,5,3.1,0.81,0,202.61
TRIP-1420,12951,Mumbai Rajdhani Express,RAJ,MTJ,NDLS,143.0,110.0,22,5,12.4,0.76,0,105.41
TRIP-1421,12802,Purushottam Express,EXP,NDLS,CNB,440.0,350.0,11,5,5.7,0.98,0,366.86
TRIP-1421,12802,Purushottam Express,EXP,CNB,PRYJ,194.5,150.0,17,5,21.8,0.98,0,161.94
TRIP-1421,12802,Purushottam Express,EXP,PRYJ,DDU,153.0,135.0,19,5,35.3,0.98,0,147.47
TRIP-1421,12802,Purushottam Express,EXP,DDU,GAYA,205.0,165.0,22,5,48.4,0.71,0,171.48
TRIP-1421,12802,Purushottam Express,EXP,GAYA,BKSC,149.0,135.0,1,5,54.1,0.36,0,132.28
TRIP-1421,12802,Purushottam Express,EXP,BKSC,PURI,612.0,520.0,3,5,52.3,0.65,0,484.15
TRIP-1422,12004,Lucknow Shatabdi Express,SF,NDLS,GZB,24.5,38.0,13,5,32.5,0.73,0,45.35
TRIP-1422,12004,Lucknow Shatabdi Express,SF,GZB,ALJN,106.3,60.0,13,5,40.3,0.67,0,62.73
TRIP-1422,12004,Lucknow Shatabdi Express,SF,ALJN,CNB,308.6,210.0,14,5,42.8,0.69,0,213.34
TRIP-1422,12004,Lucknow Shatabdi Express,SF,CNB,LKO,71.6,75.0,18,5,47.2,0.82,0,82.35
TRIP-1423,12951,Mumbai Rajdhani Express,RAJ,BCT,ST,263.0,160.0,17,5,23.5,0.84,0,161.71
TRIP-1423,12951,Mumbai Rajdhani Express,RAJ,ST,BRC,129.0,80.0,19,5,27.2,0.98,0,88.94
TRIP-1423,12951,Mumbai Rajdhani Express,RAJ,BRC,RTM,261.0,195.0,21,5,37.5,0.94,0,208.31
TRIP-1423,12951,Mumbai Rajdhani Express,RAJ,RTM,KOTA,266.0,155.0,0,5,52.5,0.78,0,161.3
TRIP-1423,12951,Mumbai Rajdhani Express,RAJ,KOTA,MTJ,324.0,195.0,3,5,60.3,0.67,0,186.49
TRIP-1423,12951,Mumbai Rajdhani Express,RAJ,MTJ,NDLS,143.0,110.0,6,5,51.7,0.86,0,107.21
TRIP-1424,12951,Mumbai Rajdhani Express,RAJ,BCT,ST,263.0,160.0,19,5,1.2,0.82,0,161.42
TRIP-1424,12951,Mumbai Rajdhani Express,RAJ,ST,BRC,129.0,80.0,21,5,4.0,0.92,0,82.88
TRIP-1424,12951,Mumbai Rajdhani Express,RAJ,BRC,RTM,261.0,195.0,23,5,7.3,0.63,0,185.11
TRIP-1424,12951,Mumbai Rajdhani Express,RAJ,RTM,KOTA,266.0,155.0,2,5,0.0,0.76,0,148.66
TRIP-1424,12951,Mumbai Rajdhani Express,RAJ,KOTA,MTJ,324.0,195.0,4,5,0.0,0.64,0,181.52
TRIP-1424,12951,Mumbai Rajdhani Express,RAJ,MTJ,NDLS,143.0,110.0,8,5,0.0,0.98,0,121.55
TRIP-1425,12004,Lucknow Shatabdi Express,SF,NDLS,GZB,24.5,38.0,21,5,68.7,0.98,0,44.87
TRIP-1425,12004,Lucknow Shatabdi Express,SF,GZB,ALJN,106.3,60.0,21,5,77.2,0.83,0,79.19
TRIP-1425,12004,Lucknow Shatabdi Express,SF,ALJN,CNB,308.6,210.0,23,5,95.7,0.7,0,216.46
TRIP-1425,12004,Lucknow Shatabdi Express,SF,CNB,LKO,71.6,75.0,2,5,102.5,0.88,0,81.88
TRIP-1426,12802,Purushottam Express,EXP,NDLS,CNB,440.0,350.0,3,6,0.0,0.72,0,329.77
TRIP-1426,12802,Purushottam Express,EXP,CNB,PRYJ,194.5,150.0,8,6,0.0,0.85,0,161.83
TRIP-1426,12802,Purushottam Express,EXP,PRYJ,DDU,153.0,135.0,11,6,11.8,0.98,0,143.09
TRIP-1426,12802,Purushottam Express,EXP,DDU,GAYA,205.0,165.0,13,6,19.6,0.83,0,166.52
TRIP-1426,12802,Purushottam Express,EXP,GAYA,BKSC,149.0,135.0,16,6,22.7,0.48,0,133.93
TRIP-1426,12802,Purushottam Express,EXP,BKSC,PURI,612.0,520.0,19,6,23.6,0.84,0,539.62
TRIP-1427,12004,Lucknow Shatabdi Express,SF,NDLS,GZB,24.5,38.0,5,6,0.7,0.79,0,38.44
TRIP-1427,12004,Lucknow Shatabdi Express,SF,GZB,ALJN,106.3,60.0,5,6,0.3,0.72,0,63.83
TRIP-1427,12004,Lucknow Shatabdi Express,SF,ALJN,CNB,308.6,210.0,6,6,5.7,0.89,0,207.06
TRIP-1427,12004,Lucknow Shatabdi Express,SF,CNB,LKO,71.6,75.0,10,6,2.7,0.95,0,87.25
TRIP-1428,12302,Howrah Rajdhani Express,RAJ,NDLS,CNB,440.0,285.0,9,6,2.5,0.87,0,304.18
TRIP-1428,12302,Howrah Rajdhani Express,RAJ,CNB,PRYJ,194.5,120.0,14,6,22.3,0.66,0,124.11
TRIP-1428,12302,Howrah Rajdhani Express,RAJ,PRYJ,DDU,153.0,105.0,16,6,26.8,0.82,0,104.49
TRIP-1428,12302,Howrah Rajdhani Express,RAJ,DDU,GAYA,205.0,130.0,18,6,26.5,0.98,0,141.31
TRIP-1428,12302,Howrah Rajdhani Express,RAJ,GAYA,DHN,201.0,140.0,20,6,37.8,0.75,0,148.43
TRIP-1428,12302,Howrah Rajdhani Express,RAJ,DHN,HWH,259.0,200.0,23,6,47.5,0.5,0,200.17
TRIP-1429,12802,Purushottam Express,EXP,NDLS,CNB,440.0,350.0,15,6,31.5,0.77,0,357.01
TRIP-1429,12802,Purushottam Express,EXP,CNB,PRYJ,194.5,150.0,21,6,38.8,0.9,0,170.53
TRIP-1429,12802,Purushottam Express,EXP,PRYJ,DDU,153.0,135.0,23,6,59.6,0.64,0,140.1
TRIP-1429,12802,Purushottam Express,EXP,DDU,GAYA,205.0,165.0,2,6,66.3,0.66,0,164.2
TRIP-1429,12802,Purushottam Express,EXP,GAYA,BKSC,149.0,135.0,5,6,66.4,0.37,0,142.5
TRIP-1429,12802,Purushottam Express,EXP,BKSC,PURI,612.0,520.0,7,6,73.1,0.44,0,522.83
TRIP-1430,12004,Lucknow Shatabdi Express,SF,NDLS,GZB,24.5,38.0,17,6,6.7,0.87,0,42.72
TRIP-1430,12004,Lucknow Shatabdi Express,SF,GZB,ALJN,106.3,60.0,17,6,11.0,0.85,0,70.87
TRIP-1430,12004,Lucknow Shatabdi Express,SF,ALJN,CNB,308.6,210.0,19,6,23.1,0.98,0,222.19
TRIP-1430,12004,Lucknow Shatabdi Express,SF,CNB,LKO,71.6,75.0,22,6,36.8,0.83,0,85.77
TRIP-1431,12302,Howrah Rajdhani Express,RAJ,NDLS,CNB,440.0,285.0,21,6,0.0,0.98,0,307.93
TRIP-1431,12302,Howrah Rajdhani Express,RAJ,CNB,PRYJ,194.5,120.0,2,6,22.2,0.74,0,118.35
TRIP-1431,12302,Howrah Rajdhani Express,RAJ,PRYJ,DDU,153.0,105.0,4,6,20.6,0.74,0,103.66
TRIP-1431,12302,Howrah Rajdhani Express,RAJ,DDU,GAYA,205.0,130.0,6,6,21.1,0.7,0,131.93
TRIP-1431,12302,Howrah Rajdhani Express,RAJ,GAYA,DHN,201.0,140.0,8,6,23.9,0.63,0,147.52
TRIP-1431,12302,Howrah Rajdhani Express,RAJ,DHN,HWH,259.0,200.0,10,6,31.3,0.58,0,209.04
TRIP-1432,12802,Purushottam Express,EXP,NDLS,CNB,440.0,350.0,0,0,0.0,0.86,0,343.27
TRIP-1432,12802,Purushottam Express,EXP,CNB,PRYJ,194.5,150.0,5,0,0.0,0.74,0,149.59
TRIP-1432,12802,Purushottam Express,EXP,PRYJ,DDU,153.0,135.0,8,0,0.0,0.8,0,137.57
TRIP-1432,12802,Purushottam Express,EXP,DDU,GAYA,205.0,165.0,10,0,3.0,0.84,0,168.45
TRIP-1432,12802,Purushottam Express,EXP,GAYA,BKSC,149.0,135.0,13,0,7.3,0.44,0,126.67
TRIP-1432,12802,Purushottam Express,EXP,BKSC,PURI,612.0,520.0,15,0,0.0,0.54,0,498.49
TRIP-1433,12951,Mumbai Rajdhani Express,RAJ,BCT,ST,263.0,160.0,6,0,6.6,0.86,0,152.07
TRIP-1433,12951,Mumbai Rajdhani Express,RAJ,ST,BRC,129.0,80.0,8,0,0.0,0.91,0,91.29
TRIP-1433,12951,Mumbai Rajdhani Express,RAJ,BRC,RTM,261.0,195.0,10,0,10.4,0.98,0,205.0
TRIP-1433,12951,Mumbai Rajdhani Express,RAJ,RTM,KOTA,266.0,155.0,13,0,20.2,0.87,0,152.61
TRIP-1433,12951,Mumbai Rajdhani Express,RAJ,KOTA,MTJ,324.0,195.0,16,0,19.0,0.81,0,188.45
TRIP-1433,12951,Mumbai Rajdhani Express,RAJ,MTJ,NDLS,143.0,110.0,19,0,12.7,0.98,0,106.03
TRIP-1434,12004,Lucknow Shatabdi Express,SF,NDLS,GZB,24.5,38.0,8,0,10.0,0.89,0,46.07
TRIP-1434,12004,Lucknow Shatabdi Express,SF,GZB,ALJN,106.3,60.0,8,0,18.0,0.98,0,59.63
TRIP-1434,12004,Lucknow Shatabdi Express,SF,ALJN,CNB,308.6,210.0,9,0,17.3,0.98,0,222.6
TRIP-1434,12004,Lucknow Shatabdi Express,SF,CNB,LKO,71.6,75.0,13,0,31.9,0.89,0,88.83
TRIP-1435,22436,Vande Bharat Express,VB,NDLS,CNB,440.0,240.0,11,0,1.6,0.82,0,244.79
TRIP-1435,22436,Vande Bharat Express,VB,CNB,PRYJ,194.5,100.0,15,0,7.8,0.75,0,93.59
TRIP-1435,22436,Vande Bharat Express,VB,PRYJ,DDU,153.0,90.0,16,0,2.0,0.68,0,90.19
TRIP-1435,22436,Vande Bharat Express,VB,DDU,BSB,18.0,25.0,18,0,4.1,0.98,0,29.17
TRIP-1436,12302,Howrah Rajdhani Express,RAJ,NDLS,CNB,440.0,285.0,15,0,10.0,0.62,0,275.63
TRIP-1436,12302,Howrah Rajdhani Express,RAJ,CNB,PRYJ,194.5,120.0,19,0,2.0,0.96,0,130.96
TRIP-1436,12302,Howrah Rajdhani Express,RAJ,PRYJ,DDU,153.0,105.0,21,0,13.7,0.89,0,111.12
TRIP-1436,12302,Howrah Rajdhani Express,RAJ,DDU,GAYA,205.0,130.0,23,0,19.1,0.83,0,125.68
TRIP-1436,12302,Howrah Rajdhani Express,RAJ,GAYA,DHN,201.0,140.0,2,0,14.9,0.53,0,125.67
TRIP-1436,12302,Howrah Rajdhani Express,RAJ,DHN,HWH,259.0,200.0,4,0,0.6,0.47,0,183.37
TRIP-1437,12802,Purushottam Express,EXP,NDLS,CNB,440.0,350.0,17,0,0.0,0.95,0,369.29
TRIP-1437,12802,Purushottam Express,EXP,CNB,PRYJ,194.5,150.0,23,0,18.9,0.73,0,149.22
TRIP-1437,12802,Purushottam Express,EXP,PRYJ,DDU,153.0,135.0,1,0,18.0,0.62,0,126.31
TRIP-1437,12802,Purushottam Express,EXP,DDU,GAYA,205.0,165.0,3,0,9.6,0.72,0,152.0
TRIP-1437,12802,Purushottam Express,EXP,GAYA,BKSC,149.0,135.0,6,0,0.0,0.5,0,129.01
TRIP-1437,12802,Purushottam Express,EXP,BKSC,PURI,612.0,520.0,8,0,0.0,0.58,0,518.33
TRIP-1438,12802,Purushottam Express,EXP,NDLS,CNB,440.0,350.0,23,0,1.4,0.79,0,343.75
TRIP-1438,12802,Purushottam Express,EXP,CNB,PRYJ,194.5,150.0,4,0,0.0,0.65,0,136.45
TRIP-1438,12802,Purushottam Express,EXP,PRYJ,DDU,153.0,135.0,7,0,0.0,0.8,0,136.42
TRIP-1438,12802,Purushottam Express,EXP,DDU,GAYA,205.0,165.0,9,0,1.1,0.93,0,168.46
TRIP-1438,12802,Purushottam Express,EXP,GAYA,BKSC,149.0,135.0,12,0,3.6,0.64,0,131.03
TRIP-1438,12802,Purushottam Express,EXP,BKSC,PURI,612.0,520.0,14,0,0.0,0.53,0,499.07
TRIP-1439,22436,Vande Bharat Express,VB,NDLS,CNB,440.0,240.0,2,1,30.6,0.63,0,227.43
TRIP-1439,22436,Vande Bharat Express,VB,CNB,PRYJ,194.5,100.0,5,1,19.7,0.89,0,97.94
TRIP-1439,22436,Vande Bharat Express,VB,PRYJ,DDU,153.0,90.0,7,1,17.2,0.75,0,86.06
TRIP-1439,22436,Vande Bharat Express,VB,DDU,BSB,18.0,25.0,9,1,13.3,0.98,0,27.96
TRIP-1440,22436,Vande Bharat Express,VB,NDLS,CNB,440.0,240.0,8,1,10.0,0.86,0,241.34
TRIP-1440,22436,Vande Bharat Express,VB,CNB,PRYJ,194.5,100.0,12,1,12.0,0.66,0,92.78
TRIP-1440,22436,Vande Bharat Express,VB,PRYJ,DDU,153.0,90.0,13,1,4.2,0.74,0,94.63
TRIP-1440,22436,Vande Bharat Express,VB,DDU,BSB,18.0,25.0,15,1,7.9,0.78,0,17.47
TRIP-1441,22436,Vande Bharat Express,VB,NDLS,CNB,440.0,240.0,11,1,0.0,0.89,0,247.62
TRIP-1441,22436,Vande Bharat Express,VB,CNB,PRYJ,194.5,100.0,15,1,8.9,0.62,0,95.23
TRIP-1441,22436,Vande Bharat Express,VB,PRYJ,DDU,153.0,90.0,16,1,4.8,0.75,0,92.07
TRIP-1441,22436,Vande Bharat Express,VB,DDU,BSB,18.0,25.0,18,1,7.3,0.86,0,28.2
TRIP-1442,12004,Lucknow Shatabdi Express,SF,NDLS,GZB,24.5,38.0,15,1,35.1,0.71,0,45.89
TRIP-1442,12004,Lucknow Shatabdi Express,SF,GZB,ALJN,106.3,60.0,15,1,43.6,0.67,0,65.44
TRIP-1442,12004,Lucknow Shatabdi Express,SF,ALJN,CNB,308.6,210.0,17,1,51.1,0.82,0,219.09
TRIP-1442,12004,Lucknow Shatabdi Express,SF,CNB,LKO,71.6,75.0,20,1,62.1,0.98,0,93.22
TRIP-1443,12802,Purushottam Express,EXP,NDLS,CNB,440.0,350.0,19,1,0.0,0.98,0,362.79
TRIP-1443,12802,Purushottam Express,EXP,CNB,PRYJ,194.5,150.0,1,1,13.8,0.85,0,137.88
TRIP-1443,12802,Purushottam Express,EXP,PRYJ,DDU,153.0,135.0,3,1,2.5,0.68,0,127.51
TRIP-1443,12802,Purushottam Express,EXP,DDU,GAYA,205.0,165.0,5,1,0.0,0.89,0,166.34
TRIP-1443,12802,Purushottam Express,EXP,GAYA,BKSC,149.0,135.0,8,1,1.3,0.6,0,136.07
TRIP-1443,12802,Purushottam Express,EXP,BKSC,PURI,612.0,520.0,10,1,3.2,0.82,0,525.13
TRIP-1444,12004,Lucknow Shatabdi Express,SF,NDLS,GZB,24.5,38.0,1,2,2.0,0.9,0,39.66
TRIP-1444,12004,Lucknow Shatabdi Express,SF,GZB,ALJN,106.3,60.0,1,2,3.6,0.86,0,58.46
TRIP-1444,12004,Lucknow Shatabdi Express,SF,ALJN,CNB,308.6,210.0,2,2,1.7,0.74,0,193.74
TRIP-1444,12004,Lucknow Shatabdi Express,SF,CNB,LKO,71.6,75.0,6,2,0.0,0.65,0,73.9
TRIP-1445,12004,Lucknow Shatabdi Express,SF,NDLS,GZB,24.5,38.0,4,2,0.0,0.77,0,41.55
TRIP-1445,12004,Lucknow Shatabdi Express,SF,GZB,ALJN,106.3,60.0,4,2,3.4,0.7,0,61.9
TRIP-1445,12004,Lucknow Shatabdi Express,SF,ALJN,CNB,308.6,210.0,5,2,5.4,0.66,0,203.86
TRIP-1445,12004,Lucknow Shatabdi Express,SF,CNB,LKO,71.6,75.0,9,2,0.7,0.98,0,79.49
TRIP-1446,12004,Lucknow Shatabdi Express,SF,NDLS,GZB,24.5,38.0,7,2,10.0,0.72,0,40.05
TRIP-1446,12004,Lucknow Shatabdi Express,SF,GZB,ALJN,106.3,60.0,7,2,13.5,0.66,0,58.8
TRIP-1446,12004,Lucknow Shatabdi Express,SF,ALJN,CNB,308.6,210.0,8,2,11.7,0.82,0,220.5
TRIP-1446,12004,Lucknow Shatabdi Express,SF,CNB,LKO,71.6,75.0,12,2,23.5,0.85,0,83.41
TRIP-1447,12004,Lucknow Shatabdi Express,SF,NDLS,GZB,24.5,38.0,10,2,0.0,0.98,0,48.55
TRIP-1447,12004,Lucknow Shatabdi Express,SF,GZB,ALJN,106.3,60.0,10,2,12.4,0.86,0,67.25
TRIP-1447,12004,Lucknow Shatabdi Express,SF,ALJN,CNB,308.6,210.0,12,2,21.0,0.73,0,202.85
TRIP-1447,12004,Lucknow Shatabdi Express,SF,CNB,LKO,71.6,75.0,15,2,15.9,0.73,0,73.62
TRIP-1448,12802,Purushottam Express,EXP,NDLS,CNB,440.0,350.0,13,2,8.9,0.6,0,334.7
TRIP-1448,12802,Purushottam Express,EXP,CNB,PRYJ,194.5,150.0,18,2,0.0,0.98,0,157.07
TRIP-1448,12802,Purushottam Express,EXP,PRYJ,DDU,153.0,135.0,21,2,7.0,0.84,0,144.6
TRIP-1448,12802,Purushottam Express,EXP,DDU,GAYA,205.0,165.0,23,2,16.4,0.63,0,162.57
TRIP-1448,12802,Purushottam Express,EXP,GAYA,BKSC,149.0,135.0,2,2,14.2,0.63,0,121.35
TRIP-1448,12802,Purushottam Express,EXP,BKSC,PURI,612.0,520.0,4,2,0.0,0.53,0,472.19
TRIP-1449,22436,Vande Bharat Express,VB,NDLS,CNB,440.0,240.0,17,2,1.8,0.84,0,249.31
TRIP-1449,22436,Vande Bharat Express,VB,CNB,PRYJ,194.5,100.0,21,2,12.1,0.98,0,104.95
TRIP-1449,22436,Vande Bharat Express,VB,PRYJ,DDU,153.0,90.0,23,2,17.8,0.83,0,85.88
TRIP-1449,22436,Vande Bharat Express,VB,DDU,BSB,18.0,25.0,0,2,15.4,0.72,0,24.3
TRIP-1450,12004,Lucknow Shatabdi Express,SF,NDLS,GZB,24.5,38.0,21,2,33.4,0.83,0,46.11
TRIP-1450,12004,Lucknow Shatabdi Express,SF,GZB,ALJN,106.3,60.0,21,2,41.5,0.81,0,71.79
TRIP-1450,12004,Lucknow Shatabdi Express,SF,ALJN,CNB,308.6,210.0,23,2,54.8,0.66,0,211.49
TRIP-1450,12004,Lucknow Shatabdi Express,SF,CNB,LKO,71.6,75.0,2,2,57.6,0.88,0,80.61
TRIP-1451,12802,Purushottam Express,EXP,NDLS,CNB,440.0,350.0,1,3,8.3,0.61,0,327.33
TRIP-1451,12802,Purushottam Express,EXP,CNB,PRYJ,194.5,150.0,6,3,0.0,0.68,0,142.59
TRIP-1451,12802,Purushottam Express,EXP,PRYJ,DDU,153.0,135.0,8,3,0.0,0.92,0,149.55
TRIP-1451,12802,Purushottam Express,EXP,DDU,GAYA,205.0,165.0,11,3,16.2,0.98,0,173.65
TRIP-1451,12802,Purushottam Express,EXP,GAYA,BKSC,149.0,135.0,14,3,24.7,0.36,0,126.95
TRIP-1451,12802,Purushottam Express,EXP,BKSC,PURI,612.0,520.0,16,3,18.4,0.54,0,496.93
TRIP-1452,22436,Vande Bharat Express,VB,NDLS,CNB,440.0,240.0,5,3,3.6,0.82,0,235.02
TRIP-1452,22436,Vande Bharat Express,VB,CNB,PRYJ,194.5,100.0,9,3,0.4,0.86,0,103.12
TRIP-1452,22436,Vande Bharat Express,VB,PRYJ,DDU,153.0,90.0,10,3,5.3,0.97,0,91.23
TRIP-1452,22436,Vande Bharat Express,VB,DDU,BSB,18.0,25.0,12,3,5.6,0.62,0,24.17
TRIP-1453,12951,Mumbai Rajdhani Express,RAJ,BCT,ST,263.0,160.0,11,3,0.0,0.98,0,171.03
TRIP-1453,12951,Mumbai Rajdhani Express,RAJ,ST,BRC,129.0,80.0,13,3,13.0,0.7,0,79.41
TRIP-1453,12951,Mumbai Rajdhani Express,RAJ,BRC,RTM,261.0,195.0,15,3,12.0,0.81,0,189.33
TRIP-1453,12951,Mumbai Rajdhani Express,RAJ,RTM,KOTA,266.0,155.0,18,3,6.7,0.89,0,153.7
TRIP-1453,12951,Mumbai Rajdhani Express,RAJ,KOTA,MTJ,324.0,195.0,21,3,4.4,0.96,0,207.62
TRIP-1453,12951,Mumbai Rajdhani Express,RAJ,MTJ,NDLS,143.0,110.0,0,3,18.1,0.8,0,102.78
TRIP-1454,12302,Howrah Rajdhani Express,RAJ,NDLS,CNB,440.0,285.0,17,3,10.0,0.83,0,286.87
TRIP-1454,12302,Howrah Rajdhani Express,RAJ,CNB,PRYJ,194.5,120.0,21,3,11.9,0.98,0,121.85
TRIP-1454,12302,Howrah Rajdhani Express,RAJ,PRYJ,DDU,153.0,105.0,23,3,15.0,0.67,0,97.08
TRIP-1454,12302,Howrah Rajdhani Express,RAJ,DDU,GAYA,205.0,130.0,1,3,7.6,0.88,0,119.84
TRIP-1454,12302,Howrah Rajdhani Express,RAJ,GAYA,DHN,201.0,140.0,3,3,0.0,0.48,0,131.54
TRIP-1454,12302,Howrah Rajdhani Express,RAJ,DHN,HWH,259.0,200.0,6,3,0.0,0.59,0,193.75
TRIP-1455,12802,Purushottam Express,EXP,NDLS,CNB,440.0,350.0,23,3,3.0,0.88,0,340.2
TRIP-1455,12802,Purushottam Express,EXP,CNB,PRYJ,194.5,150.0,4,3,0.0,0.68,0,139.49
TRIP-1455,12802,Purushottam Express,EXP,PRYJ,DDU,153.0,135.0,7,3,0.0,0.65,0,135.41
TRIP-1455,12802,Purushottam Express,EXP,DDU,GAYA,205.0,165.0,9,3,0.8,0.9,0,171.89
TRIP-1455,12802,Purushottam Express,EXP,GAYA,BKSC,149.0,135.0,12,3,8.3,0.39,0,126.78
TRIP-1455,12802,Purushottam Express,EXP,BKSC,PURI,612.0,520.0,14,3,0.0,0.37,0,499.82
TRIP-1456,12951,Mumbai Rajdhani Express,RAJ,BCT,ST,263.0,160.0,3,4,6.0,0.63,0,149.01
TRIP-1456,12951,Mumbai Rajdhani Express,RAJ,ST,BRC,129.0,80.0,5,4,0.0,0.85,0,83.97
TRIP-1456,12951,Mumbai Rajdhani Express,RAJ,BRC,RTM,261.0,195.0,7,4,3.9,0.67,0,191.38
TRIP-1456,12951,Mumbai Rajdhani Express,RAJ,RTM,KOTA,266.0,155.0,10,4,0.0,0.94,0,165.77
TRIP-1456,12951,Mumbai Rajdhani Express,RAJ,KOTA,MTJ,324.0,195.0,13,4,11.6,0.88,0,192.36
TRIP-1456,12951,Mumbai Rajdhani Express,RAJ,MTJ,NDLS,143.0,110.0,16,4,8.5,0.87,0,115.73
TRIP-1457,12802,Purushottam Express,EXP,NDLS,CNB,440.0,350.0,9,4,0.8,0.84,0,364.3
TRIP-1457,12802,Purushottam Express,EXP,CNB,PRYJ,194.5,150.0,15,4,14.3,0.8,0,155.59
TRIP-1457,12802,Purushottam Express,EXP,PRYJ,DDU,153.0,135.0,17,4,19.5,0.9,0,142.07
TRIP-1457,12802,Purushottam Express,EXP,DDU,GAYA,205.0,165.0,20,4,27.5,0.93,0,177.75
TRIP-1457,12802,Purushottam Express,EXP,GAYA,BKSC,149.0,135.0,23,4,41.1,0.63,0,142.34
TRIP-1457,12802,Purushottam Express,EXP,BKSC,PURI,612.0,520.0,1,4,48.5,0.57,0,490.6
TRIP-1458,12004,Lucknow Shatabdi Express,SF,NDLS,GZB,24.5,38.0,13,4,0.0,0.65,0,41.92
TRIP-1458,12004,Lucknow Shatabdi Express,SF,GZB,ALJN,106.3,60.0,13,4,5.0,0.87,0,65.6
TRIP-1458,12004,Lucknow Shatabdi Express,SF,ALJN,CNB,308.6,210.0,14,4,10.3,0.76,0,206.49
TRIP-1458,12004,Lucknow Shatabdi Express,SF,CNB,LKO,71.6,75.0,18,4,6.7,0.85,0,81.67
TRIP-1459,12302,Howrah Rajdhani Express,RAJ,NDLS,CNB,440.0,285.0,16,4,10.1,0.73,0,281.32
TRIP-1459,12302,Howrah Rajdhani Express,RAJ,CNB,PRYJ,194.5,120.0,20,4,7.6,0.82,0,122.39
TRIP-1459,12302,Howrah Rajdhani Express,RAJ,PRYJ,DDU,153.0,105.0,22,4,10.4,0.78,0,99.06
TRIP-1459,12302,Howrah Rajdhani Express,RAJ,DDU,GAYA,205.0,130.0,0,4,4.3,0.62,0,129.09
TRIP-1459,12302,Howrah Rajdhani Express,RAJ,GAYA,DHN,201.0,140.0,2,4,5.3,0.48,0,125.76
TRIP-1459,12302,Howrah Rajdhani Express,RAJ,DHN,HWH,259.0,200.0,5,4,0.0,0.52,0,196.63
TRIP-1460,12802,Purushottam Express,EXP,NDLS,CNB,440.0,350.0,22,4,0.0,0.83,0,344.42
TRIP-1460,12802,Purushottam Express,EXP,CNB,PRYJ,194.5,150.0,3,4,0.0,0.65,0,141.61
TRIP-1460,12802,Purushottam Express,EXP,PRYJ,DDU,153.0,135.0,6,4,0.0,0.69,0,136.27
TRIP-1460,12802,Purushottam Express,EXP,DDU,GAYA,205.0,165.0,8,4,0.8,0.88,0,179.29
TRIP-1460,12802,Purushottam Express,EXP,GAYA,BKSC,149.0,135.0,11,4,15.9,0.69,0,137.62
TRIP-1460,12802,Purushottam Express,EXP,BKSC,PURI,612.0,520.0,14,4,18.3,0.63,0,507.32
TRIP-1461,12302,Howrah Rajdhani Express,RAJ,NDLS,CNB,440.0,285.0,4,5,0.0,0.72,0,265.38
TRIP-1461,12302,Howrah Rajdhani Express,RAJ,CNB,PRYJ,194.5,120.0,8,5,0.0,0.9,0,126.39
TRIP-1461,12302,Howrah Rajdhani Express,RAJ,PRYJ,DDU,153.0,105.0,10,5,6.8,0.87,0,107.37
TRIP-1461,12302,Howrah Rajdhani Express,RAJ,DDU,GAYA,205.0,130.0,12,5,9.7,0.72,0,121.28
TRIP-1461,12302,Howrah Rajdhani Express,RAJ,GAYA,DHN,201.0,140.0,14,5,1.8,0.55,0,133.18
TRIP-1461,12302,Howrah Rajdhani Express,RAJ,DHN,HWH,259.0,200.0,16,5,0.0,0.61,0,190.67
TRIP-1462,22436,Vande Bharat Express,VB,NDLS,CNB,440.0,240.0,8,5,1.2,0.98,0,248.2
TRIP-1462,22436,Vande Bharat Express,VB,CNB,PRYJ,194.5,100.0,12,5,10.7,0.84,0,97.67
TRIP-1462,22436,Vande Bharat Express,VB,PRYJ,DDU,153.0,90.0,13,5,7.7,0.63,0,86.46
TRIP-1462,22436,Vande Bharat Express,VB,DDU,BSB,18.0,25.0,15,5,3.6,0.89,0,33.25
TRIP-1463,12004,Lucknow Shatabdi Express,SF,NDLS,GZB,24.5,38.0,14,5,7.8,0.84,0,47.05
TRIP-1463,12004,Lucknow Shatabdi Express,SF,GZB,ALJN,106.3,60.0,14,5,18.5,0.77,0,63.89
TRIP-1463,12004,Lucknow Shatabdi Express,SF,ALJN,CNB,308.6,210.0,16,5,22.6,0.78,0,207.43
TRIP-1463,12004,Lucknow Shatabdi Express,SF,CNB,LKO,71.6,75.0,19,5,20.5,0.98,0,81.72
TRIP-1464,12004,Lucknow Shatabdi Express,SF,NDLS,GZB,24.5,38.0,17,5,1.6,0.93,0,46.51
TRIP-1464,12004,Lucknow Shatabdi Express,SF,GZB,ALJN,106.3,60.0,17,5,10.4,0.98,0,67.87
TRIP-1464,12004,Lucknow Shatabdi Express,SF,ALJN,CNB,308.6,210.0,19,5,18.3,0.98,0,219.66
TRIP-1464,12004,Lucknow Shatabdi Express,SF,CNB,LKO,71.6,75.0,22,5,27.5,0.69,0,75.0
TRIP-1465,12004,Lucknow Shatabdi Express,SF,NDLS,GZB,24.5,38.0,19,5,0.0,0.89,0,45.5
TRIP-1465,12004,Lucknow Shatabdi Express,SF,GZB,ALJN,106.3,60.0,19,5,7.1,0.98,0,66.83
TRIP-1465,12004,Lucknow Shatabdi Express,SF,ALJN,CNB,308.6,210.0,21,5,14.8,0.89,0,217.27
TRIP-1465,12004,Lucknow Shatabdi Express,SF,CNB,LKO,71.6,75.0,0,5,23.2,0.89,0,77.87
TRIP-1466,12302,Howrah Rajdhani Express,RAJ,NDLS,CNB,440.0,285.0,23,5,4.1,0.73,0,276.03
TRIP-1466,12302,Howrah Rajdhani Express,RAJ,CNB,PRYJ,194.5,120.0,3,5,0.0,0.88,0,117.08
TRIP-1466,12302,Howrah Rajdhani Express,RAJ,PRYJ,DDU,153.0,105.0,5,5,0.0,0.89,0,108.41
TRIP-1466,12302,Howrah Rajdhani Express,RAJ,DDU,GAYA,205.0,130.0,7,5,3.0,0.75,0,125.35
TRIP-1466,12302,Howrah Rajdhani Express,RAJ,GAYA,DHN,201.0,140.0,9,5,0.1,0.65,0,139.88
TRIP-1466,12302,Howrah Rajdhani Express,RAJ,DHN,HWH,259.0,200.0,12,5,0.0,0.62,0,191.86
TRIP-1467,22436,Vande Bharat Express,VB,NDLS,CNB,440.0,240.0,5,6,1.0,0.88,0,239.9
TRIP-1467,22436,Vande Bharat Express,VB,CNB,PRYJ,194.5,100.0,9,6,2.5,0.91,0,105.64
TRIP-1467,22436,Vande Bharat Express,VB,PRYJ,DDU,153.0,90.0,10,6,7.1,0.98,0,97.17
TRIP-1467,22436,Vande Bharat Express,VB,DDU,BSB,18.0,25.0,12,6,13.8,0.65,0,21.59
TRIP-1468,22436,Vande Bharat Express,VB,NDLS,CNB,440.0,240.0,11,6,4.3,0.98,0,256.79
TRIP-1468,22436,Vande Bharat Express,VB,CNB,PRYJ,194.5,100.0,15,6,21.8,0.86,0,105.05
TRIP-1468,22436,Vande Bharat Express,VB,PRYJ,DDU,153.0,90.0,17,6,27.9,0.96,0,94.38
TRIP-1468,22436,Vande Bharat Express,VB,DDU,BSB,18.0,25.0,18,6,32.2,0.91,0,31.36
TRIP-1469,22436,Vande Bharat Express,VB,NDLS,CNB,440.0,240.0,14,6,0.0,0.79,0,245.67
TRIP-1469,22436,Vande Bharat Express,VB,CNB,PRYJ,194.5,100.0,18,6,6.0,0.98,0,111.42
TRIP-1469,22436,Vande Bharat Express,VB,PRYJ,DDU,153.0,90.0,20,6,16.9,0.97,0,95.14
TRIP-1469,22436,Vande Bharat Express,VB,DDU,BSB,18.0,25.0,21,6,23.8,0.92,0,32.03
TRIP-1470,12004,Lucknow Shatabdi Express,SF,NDLS,GZB,24.5,38.0,17,6,2.4,0.81,0,46.99
TRIP-1470,12004,Lucknow Shatabdi Express,SF,GZB,ALJN,106.3,60.0,17,6,11.2,0.86,0,67.24
TRIP-1470,12004,Lucknow Shatabdi Express,SF,ALJN,CNB,308.6,210.0,19,6,18.5,0.98,0,227.07
TRIP-1470,12004,Lucknow Shatabdi Express,SF,CNB,LKO,71.6,75.0,22,6,36.6,0.72,0,84.29
TRIP-1471,22436,Vande Bharat Express,VB,NDLS,CNB,440.0,240.0,23,6,19.6,0.85,0,236.09
TRIP-1471,22436,Vande Bharat Express,VB,CNB,PRYJ,194.5,100.0,3,6,15.2,0.75,0,94.96
TRIP-1471,22436,Vande Bharat Express,VB,PRYJ,DDU,153.0,90.0,4,6,9.2,0.7,0,81.26
TRIP-1471,22436,Vande Bharat Express,VB,DDU,BSB,18.0,25.0,6,6,0.5,0.65,0,25.24
TRIP-1472,12951,Mumbai Rajdhani Express,RAJ,BCT,ST,263.0,160.0,3,0,10.0,0.62,0,142.91
TRIP-1472,12951,Mumbai Rajdhani Express,RAJ,ST,BRC,129.0,80.0,5,0,0.0,0.83,0,80.05
TRIP-1472,12951,Mumbai Rajdhani Express,RAJ,BRC,RTM,261.0,195.0,6,0,1.0,0.72,0,193.64
TRIP-1472,12951,Mumbai Rajdhani Express,RAJ,RTM,KOTA,266.0,155.0,10,0,0.0,0.93,0,159.5
TRIP-1472,12951,Mumbai Rajdhani Express,RAJ,KOTA,MTJ,324.0,195.0,12,0,5.1,0.7,0,187.18
TRIP-1472,12951,Mumbai Rajdhani Express,RAJ,MTJ,NDLS,143.0,110.0,16,0,0.0,0.62,0,106.26
TRIP-1473,12802,Purushottam Express,EXP,NDLS,CNB,440.0,350.0,9,0,3.0,0.98,0,358.61
TRIP-1473,12802,Purushottam Express,EXP,CNB,PRYJ,194.5,150.0,15,0,12.6,0.65,0,152.46
TRIP-1473,12802,Purushottam Express,EXP,PRYJ,DDU,153.0,135.0,17,0,17.0,0.98,0,137.76
TRIP-1473,12802,Purushottam Express,EXP,DDU,GAYA,205.0,165.0,20,0,21.5,0.82,0,171.37
TRIP-1473,12802,Purushottam Express,EXP,GAYA,BKSC,149.0,135.0,23,0,27.1,0.38,0,125.54
TRIP-1473,12802,Purushottam Express,EXP,BKSC,PURI,612.0,520.0,1,0,18.8,0.63,0,478.02
TRIP-1474,22436,Vande Bharat Express,VB,NDLS,CNB,440.0,240.0,13,0,5.1,0.61,0,228.18
TRIP-1474,22436,Vande Bharat Express,VB,CNB,PRYJ,194.5,100.0,16,0,0.0,0.64,0,99.19
TRIP-1474,22436,Vande Bharat Express,VB,PRYJ,DDU,153.0,90.0,18,0,0.0,0.96,0,93.72
TRIP-1474,22436,Vande Bharat Express,VB,DDU,BSB,18.0,25.0,20,0,3.9,0.86,0,29.66
TRIP-1475,12802,Purushottam Express,EXP,NDLS,CNB,440.0,350.0,19,0,0.0,0.98,0,358.9
TRIP-1475,12802,Purushottam Express,EXP,CNB,PRYJ,194.5,150.0,1,0,10.1,0.83,0,139.87
TRIP-1475,12802,Purushottam Express,EXP,PRYJ,DDU,153.0,135.0,3,0,0.0,0.61,0,120.07
TRIP-1475,12802,Purushottam Express,EXP,DDU,GAYA,205.0,165.0,5,0,0.0,0.75,0,163.37
TRIP-1475,12802,Purushottam Express,EXP,GAYA,BKSC,149.0,135.0,8,0,0.0,0.72,0,138.25
TRIP-1475,12802,Purushottam Express,EXP,BKSC,PURI,612.0,520.0,10,0,3.9,0.8,0,525.62
TRIP-1476,12951,Mumbai Rajdhani Express,RAJ,BCT,ST,263.0,160.0,1,1,2.7,0.6,0,152.13
TRIP-1476,12951,Mumbai Rajdhani Express,RAJ,ST,BRC,129.0,80.0,3,1,0.0,0.87,0,78.52
TRIP-1476,12951,Mumbai Rajdhani Express,RAJ,BRC,RTM,261.0,195.0,5,1,0.0,0.64,0,189.8
TRIP-1476,12951,Mumbai Rajdhani Express,RAJ,RTM,KOTA,266.0,155.0,8,1,0.0,0.98,0,162.21
TRIP-1476,12951,Mumbai Rajdhani Express,RAJ,KOTA,MTJ,324.0,195.0,11,1,7.6,0.89,0,195.92
TRIP-1476,12951,Mumbai Rajdhani Express,RAJ,MTJ,NDLS,143.0,110.0,14,1,10.5,0.84,0,103.94
TRIP-1477,12802,Purushottam Express,EXP,NDLS,CNB,440.0,350.0,3,1,0.0,0.68,0,321.57
TRIP-1477,12802,Purushottam Express,EXP,CNB,PRYJ,194.5,150.0,8,1,0.0,0.98,0,156.99
TRIP-1477,12802,Purushottam Express,EXP,PRYJ,DDU,153.0,135.0,11,1,6.7,0.98,0,146.49
TRIP-1477,12802,Purushottam Express,EXP,DDU,GAYA,205.0,165.0,13,1,20.1,0.67,0,161.73
TRIP-1477,12802,Purushottam Express,EXP,GAYA,BKSC,149.0,135.0,16,1,18.0,0.55,0,127.68
TRIP-1477,12802,Purushottam Express,EXP,BKSC,PURI,612.0,520.0,18,1,10.7,0.6,0,516.38
TRIP-1478,12802,Purushottam Express,EXP,NDLS,CNB,440.0,350.0,5,1,12.5,0.7,0,338.07
TRIP-1478,12802,Purushottam Express,EXP,CNB,PRYJ,194.5,150.0,10,1,0.0,0.9,0,152.64
TRIP-1478,12802,Purushottam Express,EXP,PRYJ,DDU,153.0,135.0,13,1,2.2,0.82,0,136.65
TRIP-1478,12802,Purushottam Express,EXP,DDU,GAYA,205.0,165.0,15,1,4.6,0.89,0,163.81
TRIP-1478,12802,Purushottam Express,EXP,GAYA,BKSC,149.0,135.0,18,1,4.6,0.84,0,136.43
TRIP-1478,12802,Purushottam Express,EXP,BKSC,PURI,612.0,520.0,20,1,6.0,0.6,0,518.2
TRIP-1479,12302,Howrah Rajdhani Express,RAJ,NDLS,CNB,440.0,285.0,9,1,10.0,0.96,0,294.79
TRIP-1479,12302,Howrah Rajdhani Express,RAJ,CNB,PRYJ,194.5,120.0,13,1,19.0,0.79,0,115.61
TRIP-1479,12302,Howrah Rajdhani Express,RAJ,PRYJ,DDU,153.0,105.0,16,1,16.5,0.86,0,102.59
TRIP-1479,12302,Howrah Rajdhani Express,RAJ,DDU,GAYA,205.0,130.0,17,1,13.4,0.96,0,127.69
TRIP-1479,12302,Howrah Rajdhani Express,RAJ,GAYA,DHN,201.0,140.0,20,1,10.7,0.84,0,135.26
TRIP-1479,12302,Howrah Rajdhani Express,RAJ,DHN,HWH,259.0,200.0,22,1,6.6,0.41,0,186.76
TRIP-1480,12302,Howrah Rajdhani Express,RAJ,NDLS,CNB,440.0,285.0,11,1,4.6,0.98,0,304.81
TRIP-1480,12302,Howrah Rajdhani Express,RAJ,CNB,PRYJ,194.5,120.0,16,1,25.0,0.69,0,120.09
TRIP-1480,12302,Howrah Rajdhani Express,RAJ,PRYJ,DDU,153.0,105.0,18,1,25.6,0.83,0,106.19
TRIP-1480,12302,Howrah Rajdhani Express,RAJ,DDU,GAYA,205.0,130.0,20,1,27.2,0.98,0,135.65
TRIP-1480,12302,Howrah Rajdhani Express,RAJ,GAYA,DHN,201.0,140.0,22,1,33.6,0.48,0,143.43
TRIP-1480,12302,Howrah Rajdhani Express,RAJ,DHN,HWH,259.0,200.0,0,1,36.2,0.5,0,196.67
TRIP-1481,12004,Lucknow Shatabdi Express,SF,NDLS,GZB,24.5,38.0,13,1,1.7,0.75,0,45.88
TRIP-1481,12004,Lucknow Shatabdi Express,SF,GZB,ALJN,106.3,60.0,13,1,11.1,0.69,0,59.48
TRIP-1481,12004,Lucknow Shatabdi Express,SF,ALJN,CNB,308.6,210.0,14,1,10.7,0.85,0,207.56
TRIP-1481,12004,Lucknow Shatabdi Express,SF,CNB,LKO,71.6,75.0,18,1,8.9,0.93,0,78.49
TRIP-1482,22436,Vande Bharat Express,VB,NDLS,CNB,440.0,240.0,19,1,5.8,0.88,0,245.83
TRIP-1482,22436,Vande Bharat Express,VB,CNB,PRYJ,194.5,100.0,23,1,10.6,0.82,0,91.41
TRIP-1482,22436,Vande Bharat Express,VB,PRYJ,DDU,153.0,90.0,0,1,1.8,0.71,0,91.43
TRIP-1482,22436,Vande Bharat Express,VB,DDU,BSB,18.0,25.0,2,1,3.4,0.7,0,27.49
TRIP-1483,12302,Howrah Rajdhani Express,RAJ,NDLS,CNB,440.0,285.0,23,1,0.9,0.86,0,278.5
TRIP-1483,12302,Howrah Rajdhani Express,RAJ,CNB,PRYJ,194.5,120.0,3,1,0.0,0.77,0,114.75
TRIP-1483,12302,Howrah Rajdhani Express,RAJ,PRYJ,DDU,153.0,105.0,5,1,0.0,0.79,0,105.33
TRIP-1483,12302,Howrah Rajdhani Express,RAJ,DDU,GAYA,205.0,130.0,7,1,0.7,0.69,0,133.17
TRIP-1483,12302,Howrah Rajdhani Express,RAJ,GAYA,DHN,201.0,140.0,9,1,3.4,0.74,0,138.03
TRIP-1483,12302,Howrah Rajdhani Express,RAJ,DHN,HWH,259.0,200.0,12,1,3.1,0.37,0,189.61
TRIP-1484,22436,Vande Bharat Express,VB,NDLS,CNB,440.0,240.0,1,2,0.0,0.6,0,223.57
TRIP-1484,22436,Vande Bharat Express,VB,CNB,PRYJ,194.5,100.0,4,2,0.0,0.71,0,92.52
TRIP-1484,22436,Vande Bharat Express,VB,PRYJ,DDU,153.0,90.0,6,2,0.0,0.86,0,86.47
TRIP-1484,22436,Vande Bharat Express,VB,DDU,BSB,18.0,25.0,7,2,0.0,0.64,0,25.96
TRIP-1485,12951,Mumbai Rajdhani Express,RAJ,BCT,ST,263.0,160.0,3,2,42.2,0.83,0,158.26
TRIP-1485,12951,Mumbai Rajdhani Express,RAJ,ST,BRC,129.0,80.0,5,2,42.0,0.81,0,92.87
TRIP-1485,12951,Mumbai Rajdhani Express,RAJ,BRC,RTM,261.0,195.0,7,2,54.7,0.7,0,195.8
TRIP-1485,12951,Mumbai Rajdhani Express,RAJ,RTM,KOTA,266.0,155.0,10,2,55.3,0.96,0,173.48
TRIP-1485,12951,Mumbai Rajdhani Express,RAJ,KOTA,MTJ,324.0,195.0,13,2,75.4,0.73,0,196.64
TRIP-1485,12951,Mumbai Rajdhani Express,RAJ,MTJ,NDLS,143.0,110.0,17,2,78.8,0.98,0,127.21
TRIP-1486,12951,Mumbai Rajdhani Express,RAJ,BCT,ST,263.0,160.0,7,2,0.0,0.84,0,162.23
TRIP-1486,12951,Mumbai Rajdhani Express,RAJ,ST,BRC,129.0,80.0,9,2,1.3,0.83,0,86.93
TRIP-1486,12951,Mumbai Rajdhani Express,RAJ,BRC,RTM,261.0,195.0,11,2,8.1,0.98,0,201.27
TRIP-1486,12951,Mumbai Rajdhani Express,RAJ,RTM,KOTA,266.0,155.0,14,2,15.1,0.76,0,154.97
TRIP-1486,12951,Mumbai Rajdhani Express,RAJ,KOTA,MTJ,324.0,195.0,17,2,15.4,0.85,0,198.7
TRIP-1486,12951,Mumbai Rajdhani Express,RAJ,MTJ,NDLS,143.0,110.0,20,2,18.1,0.83,0,107.66
TRIP-1487,12951,Mumbai Rajdhani Express,RAJ,BCT,ST,263.0,160.0,13,2,2.5,0.9,0,158.95
TRIP-1487,12951,Mumbai Rajdhani Express,RAJ,ST,BRC,129.0,80.0,15,2,2.5,0.67,0,79.57
TRIP-1487,12951,Mumbai Rajdhani Express,RAJ,BRC,RTM,261.0,195.0,17,2,1.9,0.93,0,205.45
TRIP-1487,12951,Mumbai Rajdhani Express,RAJ,RTM,KOTA,266.0,155.0,20,2,12.4,0.98,0,155.4
TRIP-1487,12951,Mumbai Rajdhani Express,RAJ,KOTA,MTJ,324.0,195.0,23,2,13.8,0.65,0,188.54
TRIP-1487,12951,Mumbai Rajdhani Express,RAJ,MTJ,NDLS,143.0,110.0,2,2,9.1,0.77,0,101.86
TRIP-1488,12302,Howrah Rajdhani Express,RAJ,NDLS,CNB,440.0,285.0,16,2,26.2,0.61,0,283.76
TRIP-1488,12302,Howrah Rajdhani Express,RAJ,CNB,PRYJ,194.5,120.0,20,2,25.4,0.98,0,124.9
TRIP-1488,12302,Howrah Rajdhani Express,RAJ,PRYJ,DDU,153.0,105.0,22,2,30.0,0.64,0,107.07
TRIP-1488,12302,Howrah Rajdhani Express,RAJ,DDU,GAYA,205.0,130.0,0,2,33.7,0.85,0,129.99
TRIP-1488,12302,Howrah Rajdhani Express,RAJ,GAYA,DHN,201.0,140.0,3,2,33.6,0.49,0,127.87
TRIP-1488,12302,Howrah Rajdhani Express,RAJ,DHN,HWH,259.0,200.0,5,2,21.6,0.59,0,190.97
TRIP-1489,12802,Purushottam Express,EXP,NDLS,CNB,440.0,350.0,22,2,10.0,0.87,0,343.35
TRIP-1489,12802,Purushottam Express,EXP,CNB,PRYJ,194.5,150.0,3,2,4.4,0.77,0,142.2
TRIP-1489,12802,Purushottam Express,EXP,PRYJ,DDU,153.0,135.0,6,2,0.0,0.66,0,129.23
TRIP-1489,12802,Purushottam Express,EXP,DDU,GAYA,205.0,165.0,8,2,0.0,0.86,0,173.25
TRIP-1489,12802,Purushottam Express,EXP,GAYA,BKSC,149.0,135.0,11,2,7.4,0.66,0,132.79
TRIP-1489,12802,Purushottam Express,EXP,BKSC,PURI,612.0,520.0,13,2,6.0,0.52,0,495.56
TRIP-1490,12802,Purushottam Express,EXP,NDLS,CNB,440.0,350.0,1,3,0.0,0.89,0,325.64
TRIP-1490,12802,Purushottam Express,EXP,CNB,PRYJ,194.5,150.0,6,3,0.0,0.83,0,149.96
TRIP-1490,12802,Purushottam Express,EXP,PRYJ,DDU,153.0,135.0,9,3,0.4,0.98,0,145.81
TRIP-1490,12802,Purushottam Express,EXP,DDU,GAYA,205.0,165.0,11,3,11.1,0.81,0,171.34
TRIP-1490,12802,Purushottam Express,EXP,GAYA,BKSC,149.0,135.0,14,3,17.0,0.35,0,127.23
TRIP-1490,12802,Purushottam Express,EXP,BKSC,PURI,612.0,520.0,16,3,9.4,0.63,0,498.32
TRIP-1491,12302,Howrah Rajdhani Express,RAJ,NDLS,CNB,440.0,285.0,4,3,7.3,0.67,0,250.39
TRIP-1491,12302,Howrah Rajdhani Express,RAJ,CNB,PRYJ,194.5,120.0,8,3,0.0,0.86,0,125.03
TRIP-1491,12302,Howrah Rajdhani Express,RAJ,PRYJ,DDU,153.0,105.0,10,3,4.5,0.91,0,112.55
TRIP-1491,12302,Howrah Rajdhani Express,RAJ,DDU,GAYA,205.0,130.0,12,3,11.7,0.73,0,121.58
TRIP-1491,12302,Howrah Rajdhani Express,RAJ,GAYA,DHN,201.0,140.0,14,3,3.8,0.57,0,133.54
TRIP-1491,12302,Howrah Rajdhani Express,RAJ,DHN,HWH,259.0,200.0,16,3,0.0,0.48,0,187.09
TRIP-1492,22436,Vande Bharat Express,VB,NDLS,CNB,440.0,240.0,10,3,1.4,0.94,0,247.87
TRIP-1492,22436,Vande Bharat Express,VB,CNB,PRYJ,194.5,100.0,14,3,10.9,0.9,0,97.0
TRIP-1492,22436,Vande Bharat Express,VB,PRYJ,DDU,153.0,90.0,15,3,7.3,0.8,0,85.45
TRIP-1492,22436,Vande Bharat Express,VB,DDU,BSB,18.0,25.0,17,3,3.6,0.98,0,34.59
TRIP-1493,12802,Purushottam Express,EXP,NDLS,CNB,440.0,350.0,13,3,10.0,0.78,0,344.62
TRIP-1493,12802,Purushottam Express,EXP,CNB,PRYJ,194.5,150.0,18,3,5.6,0.96,0,155.36
TRIP-1493,12802,Purushottam Express,EXP,PRYJ,DDU,153.0,135.0,21,3,10.0,0.97,0,142.81
TRIP-1493,12802,Purushottam Express,EXP,DDU,GAYA,205.0,165.0,23,3,19.7,0.71,0,160.22
TRIP-1493,12802,Purushottam Express,EXP,GAYA,BKSC,149.0,135.0,2,3,15.7,0.56,0,125.14
TRIP-1493,12802,Purushottam Express,EXP,BKSC,PURI,612.0,520.0,4,3,6.3,0.61,0,469.88
TRIP-1494,12004,Lucknow Shatabdi Express,SF,NDLS,GZB,24.5,38.0,16,3,10.0,0.61,0,36.95
TRIP-1494,12004,Lucknow Shatabdi Express,SF,GZB,ALJN,106.3,60.0,16,3,8.8,0.89,0,64.91
TRIP-1494,12004,Lucknow Shatabdi Express,SF,ALJN,CNB,308.6,210.0,17,3,14.1,0.89,0,219.82
TRIP-1494,12004,Lucknow Shatabdi Express,SF,CNB,LKO,71.6,75.0,21,3,25.4,0.98,0,80.39
TRIP-1495,12302,Howrah Rajdhani Express,RAJ,NDLS,CNB,440.0,285.0,22,3,10.0,0.84,0,278.57
TRIP-1495,12302,Howrah Rajdhani Express,RAJ,CNB,PRYJ,194.5,120.0,2,3,4.9,0.65,0,110.77
TRIP-1495,12302,Howrah Rajdhani Express,RAJ,PRYJ,DDU,153.0,105.0,4,3,0.0,0.88,0,99.43
TRIP-1495,12302,Howrah Rajdhani Express,RAJ,DDU,GAYA,205.0,130.0,6,3,0.0,0.75,0,129.36
TRIP-1495,12302,Howrah Rajdhani Express,RAJ,GAYA,DHN,201.0,140.0,8,3,0.0,0.84,0,139.53
TRIP-1495,12302,Howrah Rajdhani Express,RAJ,DHN,HWH,259.0,200.0,11,3,0.9,0.67,0,201.21
TRIP-1496,12951,Mumbai Rajdhani Express,RAJ,BCT,ST,263.0,160.0,4,4,0.0,0.66,0,150.69
TRIP-1496,12951,Mumbai Rajdhani Express,RAJ,ST,BRC,129.0,80.0,6,4,0.0,0.74,0,86.06
TRIP-1496,12951,Mumbai Rajdhani Express,RAJ,BRC,RTM,261.0,195.0,8,4,5.7,0.87,0,201.6
TRIP-1496,12951,Mumbai Rajdhani Express,RAJ,RTM,KOTA,266.0,155.0,11,4,12.3,0.9,0,161.33
TRIP-1496,12951,Mumbai Rajdhani Express,RAJ,KOTA,MTJ,324.0,195.0,14,4,19.8,0.66,0,190.11
TRIP-1496,12951,Mumbai Rajdhani Express,RAJ,MTJ,NDLS,143.0,110.0,17,4,15.9,0.98,0,113.67
TRIP-1497,12951,Mumbai Rajdhani Express,RAJ,BCT,ST,263.0,160.0,6,4,0.0,0.62,0,160.96
TRIP-1497,12951,Mumbai Rajdhani Express,RAJ,ST,BRC,129.0,80.0,8,4,0.7,0.87,0,81.12
TRIP-1497,12951,Mumbai Rajdhani Express,RAJ,BRC,RTM,261.0,195.0,10,4,3.3,0.86,0,208.05
TRIP-1497,12951,Mumbai Rajdhani Express,RAJ,RTM,KOTA,266.0,155.0,13,4,15.4,0.74,0,148.11
TRIP-1497,12951,Mumbai Rajdhani Express,RAJ,KOTA,MTJ,324.0,195.0,16,4,7.7,0.78,0,197.93
TRIP-1497,12951,Mumbai Rajdhani Express,RAJ,MTJ,NDLS,143.0,110.0,19,4,11.4,0.98,0,119.76
TRIP-1498,12004,Lucknow Shatabdi Express,SF,NDLS,GZB,24.5,38.0,10,4,0.0,0.98,0,38.4
TRIP-1498,12004,Lucknow Shatabdi Express,SF,GZB,ALJN,106.3,60.0,10,4,0.2,0.87,0,65.41
TRIP-1498,12004,Lucknow Shatabdi Express,SF,ALJN,CNB,308.6,210.0,11,4,4.9,0.98,0,223.39
TRIP-1498,12004,Lucknow Shatabdi Express,SF,CNB,LKO,71.6,75.0,15,4,19.1,0.83,0,77.79
TRIP-1499,12802,Purushottam Express,EXP,NDLS,CNB,440.0,350.0,13,4,17.4,0.87,0,350.94
TRIP-1499,12802,Purushottam Express,EXP,CNB,PRYJ,194.5,150.0,18,4,19.8,0.84,0,160.1
TRIP-1499,12802,Purushottam Express,EXP,PRYJ,DDU,153.0,135.0,21,4,29.7,0.89,0,140.25
TRIP-1499,12802,Purushottam Express,EXP,DDU,GAYA,205.0,165.0,0,4,35.7,0.68,0,169.72
TRIP-1499,12802,Purushottam Express,EXP,GAYA,BKSC,149.0,135.0,3,4,41.4,0.39,0,134.82
TRIP-1499,12802,Purushottam Express,EXP,BKSC,PURI,612.0,520.0,5,4,40.9,0.5,0,509.71
TRIP-1500,22436,Vande Bharat Express,VB,NDLS,CNB,440.0,240.0,19,4,0.0,0.98,0,257.88
TRIP-1500,22436,Vande Bharat Express,VB,CNB,PRYJ,194.5,100.0,23,4,18.1,0.79,0,103.48
TRIP-1500,22436,Vande Bharat Express,VB,PRYJ,DDU,153.0,90.0,1,4,20.9,0.75,0,85.83
TRIP-1500,22436,Vande Bharat Express,VB,DDU,BSB,18.0,25.0,2,4,16.2,0.73,0,24.82
TRIP-1501,12951,Mumbai Rajdhani Express,RAJ,BCT,ST,263.0,160.0,23,4,0.0,0.78,0,162.93
TRIP-1501,12951,Mumbai Rajdhani Express,RAJ,ST,BRC,129.0,80.0,1,4,4.5,0.62,0,77.59
TRIP-1501,12951,Mumbai Rajdhani Express,RAJ,BRC,RTM,261.0,195.0,3,4,2.7,0.72,0,181.55
TRIP-1501,12951,Mumbai Rajdhani Express,RAJ,RTM,KOTA,266.0,155.0,6,4,0.0,0.82,0,154.85
TRIP-1501,12951,Mumbai Rajdhani Express,RAJ,KOTA,MTJ,324.0,195.0,8,4,1.2,0.88,0,210.99
TRIP-1501,12951,Mumbai Rajdhani Express,RAJ,MTJ,NDLS,143.0,110.0,12,4,17.2,0.79,0,109.9
TRIP-1502,12004,Lucknow Shatabdi Express,SF,NDLS,GZB,24.5,38.0,3,5,7.2,0.89,0,36.1
TRIP-1502,12004,Lucknow Shatabdi Express,SF,GZB,ALJN,106.3,60.0,3,5,5.7,0.8,0,57.54
TRIP-1502,12004,Lucknow Shatabdi Express,SF,ALJN,CNB,308.6,210.0,4,5,4.3,0.6,0,193.03
TRIP-1502,12004,Lucknow Shatabdi Express,SF,CNB,LKO,71.6,75.0,8,5,0.0,0.98,0,84.68
TRIP-1503,12004,Lucknow Shatabdi Express,SF,NDLS,GZB,24.5,38.0,7,5,1.3,0.78,0,40.68
TRIP-1503,12004,Lucknow Shatabdi Express,SF,GZB,ALJN,106.3,60.0,7,5,4.8,0.85,0,60.83
TRIP-1503,12004,Lucknow Shatabdi Express,SF,ALJN,CNB,308.6,210.0,8,5,5.8,0.98,0,216.3
TRIP-1503,12004,Lucknow Shatabdi Express,SF,CNB,LKO,71.6,75.0,12,5,13.6,0.64,0,77.01
TRIP-1504,12302,Howrah Rajdhani Express,RAJ,NDLS,CNB,440.0,285.0,13,5,5.1,0.82,0,279.15
TRIP-1504,12302,Howrah Rajdhani Express,RAJ,CNB,PRYJ,194.5,120.0,17,5,0.0,0.81,0,124.66
TRIP-1504,12302,Howrah Rajdhani Express,RAJ,PRYJ,DDU,153.0,105.0,19,5,4.2,0.81,0,105.2
TRIP-1504,12302,Howrah Rajdhani Express,RAJ,DDU,GAYA,205.0,130.0,21,5,5.9,0.98,0,128.73
TRIP-1504,12302,Howrah Rajdhani Express,RAJ,GAYA,DHN,201.0,140.0,23,5,5.7,0.58,0,131.91
TRIP-1504,12302,Howrah Rajdhani Express,RAJ,DHN,HWH,259.0,200.0,2,5,0.0,0.4,0,181.18
TRIP-1505,12004,Lucknow Shatabdi Express,SF,NDLS,GZB,24.5,38.0,15,5,0.9,0.88,0,41.67
TRIP-1505,12004,Lucknow Shatabdi Express,SF,GZB,ALJN,106.3,60.0,15,5,6.3,0.9,0,57.7
TRIP-1505,12004,Lucknow Shatabdi Express,SF,ALJN,CNB,308.6,210.0,16,5,5.9,0.84,0,208.24
TRIP-1505,12004,Lucknow Shatabdi Express,SF,CNB,LKO,71.6,75.0,20,5,4.4,0.98,0,81.42
TRIP-1506,12302,Howrah Rajdhani Express,RAJ,NDLS,CNB,440.0,285.0,21,5,5.1,0.98,0,296.67
TRIP-1506,12302,Howrah Rajdhani Express,RAJ,CNB,PRYJ,194.5,120.0,2,5,17.3,0.66,0,108.27
TRIP-1506,12302,Howrah Rajdhani Express,RAJ,PRYJ,DDU,153.0,105.0,3,5,5.1,0.78,0,97.4
TRIP-1506,12302,Howrah Rajdhani Express,RAJ,DDU,GAYA,205.0,130.0,5,5,0.0,0.63,0,127.31
TRIP-1506,12302,Howrah Rajdhani Express,RAJ,GAYA,DHN,201.0,140.0,7,5,0.0,0.46,0,131.76
TRIP-1506,12302,Howrah Rajdhani Express,RAJ,DHN,HWH,259.0,200.0,10,5,0.0,0.64,0,200.14
TRIP-1507,12802,Purushottam Express,EXP,NDLS,CNB,440.0,350.0,1,6,0.0,0.86,0,329.48
TRIP-1507,12802,Purushottam Express,EXP,CNB,PRYJ,194.5,150.0,6,6,0.0,0.83,0,151.94
TRIP-1507,12802,Purushottam Express,EXP,PRYJ,DDU,153.0,135.0,9,6,1.2,0.98,0,149.5
TRIP-1507,12802,Purushottam Express,EXP,DDU,GAYA,205.0,165.0,11,6,16.2,0.98,0,175.09
TRIP-1507,12802,Purushottam Express,EXP,GAYA,BKSC,149.0,135.0,14,6,28.0,0.43,0,130.07
TRIP-1507,12802,Purushottam Express,EXP,BKSC,PURI,612.0,520.0,17,6,22.7,0.83,0,539.51
TRIP-1508,12802,Purushottam Express,EXP,NDLS,CNB,440.0,350.0,5,6,10.0,0.85,0,345.07
TRIP-1508,12802,Purushottam Express,EXP,CNB,PRYJ,194.5,150.0,10,6,5.8,0.9,0,159.61
TRIP-1508,12802,Purushottam Express,EXP,PRYJ,DDU,153.0,135.0,13,6,14.5,0.62,0,137.23
TRIP-1508,12802,Purushottam Express,EXP,DDU,GAYA,205.0,165.0,15,6,18.4,0.67,0,164.86
TRIP-1508,12802,Purushottam Express,EXP,GAYA,BKSC,149.0,135.0,18,6,19.5,0.64,0,139.16
TRIP-1508,12802,Purushottam Express,EXP,BKSC,PURI,612.0,520.0,21,6,23.1,0.56,0,520.21
TRIP-1509,12951,Mumbai Rajdhani Express,RAJ,BCT,ST,263.0,160.0,7,6,0.0,0.66,0,161.45
TRIP-1509,12951,Mumbai Rajdhani Express,RAJ,ST,BRC,129.0,80.0,9,6,0.5,0.98,0,90.04
TRIP-1509,12951,Mumbai Rajdhani Express,RAJ,BRC,RTM,261.0,195.0,11,6,10.2,0.98,0,207.66
TRIP-1509,12951,Mumbai Rajdhani Express,RAJ,RTM,KOTA,266.0,155.0,14,6,23.1,0.9,0,158.9
TRIP-1509,12951,Mumbai Rajdhani Express,RAJ,KOTA,MTJ,324.0,195.0,17,6,27.4,0.98,0,212.23
TRIP-1509,12951,Mumbai Rajdhani Express,RAJ,MTJ,NDLS,143.0,110.0,21,6,46.5,0.9,0,121.09
TRIP-1510,12004,Lucknow Shatabdi Express,SF,NDLS,GZB,24.5,38.0,11,6,10.0,0.98,0,45.62
TRIP-1510,12004,Lucknow Shatabdi Express,SF,GZB,ALJN,106.3,60.0,11,6,17.0,0.9,0,68.47
TRIP-1510,12004,Lucknow Shatabdi Express,SF,ALJN,CNB,308.6,210.0,13,6,27.4,0.66,0,206.88
TRIP-1510,12004,Lucknow Shatabdi Express,SF,CNB,LKO,71.6,75.0,16,6,24.6,0.82,0,76.97
TRIP-1511,22436,Vande Bharat Express,VB,NDLS,CNB,440.0,240.0,13,6,0.5,0.73,0,244.39
TRIP-1511,22436,Vande Bharat Express,VB,CNB,PRYJ,194.5,100.0,17,6,5.5,0.98,0,107.35
TRIP-1511,22436,Vande Bharat Express,VB,PRYJ,DDU,153.0,90.0,19,6,14.0,0.98,0,92.75
TRIP-1511,22436,Vande Bharat Express,VB,DDU,BSB,18.0,25.0,20,6,17.4,0.87,0,31.91
TRIP-1512,12802,Purushottam Express,EXP,NDLS,CNB,440.0,350.0,19,6,2.7,0.88,0,363.14
TRIP-1512,12802,Purushottam Express,EXP,CNB,PRYJ,194.5,150.0,1,6,15.9,0.62,0,144.59
TRIP-1512,12802,Purushottam Express,EXP,PRYJ,DDU,153.0,135.0,3,6,10.6,0.79,0,128.42
TRIP-1512,12802,Purushottam Express,EXP,DDU,GAYA,205.0,165.0,5,6,5.1,0.82,0,168.35
TRIP-1512,12802,Purushottam Express,EXP,GAYA,BKSC,149.0,135.0,8,6,8.3,0.56,0,134.7
TRIP-1512,12802,Purushottam Express,EXP,BKSC,PURI,612.0,520.0,11,6,8.2,0.68,0,535.92
TRIP-1513,12951,Mumbai Rajdhani Express,RAJ,BCT,ST,263.0,160.0,22,6,0.8,0.62,0,155.96
TRIP-1513,12951,Mumbai Rajdhani Express,RAJ,ST,BRC,129.0,80.0,0,6,0.0,0.76,0,84.52
TRIP-1513,12951,Mumbai Rajdhani Express,RAJ,BRC,RTM,261.0,195.0,2,6,5.1,0.79,0,182.68
TRIP-1513,12951,Mumbai Rajdhani Express,RAJ,RTM,KOTA,266.0,155.0,5,6,0.0,0.86,0,156.33
TRIP-1513,12951,Mumbai Rajdhani Express,RAJ,KOTA,MTJ,324.0,195.0,7,6,0.8,0.83,0,198.55
TRIP-1513,12951,Mumbai Rajdhani Express,RAJ,MTJ,NDLS,143.0,110.0,11,6,6.0,0.8,0,115.49
TRIP-1514,12802,Purushottam Express,EXP,NDLS,CNB,440.0,350.0,2,0,0.0,0.69,0,323.06
TRIP-1514,12802,Purushottam Express,EXP,CNB,PRYJ,194.5,150.0,7,0,0.0,0.71,0,148.32
TRIP-1514,12802,Purushottam Express,EXP,PRYJ,DDU,153.0,135.0,10,0,0.0,0.82,0,141.49
TRIP-1514,12802,Purushottam Express,EXP,DDU,GAYA,205.0,165.0,12,0,5.8,0.69,0,165.89
TRIP-1514,12802,Purushottam Express,EXP,GAYA,BKSC,149.0,135.0,15,0,7.0,0.49,0,124.63
TRIP-1514,12802,Purushottam Express,EXP,BKSC,PURI,612.0,520.0,17,0,0.0,0.64,0,516.38
TRIP-1515,12302,Howrah Rajdhani Express,RAJ,NDLS,CNB,440.0,285.0,5,0,9.4,0.84,0,276.32
TRIP-1515,12302,Howrah Rajdhani Express,RAJ,CNB,PRYJ,194.5,120.0,9,0,1.9,0.97,0,126.04
TRIP-1515,12302,Howrah Rajdhani Express,RAJ,PRYJ,DDU,153.0,105.0,11,0,9.6,0.98,0,107.5
TRIP-1515,12302,Howrah Rajdhani Express,RAJ,DDU,GAYA,205.0,130.0,13,0,13.7,0.88,0,130.63
TRIP-1515,12302,Howrah Rajdhani Express,RAJ,GAYA,DHN,201.0,140.0,16,0,16.2,0.43,0,126.34
TRIP-1515,12302,Howrah Rajdhani Express,RAJ,DHN,HWH,259.0,200.0,18,0,1.8,0.6,0,198.45
TRIP-1516,12802,Purushottam Express,EXP,NDLS,CNB,440.0,350.0,9,0,5.4,0.96,0,356.14
TRIP-1516,12802,Purushottam Express,EXP,CNB,PRYJ,194.5,150.0,15,0,12.1,0.6,0,143.05
TRIP-1516,12802,Purushottam Express,EXP,PRYJ,DDU,153.0,135.0,17,0,6.9,0.98,0,147.64
TRIP-1516,12802,Purushottam Express,EXP,DDU,GAYA,205.0,165.0,20,0,21.3,0.88,0,173.39
TRIP-1516,12802,Purushottam Express,EXP,GAYA,BKSC,149.0,135.0,23,0,31.4,0.61,0,134.64
TRIP-1516,12802,Purushottam Express,EXP,BKSC,PURI,612.0,520.0,1,0,32.3,0.38,0,477.25
TRIP-1517,12302,Howrah Rajdhani Express,RAJ,NDLS,CNB,440.0,285.0,11,0,8.1,0.98,0,291.99
TRIP-1517,12302,Howrah Rajdhani Express,RAJ,CNB,PRYJ,194.5,120.0,15,0,14.6,0.62,0,112.7
TRIP-1517,12302,Howrah Rajdhani Express,RAJ,PRYJ,DDU,153.0,105.0,17,0,7.7,0.98,0,110.22
TRIP-1517,12302,Howrah Rajdhani Express,RAJ,DDU,GAYA,205.0,130.0,19,0,13.4,0.93,0,133.63
TRIP-1517,12302,Howrah Rajdhani Express,RAJ,GAYA,DHN,201.0,140.0,22,0,16.6,0.41,0,134.94
TRIP-1517,12302,Howrah Rajdhani Express,RAJ,DHN,HWH,259.0,200.0,0,0,12.3,0.62,0,187.68
TRIP-1518,22436,Vande Bharat Express,VB,NDLS,CNB,440.0,240.0,15,0,9.5,0.62,0,228.91
TRIP-1518,22436,Vande Bharat Express,VB,CNB,PRYJ,194.5,100.0,18,0,0.0,0.98,0,106.25
TRIP-1518,22436,Vande Bharat Express,VB,PRYJ,DDU,153.0,90.0,20,0,7.7,0.8,0,92.1
TRIP-1518,22436,Vande Bharat Express,VB,DDU,BSB,18.0,25.0,22,0,9.3,0.79,0,28.72
TRIP-1519,12004,Lucknow Shatabdi Express,SF,NDLS,GZB,24.5,38.0,17,0,0.7,0.86,0,40.23
TRIP-1519,12004,Lucknow Shatabdi Express,SF,GZB,ALJN,106.3,60.0,17,0,3.8,0.93,0,64.02
TRIP-1519,12004,Lucknow Shatabdi Express,SF,ALJN,CNB,308.6,210.0,18,0,9.0,0.84,0,217.78
TRIP-1519,12004,Lucknow Shatabdi Express,SF,CNB,LKO,71.6,75.0,22,0,18.8,0.87,0,80.96
TRIP-1520,12802,Purushottam Express,EXP,NDLS,CNB,440.0,350.0,21,0,0.0,0.98,0,361.28
TRIP-1520,12802,Purushottam Express,EXP,CNB,PRYJ,194.5,150.0,3,0,13.2,0.71,0,137.69
TRIP-1520,12802,Purushottam Express,EXP,PRYJ,DDU,153.0,135.0,5,0,0.4,0.88,0,136.1
TRIP-1520,12802,Purushottam Express,EXP,DDU,GAYA,205.0,165.0,7,0,0.6,0.65,0,160.51
TRIP-1520,12802,Purushottam Express,EXP,GAYA,BKSC,149.0,135.0,10,0,0.0,0.69,0,132.5
TRIP-1520,12802,Purushottam Express,EXP,BKSC,PURI,612.0,520.0,12,0,0.0,0.46,0,498.16
TRIP-1521,12302,Howrah Rajdhani Express,RAJ,NDLS,CNB,440.0,285.0,23,0,0.0,0.86,0,283.74
TRIP-1521,12302,Howrah Rajdhani Express,RAJ,CNB,PRYJ,194.5,120.0,3,0,0.0,0.74,0,116.33
TRIP-1521,12302,Howrah Rajdhani Express,RAJ,PRYJ,DDU,153.0,105.0,5,0,0.0,0.89,0,108.42
TRIP-1521,12302,Howrah Rajdhani Express,RAJ,DDU,GAYA,205.0,130.0,7,0,4.7,0.76,0,132.84
TRIP-1521,12302,Howrah Rajdhani Express,RAJ,GAYA,DHN,201.0,140.0,10,0,9.0,0.8,0,137.15
TRIP-1521,12302,Howrah Rajdhani Express,RAJ,DHN,HWH,259.0,200.0,12,0,6.1,0.39,0,187.85
TRIP-1522,12951,Mumbai Rajdhani Express,RAJ,BCT,ST,263.0,160.0,3,1,20.7,0.71,0,149.21
TRIP-1522,12951,Mumbai Rajdhani Express,RAJ,ST,BRC,129.0,80.0,5,1,10.4,0.76,0,78.96
TRIP-1522,12951,Mumbai Rajdhani Express,RAJ,BRC,RTM,261.0,195.0,6,1,10.7,0.62,0,184.01
TRIP-1522,12951,Mumbai Rajdhani Express,RAJ,RTM,KOTA,266.0,155.0,10,1,0.0,0.98,0,165.57
TRIP-1522,12951,Mumbai Rajdhani Express,RAJ,KOTA,MTJ,324.0,195.0,12,1,10.9,0.77,0,190.26
TRIP-1522,12951,Mumbai Rajdhani Express,RAJ,MTJ,NDLS,143.0,110.0,16,1,7.0,0.82,0,101.7
TRIP-1523,12004,Lucknow Shatabdi Express,SF,NDLS,GZB,24.5,38.0,6,1,15.5,0.8,0,42.08
TRIP-1523,12004,Lucknow Shatabdi Express,SF,GZB,ALJN,106.3,60.0,6,1,20.7,0.61,0,59.44
TRIP-1523,12004,Lucknow Shatabdi Express,SF,ALJN,CNB,308.6,210.0,7,1,19.4,0.9,0,209.17
TRIP-1523,12004,Lucknow Shatabdi Express,SF,CNB,LKO,71.6,75.0,11,1,19.7,0.93,0,83.69
TRIP-1524,12302,Howrah Rajdhani Express,RAJ,NDLS,CNB,440.0,285.0,9,1,0.0,0.98,0,295.4
TRIP-1524,12302,Howrah Rajdhani Express,RAJ,CNB,PRYJ,194.5,120.0,14,1,10.6,0.87,0,115.88
TRIP-1524,12302,Howrah Rajdhani Express,RAJ,PRYJ,DDU,153.0,105.0,16,1,8.4,0.71,0,98.2
TRIP-1524,12302,Howrah Rajdhani Express,RAJ,DDU,GAYA,205.0,130.0,17,1,0.9,0.98,0,141.18
TRIP-1524,12302,Howrah Rajdhani Express,RAJ,GAYA,DHN,201.0,140.0,20,1,12.9,0.61,0,133.23
TRIP-1524,12302,Howrah Rajdhani Express,RAJ,DHN,HWH,259.0,200.0,22,1,8.1,0.38,0,187.31
TRIP-1525,12802,Purushottam Express,EXP,NDLS,CNB,440.0,350.0,13,1,10.0,0.66,0,332.56
TRIP-1525,12802,Purushottam Express,EXP,CNB,PRYJ,194.5,150.0,18,1,0.0,0.8,0,154.8
TRIP-1525,12802,Purushottam Express,EXP,PRYJ,DDU,153.0,135.0,21,1,3.9,0.98,0,139.71
TRIP-1525,12802,Purushottam Express,EXP,DDU,GAYA,205.0,165.0,23,1,8.6,0.86,0,163.09
TRIP-1525,12802,Purushottam Express,EXP,GAYA,BKSC,149.0,135.0,2,1,8.0,0.48,0,126.92
TRIP-1525,12802,Purushottam Express,EXP,BKSC,PURI,612.0,520.0,4,1,0.0,0.49,0,475.25
TRIP-1526,12802,Purushottam Express,EXP,NDLS,CNB,440.0,350.0,17,1,3.0,0.81,0,357.19
TRIP-1526,12802,Purushottam Express,EXP,CNB,PRYJ,194.5,150.0,23,1,12.0,0.79,0,152.86
TRIP-1526,12802,Purushottam Express,EXP,PRYJ,DDU,153.0,135.0,1,1,16.1,0.63,0,122.37
TRIP-1526,12802,Purushottam Express,EXP,DDU,GAYA,205.0,165.0,3,1,4.0,0.74,0,155.28
TRIP-1526,12802,Purushottam Express,EXP,GAYA,BKSC,149.0,135.0,6,1,0.0,0.59,0,129.71
TRIP-1526,12802,Purushottam Express,EXP,BKSC,PURI,612.0,520.0,8,1,0.0,0.67,0,516.8
TRIP-1527,12302,Howrah Rajdhani Express,RAJ,NDLS,CNB,440.0,285.0,21,1,12.0,0.96,0,300.75
TRIP-1527,12302,Howrah Rajdhani Express,RAJ,CNB,PRYJ,194.5,120.0,2,1,27.2,0.78,0,111.95
TRIP-1527,12302,Howrah Rajdhani Express,RAJ,PRYJ,DDU,153.0,105.0,4,1,20.8,0.7,0,95.48
TRIP-1527,12302,Howrah Rajdhani Express,RAJ,DDU,GAYA,205.0,130.0,5,1,11.1,0.72,0,125.1
TRIP-1527,12302,Howrah Rajdhani Express,RAJ,GAYA,DHN,201.0,140.0,7,1,7.0,0.52,0,127.91
TRIP-1527,12302,Howrah Rajdhani Express,RAJ,DHN,HWH,259.0,200.0,10,1,0.0,0.81,0,201.36
TRIP-1528,12004,Lucknow Shatabdi Express,SF,NDLS,GZB,24.5,38.0,1,2,15.2,0.8,0,36.1
TRIP-1528,12004,Lucknow Shatabdi Express,SF,GZB,ALJN,106.3,60.0,1,2,14.4,0.62,0,57.23
TRIP-1528,12004,Lucknow Shatabdi Express,SF,ALJN,CNB,308.6,210.0,2,2,11.1,0.9,0,201.3
TRIP-1528,12004,Lucknow Shatabdi Express,SF,CNB,LKO,71.6,75.0,6,2,3.7,0.72,0,74.64
TRIP-1529,12951,Mumbai Rajdhani Express,RAJ,BCT,ST,263.0,160.0,3,2,4.8,0.7,0,148.6
TRIP-1529,12951,Mumbai Rajdhani Express,RAJ,ST,BRC,129.0,80.0,5,2,0.0,0.74,0,78.97
TRIP-1529,12951,Mumbai Rajdhani Express,RAJ,BRC,RTM,261.0,195.0,6,2,0.0,0.73,0,193.71
TRIP-1529,12951,Mumbai Rajdhani Express,RAJ,RTM,KOTA,266.0,155.0,10,2,0.0,0.98,0,163.53
TRIP-1529,12951,Mumbai Rajdhani Express,RAJ,KOTA,MTJ,324.0,195.0,13,2,10.0,0.77,0,185.35
TRIP-1529,12951,Mumbai Rajdhani Express,RAJ,MTJ,NDLS,143.0,110.0,16,2,0.0,0.68,0,108.75
TRIP-1530,12004,Lucknow Shatabdi Express,SF,NDLS,GZB,24.5,38.0,5,2,19.9,0.75,0,44.08
TRIP-1530,12004,Lucknow Shatabdi Express,SF,GZB,ALJN,106.3,60.0,5,2,27.1,0.81,0,61.27
TRIP-1530,12004,Lucknow Shatabdi Express,SF,ALJN,CNB,308.6,210.0,6,2,30.0,0.68,0,205.03
TRIP-1530,12004,Lucknow Shatabdi Express,SF,CNB,LKO,71.6,75.0,10,2,26.7,0.9,0,84.01
TRIP-1531,12302,Howrah Rajdhani Express,RAJ,NDLS,CNB,440.0,285.0,8,2,0.0,0.88,0,295.54
TRIP-1531,12302,Howrah Rajdhani Express,RAJ,CNB,PRYJ,194.5,120.0,13,2,9.9,0.86,0,121.06
TRIP-1531,12302,Howrah Rajdhani Express,RAJ,PRYJ,DDU,153.0,105.0,15,2,10.5,0.68,0,103.35
TRIP-1531,12302,Howrah Rajdhani Express,RAJ,DDU,GAYA,205.0,130.0,16,2,9.8,0.76,0,128.56
TRIP-1531,12302,Howrah Rajdhani Express,RAJ,GAYA,DHN,201.0,140.0,19,2,8.3,0.81,0,138.47
TRIP-1531,12302,Howrah Rajdhani Express,RAJ,DHN,HWH,259.0,200.0,21,2,8.3,0.71,0,192.49
TRIP-1532,12004,Lucknow Shatabdi Express,SF,NDLS,GZB,24.5,38.0,12,2,4.9,0.85,0,39.25
TRIP-1532,12004,Lucknow Shatabdi Express,SF,GZB,ALJN,106.3,60.0,12,2,8.1,0.85,0,65.4
TRIP-1532,12004,Lucknow Shatabdi Express,SF,ALJN,CNB,308.6,210.0,13,2,13.4,0.76,0,201.78
TRIP-1532,12004,Lucknow Shatabdi Express,SF,CNB,LKO,71.6,75.0,17,2,5.9,0.98,0,81.4
TRIP-1533,22436,Vande Bharat Express,VB,NDLS,CNB,440.0,240.0,18,2,10.0,0.98,0,248.12
TRIP-1533,22436,Vande Bharat Express,VB,CNB,PRYJ,194.5,100.0,22,2,18.3,0.86,0,97.28
TRIP-1533,22436,Vande Bharat Express,VB,PRYJ,DDU,153.0,90.0,23,2,16.8,0.63,0,91.19
TRIP-1533,22436,Vande Bharat Express,VB,DDU,BSB,18.0,25.0,1,2,19.8,0.71,0,23.19
TRIP-1534,22436,Vande Bharat Express,VB,NDLS,CNB,440.0,240.0,22,2,0.0,0.64,0,231.31
TRIP-1534,22436,Vande Bharat Express,VB,CNB,PRYJ,194.5,100.0,1,2,0.0,0.79,0,97.55
TRIP-1534,22436,Vande Bharat Express,VB,PRYJ,DDU,153.0,90.0,3,2,0.0,0.87,0,85.74
TRIP-1534,22436,Vande Bharat Express,VB,DDU,BSB,18.0,25.0,5,2,0.0,0.74,0,26.46
TRIP-1535,12802,Purushottam Express,EXP,NDLS,CNB,440.0,350.0,0,3,0.0,0.69,0,343.54
TRIP-1535,12802,Purushottam Express,EXP,CNB,PRYJ,194.5,150.0,5,3,0.0,0.71,0,143.07
TRIP-1535,12802,Purushottam Express,EXP,PRYJ,DDU,153.0,135.0,8,3,0.0,0.98,0,145.6
TRIP-1535,12802,Purushottam Express,EXP,DDU,GAYA,205.0,165.0,10,3,12.4,0.98,0,171.83
TRIP-1535,12802,Purushottam Express,EXP,GAYA,BKSC,149.0,135.0,13,3,18.7,0.55,0,128.74
TRIP-1535,12802,Purushottam Express,EXP,BKSC,PURI,612.0,520.0,15,3,11.6,0.62,0,500.2
TRIP-1536,12004,Lucknow Shatabdi Express,SF,NDLS,GZB,24.5,38.0,4,3,2.9,0.84,0,40.76
TRIP-1536,12004,Lucknow Shatabdi Express,SF,GZB,ALJN,106.3,60.0,4,3,5.0,0.73,0,55.81
TRIP-1536,12004,Lucknow Shatabdi Express,SF,ALJN,CNB,308.6,210.0,5,3,2.8,0.67,0,204.62
TRIP-1536,12004,Lucknow Shatabdi Express,SF,CNB,LKO,71.6,75.0,9,3,0.0,0.96,0,81.41
TRIP-1537,12951,Mumbai Rajdhani Express,RAJ,BCT,ST,263.0,160.0,10,3,10.0,0.97,0,172.7
TRIP-1537,12951,Mumbai Rajdhani Express,RAJ,ST,BRC,129.0,80.0,12,3,22.9,0.88,0,81.88
TRIP-1537,12951,Mumbai Rajdhani Express,RAJ,BRC,RTM,261.0,195.0,14,3,24.4,0.62,0,191.91
TRIP-1537,12951,Mumbai Rajdhani Express,RAJ,RTM,KOTA,266.0,155.0,17,3,22.9,0.94,0,164.38
TRIP-1537,12951,Mumbai Rajdhani Express,RAJ,KOTA,MTJ,324.0,195.0,20,3,32.1,0.81,0,209.94
TRIP-1537,12951,Mumbai Rajdhani Express,RAJ,MTJ,NDLS,143.0,110.0,0,3,48.7,0.89,0,122.44
TRIP-1538,12951,Mumbai Rajdhani Express,RAJ,BCT,ST,263.0,160.0,12,3,0.8,0.63,0,153.37
TRIP-1538,12951,Mumbai Rajdhani Express,RAJ,ST,BRC,129.0,80.0,14,3,0.0,0.8,0,78.1
TRIP-1538,12951,Mumbai Rajdhani Express,RAJ,BRC,RTM,261.0,195.0,16,3,0.0,0.69,0,193.83
TRIP-1538,12951,Mumbai Rajdhani Express,RAJ,RTM,KOTA,266.0,155.0,19,3,0.7,0.98,0,164.71
TRIP-1538,12951,Mumbai Rajdhani Express,RAJ,KOTA,MTJ,324.0,195.0,22,3,9.9,0.62,0,188.97
TRIP-1538,12951,Mumbai Rajdhani Express,RAJ,MTJ,NDLS,143.0,110.0,1,3,5.7,0.68,0,102.08
TRIP-1539,12302,Howrah Rajdhani Express,RAJ,NDLS,CNB,440.0,285.0,18,3,0.0,0.91,0,287.4
TRIP-1539,12302,Howrah Rajdhani Express,RAJ,CNB,PRYJ,194.5,120.0,22,3,3.0,0.7,0,114.24
TRIP-1539,12302,Howrah Rajdhani Express,RAJ,PRYJ,DDU,153.0,105.0,0,3,0.0,0.64,0,101.86
TRIP-1539,12302,Howrah Rajdhani Express,RAJ,DDU,GAYA,205.0,130.0,2,3,0.0,0.79,0,126.73
TRIP-1539,12302,Howrah Rajdhani Express,RAJ,GAYA,DHN,201.0,140.0,4,3,0.0,0.48,0,120.68
TRIP-1539,12302,Howrah Rajdhani Express,RAJ,DHN,HWH,259.0,200.0,6,3,0.0,0.48,0,195.53
TRIP-1540,22436,Vande Bharat Express,VB,NDLS,CNB,440.0,240.0,22,3,0.1,0.67,0,234.91
TRIP-1540,22436,Vande Bharat Express,VB,CNB,PRYJ,194.5,100.0,1,3,0.0,0.84,0,91.08
TRIP-1540,22436,Vande Bharat Express,VB,PRYJ,DDU,153.0,90.0,3,3,0.0,0.78,0,86.79
TRIP-1540,22436,Vande Bharat Express,VB,DDU,BSB,18.0,25.0,5,3,0.0,0.66,0,29.11
TRIP-1541,12802,Purushottam Express,EXP,NDLS,CNB,440.0,350.0,1,4,5.3,0.85,0,333.01
TRIP-1541,12802,Purushottam Express,EXP,CNB,PRYJ,194.5,150.0,6,4,0.0,0.64,0,149.02
TRIP-1541,12802,Purushottam Express,EXP,PRYJ,DDU,153.0,135.0,9,4,0.0,0.93,0,147.85
TRIP-1541,12802,Purushottam Express,EXP,DDU,GAYA,205.0,165.0,11,4,13.1,0.92,0,178.89
TRIP-1541,12802,Purushottam Express,EXP,GAYA,BKSC,149.0,135.0,14,4,26.1,0.63,0,135.85
TRIP-1541,12802,Purushottam Express,EXP,BKSC,PURI,612.0,520.0,17,4,28.0,0.56,0,525.2
TRIP-1542,22436,Vande Bharat Express,VB,NDLS,CNB,440.0,240.0,7,4,4.1,0.73,0,239.38
TRIP-1542,22436,Vande Bharat Express,VB,CNB,PRYJ,194.5,100.0,11,4,5.3,0.98,0,106.32
TRIP-1542,22436,Vande Bharat Express,VB,PRYJ,DDU,153.0,90.0,12,4,10.9,0.84,0,85.4
TRIP-1542,22436,Vande Bharat Express,VB,DDU,BSB,18.0,25.0,14,4,5.4,0.73,0,24.33
TRIP-1543,12951,Mumbai Rajdhani Express,RAJ,BCT,ST,263.0,160.0,13,4,5.5,0.74,0,160.46
TRIP-1543,12951,Mumbai Rajdhani Express,RAJ,ST,BRC,129.0,80.0,15,4,5.2,0.68,0,73.27
TRIP-1543,12951,Mumbai Rajdhani Express,RAJ,BRC,RTM,261.0,195.0,17,4,0.0,0.98,0,211.69
TRIP-1543,12951,Mumbai Rajdhani Express,RAJ,RTM,KOTA,266.0,155.0,20,4,17.9,0.95,0,162.26
TRIP-1543,12951,Mumbai Rajdhani Express,RAJ,KOTA,MTJ,324.0,195.0,23,4,25.7,0.68,0,198.75
TRIP-1543,12951,Mumbai Rajdhani Express,RAJ,MTJ,NDLS,143.0,110.0,2,4,29.8,0.64,0,105.29
TRIP-1544,22436,Vande Bharat Express,VB,NDLS,CNB,440.0,240.0,16,4,0.0,0.62,0,241.64
TRIP-1544,22436,Vande Bharat Express,VB,CNB,PRYJ,194.5,100.0,20,4,1.7,0.98,0,110.48
TRIP-1544,22436,Vande Bharat Express,VB,PRYJ,DDU,153.0,90.0,22,4,11.8,0.64,0,84.05
TRIP-1544,22436,Vande Bharat Express,VB,DDU,BSB,18.0,25.0,23,4,5.8,0.77,0,16.37
TRIP-1545,22436,Vande Bharat Express,VB,NDLS,CNB,440.0,240.0,18,4,4.4,0.98,0,257.16
TRIP-1545,22436,Vande Bharat Express,VB,CNB,PRYJ,194.5,100.0,22,4,21.7,0.75,0,106.62
TRIP-1545,22436,Vande Bharat Express,VB,PRYJ,DDU,153.0,90.0,0,4,28.6,0.7,0,90.18
TRIP-1545,22436,Vande Bharat Express,VB,DDU,BSB,18.0,25.0,1,4,29.6,0.9,0,26.44
TRIP-1546,12951,Mumbai Rajdhani Express,RAJ,BCT,ST,263.0,160.0,0,5,0.2,0.76,0,159.45
TRIP-1546,12951,Mumbai Rajdhani Express,RAJ,ST,BRC,129.0,80.0,2,5,0.0,0.7,0,80.69
TRIP-1546,12951,Mumbai Rajdhani Express,RAJ,BRC,RTM,261.0,195.0,4,5,0.8,0.83,0,183.37
TRIP-1546,12951,Mumbai Rajdhani Express,RAJ,RTM,KOTA,266.0,155.0,7,5,0.0,0.86,0,158.11
TRIP-1546,12951,Mumbai Rajdhani Express,RAJ,KOTA,MTJ,324.0,195.0,10,5,3.8,0.87,0,203.77
TRIP-1546,12951,Mumbai Rajdhani Express,RAJ,MTJ,NDLS,143.0,110.0,13,5,12.2,0.62,0,109.67
TRIP-1547,22436,Vande Bharat Express,VB,NDLS,CNB,440.0,240.0,2,5,16.5,0.62,0,219.02
TRIP-1547,22436,Vande Bharat Express,VB,CNB,PRYJ,194.5,100.0,5,5,0.0,0.66,0,93.83
TRIP-1547,22436,Vande Bharat Express,VB,PRYJ,DDU,153.0,90.0,7,5,0.0,0.9,0,96.06
TRIP-1547,22436,Vande Bharat Express,VB,DDU,BSB,18.0,25.0,9,5,5.6,0.98,0,24.11
TRIP-1548,12302,Howrah Rajdhani Express,RAJ,NDLS,CNB,440.0,285.0,5,5,10.0,0.86,0,268.37
TRIP-1548,12302,Howrah Rajdhani Express,RAJ,CNB,PRYJ,194.5,120.0,9,5,0.0,0.98,0,124.61
TRIP-1548,12302,Howrah Rajdhani Express,RAJ,PRYJ,DDU,153.0,105.0,11,5,6.4,0.98,0,113.48
TRIP-1548,12302,Howrah Rajdhani Express,RAJ,DDU,GAYA,205.0,130.0,13,5,15.1,0.76,0,124.15
TRIP-1548,12302,Howrah Rajdhani Express,RAJ,GAYA,DHN,201.0,140.0,15,5,10.2,0.57,0,129.75
TRIP-1548,12302,Howrah Rajdhani Express,RAJ,DHN,HWH,259.0,200.0,18,5,0.0,0.7,0,197.82
TRIP-1549,12004,Lucknow Shatabdi Express,SF,NDLS,GZB,24.5,38.0,11,5,10.0,0.98,0,42.12
TRIP-1549,12004,Lucknow Shatabdi Express,SF,GZB,ALJN,106.3,60.0,11,5,15.1,0.87,0,66.04
TRIP-1549,12004,Lucknow Shatabdi Express,SF,ALJN,CNB,308.6,210.0,12,5,20.2,0.65,0,202.85
TRIP-1549,12004,Lucknow Shatabdi Express,SF,CNB,LKO,71.6,75.0,16,5,14.1,0.61,0,75.01
TRIP-1550,12951,Mumbai Rajdhani Express,RAJ,BCT,ST,263.0,160.0,17,5,54.1,0.87,0,170.85
TRIP-1550,12951,Mumbai Rajdhani Express,RAJ,ST,BRC,129.0,80.0,19,5,64.1,0.9,0,90.84
TRIP-1550,12951,Mumbai Rajdhani Express,RAJ,BRC,RTM,261.0,195.0,21,5,75.9,0.94,0,206.37
TRIP-1550,12951,Mumbai Rajdhani Express,RAJ,RTM,KOTA,266.0,155.0,1,5,88.7,0.64,0,149.8
TRIP-1550,12951,Mumbai Rajdhani Express,RAJ,KOTA,MTJ,324.0,195.0,3,5,83.2,0.79,0,186.64
TRIP-1550,12951,Mumbai Rajdhani Express,RAJ,MTJ,NDLS,143.0,110.0,6,5,74.7,0.77,0,120.82
TRIP-1551,12802,Purushottam Express,EXP,NDLS,CNB,440.0,350.0,20,5,3.0,0.98,0,362.43
TRIP-1551,12802,Purushottam Express,EXP,CNB,PRYJ,194.5,150.0,2,5,14.7,0.73,0,141.87
TRIP-1551,12802,Purushottam Express,EXP,PRYJ,DDU,153.0,135.0,4,5,7.8,0.87,0,123.5
TRIP-1551,12802,Purushottam Express,EXP,DDU,GAYA,205.0,165.0,6,5,0.0,0.85,0,168.01
TRIP-1551,12802,Purushottam Express,EXP,GAYA,BKSC,149.0,135.0,9,5,2.1,0.7,0,140.31
TRIP-1551,12802,Purushottam Express,EXP,BKSC,PURI,612.0,520.0,12,5,8.3,0.41,0,500.14
TRIP-1552,12004,Lucknow Shatabdi Express,SF,NDLS,GZB,24.5,38.0,22,5,10.0,0.68,0,38.6
TRIP-1552,12004,Lucknow Shatabdi Express,SF,GZB,ALJN,106.3,60.0,22,5,12.3,0.61,0,59.38
TRIP-1552,12004,Lucknow Shatabdi Express,SF,ALJN,CNB,308.6,210.0,23,5,13.2,0.81,0,206.81
TRIP-1552,12004,Lucknow Shatabdi Express,SF,CNB,LKO,71.6,75.0,3,5,11.1,0.73,0,73.78
TRIP-1553,12004,Lucknow Shatabdi Express,SF,NDLS,GZB,24.5,38.0,4,6,10.0,0.75,0,38.29
TRIP-1553,12004,Lucknow Shatabdi Express,SF,GZB,ALJN,106.3,60.0,4,6,10.0,0.78,0,56.89
TRIP-1553,12004,Lucknow Shatabdi Express,SF,ALJN,CNB,308.6,210.0,5,6,7.5,0.73,0,205.27
TRIP-1553,12004,Lucknow Shatabdi Express,SF,CNB,LKO,71.6,75.0,9,6,2.7,0.85,0,80.44
TRIP-1554,12951,Mumbai Rajdhani Express,RAJ,BCT,ST,263.0,160.0,6,6,0.0,0.63,0,161.68
TRIP-1554,12951,Mumbai Rajdhani Express,RAJ,ST,BRC,129.0,80.0,8,6,2.8,0.9,0,86.21
TRIP-1554,12951,Mumbai Rajdhani Express,RAJ,BRC,RTM,261.0,195.0,10,6,9.6,0.82,0,201.06
TRIP-1554,12951,Mumbai Rajdhani Express,RAJ,RTM,KOTA,266.0,155.0,13,6,14.7,0.8,0,156.05
TRIP-1554,12951,Mumbai Rajdhani Express,RAJ,KOTA,MTJ,324.0,195.0,16,6,15.4,0.77,0,193.22
TRIP-1554,12951,Mumbai Rajdhani Express,RAJ,MTJ,NDLS,143.0,110.0,19,6,13.4,0.91,0,112.95
TRIP-1555,12951,Mumbai Rajdhani Express,RAJ,BCT,ST,263.0,160.0,9,6,3.4,0.93,0,175.1
TRIP-1555,12951,Mumbai Rajdhani Express,RAJ,ST,BRC,129.0,80.0,12,6,19.0,0.72,0,78.65
TRIP-1555,12951,Mumbai Rajdhani Express,RAJ,BRC,RTM,261.0,195.0,13,6,19.2,0.62,0,192.56
TRIP-1555,12951,Mumbai Rajdhani Express,RAJ,RTM,KOTA,266.0,155.0,16,6,18.4,0.63,0,149.61
TRIP-1555,12951,Mumbai Rajdhani Express,RAJ,KOTA,MTJ,324.0,195.0,19,6,14.5,0.98,0,199.98
TRIP-1555,12951,Mumbai Rajdhani Express,RAJ,MTJ,NDLS,143.0,110.0,22,6,21.2,0.74,0,104.63
TRIP-1556,12004,Lucknow Shatabdi Express,SF,NDLS,GZB,24.5,38.0,15,6,0.0,0.61,0,38.21
TRIP-1556,12004,Lucknow Shatabdi Express,SF,GZB,ALJN,106.3,60.0,15,6,2.1,0.65,0,67.4
TRIP-1556,12004,Lucknow Shatabdi Express,SF,ALJN,CNB,308.6,210.0,16,6,10.9,0.68,0,207.35
TRIP-1556,12004,Lucknow Shatabdi Express,SF,CNB,LKO,71.6,75.0,20,6,9.5,0.98,0,85.96
TRIP-1557,12302,Howrah Rajdhani Express,RAJ,NDLS,CNB,440.0,285.0,19,6,4.2,0.98,0,307.56
TRIP-1557,12302,Howrah Rajdhani Express,RAJ,CNB,PRYJ,194.5,120.0,0,6,27.5,0.74,0,120.06
TRIP-1557,12302,Howrah Rajdhani Express,RAJ,PRYJ,DDU,153.0,105.0,2,6,28.4,0.67,0,97.9
TRIP-1557,12302,Howrah Rajdhani Express,RAJ,DDU,GAYA,205.0,130.0,4,6,20.3,0.78,0,122.51
TRIP-1557,12302,Howrah Rajdhani Express,RAJ,GAYA,DHN,201.0,140.0,6,6,13.2,0.47,0,135.73
TRIP-1557,12302,Howrah Rajdhani Express,RAJ,DHN,HWH,259.0,200.0,8,6,9.0,0.84,0,205.28
TRIP-1558,22436,Vande Bharat Express,VB,NDLS,CNB,440.0,240.0,23,6,0.0,0.87,0,243.38
TRIP-1558,22436,Vande Bharat Express,VB,CNB,PRYJ,194.5,100.0,3,6,4.5,0.7,0,99.9
TRIP-1558,22436,Vande Bharat Express,VB,PRYJ,DDU,153.0,90.0,4,6,6.1,0.67,0,83.98
TRIP-1558,22436,Vande Bharat Express,VB,DDU,BSB,18.0,25.0,6,6,0.0,0.71,0,29.48
TRIP-1559,12802,Purushottam Express,EXP,NDLS,CNB,440.0,350.0,3,0,0.0,0.6,0,322.27
TRIP-1559,12802,Purushottam Express,EXP,CNB,PRYJ,194.5,150.0,8,0,0.0,0.81,0,155.73
TRIP-1559,12802,Purushottam Express,EXP,PRYJ,DDU,153.0,135.0,11,0,7.1,0.98,0,144.27
TRIP-1559,12802,Purushottam Express,EXP,DDU,GAYA,205.0,165.0,13,0,18.0,0.67,0,159.8
TRIP-1559,12802,Purushottam Express,EXP,GAYA,BKSC,149.0,135.0,16,0,14.8,0.5,0,130.67
TRIP-1559,12802,Purushottam Express,EXP,BKSC,PURI,612.0,520.0,18,0,9.6,0.83,0,530.99
TRIP-1560,22436,Vande Bharat Express,VB,NDLS,CNB,440.0,240.0,9,0,10.0,0.88,0,247.8
TRIP-1560,22436,Vande Bharat Express,VB,CNB,PRYJ,194.5,100.0,13,0,18.9,0.72,0,98.95
TRIP-1560,22436,Vande Bharat Express,VB,PRYJ,DDU,153.0,90.0,14,0,18.1,0.77,0,86.22
TRIP-1560,22436,Vande Bharat Express,VB,DDU,BSB,18.0,25.0,16,0,13.3,0.75,0,26.2
TRIP-1561,12951,Mumbai Rajdhani Express,RAJ,BCT,ST,263.0,160.0,12,0,10.2,0.7,0,155.55
TRIP-1561,12951,Mumbai Rajdhani Express,RAJ,ST,BRC,129.0,80.0,14,0,5.1,0.62,0,78.9
TRIP-1561,12951,Mumbai Rajdhani Express,RAJ,BRC,RTM,261.0,195.0,16,0,3.0,0.72,0,192.95
TRIP-1561,12951,Mumbai Rajdhani Express,RAJ,RTM,KOTA,266.0,155.0,19,0,1.9,0.98,0,163.9
TRIP-1561,12951,Mumbai Rajdhani Express,RAJ,KOTA,MTJ,324.0,195.0,22,0,12.3,0.82,0,190.39
TRIP-1561,12951,Mumbai Rajdhani Express,RAJ,MTJ,NDLS,143.0,110.0,1,0,9.3,0.7,0,96.83
TRIP-1562,22436,Vande Bharat Express,VB,NDLS,CNB,440.0,240.0,18,0,3.9,0.94,0,252.8
TRIP-1562,22436,Vande Bharat Express,VB,CNB,PRYJ,194.5,100.0,22,0,16.6,0.84,0,98.44
TRIP-1562,22436,Vande Bharat Express,VB,PRYJ,DDU,153.0,90.0,0,0,15.1,0.84,0,83.94
TRIP-1562,22436,Vande Bharat Express,VB,DDU,BSB,18.0,25.0,1,0,10.6,0.66,0,25.73
TRIP-1563,22436,Vande Bharat Express,VB,NDLS,CNB,440.0,240.0,21,0,0.0,0.98,0,248.34
TRIP-1563,22436,Vande Bharat Express,VB,CNB,PRYJ,194.5,100.0,1,0,10.0,0.69,0,89.66
TRIP-1563,22436,Vande Bharat Express,VB,PRYJ,DDU,153.0,90.0,2,0,0.1,0.71,0,82.14
TRIP-1563,22436,Vande Bharat Express,VB,DDU,BSB,18.0,25.0,4,0,0.0,0.66,0,27.19
TRIP-1564,12802,Purushottam Express,EXP,NDLS,CNB,440.0,350.0,23,0,4.8,0.86,0,342.0
TRIP-1564,12802,Purushottam Express,EXP,CNB,PRYJ,194.5,150.0,4,0,0.0,0.82,0,140.77
TRIP-1564,12802,Purushottam Express,EXP,PRYJ,DDU,153.0,135.0,7,0,0.0,0.84,0,132.07
TRIP-1564,12802,Purushottam Express,EXP,DDU,GAYA,205.0,165.0,9,0,0.0,0.98,0,173.89
TRIP-1564,12802,Purushottam Express,EXP,GAYA,BKSC,149.0,135.0,12,0,8.9,0.49,0,128.01
TRIP-1564,12802,Purushottam Express,EXP,BKSC,PURI,612.0,520.0,14,0,2.0,0.52,0,494.57
TRIP-1565,22436,Vande Bharat Express,VB,NDLS,CNB,440.0,240.0,3,1,13.9,0.66,0,213.48
TRIP-1565,22436,Vande Bharat Express,VB,CNB,PRYJ,194.5,100.0,6,1,0.0,0.71,0,99.48
TRIP-1565,22436,Vande Bharat Express,VB,PRYJ,DDU,153.0,90.0,8,1,1.0,0.98,0,102.86
TRIP-1565,22436,Vande Bharat Express,VB,DDU,BSB,18.0,25.0,10,1,15.3,0.82,0,28.15
TRIP-1566,12302,Howrah Rajdhani Express,RAJ,NDLS,CNB,440.0,285.0,6,1,2.8,0.76,0,279.85
TRIP-1566,12302,Howrah Rajdhani Express,RAJ,CNB,PRYJ,194.5,120.0,10,1,0.0,0.98,0,129.84
TRIP-1566,12302,Howrah Rajdhani Express,RAJ,PRYJ,DDU,153.0,105.0,12,1,11.0,0.84,0,107.0
TRIP-1566,12302,Howrah Rajdhani Express,RAJ,DDU,GAYA,205.0,130.0,14,1,13.0,0.81,0,121.38
TRIP-1566,12302,Howrah Rajdhani Express,RAJ,GAYA,DHN,201.0,140.0,16,1,4.6,0.59,0,137.65
TRIP-1566,12302,Howrah Rajdhani Express,RAJ,DHN,HWH,259.0,200.0,19,1,2.5,0.56,0,198.64
TRIP-1567,12802,Purushottam Express,EXP,NDLS,CNB,440.0,350.0,9,1,21.7,0.98,0,365.35
TRIP-1567,12802,Purushottam Express,EXP,CNB,PRYJ,194.5,150.0,15,1,37.2,0.74,0,153.39
TRIP-1567,12802,Purushottam Express,EXP,PRYJ,DDU,153.0,135.0,17,1,41.8,0.94,0,145.6
TRIP-1567,12802,Purushottam Express,EXP,DDU,GAYA,205.0,165.0,20,1,52.5,0.94,0,179.34
TRIP-1567,12802,Purushottam Express,EXP,GAYA,BKSC,149.0,135.0,23,1,66.2,0.59,0,142.26
TRIP-1567,12802,Purushottam Express,EXP,BKSC,PURI,612.0,520.0,1,1,74.1,0.5,0,482.8
TRIP-1568,22436,Vande Bharat Express,VB,NDLS,CNB,440.0,240.0,12,1,3.0,0.87,0,236.38
TRIP-1568,22436,Vande Bharat Express,VB,CNB,PRYJ,194.5,100.0,16,1,0.2,0.72,0,104.34
TRIP-1568,22436,Vande Bharat Express,VB,PRYJ,DDU,153.0,90.0,17,1,3.7,0.98,0,101.44
TRIP-1568,22436,Vande Bharat Express,VB,DDU,BSB,18.0,25.0,19,1,14.8,0.81,0,30.31
TRIP-1569,12802,Purushottam Express,EXP,NDLS,CNB,440.0,350.0,15,1,1.3,0.84,0,343.08
TRIP-1569,12802,Purushottam Express,EXP,CNB,PRYJ,194.5,150.0,20,1,0.0,0.98,0,157.2
TRIP-1569,12802,Purushottam Express,EXP,PRYJ,DDU,153.0,135.0,23,1,8.6,0.66,0,132.69
TRIP-1569,12802,Purushottam Express,EXP,DDU,GAYA,205.0,165.0,1,1,6.0,0.75,0,153.03
TRIP-1569,12802,Purushottam Express,EXP,GAYA,BKSC,149.0,135.0,4,1,0.0,0.52,0,120.15
TRIP-1569,12802,Purushottam Express,EXP,BKSC,PURI,612.0,520.0,6,1,0.0,0.41,0,498.73
TRIP-1570,12302,Howrah Rajdhani Express,RAJ,NDLS,CNB,440.0,285.0,19,1,0.0,0.98,0,298.01
TRIP-1570,12302,Howrah Rajdhani Express,RAJ,CNB,PRYJ,194.5,120.0,0,1,12.6,0.77,0,116.17
TRIP-1570,12302,Howrah Rajdhani Express,RAJ,PRYJ,DDU,153.0,105.0,2,1,8.4,0.72,0,98.37
TRIP-1570,12302,Howrah Rajdhani Express,RAJ,DDU,GAYA,205.0,130.0,3,1,2.9,0.8,0,124.71
TRIP-1570,12302,Howrah Rajdhani Express,RAJ,GAYA,DHN,201.0,140.0,5,1,0.0,0.39,0,135.24
TRIP-1570,12302,Howrah Rajdhani Express,RAJ,DHN,HWH,259.0,200.0,8,1,0.0,0.65,0,201.54
TRIP-1571,12302,Howrah Rajdhani Express,RAJ,NDLS,CNB,440.0,285.0,21,1,0.0,0.86,0,297.18
TRIP-1571,12302,Howrah Rajdhani Express,RAJ,CNB,PRYJ,194.5,120.0,2,1,13.2,0.8,0,107.18
TRIP-1571,12302,Howrah Rajdhani Express,RAJ,PRYJ,DDU,153.0,105.0,3,1,0.5,0.86,0,101.39
TRIP-1571,12302,Howrah Rajdhani Express,RAJ,DDU,GAYA,205.0,130.0,5,1,0.0,0.81,0,127.22
TRIP-1571,12302,Howrah Rajdhani Express,RAJ,GAYA,DHN,201.0,140.0,7,1,0.0,0.59,0,130.28
TRIP-1571,12302,Howrah Rajdhani Express,RAJ,DHN,HWH,259.0,200.0,10,1,0.0,0.69,0,202.96
TRIP-1572,12951,Mumbai Rajdhani Express,RAJ,BCT,ST,263.0,160.0,0,2,10.0,0.73,0,147.81
TRIP-1572,12951,Mumbai Rajdhani Express,RAJ,ST,BRC,129.0,80.0,2,2,0.0,0.72,0,72.3
TRIP-1572,12951,Mumbai Rajdhani Express,RAJ,BRC,RTM,261.0,195.0,3,2,0.0,0.83,0,182.15
TRIP-1572,12951,Mumbai Rajdhani Express,RAJ,RTM,KOTA,266.0,155.0,6,2,0.0,0.87,0,154.28
TRIP-1572,12951,Mumbai Rajdhani Express,RAJ,KOTA,MTJ,324.0,195.0,9,2,0.0,0.84,0,200.69
TRIP-1572,12951,Mumbai Rajdhani Express,RAJ,MTJ,NDLS,143.0,110.0,13,2,5.4,0.83,0,102.64
TRIP-1573,12302,Howrah Rajdhani Express,RAJ,NDLS,CNB,440.0,285.0,4,2,0.0,0.71,0,262.56
TRIP-1573,12302,Howrah Rajdhani Express,RAJ,CNB,PRYJ,194.5,120.0,8,2,0.0,0.98,0,127.22
TRIP-1573,12302,Howrah Rajdhani Express,RAJ,PRYJ,DDU,153.0,105.0,10,2,7.9,0.81,0,112.47
TRIP-1573,12302,Howrah Rajdhani Express,RAJ,DDU,GAYA,205.0,130.0,12,2,14.9,0.85,0,129.11
TRIP-1573,12302,Howrah Rajdhani Express,RAJ,GAYA,DHN,201.0,140.0,14,2,13.9,0.53,0,131.18
TRIP-1573,12302,Howrah Rajdhani Express,RAJ,DHN,HWH,259.0,200.0,17,2,4.1,0.55,0,197.0
TRIP-1574,12302,Howrah Rajdhani Express,RAJ,NDLS,CNB,440.0,285.0,6,2,31.1,0.88,0,282.5
TRIP-1574,12302,Howrah Rajdhani Express,RAJ,CNB,PRYJ,194.5,120.0,10,2,27.9,0.89,0,131.6
TRIP-1574,12302,Howrah Rajdhani Express,RAJ,PRYJ,DDU,153.0,105.0,13,2,41.0,0.81,0,109.6
TRIP-1574,12302,Howrah Rajdhani Express,RAJ,DDU,GAYA,205.0,130.0,14,2,45.8,0.61,0,131.18
TRIP-1574,12302,Howrah Rajdhani Express,RAJ,GAYA,DHN,201.0,140.0,17,2,47.3,0.56,0,142.84
TRIP-1574,12302,Howrah Rajdhani Express,RAJ,DHN,HWH,259.0,200.0,19,2,52.0,0.58,0,206.37
TRIP-1575,22436,Vande Bharat Express,VB,NDLS,CNB,440.0,240.0,9,2,10.0,0.98,0,243.27
TRIP-1575,22436,Vande Bharat Express,VB,CNB,PRYJ,194.5,100.0,13,2,14.6,0.62,0,98.25
TRIP-1575,22436,Vande Bharat Express,VB,PRYJ,DDU,153.0,90.0,14,2,13.3,0.82,0,89.5
TRIP-1575,22436,Vande Bharat Express,VB,DDU,BSB,18.0,25.0,16,2,14.5,0.71,0,25.94
TRIP-1576,22436,Vande Bharat Express,VB,NDLS,CNB,440.0,240.0,13,2,10.0,0.73,0,230.31
TRIP-1576,22436,Vande Bharat Express,VB,CNB,PRYJ,194.5,100.0,16,2,0.7,0.83,0,102.94
TRIP-1576,22436,Vande Bharat Express,VB,PRYJ,DDU,153.0,90.0,18,2,2.8,0.83,0,96.24
TRIP-1576,22436,Vande Bharat Express,VB,DDU,BSB,18.0,25.0,20,2,9.0,0.92,0,26.59
TRIP-1577,12302,Howrah Rajdhani Express,RAJ,NDLS,CNB,440.0,285.0,17,2,0.7,0.97,0,292.55
TRIP-1577,12302,Howrah Rajdhani Express,RAJ,CNB,PRYJ,194.5,120.0,21,2,7.7,0.85,0,118.19
TRIP-1577,12302,Howrah Rajdhani Express,RAJ,PRYJ,DDU,153.0,105.0,0,2,6.0,0.63,0,98.35
TRIP-1577,12302,Howrah Rajdhani Express,RAJ,DDU,GAYA,205.0,130.0,1,2,1.3,0.79,0,123.74
TRIP-1577,12302,Howrah Rajdhani Express,RAJ,GAYA,DHN,201.0,140.0,3,2,0.0,0.38,0,127.91
TRIP-1577,12302,Howrah Rajdhani Express,RAJ,DHN,HWH,259.0,200.0,6,2,0.0,0.43,0,195.68
TRIP-1578,22436,Vande Bharat Express,VB,NDLS,CNB,440.0,240.0,20,2,0.0,0.9,0,244.56
TRIP-1578,22436,Vande Bharat Express,VB,CNB,PRYJ,194.5,100.0,0,2,6.0,0.65,0,94.41
TRIP-1578,22436,Vande Bharat Express,VB,PRYJ,DDU,153.0,90.0,1,2,2.0,0.64,0,79.35
TRIP-1578,22436,Vande Bharat Express,VB,DDU,BSB,18.0,25.0,3,2,0.0,0.74,0,26.09
TRIP-1579,12951,Mumbai Rajdhani Express,RAJ,BCT,ST,263.0,160.0,22,2,0.3,0.62,0,156.67
TRIP-1579,12951,Mumbai Rajdhani Express,RAJ,ST,BRC,129.0,80.0,0,2,0.0,0.71,0,82.19
TRIP-1579,12951,Mumbai Rajdhani Express,RAJ,BRC,RTM,261.0,195.0,2,2,1.4,0.66,0,179.82
TRIP-1579,12951,Mumbai Rajdhani Express,RAJ,RTM,KOTA,266.0,155.0,5,2,0.0,0.84,0,153.75
TRIP-1579,12951,Mumbai Rajdhani Express,RAJ,KOTA,MTJ,324.0,195.0,7,2,0.0,0.77,0,189.82
TRIP-1579,12951,Mumbai Rajdhani Express,RAJ,MTJ,NDLS,143.0,110.0,11,2,0.0,0.98,0,113.76
TRIP-1580,12302,Howrah Rajdhani Express,RAJ,NDLS,CNB,440.0,285.0,4,3,1.5,0.87,0,266.0
TRIP-1580,12302,Howrah Rajdhani Express,RAJ,CNB,PRYJ,194.5,120.0,8,3,0.0,0.91,0,124.68
TRIP-1580,12302,Howrah Rajdhani Express,RAJ,PRYJ,DDU,153.0,105.0,10,3,5.4,0.98,0,108.28
TRIP-1580,12302,Howrah Rajdhani Express,RAJ,DDU,GAYA,205.0,130.0,12,3,9.7,0.65,0,126.46
TRIP-1580,12302,Howrah Rajdhani Express,RAJ,GAYA,DHN,201.0,140.0,14,3,6.0,0.61,0,130.78
TRIP-1580,12302,Howrah Rajdhani Express,RAJ,DHN,HWH,259.0,200.0,17,3,0.0,0.85,0,201.81
TRIP-1581,12802,Purushottam Express,EXP,NDLS,CNB,440.0,350.0,6,3,0.0,0.84,0,344.72
TRIP-1581,12802,Purushottam Express,EXP,CNB,PRYJ,194.5,150.0,11,3,0.0,0.9,0,156.55
TRIP-1581,12802,Purushottam Express,EXP,PRYJ,DDU,153.0,135.0,14,3,7.2,0.74,0,134.95
TRIP-1581,12802,Purushottam Express,EXP,DDU,GAYA,205.0,165.0,16,3,6.6,0.6,0,155.12
TRIP-1581,12802,Purushottam Express,EXP,GAYA,BKSC,149.0,135.0,19,3,0.0,0.78,0,136.33
TRIP-1581,12802,Purushottam Express,EXP,BKSC,PURI,612.0,520.0,21,3,0.9,0.76,0,524.46
TRIP-1582,22436,Vande Bharat Express,VB,NDLS,CNB,440.0,240.0,12,3,0.0,0.75,0,232.78
TRIP-1582,22436,Vande Bharat Express,VB,CNB,PRYJ,194.5,100.0,15,3,0.0,0.8,0,103.97
TRIP-1582,22436,Vande Bharat Express,VB,PRYJ,DDU,153.0,90.0,17,3,3.1,0.82,0,92.42
TRIP-1582,22436,Vande Bharat Express,VB,DDU,BSB,18.0,25.0,19,3,5.2,0.86,0,19.85
TRIP-1583,12004,Lucknow Shatabdi Express,SF,NDLS,GZB,24.5,38.0,16,3,5.0,0.63,0,42.66
TRIP-1583,12004,Lucknow Shatabdi Express,SF,GZB,ALJN,106.3,60.0,16,3,9.9,0.68,0,62.79
TRIP-1583,12004,Lucknow Shatabdi Express,SF,ALJN,CNB,308.6,210.0,17,3,14.4,0.98,0,220.01
TRIP-1583,12004,Lucknow Shatabdi Express,SF,CNB,LKO,71.6,75.0,21,3,24.7,0.8,0,81.65
TRIP-1584,12802,Purushottam Express,EXP,NDLS,CNB,440.0,350.0,18,3,2.0,0.81,0,356.21
TRIP-1584,12802,Purushottam Express,EXP,CNB,PRYJ,194.5,150.0,0,3,8.3,0.65,0,146.43
TRIP-1584,12802,Purushottam Express,EXP,PRYJ,DDU,153.0,135.0,2,3,6.4,0.73,0,123.1
TRIP-1584,12802,Purushottam Express,EXP,DDU,GAYA,205.0,165.0,4,3,0.0,0.76,0,153.75
TRIP-1584,12802,Purushottam Express,EXP,GAYA,BKSC,149.0,135.0,7,3,0.0,0.5,0,128.7
TRIP-1584,12802,Purushottam Express,EXP,BKSC,PURI,612.0,520.0,9,3,0.0,0.6,0,515.77
TRIP-1585,12004,Lucknow Shatabdi Express,SF,NDLS,GZB,24.5,38.0,21,3,13.2,0.96,0,44.69
TRIP-1585,12004,Lucknow Shatabdi Express,SF,GZB,ALJN,106.3,60.0,21,3,20.7,0.88,0,66.97
TRIP-1585,12004,Lucknow Shatabdi Express,SF,ALJN,CNB,308.6,210.0,23,3,27.7,0.76,0,209.94
TRIP-1585,12004,Lucknow Shatabdi Express,SF,CNB,LKO,71.6,75.0,2,3,29.3,0.6,0,70.97
TRIP-1586,12802,Purushottam Express,EXP,NDLS,CNB,440.0,350.0,23,3,38.7,0.74,0,348.94
TRIP-1586,12802,Purushottam Express,EXP,CNB,PRYJ,194.5,150.0,4,3,39.3,0.87,0,146.45
TRIP-1586,12802,Purushottam Express,EXP,PRYJ,DDU,153.0,135.0,7,3,35.7,0.89,0,147.73
TRIP-1586,12802,Purushottam Express,EXP,DDU,GAYA,205.0,165.0,9,3,48.6,0.98,0,185.69
TRIP-1586,12802,Purushottam Express,EXP,GAYA,BKSC,149.0,135.0,13,3,68.3,0.52,0,140.27
TRIP-1586,12802,Purushottam Express,EXP,BKSC,PURI,612.0,520.0,15,3,72.6,0.35,0,506.78
TRIP-1587,12802,Purushottam Express,EXP,NDLS,CNB,440.0,350.0,3,4,10.0,0.74,0,321.5
TRIP-1587,12802,Purushottam Express,EXP,CNB,PRYJ,194.5,150.0,8,4,0.0,0.9,0,160.8
TRIP-1587,12802,Purushottam Express,EXP,PRYJ,DDU,153.0,135.0,11,4,12.8,0.86,0,149.17
TRIP-1587,12802,Purushottam Express,EXP,DDU,GAYA,205.0,165.0,13,4,26.3,0.73,0,166.97
TRIP-1587,12802,Purushottam Express,EXP,GAYA,BKSC,149.0,135.0,16,4,28.8,0.56,0,130.15
TRIP-1587,12802,Purushottam Express,EXP,BKSC,PURI,612.0,520.0,18,4,25.5,0.69,0,533.82
TRIP-1588,12004,Lucknow Shatabdi Express,SF,NDLS,GZB,24.5,38.0,5,4,10.8,0.83,0,44.82
TRIP-1588,12004,Lucknow Shatabdi Express,SF,GZB,ALJN,106.3,60.0,5,4,18.4,0.72,0,59.75
TRIP-1588,12004,Lucknow Shatabdi Express,SF,ALJN,CNB,308.6,210.0,6,4,19.8,0.61,0,213.75
TRIP-1588,12004,Lucknow Shatabdi Express,SF,CNB,LKO,71.6,75.0,10,4,25.3,0.85,0,78.79
TRIP-1589,22436,Vande Bharat Express,VB,NDLS,CNB,440.0,240.0,11,4,14.9,0.98,0,250.1
TRIP-1589,22436,Vande Bharat Express,VB,CNB,PRYJ,194.5,100.0,15,4,27.0,0.73,0,103.01
TRIP-1589,22436,Vande Bharat Express,VB,PRYJ,DDU,153.0,90.0,17,4,30.1,0.84,0,99.71
TRIP-1589,22436,Vande Bharat Express,VB,DDU,BSB,18.0,25.0,18,4,39.0,0.86,0,30.38
TRIP-1590,12004,Lucknow Shatabdi Express,SF,NDLS,GZB,24.5,38.0,17,4,1.5,0.88,0,41.91
TRIP-1590,12004,Lucknow Shatabdi Express,SF,GZB,ALJN,106.3,60.0,17,4,6.8,0.82,0,64.29
TRIP-1590,12004,Lucknow Shatabdi Express,SF,ALJN,CNB,308.6,210.0,18,4,13.1,0.98,0,224.31
TRIP-1590,12004,Lucknow Shatabdi Express,SF,CNB,LKO,71.6,75.0,22,4,28.1,0.86,0,78.8
TRIP-1591,22436,Vande Bharat Express,VB,NDLS,CNB,440.0,240.0,23,4,2.6,0.72,0,241.14
TRIP-1591,22436,Vande Bharat Express,VB,CNB,PRYJ,194.5,100.0,3,4,3.9,0.74,0,99.3
TRIP-1591,22436,Vande Bharat Express,VB,PRYJ,DDU,153.0,90.0,4,4,4.1,0.61,0,86.1
TRIP-1591,22436,Vande Bharat Express,VB,DDU,BSB,18.0,25.0,6,4,1.6,0.61,0,21.25
TRIP-1592,12004,Lucknow Shatabdi Express,SF,NDLS,GZB,24.5,38.0,1,5,1.3,0.69,0,38.27
TRIP-1592,12004,Lucknow Shatabdi Express,SF,GZB,ALJN,106.3,60.0,1,5,3.0,0.8,0,57.78
TRIP-1592,12004,Lucknow Shatabdi Express,SF,ALJN,CNB,308.6,210.0,2,5,1.4,0.87,0,189.34
TRIP-1592,12004,Lucknow Shatabdi Express,SF,CNB,LKO,71.6,75.0,6,5,0.0,0.73,0,70.43
TRIP-1593,22436,Vande Bharat Express,VB,NDLS,CNB,440.0,240.0,5,5,10.0,0.74,0,225.91
TRIP-1593,22436,Vande Bharat Express,VB,CNB,PRYJ,194.5,100.0,8,5,0.0,0.94,0,106.33
TRIP-1593,22436,Vande Bharat Express,VB,PRYJ,DDU,153.0,90.0,10,5,6.4,0.98,0,98.16
TRIP-1593,22436,Vande Bharat Express,VB,DDU,BSB,18.0,25.0,12,5,15.3,0.69,0,23.11
TRIP-1594,12802,Purushottam Express,EXP,NDLS,CNB,440.0,350.0,8,5,1.3,0.96,0,359.55
TRIP-1594,12802,Purushottam Express,EXP,CNB,PRYJ,194.5,150.0,14,5,11.1,0.85,0,152.81
TRIP-1594,12802,Purushottam Express,EXP,PRYJ,DDU,153.0,135.0,16,5,15.8,0.73,0,134.79
TRIP-1594,12802,Purushottam Express,EXP,DDU,GAYA,205.0,165.0,19,5,17.2,0.98,0,175.79
TRIP-1594,12802,Purushottam Express,EXP,GAYA,BKSC,149.0,135.0,22,5,27.8,0.52,0,134.93
TRIP-1594,12802,Purushottam Express,EXP,BKSC,PURI,612.0,520.0,0,5,27.2,0.61,0,495.9
TRIP-1595,22436,Vande Bharat Express,VB,NDLS,CNB,440.0,240.0,11,5,0.0,0.98,0,248.59
TRIP-1595,22436,Vande Bharat Express,VB,CNB,PRYJ,194.5,100.0,15,5,10.3,0.8,0,101.52
TRIP-1595,22436,Vande Bharat Express,VB,PRYJ,DDU,153.0,90.0,17,5,11.0,0.98,0,94.35
TRIP-1595,22436,Vande Bharat Express,VB,DDU,BSB,18.0,25.0,18,5,16.7,0.87,0,28.77
TRIP-1596,12951,Mumbai Rajdhani Express,RAJ,BCT,ST,263.0,160.0,15,5,10.0,0.75,0,151.6
TRIP-1596,12951,Mumbai Rajdhani Express,RAJ,ST,BRC,129.0,80.0,17,5,2.5,0.84,0,85.48
TRIP-1596,12951,Mumbai Rajdhani Express,RAJ,BRC,RTM,261.0,195.0,19,5,8.0,0.96,0,198.24
TRIP-1596,12951,Mumbai Rajdhani Express,RAJ,RTM,KOTA,266.0,155.0,22,5,10.7,0.87,0,144.26
TRIP-1596,12951,Mumbai Rajdhani Express,RAJ,KOTA,MTJ,324.0,195.0,0,5,1.1,0.77,0,192.58
TRIP-1596,12951,Mumbai Rajdhani Express,RAJ,MTJ,NDLS,143.0,110.0,4,5,0.4,0.74,0,111.32
TRIP-1597,12004,Lucknow Shatabdi Express,SF,NDLS,GZB,24.5,38.0,19,5,2.1,0.96,0,47.32
TRIP-1597,12004,Lucknow Shatabdi Express,SF,GZB,ALJN,106.3,60.0,19,5,12.5,0.81,0,61.42
TRIP-1597,12004,Lucknow Shatabdi Express,SF,ALJN,CNB,308.6,210.0,20,5,14.1,0.83,0,214.61
TRIP-1597,12004,Lucknow Shatabdi Express,SF,CNB,LKO,71.6,75.0,0,5,17.8,0.82,0,76.78
TRIP-1598,12004,Lucknow Shatabdi Express,SF,NDLS,GZB,24.5,38.0,1,6,18.3,0.66,0,40.01
TRIP-1598,12004,Lucknow Shatabdi Express,SF,GZB,ALJN,106.3,60.0,1,6,21.3,0.7,0,60.19
TRIP-1598,12004,Lucknow Shatabdi Express,SF,ALJN,CNB,308.6,210.0,2,6,22.7,0.88,0,199.07
TRIP-1598,12004,Lucknow Shatabdi Express,SF,CNB,LKO,71.6,75.0,6,6,11.4,0.76,0,77.31
TRIP-1599,22436,Vande Bharat Express,VB,NDLS,CNB,440.0,240.0,3,6,4.4,0.74,0,226.93
TRIP-1599,22436,Vande Bharat Express,VB,CNB,PRYJ,194.5,100.0,6,6,0.0,0.9,0,101.27
TRIP-1599,22436,Vande Bharat Express,VB,PRYJ,DDU,153.0,90.0,8,6,2.7,0.98,0,96.03
TRIP-1599,22436,Vande Bharat Express,VB,DDU,BSB,18.0,25.0,10,6,8.7,0.87,0,25.96
TRIP-1600,12802,Purushottam Express,EXP,NDLS,CNB,440.0,350.0,6,6,9.2,0.7,0,343.88
TRIP-1600,12802,Purushottam Express,EXP,CNB,PRYJ,194.5,150.0,11,6,2.5,0.91,0,161.82
TRIP-1600,12802,Purushottam Express,EXP,PRYJ,DDU,153.0,135.0,14,6,15.2,0.87,0,133.2
TRIP-1600,12802,Purushottam Express,EXP,DDU,GAYA,205.0,165.0,16,6,13.9,0.73,0,165.35
TRIP-1600,12802,Purushottam Express,EXP,GAYA,BKSC,149.0,135.0,19,6,14.0,0.73,0,137.98
TRIP-1600,12802,Purushottam Express,EXP,BKSC,PURI,612.0,520.0,22,6,16.5,0.35,0,508.14
TRIP-1601,12004,Lucknow Shatabdi Express,SF,NDLS,GZB,24.5,38.0,12,6,10.0,0.79,0,43.04
TRIP-1601,12004,Lucknow Shatabdi Express,SF,GZB,ALJN,106.3,60.0,12,6,17.0,0.7,0,63.32
TRIP-1601,12004,Lucknow Shatabdi Express,SF,ALJN,CNB,308.6,210.0,13,6,20.9,0.72,0,210.13
TRIP-1601,12004,Lucknow Shatabdi Express,SF,CNB,LKO,71.6,75.0,17,6,22.3,0.9,0,84.61
TRIP-1602,12302,Howrah Rajdhani Express,RAJ,NDLS,CNB,440.0,285.0,18,6,0.0,0.82,0,300.06
TRIP-1602,12302,Howrah Rajdhani Express,RAJ,CNB,PRYJ,194.5,120.0,23,6,14.1,0.89,0,117.25
TRIP-1602,12302,Howrah Rajdhani Express,RAJ,PRYJ,DDU,153.0,105.0,1,6,11.4,0.85,0,96.58
TRIP-1602,12302,Howrah Rajdhani Express,RAJ,DDU,GAYA,205.0,130.0,2,6,4.5,0.71,0,126.44
TRIP-1602,12302,Howrah Rajdhani Express,RAJ,GAYA,DHN,201.0,140.0,5,6,0.7,0.48,0,134.11
TRIP-1602,12302,Howrah Rajdhani Express,RAJ,DHN,HWH,259.0,200.0,7,6,0.0,0.53,0,194.6
TRIP-1603,12951,Mumbai Rajdhani Express,RAJ,BCT,ST,263.0,160.0,0,0,7.9,0.66,0,153.63
TRIP-1603,12951,Mumbai Rajdhani Express,RAJ,ST,BRC,129.0,80.0,2,0,0.8,0.78,0,77.09
TRIP-1603,12951,Mumbai Rajdhani Express,RAJ,BRC,RTM,261.0,195.0,4,0,0.0,0.86,0,180.86
TRIP-1603,12951,Mumbai Rajdhani Express,RAJ,RTM,KOTA,266.0,155.0,7,0,0.0,0.61,0,150.54
TRIP-1603,12951,Mumbai Rajdhani Express,RAJ,KOTA,MTJ,324.0,195.0,9,0,0.0,0.98,0,201.45
TRIP-1603,12951,Mumbai Rajdhani Express,RAJ,MTJ,NDLS,143.0,110.0,13,0,6.8,0.89,0,96.13
TRIP-1604,12004,Lucknow Shatabdi Express,SF,NDLS,GZB,24.5,38.0,6,0,11.3,0.74,0,41.39
TRIP-1604,12004,Lucknow Shatabdi Express,SF,GZB,ALJN,106.3,60.0,6,0,14.2,0.75,0,64.36
TRIP-1604,12004,Lucknow Shatabdi Express,SF,ALJN,CNB,308.6,210.0,7,0,18.6,0.8,0,208.53
TRIP-1604,12004,Lucknow Shatabdi Express,SF,CNB,LKO,71.6,75.0,11,0,17.3,0.98,0,86.03
TRIP-1605,22436,Vande Bharat Express,VB,NDLS,CNB,440.0,240.0,10,0,0.0,0.87,0,251.42
TRIP-1605,22436,Vande Bharat Express,VB,CNB,PRYJ,194.5,100.0,14,0,12.0,0.8,0,100.31
TRIP-1605,22436,Vande Bharat Express,VB,PRYJ,DDU,153.0,90.0,16,0,12.2,0.81,0,86.32
TRIP-1605,22436,Vande Bharat Express,VB,DDU,BSB,18.0,25.0,17,0,8.4,0.98,0,24.5
TRIP-1606,12004,Lucknow Shatabdi Express,SF,NDLS,GZB,24.5,38.0,14,0,8.4,0.65,0,41.23
TRIP-1606,12004,Lucknow Shatabdi Express,SF,GZB,ALJN,106.3,60.0,14,0,13.3,0.72,0,63.52
TRIP-1606,12004,Lucknow Shatabdi Express,SF,ALJN,CNB,308.6,210.0,15,0,16.3,0.61,0,208.89
TRIP-1606,12004,Lucknow Shatabdi Express,SF,CNB,LKO,71.6,75.0,19,0,15.0,0.98,0,81.03
TRIP-1607,12951,Mumbai Rajdhani Express,RAJ,BCT,ST,263.0,160.0,18,0,0.0,0.82,0,167.8
TRIP-1607,12951,Mumbai Rajdhani Express,RAJ,ST,BRC,129.0,80.0,20,0,7.3,0.98,0,77.69
TRIP-1607,12951,Mumbai Rajdhani Express,RAJ,BRC,RTM,261.0,195.0,22,0,5.1,0.84,0,189.95
TRIP-1607,12951,Mumbai Rajdhani Express,RAJ,RTM,KOTA,266.0,155.0,1,0,0.1,0.73,0,148.29
TRIP-1607,12951,Mumbai Rajdhani Express,RAJ,KOTA,MTJ,324.0,195.0,4,0,0.0,0.73,0,179.61
TRIP-1607,12951,Mumbai Rajdhani Express,RAJ,MTJ,NDLS,143.0,110.0,7,0,0.0,0.89,0,106.84
TRIP-1608,12302,Howrah Rajdhani Express,RAJ,NDLS,CNB,440.0,285.0,0,1,0.0,0.7,0,278.08
TRIP-1608,12302,Howrah Rajdhani Express,RAJ,CNB,PRYJ,194.5,120.0,4,1,0.0,0.81,0,113.18
TRIP-1608,12302,Howrah Rajdhani Express,RAJ,PRYJ,DDU,153.0,105.0,6,1,0.0,0.67,0,99.55
TRIP-1608,12302,Howrah Rajdhani Express,RAJ,DDU,GAYA,205.0,130.0,8,1,0.0,0.83,0,140.43
TRIP-1608,12302,Howrah Rajdhani Express,RAJ,GAYA,DHN,201.0,140.0,10,1,10.8,0.74,0,137.25
TRIP-1608,12302,Howrah Rajdhani Express,RAJ,DHN,HWH,259.0,200.0,13,1,8.4,0.63,0,190.17
TRIP-1609,22436,Vande Bharat Express,VB,NDLS,CNB,440.0,240.0,2,1,4.1,0.76,0,224.07
TRIP-1609,22436,Vande Bharat Express,VB,CNB,PRYJ,194.5,100.0,5,1,0.0,0.73,0,102.58
TRIP-1609,22436,Vande Bharat Express,VB,PRYJ,DDU,153.0,90.0,7,1,2.5,0.65,0,92.85
TRIP-1609,22436,Vande Bharat Express,VB,DDU,BSB,18.0,25.0,9,1,6.4,0.98,0,29.3
TRIP-1610,22436,Vande Bharat Express,VB,NDLS,CNB,440.0,240.0,4,1,0.8,0.76,0,224.89
TRIP-1610,22436,Vande Bharat Express,VB,CNB,PRYJ,194.5,100.0,7,1,0.0,0.65,0,97.33
TRIP-1610,22436,Vande Bharat Express,VB,PRYJ,DDU,153.0,90.0,9,1,0.0,0.98,0,102.71
TRIP-1610,22436,Vande Bharat Express,VB,DDU,BSB,18.0,25.0,11,1,13.3,0.98,0,25.77
TRIP-1611,12004,Lucknow Shatabdi Express,SF,NDLS,GZB,24.5,38.0,6,1,14.3,0.87,0,49.21
TRIP-1611,12004,Lucknow Shatabdi Express,SF,GZB,ALJN,106.3,60.0,6,1,27.5,0.69,0,61.84
TRIP-1611,12004,Lucknow Shatabdi Express,SF,ALJN,CNB,308.6,210.0,8,1,28.8,0.98,0,223.22
TRIP-1611,12004,Lucknow Shatabdi Express,SF,CNB,LKO,71.6,75.0,11,1,41.2,0.95,0,90.88
TRIP-1612,12951,Mumbai Rajdhani Express,RAJ,BCT,ST,263.0,160.0,9,1,10.0,0.98,0,163.44
TRIP-1612,12951,Mumbai Rajdhani Express,RAJ,ST,BRC,129.0,80.0,11,1,13.6,0.98,0,82.96
TRIP-1612,12951,Mumbai Rajdhani Express,RAJ,BRC,RTM,261.0,195.0,13,1,17.5,0.62,0,188.04
TRIP-1612,12951,Mumbai Rajdhani Express,RAJ,RTM,KOTA,266.0,155.0,16,1,10.7,0.82,0,150.41
TRIP-1612,12951,Mumbai Rajdhani Express,RAJ,KOTA,MTJ,324.0,195.0,19,1,5.8,0.97,0,199.35
TRIP-1612,12951,Mumbai Rajdhani Express,RAJ,MTJ,NDLS,143.0,110.0,22,1,10.2,0.76,0,102.91
TRIP-1613,12802,Purushottam Express,EXP,NDLS,CNB,440.0,350.0,11,1,0.0,0.81,0,357.82
TRIP-1613,12802,Purushottam Express,EXP,CNB,PRYJ,194.5,150.0,17,1,8.6,0.98,0,158.02
TRIP-1613,12802,Purushottam Express,EXP,PRYJ,DDU,153.0,135.0,19,1,17.3,0.95,0,146.39
TRIP-1613,12802,Purushottam Express,EXP,DDU,GAYA,205.0,165.0,22,1,29.4,0.68,0,160.21
TRIP-1613,12802,Purushottam Express,EXP,GAYA,BKSC,149.0,135.0,1,1,23.9,0.47,0,129.3
TRIP-1613,12802,Purushottam Express,EXP,BKSC,PURI,612.0,520.0,3,1,18.7,0.6,0,473.69
TRIP-1614,12802,Purushottam Express,EXP,NDLS,CNB,440.0,350.0,15,1,0.0,0.69,0,339.5
TRIP-1614,12802,Purushottam Express,EXP,CNB,PRYJ,194.5,150.0,20,1,0.0,0.98,0,147.69
TRIP-1614,12802,Purushottam Express,EXP,PRYJ,DDU,153.0,135.0,23,1,0.0,0.7,0,131.43
TRIP-1614,12802,Purushottam Express,EXP,DDU,GAYA,205.0,165.0,1,1,0.0,0.86,0,154.16
TRIP-1614,12802,Purushottam Express,EXP,GAYA,BKSC,149.0,135.0,4,1,0.0,0.35,0,121.62
TRIP-1614,12802,Purushottam Express,EXP,BKSC,PURI,612.0,520.0,6,1,0.0,0.54,0,500.41
TRIP-1615,22436,Vande Bharat Express,VB,NDLS,CNB,440.0,240.0,21,1,5.2,0.98,0,246.17
TRIP-1615,22436,Vande Bharat Express,VB,CNB,PRYJ,194.5,100.0,1,1,11.3,0.9,0,97.31
TRIP-1615,22436,Vande Bharat Express,VB,PRYJ,DDU,153.0,90.0,2,1,8.6,0.61,0,75.96
TRIP-1615,22436,Vande Bharat Express,VB,DDU,BSB,18.0,25.0,4,1,0.0,0.63,0,25.14
TRIP-1616,12951,Mumbai Rajdhani Express,RAJ,BCT,ST,263.0,160.0,3,2,0.0,0.76,0,147.26
TRIP-1616,12951,Mumbai Rajdhani Express,RAJ,ST,BRC,129.0,80.0,5,2,0.0,0.65,0,84.21
TRIP-1616,12951,Mumbai Rajdhani Express,RAJ,BRC,RTM,261.0,195.0,7,2,5.2,0.8,0,191.41
TRIP-1616,12951,Mumbai Rajdhani Express,RAJ,RTM,KOTA,266.0,155.0,10,2,0.8,0.98,0,167.75
TRIP-1616,12951,Mumbai Rajdhani Express,RAJ,KOTA,MTJ,324.0,195.0,13,2,14.4,0.74,0,191.59
TRIP-1616,12951,Mumbai Rajdhani Express,RAJ,MTJ,NDLS,143.0,110.0,16,2,12.9,0.88,0,106.52
TRIP-1617,22436,Vande Bharat Express,VB,NDLS,CNB,440.0,240.0,7,2,0.0,0.79,0,233.09
TRIP-1617,22436,Vande Bharat Express,VB,CNB,PRYJ,194.5,100.0,10,2,0.0,0.98,0,110.73
TRIP-1617,22436,Vande Bharat Express,VB,PRYJ,DDU,153.0,90.0,12,2,9.9,0.68,0,87.79
TRIP-1617,22436,Vande Bharat Express,VB,DDU,BSB,18.0,25.0,14,2,9.4,0.75,0,25.96
TRIP-1618,12802,Purushottam Express,EXP,NDLS,CNB,440.0,350.0,11,2,48.0,0.87,0,376.42
TRIP-1618,12802,Purushottam Express,EXP,CNB,PRYJ,194.5,150.0,17,2,73.7,0.98,0,164.11
TRIP-1618,12802,Purushottam Express,EXP,PRYJ,DDU,153.0,135.0,20,2,88.2,0.98,0,154.54
TRIP-1618,12802,Purushottam Express,EXP,DDU,GAYA,205.0,165.0,22,2,109.5,0.76,0,175.34
TRIP-1618,12802,Purushottam Express,EXP,GAYA,BKSC,149.0,135.0,1,2,119.5,0.51,0,133.82
TRIP-1618,12802,Purushottam Express,EXP,BKSC,PURI,612.0,520.0,4,2,119.6,0.52,0,488.42
TRIP-1619,12951,Mumbai Rajdhani Express,RAJ,BCT,ST,263.0,160.0,13,2,5.1,0.72,0,148.47
TRIP-1619,12951,Mumbai Rajdhani Express,RAJ,ST,BRC,129.0,80.0,15,2,0.0,0.73,0,76.95
TRIP-1619,12951,Mumbai Rajdhani Express,RAJ,BRC,RTM,261.0,195.0,16,2,0.0,0.75,0,195.41
TRIP-1619,12951,Mumbai Rajdhani Express,RAJ,RTM,KOTA,266.0,155.0,20,2,2.0,0.98,0,160.26
TRIP-1619,12951,Mumbai Rajdhani Express,RAJ,KOTA,MTJ,324.0,195.0,23,2,6.4,0.89,0,190.99
TRIP-1619,12951,Mumbai Rajdhani Express,RAJ,MTJ,NDLS,143.0,110.0,2,2,3.5,0.85,0,108.35
TRIP-1620,12802,Purushottam Express,EXP,NDLS,CNB,440.0,350.0,16,2,11.6,0.89,0,344.58
TRIP-1620,12802,Purushottam Express,EXP,CNB,PRYJ,194.5,150.0,21,2,7.2,0.98,0,156.61
TRIP-1620,12802,Purushottam Express,EXP,PRYJ,DDU,153.0,135.0,0,2,14.6,0.6,0,132.28
TRIP-1620,12802,Purushottam Express,EXP,DDU,GAYA,205.0,165.0,2,2,13.3,0.66,0,152.08
TRIP-1620,12802,Purushottam Express,EXP,GAYA,BKSC,149.0,135.0,5,2,0.0,0.39,0,127.18
TRIP-1620,12802,Purushottam Express,EXP,BKSC,PURI,612.0,520.0,7,2,0.0,0.36,0,497.61
TRIP-1621,12302,Howrah Rajdhani Express,RAJ,NDLS,CNB,440.0,285.0,22,2,0.4,0.77,0,280.53
TRIP-1621,12302,Howrah Rajdhani Express,RAJ,CNB,PRYJ,194.5,120.0,2,2,0.0,0.64,0,112.47
TRIP-1621,12302,Howrah Rajdhani Express,RAJ,PRYJ,DDU,153.0,105.0,4,2,0.0,0.87,0,102.13
TRIP-1621,12302,Howrah Rajdhani Express,RAJ,DDU,GAYA,205.0,130.0,6,2,0.0,0.82,0,132.81
TRIP-1621,12302,Howrah Rajdhani Express,RAJ,GAYA,DHN,201.0,140.0,8,2,3.8,0.65,0,141.39
TRIP-1621,12302,Howrah Rajdhani Express,RAJ,DHN,HWH,259.0,200.0,11,2,5.3,0.82,0,200.79
TRIP-1622,12302,Howrah Rajdhani Express,RAJ,NDLS,CNB,440.0,285.0,0,3,23.3,0.61,0,278.47
TRIP-1622,12302,Howrah Rajdhani Express,RAJ,CNB,PRYJ,194.5,120.0,4,3,16.6,0.73,0,104.27
TRIP-1622,12302,Howrah Rajdhani Express,RAJ,PRYJ,DDU,153.0,105.0,6,3,1.8,0.84,0,101.82
TRIP-1622,12302,Howrah Rajdhani Express,RAJ,DDU,GAYA,205.0,130.0,8,3,0.0,0.98,0,139.26
TRIP-1622,12302,Howrah Rajdhani Express,RAJ,GAYA,DHN,201.0,140.0,10,3,10.1,0.58,0,138.38
TRIP-1622,12302,Howrah Rajdhani Express,RAJ,DHN,HWH,259.0,200.0,13,3,8.2,0.43,0,189.1
TRIP-1623,12951,Mumbai Rajdhani Express,RAJ,BCT,ST,263.0,160.0,4,3,5.0,0.73,0,145.33
TRIP-1623,12951,Mumbai Rajdhani Express,RAJ,ST,BRC,129.0,80.0,6,3,0.0,0.76,0,76.82
TRIP-1623,12951,Mumbai Rajdhani Express,RAJ,BRC,RTM,261.0,195.0,7,3,0.0,0.81,0,192.61
TRIP-1623,12951,Mumbai Rajdhani Express,RAJ,RTM,KOTA,266.0,155.0,11,3,0.0,0.98,0,160.93
TRIP-1623,12951,Mumbai Rajdhani Express,RAJ,KOTA,MTJ,324.0,195.0,13,3,5.4,0.73,0,186.01
TRIP-1623,12951,Mumbai Rajdhani Express,RAJ,MTJ,NDLS,143.0,110.0,17,3,0.0,0.98,0,115.68
TRIP-1624,22436,Vande Bharat Express,VB,NDLS,CNB,440.0,240.0,8,3,1.9,0.94,0,247.44
TRIP-1624,22436,Vande Bharat Express,VB,CNB,PRYJ,194.5,100.0,12,3,11.3,0.85,0,101.31
TRIP-1624,22436,Vande Bharat Express,VB,PRYJ,DDU,153.0,90.0,13,3,12.8,0.88,0,88.92
TRIP-1624,22436,Vande Bharat Express,VB,DDU,BSB,18.0,25.0,15,3,10.9,0.84,0,25.27
TRIP-1625,12802,Purushottam Express,EXP,NDLS,CNB,440.0,350.0,11,3,0.0,0.98,0,362.69
TRIP-1625,12802,Purushottam Express,EXP,CNB,PRYJ,194.5,150.0,17,3,12.2,0.84,0,152.51
TRIP-1625,12802,Purushottam Express,EXP,PRYJ,DDU,153.0,135.0,19,3,16.6,0.82,0,140.56
TRIP-1625,12802,Purushottam Express,EXP,DDU,GAYA,205.0,165.0,22,3,24.1,0.74,0,161.44
TRIP-1625,12802,Purushottam Express,EXP,GAYA,BKSC,149.0,135.0,0,3,20.1,0.62,0,130.35
TRIP-1625,12802,Purushottam Express,EXP,BKSC,PURI,612.0,520.0,3,3,16.8,0.57,0,476.18
TRIP-1626,12004,Lucknow Shatabdi Express,SF,NDLS,GZB,24.5,38.0,13,3,23.1,0.76,0,38.79
TRIP-1626,12004,Lucknow Shatabdi Express,SF,GZB,ALJN,106.3,60.0,13,3,23.8,0.84,0,67.34
TRIP-1626,12004,Lucknow Shatabdi Express,SF,ALJN,CNB,308.6,210.0,14,3,33.0,0.65,0,213.96
TRIP-1626,12004,Lucknow Shatabdi Express,SF,CNB,LKO,71.6,75.0,18,3,37.0,0.98,0,91.01
TRIP-1627,12802,Purushottam Express,EXP,NDLS,CNB,440.0,350.0,17,3,4.3,0.98,0,360.12
TRIP-1627,12802,Purushottam Express,EXP,CNB,PRYJ,194.5,150.0,23,3,14.9,0.76,0,142.85
TRIP-1627,12802,Purushottam Express,EXP,PRYJ,DDU,153.0,135.0,1,3,8.3,0.8,0,125.58
TRIP-1627,12802,Purushottam Express,EXP,DDU,GAYA,205.0,165.0,3,3,0.0,0.84,0,155.26
TRIP-1627,12802,Purushottam Express,EXP,GAYA,BKSC,149.0,135.0,6,3,0.0,0.61,0,132.26
TRIP-1627,12802,Purushottam Express,EXP,BKSC,PURI,612.0,520.0,8,3,0.0,0.66,0,520.49
TRIP-1628,22436,Vande Bharat Express,VB,NDLS,CNB,440.0,240.0,20,3,18.8,0.83,0,241.2
TRIP-1628,22436,Vande Bharat Express,VB,CNB,PRYJ,194.5,100.0,0,3,20.0,0.63,0,92.7
TRIP-1628,22436,Vande Bharat Express,VB,PRYJ,DDU,153.0,90.0,1,3,13.1,0.61,0,80.28
TRIP-1628,22436,Vande Bharat Express,VB,DDU,BSB,18.0,25.0,3,3,4.9,0.84,0,28.29
TRIP-1629,12951,Mumbai Rajdhani Express,RAJ,BCT,ST,263.0,160.0,0,4,0.0,0.85,0,162.57
TRIP-1629,12951,Mumbai Rajdhani Express,RAJ,ST,BRC,129.0,80.0,2,4,3.1,0.66,0,85.13
TRIP-1629,12951,Mumbai Rajdhani Express,RAJ,BRC,RTM,261.0,195.0,4,4,7.5,0.77,0,177.11
TRIP-1629,12951,Mumbai Rajdhani Express,RAJ,RTM,KOTA,266.0,155.0,7,4,0.0,0.63,0,154.32
TRIP-1629,12951,Mumbai Rajdhani Express,RAJ,KOTA,MTJ,324.0,195.0,9,4,0.0,0.95,0,207.57
TRIP-1629,12951,Mumbai Rajdhani Express,RAJ,MTJ,NDLS,143.0,110.0,13,4,13.7,0.62,0,105.16
TRIP-1630,12951,Mumbai Rajdhani Express,RAJ,BCT,ST,263.0,160.0,4,4,3.0,0.76,0,158.02
TRIP-1630,12951,Mumbai Rajdhani Express,RAJ,ST,BRC,129.0,80.0,6,4,2.3,0.86,0,87.69
TRIP-1630,12951,Mumbai Rajdhani Express,RAJ,BRC,RTM,261.0,195.0,8,4,10.0,0.97,0,206.85
TRIP-1630,12951,Mumbai Rajdhani Express,RAJ,RTM,KOTA,266.0,155.0,11,4,21.9,0.98,0,174.59
TRIP-1630,12951,Mumbai Rajdhani Express,RAJ,KOTA,MTJ,324.0,195.0,14,4,40.8,0.87,0,202.11
TRIP-1630,12951,Mumbai Rajdhani Express,RAJ,MTJ,NDLS,143.0,110.0,18,4,49.3,0.88,0,127.1
TRIP-1631,22436,Vande Bharat Express,VB,NDLS,CNB,440.0,240.0,7,4,0.0,0.86,0,241.03
TRIP-1631,22436,Vande Bharat Express,VB,CNB,PRYJ,194.5,100.0,11,4,1.0,0.81,0,110.74
TRIP-1631,22436,Vande Bharat Express,VB,PRYJ,DDU,153.0,90.0,13,4,13.3,0.79,0,91.61
TRIP-1631,22436,Vande Bharat Express,VB,DDU,BSB,18.0,25.0,14,4,16.7,0.82,0,27.67
TRIP-1632,12302,Howrah Rajdhani Express,RAJ,NDLS,CNB,440.0,285.0,13,4,3.1,0.72,0,283.77
TRIP-1632,12302,Howrah Rajdhani Express,RAJ,CNB,PRYJ,194.5,120.0,17,4,1.7,0.96,0,129.09
TRIP-1632,12302,Howrah Rajdhani Express,RAJ,PRYJ,DDU,153.0,105.0,20,4,10.3,0.98,0,106.45
TRIP-1632,12302,Howrah Rajdhani Express,RAJ,DDU,GAYA,205.0,130.0,21,4,11.2,0.9,0,132.01
TRIP-1632,12302,Howrah Rajdhani Express,RAJ,GAYA,DHN,201.0,140.0,0,4,14.1,0.42,0,132.61
TRIP-1632,12302,Howrah Rajdhani Express,RAJ,DHN,HWH,259.0,200.0,2,4,8.6,0.52,0,182.85
TRIP-1633,22436,Vande Bharat Express,VB,NDLS,CNB,440.0,240.0,16,4,18.1,0.79,0,239.34
TRIP-1633,22436,Vande Bharat Express,VB,CNB,PRYJ,194.5,100.0,20,4,18.7,0.87,0,97.03
TRIP-1633,22436,Vande Bharat Express,VB,PRYJ,DDU,153.0,90.0,21,4,17.7,0.98,0,98.3
TRIP-1633,22436,Vande Bharat Express,VB,DDU,BSB,18.0,25.0,23,4,27.5,0.78,0,30.49
TRIP-1634,22436,Vande Bharat Express,VB,NDLS,CNB,440.0,240.0,18,4,0.0,0.98,0,258.06
TRIP-1634,22436,Vande Bharat Express,VB,CNB,PRYJ,194.5,100.0,22,4,20.0,0.85,0,98.0
TRIP-1634,22436,Vande Bharat Express,VB,PRYJ,DDU,153.0,90.0,0,4,17.7,0.6,0,86.71
TRIP-1634,22436,Vande Bharat Express,VB,DDU,BSB,18.0,25.0,1,4,14.3,0.83,0,27.31
TRIP-1635,12802,Purushottam Express,EXP,NDLS,CNB,440.0,350.0,21,4,0.0,0.86,0,364.53
TRIP-1635,12802,Purushottam Express,EXP,CNB,PRYJ,194.5,150.0,3,4,16.5,0.6,0,142.94
TRIP-1635,12802,Purushottam Express,EXP,PRYJ,DDU,153.0,135.0,5,4,9.5,0.74,0,132.74
TRIP-1635,12802,Purushottam Express,EXP,DDU,GAYA,205.0,165.0,7,4,7.5,0.63,0,165.44
TRIP-1635,12802,Purushottam Express,EXP,GAYA,BKSC,149.0,135.0,10,4,8.6,0.77,0,138.51
TRIP-1635,12802,Purushottam Express,EXP,BKSC,PURI,612.0,520.0,13,4,12.4,0.46,0,508.65
TRIP-1636,12004,Lucknow Shatabdi Express,SF,NDLS,GZB,24.5,38.0,3,5,0.0,0.82,0,38.87
TRIP-1636,12004,Lucknow Shatabdi Express,SF,GZB,ALJN,106.3,60.0,3,5,1.7,0.62,0,59.61
TRIP-1636,12004,Lucknow Shatabdi Express,SF,ALJN,CNB,308.6,210.0,4,5,1.5,0.64,0,192.18
TRIP-1636,12004,Lucknow Shatabdi Express,SF,CNB,LKO,71.6,75.0,8,5,0.0,0.96,0,87.04
TRIP-1637,12004,Lucknow Shatabdi Express,SF,NDLS,GZB,24.5,38.0,7,5,10.0,0.77,0,39.66
TRIP-1637,12004,Lucknow Shatabdi Express,SF,GZB,ALJN,106.3,60.0,7,5,12.4,0.78,0,63.0
TRIP-1637,12004,Lucknow Shatabdi Express,SF,ALJN,CNB,308.6,210.0,8,5,16.7,0.98,0,219.86
TRIP-1637,12004,Lucknow Shatabdi Express,SF,CNB,LKO,71.6,75.0,12,5,27.9,0.89,0,71.33
TRIP-1638,12302,Howrah Rajdhani Express,RAJ,NDLS,CNB,440.0,285.0,11,5,2.1,0.98,0,290.13
TRIP-1638,12302,Howrah Rajdhani Express,RAJ,CNB,PRYJ,194.5,120.0,15,5,8.6,0.85,0,116.17
TRIP-1638,12302,Howrah Rajdhani Express,RAJ,PRYJ,DDU,153.0,105.0,17,5,4.8,0.97,0,118.71
TRIP-1638,12302,Howrah Rajdhani Express,RAJ,DDU,GAYA,205.0,130.0,20,5,17.6,0.98,0,133.42
TRIP-1638,12302,Howrah Rajdhani Express,RAJ,GAYA,DHN,201.0,140.0,22,5,22.2,0.47,0,137.72
TRIP-1638,12302,Howrah Rajdhani Express,RAJ,DHN,HWH,259.0,200.0,0,5,21.6,0.4,0,192.63
TRIP-1639,12951,Mumbai Rajdhani Express,RAJ,BCT,ST,263.0,160.0,15,5,0.0,0.75,0,154.06
TRIP-1639,12951,Mumbai Rajdhani Express,RAJ,ST,BRC,129.0,80.0,17,5,0.0,0.92,0,87.22
TRIP-1639,12951,Mumbai Rajdhani Express,RAJ,BRC,RTM,261.0,195.0,19,5,8.5,0.84,0,193.85
TRIP-1639,12951,Mumbai Rajdhani Express,RAJ,RTM,KOTA,266.0,155.0,22,5,8.7,0.7,0,144.29
TRIP-1639,12951,Mumbai Rajdhani Express,RAJ,KOTA,MTJ,324.0,195.0,0,5,0.0,0.82,0,195.98
TRIP-1639,12951,Mumbai Rajdhani Express,RAJ,MTJ,NDLS,143.0,110.0,4,5,0.7,0.86,0,104.36
TRIP-1640,12802,Purushottam Express,EXP,NDLS,CNB,440.0,350.0,17,5,34.0,0.98,0,369.4
TRIP-1640,12802,Purushottam Express,EXP,CNB,PRYJ,194.5,150.0,23,5,52.7,0.85,0,153.13
TRIP-1640,12802,Purushottam Express,EXP,PRYJ,DDU,153.0,135.0,1,5,57.2,0.6,0,137.14
TRIP-1640,12802,Purushottam Express,EXP,DDU,GAYA,205.0,165.0,4,5,59.9,0.75,0,164.52
TRIP-1640,12802,Purushottam Express,EXP,GAYA,BKSC,149.0,135.0,7,5,60.2,0.62,0,136.58
TRIP-1640,12802,Purushottam Express,EXP,BKSC,PURI,612.0,520.0,9,5,62.3,0.79,0,533.92
TRIP-1641,22436,Vande Bharat Express,VB,NDLS,CNB,440.0,240.0,20,5,10.0,0.98,0,246.71
TRIP-1641,22436,Vande Bharat Express,VB,CNB,PRYJ,194.5,100.0,0,5,15.8,0.82,0,94.84
TRIP-1641,22436,Vande Bharat Express,VB,PRYJ,DDU,153.0,90.0,1,5,10.4,0.73,0,85.08
TRIP-1641,22436,Vande Bharat Express,VB,DDU,BSB,18.0,25.0,3,5,4.8,0.83,0,31.61
TRIP-1642,12302,Howrah Rajdhani Express,RAJ,NDLS,CNB,440.0,285.0,22,5,0.0,0.68,0,273.0
TRIP-1642,12302,Howrah Rajdhani Express,RAJ,CNB,PRYJ,194.5,120.0,2,5,0.0,0.79,0,113.76
TRIP-1642,12302,Howrah Rajdhani Express,RAJ,PRYJ,DDU,153.0,105.0,4,5,0.0,0.84,0,102.27
TRIP-1642,12302,Howrah Rajdhani Express,RAJ,DDU,GAYA,205.0,130.0,6,5,0.0,0.9,0,129.42
TRIP-1642,12302,Howrah Rajdhani Express,RAJ,GAYA,DHN,201.0,140.0,8,5,0.0,0.55,0,137.31
TRIP-1642,12302,Howrah Rajdhani Express,RAJ,DHN,HWH,259.0,200.0,11,5,0.0,0.63,0,198.33
TRIP-1643,22436,Vande Bharat Express,VB,NDLS,CNB,440.0,240.0,2,6,10.0,0.82,0,228.51
TRIP-1643,22436,Vande Bharat Express,VB,CNB,PRYJ,194.5,100.0,5,6,0.0,0.71,0,101.85
TRIP-1643,22436,Vande Bharat Express,VB,PRYJ,DDU,153.0,90.0,7,6,3.2,0.67,0,98.53
TRIP-1643,22436,Vande Bharat Express,VB,DDU,BSB,18.0,25.0,9,6,13.3,0.98,0,28.96
TRIP-1644,12004,Lucknow Shatabdi Express,SF,NDLS,GZB,24.5,38.0,8,6,2.6,0.98,0,47.69
TRIP-1644,12004,Lucknow Shatabdi Express,SF,GZB,ALJN,106.3,60.0,8,6,13.3,0.89,0,68.48
TRIP-1644,12004,Lucknow Shatabdi Express,SF,ALJN,CNB,308.6,210.0,10,6,21.2,0.94,0,219.54
TRIP-1644,12004,Lucknow Shatabdi Express,SF,CNB,LKO,71.6,75.0,13,6,30.4,0.62,0,83.59
TRIP-1645,12004,Lucknow Shatabdi Express,SF,NDLS,GZB,24.5,38.0,14,6,4.7,0.65,0,40.27
TRIP-1645,12004,Lucknow Shatabdi Express,SF,GZB,ALJN,106.3,60.0,14,6,8.9,0.71,0,59.43
TRIP-1645,12004,Lucknow Shatabdi Express,SF,ALJN,CNB,308.6,210.0,15,6,7.6,0.74,0,210.01
TRIP-1645,12004,Lucknow Shatabdi Express,SF,CNB,LKO,71.6,75.0,19,6,8.4,0.93,0,89.91
TRIP-1646,12004,Lucknow Shatabdi Express,SF,NDLS,GZB,24.5,38.0,18,6,3.4,0.87,0,41.78
TRIP-1646,12004,Lucknow Shatabdi Express,SF,GZB,ALJN,106.3,60.0,18,6,7.1,0.93,0,66.95
TRIP-1646,12004,Lucknow Shatabdi Express,SF,ALJN,CNB,308.6,210.0,19,6,13.5,0.96,0,222.36
TRIP-1646,12004,Lucknow Shatabdi Express,SF,CNB,LKO,71.6,75.0,23,6,27.7,0.72,0,70.49
TRIP-1647,12302,Howrah Rajdhani Express,RAJ,NDLS,CNB,440.0,285.0,20,6,4.3,0.82,0,294.88
TRIP-1647,12302,Howrah Rajdhani Express,RAJ,CNB,PRYJ,194.5,120.0,0,6,15.0,0.73,0,116.71
TRIP-1647,12302,Howrah Rajdhani Express,RAJ,PRYJ,DDU,153.0,105.0,3,6,11.7,0.74,0,96.01
TRIP-1647,12302,Howrah Rajdhani Express,RAJ,DDU,GAYA,205.0,130.0,4,6,1.8,0.71,0,124.09
TRIP-1647,12302,Howrah Rajdhani Express,RAJ,GAYA,DHN,201.0,140.0,6,6,0.0,0.62,0,138.44
TRIP-1647,12302,Howrah Rajdhani Express,RAJ,DHN,HWH,259.0,200.0,9,6,0.0,0.59,0,201.94
TRIP-1648,12951,Mumbai Rajdhani Express,RAJ,BCT,ST,263.0,160.0,2,0,5.0,0.86,0,152.72
TRIP-1648,12951,Mumbai Rajdhani Express,RAJ,ST,BRC,129.0,80.0,4,0,0.0,0.78,0,72.42
TRIP-1648,12951,Mumbai Rajdhani Express,RAJ,BRC,RTM,261.0,195.0,5,0,0.0,0.67,0,194.14
TRIP-1648,12951,Mumbai Rajdhani Express,RAJ,RTM,KOTA,266.0,155.0,9,0,0.0,0.98,0,164.16
TRIP-1648,12951,Mumbai Rajdhani Express,RAJ,KOTA,MTJ,324.0,195.0,12,0,10.7,0.64,0,193.08
TRIP-1648,12951,Mumbai Rajdhani Express,RAJ,MTJ,NDLS,143.0,110.0,15,0,10.6,0.82,0,106.1
TRIP-1649,22436,Vande Bharat Express,VB,NDLS,CNB,440.0,240.0,6,0,0.0,0.85,0,238.74
TRIP-1649,22436,Vande Bharat Express,VB,CNB,PRYJ,194.5,100.0,10,0,0.0,0.98,0,109.78
TRIP-1649,22436,Vande Bharat Express,VB,PRYJ,DDU,153.0,90.0,11,0,10.7,0.92,0,93.16
TRIP-1649,22436,Vande Bharat Express,VB,DDU,BSB,18.0,25.0,13,0,15.7,0.87,0,20.85
TRIP-1650,12802,Purushottam Express,EXP,NDLS,CNB,440.0,350.0,12,0,16.5,0.9,0,343.95
TRIP-1650,12802,Purushottam Express,EXP,CNB,PRYJ,194.5,150.0,17,0,11.6,0.98,0,158.9
TRIP-1650,12802,Purushottam Express,EXP,PRYJ,DDU,153.0,135.0,20,0,20.7,0.83,0,143.23
TRIP-1650,12802,Purushottam Express,EXP,DDU,GAYA,205.0,165.0,23,0,30.2,0.88,0,169.36
TRIP-1650,12802,Purushottam Express,EXP,GAYA,BKSC,149.0,135.0,1,0,36.4,0.54,0,128.27
TRIP-1650,12802,Purushottam Express,EXP,BKSC,PURI,612.0,520.0,4,0,30.3,0.38,0,485.85
TRIP-1651,12802,Purushottam Express,EXP,NDLS,CNB,440.0,350.0,16,0,30.4,0.88,0,354.69
TRIP-1651,12802,Purushottam Express,EXP,CNB,PRYJ,194.5,150.0,21,0,34.4,0.94,0,163.76
TRIP-1651,12802,Purushottam Express,EXP,PRYJ,DDU,153.0,135.0,0,0,48.2,0.63,0,144.79
TRIP-1651,12802,Purushottam Express,EXP,DDU,GAYA,205.0,165.0,3,0,57.8,0.8,0,158.7
TRIP-1651,12802,Purushottam Express,EXP,GAYA,BKSC,149.0,135.0,6,0,52.9,0.42,0,137.37
TRIP-1651,12802,Purushottam Express,EXP,BKSC,PURI,612.0,520.0,8,0,56.6,0.76,0,528.62
TRIP-1652,22436,Vande Bharat Express,VB,NDLS,CNB,440.0,240.0,19,0,6.4,0.95,0,243.65
TRIP-1652,22436,Vande Bharat Express,VB,CNB,PRYJ,194.5,100.0,23,0,10.4,0.73,0,92.6
TRIP-1652,22436,Vande Bharat Express,VB,PRYJ,DDU,153.0,90.0,0,0,4.2,0.71,0,88.41
TRIP-1652,22436,Vande Bharat Express,VB,DDU,BSB,18.0,25.0,2,0,3.3,0.89,0,20.45
TRIP-1653,12004,Lucknow Shatabdi Express,SF,NDLS,GZB,24.5,38.0,21,0,0.0,0.98,0,40.55
TRIP-1653,12004,Lucknow Shatabdi Express,SF,GZB,ALJN,106.3,60.0,21,0,3.5,0.98,0,59.83
TRIP-1653,12004,Lucknow Shatabdi Express,SF,ALJN,CNB,308.6,210.0,22,0,4.2,0.74,0,205.31
TRIP-1653,12004,Lucknow Shatabdi Express,SF,CNB,LKO,71.6,75.0,2,0,0.0,0.65,0,70.2
TRIP-1654,22436,Vande Bharat Express,VB,NDLS,CNB,440.0,240.0,0,1,5.3,0.63,0,230.86
TRIP-1654,22436,Vande Bharat Express,VB,CNB,PRYJ,194.5,100.0,3,1,0.0,0.9,0,93.64
TRIP-1654,22436,Vande Bharat Express,VB,PRYJ,DDU,153.0,90.0,5,1,0.0,0.77,0,93.75
TRIP-1654,22436,Vande Bharat Express,VB,DDU,BSB,18.0,25.0,7,1,2.9,0.88,0,24.11
TRIP-1655,12951,Mumbai Rajdhani Express,RAJ,BCT,ST,263.0,160.0,3,1,3.8,0.9,0,151.11
TRIP-1655,12951,Mumbai Rajdhani Express,RAJ,ST,BRC,129.0,80.0,5,1,0.0,0.75,0,87.86
TRIP-1655,12951,Mumbai Rajdhani Express,RAJ,BRC,RTM,261.0,195.0,7,1,6.9,0.81,0,192.29
TRIP-1655,12951,Mumbai Rajdhani Express,RAJ,RTM,KOTA,266.0,155.0,10,1,4.9,0.97,0,165.14
TRIP-1655,12951,Mumbai Rajdhani Express,RAJ,KOTA,MTJ,324.0,195.0,13,1,14.9,0.75,0,186.38
TRIP-1655,12951,Mumbai Rajdhani Express,RAJ,MTJ,NDLS,143.0,110.0,16,1,5.6,0.78,0,110.73
TRIP-1656,12302,Howrah Rajdhani Express,RAJ,NDLS,CNB,440.0,285.0,7,1,5.1,0.69,0,276.55
TRIP-1656,12302,Howrah Rajdhani Express,RAJ,CNB,PRYJ,194.5,120.0,11,1,0.0,0.98,0,127.06
TRIP-1656,12302,Howrah Rajdhani Express,RAJ,PRYJ,DDU,153.0,105.0,13,1,8.7,0.84,0,99.07
TRIP-1656,12302,Howrah Rajdhani Express,RAJ,DDU,GAYA,205.0,130.0,15,1,4.7,0.82,0,130.81
TRIP-1656,12302,Howrah Rajdhani Express,RAJ,GAYA,DHN,201.0,140.0,17,1,7.1,0.58,0,138.19
TRIP-1656,12302,Howrah Rajdhani Express,RAJ,DHN,HWH,259.0,200.0,20,1,5.9,0.64,0,197.34
TRIP-1657,12951,Mumbai Rajdhani Express,RAJ,BCT,ST,263.0,160.0,11,1,4.4,0.98,0,164.17
TRIP-1657,12951,Mumbai Rajdhani Express,RAJ,ST,BRC,129.0,80.0,13,1,8.1,0.85,0,76.49
TRIP-1657,12951,Mumbai Rajdhani Express,RAJ,BRC,RTM,261.0,195.0,15,1,5.2,0.78,0,187.02
TRIP-1657,12951,Mumbai Rajdhani Express,RAJ,RTM,KOTA,266.0,155.0,18,1,0.0,0.94,0,168.5
TRIP-1657,12951,Mumbai Rajdhani Express,RAJ,KOTA,MTJ,324.0,195.0,21,1,13.9,0.9,0,196.66
TRIP-1657,12951,Mumbai Rajdhani Express,RAJ,MTJ,NDLS,143.0,110.0,0,1,14.6,0.8,0,106.92
TRIP-1658,22436,Vande Bharat Express,VB,NDLS,CNB,440.0,240.0,13,1,10.0,0.77,0,231.56
TRIP-1658,22436,Vande Bharat Express,VB,CNB,PRYJ,194.5,100.0,16,1,1.6,0.82,0,104.0
TRIP-1658,22436,Vande Bharat Express,VB,PRYJ,DDU,153.0,90.0,18,1,5.6,0.98,0,93.18
TRIP-1658,22436,Vande Bharat Express,VB,DDU,BSB,18.0,25.0,20,1,7.8,0.98,0,26.78
TRIP-1659,12004,Lucknow Shatabdi Express,SF,NDLS,GZB,24.5,38.0,19,1,4.1,0.98,0,48.34
TRIP-1659,12004,Lucknow Shatabdi Express,SF,GZB,ALJN,106.3,60.0,19,1,13.7,0.97,0,63.92
TRIP-1659,12004,Lucknow Shatabdi Express,SF,ALJN,CNB,308.6,210.0,21,1,16.7,0.87,0,217.33
TRIP-1659,12004,Lucknow Shatabdi Express,SF,CNB,LKO,71.6,75.0,0,1,23.7,0.68,0,75.13
TRIP-1660,12302,Howrah Rajdhani Express,RAJ,NDLS,CNB,440.0,285.0,22,1,3.8,0.61,0,277.54
TRIP-1660,12302,Howrah Rajdhani Express,RAJ,CNB,PRYJ,194.5,120.0,2,1,0.0,0.7,0,111.91
TRIP-1660,12302,Howrah Rajdhani Express,RAJ,PRYJ,DDU,153.0,105.0,4,1,0.0,0.74,0,96.3
TRIP-1660,12302,Howrah Rajdhani Express,RAJ,DDU,GAYA,205.0,130.0,6,1,0.0,0.69,0,127.41
TRIP-1660,12302,Howrah Rajdhani Express,RAJ,GAYA,DHN,201.0,140.0,8,1,0.0,0.59,0,138.75
TRIP-1660,12302,Howrah Rajdhani Express,RAJ,DHN,HWH,259.0,200.0,10,1,0.0,0.74,0,200.16
TRIP-1661,12004,Lucknow Shatabdi Express,SF,NDLS,GZB,24.5,38.0,1,2,4.2,0.8,0,39.19
TRIP-1661,12004,Lucknow Shatabdi Express,SF,GZB,ALJN,106.3,60.0,1,2,5.1,0.65,0,55.87
TRIP-1661,12004,Lucknow Shatabdi Express,SF,ALJN,CNB,308.6,210.0,2,2,1.9,0.67,0,193.56
TRIP-1661,12004,Lucknow Shatabdi Express,SF,CNB,LKO,71.6,75.0,6,2,0.0,0.67,0,73.08
TRIP-1662,12802,Purushottam Express,EXP,NDLS,CNB,440.0,350.0,5,2,25.1,0.86,0,339.79
TRIP-1662,12802,Purushottam Express,EXP,CNB,PRYJ,194.5,150.0,10,2,16.9,0.88,0,157.36
TRIP-1662,12802,Purushottam Express,EXP,PRYJ,DDU,153.0,135.0,13,2,24.3,0.71,0,133.24
TRIP-1662,12802,Purushottam Express,EXP,DDU,GAYA,205.0,165.0,15,2,21.8,0.9,0,170.04
TRIP-1662,12802,Purushottam Express,EXP,GAYA,BKSC,149.0,135.0,18,2,28.0,0.67,0,136.82
TRIP-1662,12802,Purushottam Express,EXP,BKSC,PURI,612.0,520.0,21,2,29.3,0.64,0,519.48
TRIP-1663,22436,Vande Bharat Express,VB,NDLS,CNB,440.0,240.0,11,2,10.0,0.82,0,240.68
TRIP-1663,22436,Vande Bharat Express,VB,CNB,PRYJ,194.5,100.0,15,2,12.6,0.89,0,94.76
TRIP-1663,22436,Vande Bharat Express,VB,PRYJ,DDU,153.0,90.0,16,2,8.0,0.67,0,80.89
TRIP-1663,22436,Vande Bharat Express,VB,DDU,BSB,18.0,25.0,18,2,0.4,0.94,0,29.49
TRIP-1664,22436,Vande Bharat Express,VB,NDLS,CNB,440.0,240.0,17,2,3.1,0.98,0,247.41
TRIP-1664,22436,Vande Bharat Express,VB,CNB,PRYJ,194.5,100.0,21,2,10.6,0.98,0,106.55
TRIP-1664,22436,Vande Bharat Express,VB,PRYJ,DDU,153.0,90.0,23,2,16.5,0.86,0,85.65
TRIP-1664,22436,Vande Bharat Express,VB,DDU,BSB,18.0,25.0,0,2,11.3,0.71,0,29.18
TRIP-1665,22436,Vande Bharat Express,VB,NDLS,CNB,440.0,240.0,23,2,1.8,0.77,0,237.0
TRIP-1665,22436,Vande Bharat Express,VB,CNB,PRYJ,194.5,100.0,3,2,0.0,0.66,0,94.46
TRIP-1665,22436,Vande Bharat Express,VB,PRYJ,DDU,153.0,90.0,4,2,0.0,0.68,0,91.89
TRIP-1665,22436,Vande Bharat Express,VB,DDU,BSB,18.0,25.0,6,2,2.0,0.83,0,28.49
TRIP-1666,22436,Vande Bharat Express,VB,NDLS,CNB,440.0,240.0,3,3,3.7,0.76,0,224.51
TRIP-1666,22436,Vande Bharat Express,VB,CNB,PRYJ,194.5,100.0,6,3,0.0,0.85,0,101.2
TRIP-1666,22436,Vande Bharat Express,VB,PRYJ,DDU,153.0,90.0,8,3,3.1,0.98,0,103.17
TRIP-1666,22436,Vande Bharat Express,VB,DDU,BSB,18.0,25.0,10,3,16.4,0.98,0,25.38
TRIP-1667,12802,Purushottam Express,EXP,NDLS,CNB,440.0,350.0,9,3,0.0,0.88,0,359.8
TRIP-1667,12802,Purushottam Express,EXP,CNB,PRYJ,194.5,150.0,15,3,9.9,0.87,0,150.8
TRIP-1667,12802,Purushottam Express,EXP,PRYJ,DDU,153.0,135.0,17,3,10.7,0.98,0,140.65
TRIP-1667,12802,Purushottam Express,EXP,DDU,GAYA,205.0,165.0,20,3,16.4,0.96,0,174.82
TRIP-1667,12802,Purushottam Express,EXP,GAYA,BKSC,149.0,135.0,23,3,27.7,0.47,0,126.63
TRIP-1667,12802,Purushottam Express,EXP,BKSC,PURI,612.0,520.0,1,3,18.5,0.54,0,473.68
TRIP-1668,12802,Purushottam Express,EXP,NDLS,CNB,440.0,350.0,15,3,15.5,0.66,0,339.72
TRIP-1668,12802,Purushottam Express,EXP,CNB,PRYJ,194.5,150.0,20,3,6.6,0.94,0,152.69
TRIP-1668,12802,Purushottam Express,EXP,PRYJ,DDU,153.0,135.0,23,3,10.5,0.66,0,127.28
TRIP-1668,12802,Purushottam Express,EXP,DDU,GAYA,205.0,165.0,1,3,4.3,0.81,0,149.18
TRIP-1668,12802,Purushottam Express,EXP,GAYA,BKSC,149.0,135.0,4,3,0.0,0.61,0,123.2
TRIP-1668,12802,Purushottam Express,EXP,BKSC,PURI,612.0,520.0,6,3,0.0,0.54,0,498.43
TRIP-1669,12004,Lucknow Shatabdi Express,SF,NDLS,GZB,24.5,38.0,19,3,23.6,0.98,0,42.94
TRIP-1669,12004,Lucknow Shatabdi Express,SF,GZB,ALJN,106.3,60.0,19,3,29.6,0.98,0,58.96
TRIP-1669,12004,Lucknow Shatabdi Express,SF,ALJN,CNB,308.6,210.0,20,3,28.6,0.98,0,221.8
TRIP-1669,12004,Lucknow Shatabdi Express,SF,CNB,LKO,71.6,75.0,0,3,42.4,0.85,0,81.0
TRIP-1670,22436,Vande Bharat Express,VB,NDLS,CNB,440.0,240.0,1,4,0.7,0.62,0,228.12
TRIP-1670,22436,Vande Bharat Express,VB,CNB,PRYJ,194.5,100.0,4,4,0.0,0.81,0,101.02
TRIP-1670,22436,Vande Bharat Express,VB,PRYJ,DDU,153.0,90.0,6,4,1.4,0.83,0,95.37
TRIP-1670,22436,Vande Bharat Express,VB,DDU,BSB,18.0,25.0,8,4,7.9,0.95,0,28.62
TRIP-1671,22436,Vande Bharat Express,VB,NDLS,CNB,440.0,240.0,5,4,0.0,0.81,0,242.98
TRIP-1671,22436,Vande Bharat Express,VB,CNB,PRYJ,194.5,100.0,9,4,4.6,0.93,0,111.31
TRIP-1671,22436,Vande Bharat Express,VB,PRYJ,DDU,153.0,90.0,11,4,17.5,0.98,0,99.28
TRIP-1671,22436,Vande Bharat Express,VB,DDU,BSB,18.0,25.0,12,4,28.2,0.81,0,25.93
TRIP-1672,12302,Howrah Rajdhani Express,RAJ,NDLS,CNB,440.0,285.0,11,4,11.1,0.92,0,296.53
TRIP-1672,12302,Howrah Rajdhani Express,RAJ,CNB,PRYJ,194.5,120.0,16,4,23.6,0.79,0,125.58
TRIP-1672,12302,Howrah Rajdhani Express,RAJ,PRYJ,DDU,153.0,105.0,18,4,30.7,0.98,0,119.79
TRIP-1672,12302,Howrah Rajdhani Express,RAJ,DDU,GAYA,205.0,130.0,20,4,44.7,0.98,0,148.53
TRIP-1672,12302,Howrah Rajdhani Express,RAJ,GAYA,DHN,201.0,140.0,22,4,64.2,0.62,0,139.33
TRIP-1672,12302,Howrah Rajdhani Express,RAJ,DHN,HWH,259.0,200.0,1,4,63.3,0.46,0,187.48
TRIP-1673,12951,Mumbai Rajdhani Express,RAJ,BCT,ST,263.0,160.0,13,4,0.6,0.76,0,159.15
TRIP-1673,12951,Mumbai Rajdhani Express,RAJ,ST,BRC,129.0,80.0,15,4,0.0,0.89,0,79.48
TRIP-1673,12951,Mumbai Rajdhani Express,RAJ,BRC,RTM,261.0,195.0,17,4,0.0,0.91,0,208.52
TRIP-1673,12951,Mumbai Rajdhani Express,RAJ,RTM,KOTA,266.0,155.0,20,4,12.9,0.89,0,160.1
TRIP-1673,12951,Mumbai Rajdhani Express,RAJ,KOTA,MTJ,324.0,195.0,23,4,17.1,0.76,0,192.13
TRIP-1673,12951,Mumbai Rajdhani Express,RAJ,MTJ,NDLS,143.0,110.0,2,4,14.5,0.87,0,104.01
TRIP-1674,12004,Lucknow Shatabdi Express,SF,NDLS,GZB,24.5,38.0,15,4,7.6,0.81,0,48.28
TRIP-1674,12004,Lucknow Shatabdi Express,SF,GZB,ALJN,106.3,60.0,15,4,18.3,0.73,0,61.6
TRIP-1674,12004,Lucknow Shatabdi Express,SF,ALJN,CNB,308.6,210.0,16,4,20.4,0.71,0,211.81
TRIP-1674,12004,Lucknow Shatabdi Express,SF,CNB,LKO,71.6,75.0,20,4,22.3,0.89,0,82.95
TRIP-1675,12302,Howrah Rajdhani Express,RAJ,NDLS,CNB,440.0,285.0,21,4,7.7,0.9,0,294.57
TRIP-1675,12302,Howrah Rajdhani Express,RAJ,CNB,PRYJ,194.5,120.0,1,4,18.5,0.87,0,111.25
TRIP-1675,12302,Howrah Rajdhani Express,RAJ,PRYJ,DDU,153.0,105.0,3,4,10.9,0.6,0,90.33
TRIP-1675,12302,Howrah Rajdhani Express,RAJ,DDU,GAYA,205.0,130.0,5,4,0.0,0.82,0,135.37
TRIP-1675,12302,Howrah Rajdhani Express,RAJ,GAYA,DHN,201.0,140.0,7,4,5.7,0.65,0,135.79
TRIP-1675,12302,Howrah Rajdhani Express,RAJ,DHN,HWH,259.0,200.0,10,4,1.1,0.64,0,204.92
TRIP-1676,12802,Purushottam Express,EXP,NDLS,CNB,440.0,350.0,3,5,2.9,0.86,0,323.67
TRIP-1676,12802,Purushottam Express,EXP,CNB,PRYJ,194.5,150.0,8,5,0.0,0.9,0,155.7
TRIP-1676,12802,Purushottam Express,EXP,PRYJ,DDU,153.0,135.0,11,5,5.0,0.81,0,137.66
TRIP-1676,12802,Purushottam Express,EXP,DDU,GAYA,205.0,165.0,13,5,6.9,0.83,0,160.98
TRIP-1676,12802,Purushottam Express,EXP,GAYA,BKSC,149.0,135.0,16,5,4.6,0.46,0,126.63
TRIP-1676,12802,Purushottam Express,EXP,BKSC,PURI,612.0,520.0,18,5,0.0,0.72,0,524.2
TRIP-1677,12802,Purushottam Express,EXP,NDLS,CNB,440.0,350.0,5,5,28.4,0.8,0,342.25
TRIP-1677,12802,Purushottam Express,EXP,CNB,PRYJ,194.5,150.0,10,5,22.6,0.98,0,158.03
TRIP-1677,12802,Purushottam Express,EXP,PRYJ,DDU,153.0,135.0,13,5,30.6,0.77,0,139.95
TRIP-1677,12802,Purushottam Express,EXP,DDU,GAYA,205.0,165.0,15,5,35.1,0.62,0,171.9
TRIP-1677,12802,Purushottam Express,EXP,GAYA,BKSC,149.0,135.0,18,5,42.0,0.73,0,141.26
TRIP-1677,12802,Purushottam Express,EXP,BKSC,PURI,612.0,520.0,21,5,48.3,0.75,0,531.23
TRIP-1678,12004,Lucknow Shatabdi Express,SF,NDLS,GZB,24.5,38.0,9,5,9.0,0.98,0,45.25
TRIP-1678,12004,Lucknow Shatabdi Express,SF,GZB,ALJN,106.3,60.0,9,5,15.9,0.86,0,63.55
TRIP-1678,12004,Lucknow Shatabdi Express,SF,ALJN,CNB,308.6,210.0,10,5,18.8,0.98,0,221.71
TRIP-1678,12004,Lucknow Shatabdi Express,SF,CNB,LKO,71.6,75.0,14,5,30.0,0.64,0,70.3
TRIP-1679,12951,Mumbai Rajdhani Express,RAJ,BCT,ST,263.0,160.0,12,5,6.6,0.69,0,153.29
TRIP-1679,12951,Mumbai Rajdhani Express,RAJ,ST,BRC,129.0,80.0,14,5,0.0,0.65,0,78.95
TRIP-1679,12951,Mumbai Rajdhani Express,RAJ,BRC,RTM,261.0,195.0,16,5,0.0,0.74,0,195.78
TRIP-1679,12951,Mumbai Rajdhani Express,RAJ,RTM,KOTA,266.0,155.0,19,5,0.7,0.92,0,159.69
TRIP-1679,12951,Mumbai Rajdhani Express,RAJ,KOTA,MTJ,324.0,195.0,22,5,4.6,0.88,0,194.73
TRIP-1679,12951,Mumbai Rajdhani Express,RAJ,MTJ,NDLS,143.0,110.0,1,5,4.9,0.63,0,106.85
TRIP-1680,12951,Mumbai Rajdhani Express,RAJ,BCT,ST,263.0,160.0,15,5,7.0,0.81,0,158.19
TRIP-1680,12951,Mumbai Rajdhani Express,RAJ,ST,BRC,129.0,80.0,17,5,5.3,0.81,0,79.25
TRIP-1680,12951,Mumbai Rajdhani Express,RAJ,BRC,RTM,261.0,195.0,19,5,4.9,0.98,0,204.42
TRIP-1680,12951,Mumbai Rajdhani Express,RAJ,RTM,KOTA,266.0,155.0,22,5,13.5,0.89,0,153.32
TRIP-1680,12951,Mumbai Rajdhani Express,RAJ,KOTA,MTJ,324.0,195.0,1,5,11.9,0.74,0,180.39
TRIP-1680,12951,Mumbai Rajdhani Express,RAJ,MTJ,NDLS,143.0,110.0,4,5,0.0,0.89,0,104.73
TRIP-1681,22436,Vande Bharat Express,VB,NDLS,CNB,440.0,240.0,17,5,7.3,0.98,0,250.12
TRIP-1681,22436,Vande Bharat Express,VB,CNB,PRYJ,194.5,100.0,21,5,17.9,0.89,0,100.13
TRIP-1681,22436,Vande Bharat Express,VB,PRYJ,DDU,153.0,90.0,23,5,18.4,0.66,0,84.32
TRIP-1681,22436,Vande Bharat Express,VB,DDU,BSB,18.0,25.0,0,5,12.4,0.81,0,27.82
TRIP-1682,12802,Purushottam Express,EXP,NDLS,CNB,440.0,350.0,20,5,0.0,0.83,0,360.5
TRIP-1682,12802,Purushottam Express,EXP,CNB,PRYJ,194.5,150.0,2,5,11.8,0.75,0,134.99
TRIP-1682,12802,Purushottam Express,EXP,PRYJ,DDU,153.0,135.0,4,5,0.0,0.83,0,122.8
TRIP-1682,12802,Purushottam Express,EXP,DDU,GAYA,205.0,165.0,6,5,0.0,0.76,0,166.87
TRIP-1682,12802,Purushottam Express,EXP,GAYA,BKSC,149.0,135.0,9,5,3.2,0.7,0,135.08
TRIP-1682,12802,Purushottam Express,EXP,BKSC,PURI,612.0,520.0,11,5,4.8,0.78,0,522.55
TRIP-1683,12951,Mumbai Rajdhani Express,RAJ,BCT,ST,263.0,160.0,0,6,52.2,0.62,0,162.02
TRIP-1683,12951,Mumbai Rajdhani Express,RAJ,ST,BRC,129.0,80.0,2,6,54.8,0.65,0,75.78
TRIP-1683,12951,Mumbai Rajdhani Express,RAJ,BRC,RTM,261.0,195.0,4,6,49.8,0.7,0,194.53
TRIP-1683,12951,Mumbai Rajdhani Express,RAJ,RTM,KOTA,266.0,155.0,7,6,49.3,0.7,0,165.71
TRIP-1683,12951,Mumbai Rajdhani Express,RAJ,KOTA,MTJ,324.0,195.0,10,6,61.9,0.86,0,219.66
TRIP-1683,12951,Mumbai Rajdhani Express,RAJ,MTJ,NDLS,143.0,110.0,14,6,87.3,0.8,0,111.41
TRIP-1684,12302,Howrah Rajdhani Express,RAJ,NDLS,CNB,440.0,285.0,3,6,4.6,0.6,0,267.11
TRIP-1684,12302,Howrah Rajdhani Express,RAJ,CNB,PRYJ,194.5,120.0,7,6,0.0,0.67,0,122.31
TRIP-1684,12302,Howrah Rajdhani Express,RAJ,PRYJ,DDU,153.0,105.0,9,6,1.7,0.98,0,116.52
TRIP-1684,12302,Howrah Rajdhani Express,RAJ,DDU,GAYA,205.0,130.0,11,6,12.2,0.98,0,134.04
TRIP-1684,12302,Howrah Rajdhani Express,RAJ,GAYA,DHN,201.0,140.0,13,6,17.0,0.37,0,137.42
TRIP-1684,12302,Howrah Rajdhani Express,RAJ,DHN,HWH,259.0,200.0,16,6,14.9,0.64,0,186.62
TRIP-1685,22436,Vande Bharat Express,VB,NDLS,CNB,440.0,240.0,6,6,48.1,0.67,0,247.06
TRIP-1685,22436,Vande Bharat Express,VB,CNB,PRYJ,194.5,100.0,10,6,54.4,0.98,0,115.95
TRIP-1685,22436,Vande Bharat Express,VB,PRYJ,DDU,153.0,90.0,12,6,70.5,0.78,0,99.1
TRIP-1685,22436,Vande Bharat Express,VB,DDU,BSB,18.0,25.0,13,6,78.6,0.71,0,36.56
TRIP-1686,12951,Mumbai Rajdhani Express,RAJ,BCT,ST,263.0,160.0,9,6,5.2,0.84,0,162.63
TRIP-1686,12951,Mumbai Rajdhani Express,RAJ,ST,BRC,129.0,80.0,11,6,7.4,0.93,0,80.57
TRIP-1686,12951,Mumbai Rajdhani Express,RAJ,BRC,RTM,261.0,195.0,13,6,9.6,0.66,0,189.47
TRIP-1686,12951,Mumbai Rajdhani Express,RAJ,RTM,KOTA,266.0,155.0,16,6,4.5,0.75,0,155.69
TRIP-1686,12951,Mumbai Rajdhani Express,RAJ,KOTA,MTJ,324.0,195.0,19,6,4.6,0.91,0,211.99
TRIP-1686,12951,Mumbai Rajdhani Express,RAJ,MTJ,NDLS,143.0,110.0,22,6,22.3,0.63,0,110.88
TRIP-1687,12302,Howrah Rajdhani Express,RAJ,NDLS,CNB,440.0,285.0,12,6,0.0,0.73,0,289.77
TRIP-1687,12302,Howrah Rajdhani Express,RAJ,CNB,PRYJ,194.5,120.0,16,6,4.6,0.78,0,127.12
TRIP-1687,12302,Howrah Rajdhani Express,RAJ,PRYJ,DDU,153.0,105.0,19,6,11.9,0.98,0,106.54
TRIP-1687,12302,Howrah Rajdhani Express,RAJ,DDU,GAYA,205.0,130.0,20,6,13.0,0.89,0,142.29
TRIP-1687,12302,Howrah Rajdhani Express,RAJ,GAYA,DHN,201.0,140.0,23,6,26.9,0.39,0,142.24
TRIP-1687,12302,Howrah Rajdhani Express,RAJ,DHN,HWH,259.0,200.0,1,6,29.7,0.62,0,186.36
TRIP-1688,22436,Vande Bharat Express,VB,NDLS,CNB,440.0,240.0,15,6,0.0,0.82,0,243.7
TRIP-1688,22436,Vande Bharat Express,VB,CNB,PRYJ,194.5,100.0,19,6,4.6,0.98,0,107.51
TRIP-1688,22436,Vande Bharat Express,VB,PRYJ,DDU,153.0,90.0,21,6,12.3,0.96,0,93.09
TRIP-1688,22436,Vande Bharat Express,VB,DDU,BSB,18.0,25.0,22,6,17.1,0.85,0,19.91
TRIP-1689,12004,Lucknow Shatabdi Express,SF,NDLS,GZB,24.5,38.0,21,6,0.0,0.9,0,43.52
TRIP-1689,12004,Lucknow Shatabdi Express,SF,GZB,ALJN,106.3,60.0,21,6,7.2,0.87,0,65.5
TRIP-1689,12004,Lucknow Shatabdi Express,SF,ALJN,CNB,308.6,210.0,22,6,13.3,0.8,0,207.97
TRIP-1689,12004,Lucknow Shatabdi Express,SF,CNB,LKO,71.6,75.0,2,6,11.2,0.81,0,70.14
TRIP-1690,12802,Purushottam Express,EXP,NDLS,CNB,440.0,350.0,3,0,10.0,0.82,0,324.67
TRIP-1690,12802,Purushottam Express,EXP,CNB,PRYJ,194.5,150.0,8,0,0.0,0.9,0,159.61
TRIP-1690,12802,Purushottam Express,EXP,PRYJ,DDU,153.0,135.0,11,0,10.0,0.93,0,144.48
TRIP-1690,12802,Purushottam Express,EXP,DDU,GAYA,205.0,165.0,13,0,20.0,0.71,0,167.59
TRIP-1690,12802,Purushottam Express,EXP,GAYA,BKSC,149.0,135.0,16,0,21.9,0.53,0,130.74
TRIP-1690,12802,Purushottam Express,EXP,BKSC,PURI,612.0,520.0,18,0,19.0,0.74,0,523.72
TRIP-1691,12802,Purushottam Express,EXP,NDLS,CNB,440.0,350.0,7,0,5.3,0.8,0,343.86
TRIP-1691,12802,Purushottam Express,EXP,CNB,PRYJ,194.5,150.0,12,0,0.0,0.7,0,144.58
TRIP-1691,12802,Purushottam Express,EXP,PRYJ,DDU,153.0,135.0,15,0,0.0,0.81,0,135.43
TRIP-1691,12802,Purushottam Express,EXP,DDU,GAYA,205.0,165.0,17,0,0.0,0.89,0,169.75
TRIP-1691,12802,Purushottam Express,EXP,GAYA,BKSC,149.0,135.0,20,0,6.2,0.78,0,137.11
TRIP-1691,12802,Purushottam Express,EXP,BKSC,PURI,612.0,520.0,22,0,7.9,0.57,0,502.59
TRIP-1692,12951,Mumbai Rajdhani Express,RAJ,BCT,ST,263.0,160.0,10,0,5.2,0.87,0,161.75
TRIP-1692,12951,Mumbai Rajdhani Express,RAJ,ST,BRC,129.0,80.0,12,0,6.1,0.6,0,77.9
TRIP-1692,12951,Mumbai Rajdhani Express,RAJ,BRC,RTM,261.0,195.0,14,0,4.0,0.76,0,186.6
TRIP-1692,12951,Mumbai Rajdhani Express,RAJ,RTM,KOTA,266.0,155.0,17,0,0.0,0.98,0,164.58
TRIP-1692,12951,Mumbai Rajdhani Express,RAJ,KOTA,MTJ,324.0,195.0,20,0,11.4,0.96,0,200.09
TRIP-1692,12951,Mumbai Rajdhani Express,RAJ,MTJ,NDLS,143.0,110.0,23,0,17.8,0.78,0,108.48
TRIP-1693,12004,Lucknow Shatabdi Express,SF,NDLS,GZB,24.5,38.0,12,0,8.4,0.73,0,43.68
TRIP-1693,12004,Lucknow Shatabdi Express,SF,GZB,ALJN,106.3,60.0,12,0,15.9,0.82,0,61.16
TRIP-1693,12004,Lucknow Shatabdi Express,SF,ALJN,CNB,308.6,210.0,13,0,17.0,0.82,0,208.49
TRIP-1693,12004,Lucknow Shatabdi Express,SF,CNB,LKO,71.6,75.0,17,0,15.4,0.97,0,85.61
TRIP-1694,12004,Lucknow Shatabdi Express,SF,NDLS,GZB,24.5,38.0,18,0,32.5,0.95,0,50.84
TRIP-1694,12004,Lucknow Shatabdi Express,SF,GZB,ALJN,106.3,60.0,18,0,45.8,0.87,0,68.13
TRIP-1694,12004,Lucknow Shatabdi Express,SF,ALJN,CNB,308.6,210.0,20,0,53.8,0.98,0,233.97
TRIP-1694,12004,Lucknow Shatabdi Express,SF,CNB,LKO,71.6,75.0,0,0,78.6,0.85,0,87.41
TRIP-1695,12951,Mumbai Rajdhani Express,RAJ,BCT,ST,263.0,160.0,22,0,4.4,0.76,0,158.4
TRIP-1695,12951,Mumbai Rajdhani Express,RAJ,ST,BRC,129.0,80.0,0,0,4.8,0.74,0,83.05
TRIP-1695,12951,Mumbai Rajdhani Express,RAJ,BRC,RTM,261.0,195.0,2,0,7.5,0.75,0,180.44
TRIP-1695,12951,Mumbai Rajdhani Express,RAJ,RTM,KOTA,266.0,155.0,5,0,0.0,0.82,0,155.91
TRIP-1695,12951,Mumbai Rajdhani Express,RAJ,KOTA,MTJ,324.0,195.0,7,0,0.2,0.63,0,187.52
TRIP-1695,12951,Mumbai Rajdhani Express,RAJ,MTJ,NDLS,143.0,110.0,11,0,0.0,0.91,0,118.02
TRIP-1696,12802,Purushottam Express,EXP,NDLS,CNB,440.0,350.0,0,1,0.0,0.72,0,345.64
TRIP-1696,12802,Purushottam Express,EXP,CNB,PRYJ,194.5,150.0,5,1,0.0,0.68,0,151.33
TRIP-1696,12802,Purushottam Express,EXP,PRYJ,DDU,153.0,135.0,8,1,1.3,0.98,0,139.52
TRIP-1696,12802,Purushottam Express,EXP,DDU,GAYA,205.0,165.0,10,1,6.0,0.9,0,174.14
TRIP-1696,12802,Purushottam Express,EXP,GAYA,BKSC,149.0,135.0,13,1,16.6,0.56,0,130.95
TRIP-1696,12802,Purushottam Express,EXP,BKSC,PURI,612.0,520.0,16,1,14.5,0.59,0,500.36
TRIP-1697,12951,Mumbai Rajdhani Express,RAJ,BCT,ST,263.0,160.0,2,1,0.3,0.68,0,151.09
TRIP-1697,12951,Mumbai Rajdhani Express,RAJ,ST,BRC,129.0,80.0,4,1,0.0,0.86,0,74.07
TRIP-1697,12951,Mumbai Rajdhani Express,RAJ,BRC,RTM,261.0,195.0,5,1,0.0,0.75,0,189.18
TRIP-1697,12951,Mumbai Rajdhani Express,RAJ,RTM,KOTA,266.0,155.0,9,1,0.0,0.92,0,161.81
TRIP-1697,12951,Mumbai Rajdhani Express,RAJ,KOTA,MTJ,324.0,195.0,11,1,6.8,0.98,0,202.81
TRIP-1697,12951,Mumbai Rajdhani Express,RAJ,MTJ,NDLS,143.0,110.0,15,1,15.9,0.62,0,104.82
TRIP-1698,12951,Mumbai Rajdhani Express,RAJ,BCT,ST,263.0,160.0,8,1,10.0,0.87,0,160.39
TRIP-1698,12951,Mumbai Rajdhani Express,RAJ,ST,BRC,129.0,80.0,10,1,10.4,0.98,0,80.22
TRIP-1698,12951,Mumbai Rajdhani Express,RAJ,BRC,RTM,261.0,195.0,12,1,10.6,0.81,0,191.33
TRIP-1698,12951,Mumbai Rajdhani Express,RAJ,RTM,KOTA,266.0,155.0,15,1,7.7,0.69,0,152.91
TRIP-1698,12951,Mumbai Rajdhani Express,RAJ,KOTA,MTJ,324.0,195.0,18,1,6.9,0.98,0,203.95
TRIP-1698,12951,Mumbai Rajdhani Express,RAJ,MTJ,NDLS,143.0,110.0,21,1,16.8,0.84,0,112.76
TRIP-1699,12004,Lucknow Shatabdi Express,SF,NDLS,GZB,24.5,38.0,10,1,4.9,0.98,0,43.71
TRIP-1699,12004,Lucknow Shatabdi Express,SF,GZB,ALJN,106.3,60.0,10,1,11.4,0.98,0,71.87
TRIP-1699,12004,Lucknow Shatabdi Express,SF,ALJN,CNB,308.6,210.0,12,1,23.5,0.73,0,205.1
TRIP-1699,12004,Lucknow Shatabdi Express,SF,CNB,LKO,71.6,75.0,15,1,20.1,0.9,0,76.81
TRIP-1700,22436,Vande Bharat Express,VB,NDLS,CNB,440.0,240.0,14,1,2.5,0.75,0,231.84
TRIP-1700,22436,Vande Bharat Express,VB,CNB,PRYJ,194.5,100.0,17,1,0.0,0.83,0,106.79
TRIP-1700,22436,Vande Bharat Express,VB,PRYJ,DDU,153.0,90.0,19,1,6.6,0.93,0,97.77
TRIP-1700,22436,Vande Bharat Express,VB,DDU,BSB,18.0,25.0,21,1,15.9,0.98,0,27.94
TRIP-1701,12951,Mumbai Rajdhani Express,RAJ,BCT,ST,263.0,160.0,16,1,2.4,0.87,0,159.17
TRIP-1701,12951,Mumbai Rajdhani Express,RAJ,ST,BRC,129.0,80.0,18,1,1.8,0.98,0,85.8
TRIP-1701,12951,Mumbai Rajdhani Express,RAJ,BRC,RTM,261.0,195.0,20,1,8.6,0.98,0,204.27
TRIP-1701,12951,Mumbai Rajdhani Express,RAJ,RTM,KOTA,266.0,155.0,23,1,19.8,0.81,0,153.39
TRIP-1701,12951,Mumbai Rajdhani Express,RAJ,KOTA,MTJ,324.0,195.0,2,1,18.3,0.83,0,171.61
TRIP-1701,12951,Mumbai Rajdhani Express,RAJ,MTJ,NDLS,143.0,110.0,5,1,0.0,0.73,0,107.07
TRIP-1702,22436,Vande Bharat Express,VB,NDLS,CNB,440.0,240.0,22,1,10.0,0.67,0,233.5
TRIP-1702,22436,Vande Bharat Express,VB,CNB,PRYJ,194.5,100.0,1,1,3.8,0.61,0,92.32
TRIP-1702,22436,Vande Bharat Express,VB,PRYJ,DDU,153.0,90.0,3,1,0.0,0.87,0,85.03
TRIP-1702,22436,Vande Bharat Express,VB,DDU,BSB,18.0,25.0,5,1,0.0,0.69,0,22.14
TRIP-1703,12004,Lucknow Shatabdi Express,SF,NDLS,GZB,24.5,38.0,0,2,10.0,0.82,0,45.79
TRIP-1703,12004,Lucknow Shatabdi Express,SF,GZB,ALJN,106.3,60.0,0,2,17.1,0.69,0,68.94
TRIP-1703,12004,Lucknow Shatabdi Express,SF,ALJN,CNB,308.6,210.0,2,2,25.9,0.8,0,195.84
TRIP-1703,12004,Lucknow Shatabdi Express,SF,CNB,LKO,71.6,75.0,5,2,12.5,0.63,0,74.86
TRIP-1704,12004,Lucknow Shatabdi Express,SF,NDLS,GZB,24.5,38.0,3,2,0.0,0.6,0,38.75
TRIP-1704,12004,Lucknow Shatabdi Express,SF,GZB,ALJN,106.3,60.0,3,2,1.3,0.67,0,59.44
TRIP-1704,12004,Lucknow Shatabdi Express,SF,ALJN,CNB,308.6,210.0,4,2,1.4,0.9,0,196.59
TRIP-1704,12004,Lucknow Shatabdi Express,SF,CNB,LKO,71.6,75.0,8,2,0.0,0.98,0,86.56
TRIP-1705,12951,Mumbai Rajdhani Express,RAJ,BCT,ST,263.0,160.0,9,2,2.8,0.81,0,163.52
TRIP-1705,12951,Mumbai Rajdhani Express,RAJ,ST,BRC,129.0,80.0,11,2,6.4,0.98,0,81.36
TRIP-1705,12951,Mumbai Rajdhani Express,RAJ,BRC,RTM,261.0,195.0,13,2,9.5,0.75,0,194.26
TRIP-1705,12951,Mumbai Rajdhani Express,RAJ,RTM,KOTA,266.0,155.0,16,2,10.0,0.82,0,158.38
TRIP-1705,12951,Mumbai Rajdhani Express,RAJ,KOTA,MTJ,324.0,195.0,19,2,12.7,0.92,0,200.79
TRIP-1705,12951,Mumbai Rajdhani Express,RAJ,MTJ,NDLS,143.0,110.0,22,2,20.4,0.62,0,109.75
TRIP-1706,12802,Purushottam Express,EXP,NDLS,CNB,440.0,350.0,12,2,12.8,0.87,0,344.73
TRIP-1706,12802,Purushottam Express,EXP,CNB,PRYJ,194.5,150.0,17,2,7.8,0.98,0,157.26
TRIP-1706,12802,Purushottam Express,EXP,PRYJ,DDU,153.0,135.0,20,2,16.6,0.98,0,138.33
TRIP-1706,12802,Purushottam Express,EXP,DDU,GAYA,205.0,165.0,22,2,20.2,0.65,0,161.51
TRIP-1706,12802,Purushottam Express,EXP,GAYA,BKSC,149.0,135.0,1,2,16.3,0.51,0,123.85
TRIP-1706,12802,Purushottam Express,EXP,BKSC,PURI,612.0,520.0,3,2,4.9,0.56,0,465.19
TRIP-1707,22436,Vande Bharat Express,VB,NDLS,CNB,440.0,240.0,18,2,3.3,0.98,0,251.58
TRIP-1707,22436,Vande Bharat Express,VB,CNB,PRYJ,194.5,100.0,22,2,13.9,0.86,0,103.83
TRIP-1707,22436,Vande Bharat Express,VB,PRYJ,DDU,153.0,90.0,0,2,18.6,0.86,0,82.79
TRIP-1707,22436,Vande Bharat Express,VB,DDU,BSB,18.0,25.0,1,2,10.7,0.72,0,21.68
TRIP-1708,22436,Vande Bharat Express,VB,NDLS,CNB,440.0,240.0,22,2,2.4,0.68,0,232.88
TRIP-1708,22436,Vande Bharat Express,VB,CNB,PRYJ,194.5,100.0,1,2,0.0,0.62,0,95.83
TRIP-1708,22436,Vande Bharat Express,VB,PRYJ,DDU,153.0,90.0,3,2,0.0,0.73,0,84.7
TRIP-1708,22436,Vande Bharat Express,VB,DDU,BSB,18.0,25.0,5,2,0.0,0.83,0,30.41
TRIP-1709,22436,Vande Bharat Express,VB,NDLS,CNB,440.0,240.0,1,3,0.0,0.63,0,223.0
TRIP-1709,22436,Vande Bharat Express,VB,CNB,PRYJ,194.5,100.0,4,3,0.0,0.88,0,92.17
TRIP-1709,22436,Vande Bharat Express,VB,PRYJ,DDU,153.0,90.0,6,3,0.0,0.64,0,89.45
TRIP-1709,22436,Vande Bharat Express,VB,DDU,BSB,18.0,25.0,7,3,1.2,0.77,0,26.85
TRIP-1710,22436,Vande Bharat Express,VB,NDLS,CNB,440.0,240.0,4,3,16.7,0.88,0,212.96
TRIP-1710,22436,Vande Bharat Express,VB,CNB,PRYJ,194.5,100.0,7,3,0.0,0.65,0,96.7
TRIP-1710,22436,Vande Bharat Express,VB,PRYJ,DDU,153.0,90.0,9,3,0.0,0.92,0,95.93
TRIP-1710,22436,Vande Bharat Express,VB,DDU,BSB,18.0,25.0,11,3,5.9,0.84,0,21.1
TRIP-1711,12004,Lucknow Shatabdi Express,SF,NDLS,GZB,24.5,38.0,10,3,4.8,0.82,0,41.24
TRIP-1711,12004,Lucknow Shatabdi Express,SF,GZB,ALJN,106.3,60.0,10,3,9.5,0.98,0,67.83
TRIP-1711,12004,Lucknow Shatabdi Express,SF,ALJN,CNB,308.6,210.0,11,3,16.5,0.86,0,214.38
TRIP-1711,12004,Lucknow Shatabdi Express,SF,CNB,LKO,71.6,75.0,15,3,20.2,0.65,0,72.05
TRIP-1712,12802,Purushottam Express,EXP,NDLS,CNB,440.0,350.0,13,3,9.6,0.88,0,338.34
TRIP-1712,12802,Purushottam Express,EXP,CNB,PRYJ,194.5,150.0,18,3,0.0,0.98,0,156.79
TRIP-1712,12802,Purushottam Express,EXP,PRYJ,DDU,153.0,135.0,21,3,8.3,0.98,0,145.71
TRIP-1712,12802,Purushottam Express,EXP,DDU,GAYA,205.0,165.0,23,3,18.3,0.87,0,164.39
TRIP-1712,12802,Purushottam Express,EXP,GAYA,BKSC,149.0,135.0,2,3,17.4,0.52,0,123.92
TRIP-1712,12802,Purushottam Express,EXP,BKSC,PURI,612.0,520.0,4,3,6.1,0.55,0,472.05
TRIP-1713,12951,Mumbai Rajdhani Express,RAJ,BCT,ST,263.0,160.0,17,3,10.0,0.98,0,164.65
TRIP-1713,12951,Mumbai Rajdhani Express,RAJ,ST,BRC,129.0,80.0,19,3,14.5,0.91,0,77.62
TRIP-1713,12951,Mumbai Rajdhani Express,RAJ,BRC,RTM,261.0,195.0,21,3,12.3,0.96,0,206.04
TRIP-1713,12951,Mumbai Rajdhani Express,RAJ,RTM,KOTA,266.0,155.0,0,3,23.7,0.68,0,154.32
TRIP-1713,12951,Mumbai Rajdhani Express,RAJ,KOTA,MTJ,324.0,195.0,3,3,22.5,0.61,0,180.45
TRIP-1713,12951,Mumbai Rajdhani Express,RAJ,MTJ,NDLS,143.0,110.0,6,3,9.9,0.85,0,106.12
TRIP-1714,12951,Mumbai Rajdhani Express,RAJ,BCT,ST,263.0,160.0,23,3,1.9,0.79,0,154.1
TRIP-1714,12951,Mumbai Rajdhani Express,RAJ,ST,BRC,129.0,80.0,1,3,0.0,0.68,0,76.91
TRIP-1714,12951,Mumbai Rajdhani Express,RAJ,BRC,RTM,261.0,195.0,3,3,0.0,0.86,0,187.0
TRIP-1714,12951,Mumbai Rajdhani Express,RAJ,RTM,KOTA,266.0,155.0,6,3,0.0,0.64,0,154.02
TRIP-1714,12951,Mumbai Rajdhani Express,RAJ,KOTA,MTJ,324.0,195.0,8,3,0.0,0.98,0,202.86
TRIP-1714,12951,Mumbai Rajdhani Express,RAJ,MTJ,NDLS,143.0,110.0,12,3,9.0,0.63,0,104.29
TRIP-1715,12004,Lucknow Shatabdi Express,SF,NDLS,GZB,24.5,38.0,3,4,0.7,0.67,0,38.61
TRIP-1715,12004,Lucknow Shatabdi Express,SF,GZB,ALJN,106.3,60.0,3,4,1.7,0.77,0,59.4
TRIP-1715,12004,Lucknow Shatabdi Express,SF,ALJN,CNB,308.6,210.0,4,4,0.1,0.72,0,198.66
TRIP-1715,12004,Lucknow Shatabdi Express,SF,CNB,LKO,71.6,75.0,8,4,0.0,0.98,0,84.99
TRIP-1716,12802,Purushottam Express,EXP,NDLS,CNB,440.0,350.0,5,4,0.0,0.76,0,346.97
TRIP-1716,12802,Purushottam Express,EXP,CNB,PRYJ,194.5,150.0,10,4,0.0,0.88,0,166.56
TRIP-1716,12802,Purushottam Express,EXP,PRYJ,DDU,153.0,135.0,13,4,18.6,0.88,0,139.75
TRIP-1716,12802,Purushottam Express,EXP,DDU,GAYA,205.0,165.0,16,4,22.9,0.8,0,170.7
TRIP-1716,12802,Purushottam Express,EXP,GAYA,BKSC,149.0,135.0,19,4,30.5,0.71,0,142.11
TRIP-1716,12802,Purushottam Express,EXP,BKSC,PURI,612.0,520.0,21,4,38.3,0.6,0,530.02
TRIP-1717,12951,Mumbai Rajdhani Express,RAJ,BCT,ST,263.0,160.0,7,4,10.0,0.73,0,156.19
TRIP-1717,12951,Mumbai Rajdhani Express,RAJ,ST,BRC,129.0,80.0,9,4,8.0,0.81,0,83.86
TRIP-1717,12951,Mumbai Rajdhani Express,RAJ,BRC,RTM,261.0,195.0,11,4,11.6,0.95,0,203.73
TRIP-1717,12951,Mumbai Rajdhani Express,RAJ,RTM,KOTA,266.0,155.0,14,4,19.9,0.66,0,148.73
TRIP-1717,12951,Mumbai Rajdhani Express,RAJ,KOTA,MTJ,324.0,195.0,17,4,15.5,0.89,0,197.77
TRIP-1717,12951,Mumbai Rajdhani Express,RAJ,MTJ,NDLS,143.0,110.0,20,4,19.4,0.91,0,113.81
TRIP-1718,12951,Mumbai Rajdhani Express,RAJ,BCT,ST,263.0,160.0,9,4,13.2,0.96,0,164.53
TRIP-1718,12951,Mumbai Rajdhani Express,RAJ,ST,BRC,129.0,80.0,11,4,16.7,0.96,0,84.25
TRIP-1718,12951,Mumbai Rajdhani Express,RAJ,BRC,RTM,261.0,195.0,13,4,23.0,0.86,0,194.57
TRIP-1718,12951,Mumbai Rajdhani Express,RAJ,RTM,KOTA,266.0,155.0,16,4,23.9,0.72,0,156.45
TRIP-1718,12951,Mumbai Rajdhani Express,RAJ,KOTA,MTJ,324.0,195.0,19,4,25.8,0.84,0,204.43
TRIP-1718,12951,Mumbai Rajdhani Express,RAJ,MTJ,NDLS,143.0,110.0,22,4,37.0,0.86,0,116.16
TRIP-1719,12802,Purushottam Express,EXP,NDLS,CNB,440.0,350.0,15,4,13.6,0.9,0,345.93
TRIP-1719,12802,Purushottam Express,EXP,CNB,PRYJ,194.5,150.0,20,4,9.9,0.98,0,158.51
TRIP-1719,12802,Purushottam Express,EXP,PRYJ,DDU,153.0,135.0,23,4,17.6,0.72,0,136.17
TRIP-1719,12802,Purushottam Express,EXP,DDU,GAYA,205.0,165.0,1,4,19.6,0.81,0,159.94
TRIP-1719,12802,Purushottam Express,EXP,GAYA,BKSC,149.0,135.0,4,4,15.5,0.42,0,126.52
TRIP-1719,12802,Purushottam Express,EXP,BKSC,PURI,612.0,520.0,6,4,8.2,0.65,0,511.95
TRIP-1720,12951,Mumbai Rajdhani Express,RAJ,BCT,ST,263.0,160.0,19,4,60.5,0.85,0,178.27
TRIP-1720,12951,Mumbai Rajdhani Express,RAJ,ST,BRC,129.0,80.0,22,4,80.0,0.82,0,89.06
TRIP-1720,12951,Mumbai Rajdhani Express,RAJ,BRC,RTM,261.0,195.0,23,4,90.3,0.77,0,199.99
TRIP-1720,12951,Mumbai Rajdhani Express,RAJ,RTM,KOTA,266.0,155.0,3,4,96.8,0.76,0,154.54
TRIP-1720,12951,Mumbai Rajdhani Express,RAJ,KOTA,MTJ,324.0,195.0,5,4,96.5,0.89,0,204.34
TRIP-1720,12951,Mumbai Rajdhani Express,RAJ,MTJ,NDLS,143.0,110.0,9,4,106.0,0.81,0,124.99
TRIP-1721,12802,Purushottam Express,EXP,NDLS,CNB,440.0,350.0,22,4,1.2,0.63,0,346.92
TRIP-1721,12802,Purushottam Express,EXP,CNB,PRYJ,194.5,150.0,3,4,0.0,0.87,0,144.89
TRIP-1721,12802,Purushottam Express,EXP,PRYJ,DDU,153.0,135.0,6,4,0.0,0.77,0,137.83
TRIP-1721,12802,Purushottam Express,EXP,DDU,GAYA,205.0,165.0,8,4,4.4,0.98,0,177.57
TRIP-1721,12802,Purushottam Express,EXP,GAYA,BKSC,149.0,135.0,11,4,17.9,0.61,0,138.61
TRIP-1721,12802,Purushottam Express,EXP,BKSC,PURI,612.0,520.0,14,4,22.2,0.55,0,512.41
TRIP-1722,12951,Mumbai Rajdhani Express,RAJ,BCT,ST,263.0,160.0,0,5,45.4,0.7,0,158.15
TRIP-1722,12951,Mumbai Rajdhani Express,RAJ,ST,BRC,129.0,80.0,2,5,45.1,0.82,0,83.77
TRIP-1722,12951,Mumbai Rajdhani Express,RAJ,BRC,RTM,261.0,195.0,4,5,48.1,0.83,0,183.9
TRIP-1722,12951,Mumbai Rajdhani Express,RAJ,RTM,KOTA,266.0,155.0,7,5,38.2,0.7,0,163.83
TRIP-1722,12951,Mumbai Rajdhani Express,RAJ,KOTA,MTJ,324.0,195.0,10,5,47.8,0.89,0,210.52
TRIP-1722,12951,Mumbai Rajdhani Express,RAJ,MTJ,NDLS,143.0,110.0,13,5,62.4,0.87,0,118.14
TRIP-1723,12802,Purushottam Express,EXP,NDLS,CNB,440.0,350.0,3,5,6.0,0.73,0,323.63
TRIP-1723,12802,Purushottam Express,EXP,CNB,PRYJ,194.5,150.0,8,5,0.0,0.98,0,159.87
TRIP-1723,12802,Purushottam Express,EXP,PRYJ,DDU,153.0,135.0,11,5,11.2,0.98,0,145.85
TRIP-1723,12802,Purushottam Express,EXP,DDU,GAYA,205.0,165.0,13,5,22.6,0.77,0,161.98
TRIP-1723,12802,Purushottam Express,EXP,GAYA,BKSC,149.0,135.0,16,5,20.9,0.43,0,128.22
TRIP-1723,12802,Purushottam Express,EXP,BKSC,PURI,612.0,520.0,18,5,14.6,0.65,0,517.77
TRIP-1724,12951,Mumbai Rajdhani Express,RAJ,BCT,ST,263.0,160.0,7,5,0.0,0.76,0,158.18
TRIP-1724,12951,Mumbai Rajdhani Express,RAJ,ST,BRC,129.0,80.0,9,5,0.0,0.98,0,86.3
TRIP-1724,12951,Mumbai Rajdhani Express,RAJ,BRC,RTM,261.0,195.0,11,5,6.9,0.98,0,199.05
TRIP-1724,12951,Mumbai Rajdhani Express,RAJ,RTM,KOTA,266.0,155.0,14,5,11.3,0.6,0,149.49
TRIP-1724,12951,Mumbai Rajdhani Express,RAJ,KOTA,MTJ,324.0,195.0,17,5,5.1,0.9,0,199.41
TRIP-1724,12951,Mumbai Rajdhani Express,RAJ,MTJ,NDLS,143.0,110.0,20,5,10.8,0.93,0,109.54
TRIP-1725,12004,Lucknow Shatabdi Express,SF,NDLS,GZB,24.5,38.0,10,5,6.1,0.87,0,43.44
TRIP-1725,12004,Lucknow Shatabdi Express,SF,GZB,ALJN,106.3,60.0,10,5,12.1,0.86,0,63.71
TRIP-1725,12004,Lucknow Shatabdi Express,SF,ALJN,CNB,308.6,210.0,11,5,16.0,0.98,0,222.72
TRIP-1725,12004,Lucknow Shatabdi Express,SF,CNB,LKO,71.6,75.0,15,5,28.4,0.62,0,68.43
TRIP-1726,12802,Purushottam Express,EXP,NDLS,CNB,440.0,350.0,12,5,6.6,0.81,0,340.75
TRIP-1726,12802,Purushottam Express,EXP,CNB,PRYJ,194.5,150.0,17,5,0.0,0.88,0,155.02
TRIP-1726,12802,Purushottam Express,EXP,PRYJ,DDU,153.0,135.0,20,5,5.2,0.83,0,139.28
TRIP-1726,12802,Purushottam Express,EXP,DDU,GAYA,205.0,165.0,22,5,8.9,0.7,0,160.74
TRIP-1726,12802,Purushottam Express,EXP,GAYA,BKSC,149.0,135.0,1,5,4.0,0.54,0,125.28
TRIP-1726,12802,Purushottam Express,EXP,BKSC,PURI,612.0,520.0,3,5,0.0,0.42,0,474.36
TRIP-1727,12951,Mumbai Rajdhani Express,RAJ,BCT,ST,263.0,160.0,18,5,79.8,0.98,0,170.02
TRIP-1727,12951,Mumbai Rajdhani Express,RAJ,ST,BRC,129.0,80.0,20,5,89.6,0.98,0,92.69
TRIP-1727,12951,Mumbai Rajdhani Express,RAJ,BRC,RTM,261.0,195.0,22,5,102.6,0.79,0,198.59
TRIP-1727,12951,Mumbai Rajdhani Express,RAJ,RTM,KOTA,266.0,155.0,1,5,105.2,0.84,0,157.44
TRIP-1727,12951,Mumbai Rajdhani Express,RAJ,KOTA,MTJ,324.0,195.0,4,5,107.4,0.9,0,194.74
TRIP-1727,12951,Mumbai Rajdhani Express,RAJ,MTJ,NDLS,143.0,110.0,7,5,108.2,0.85,0,115.1
TRIP-1728,12951,Mumbai Rajdhani Express,RAJ,BCT,ST,263.0,160.0,21,5,3.2,0.91,0,170.54
TRIP-1728,12951,Mumbai Rajdhani Express,RAJ,ST,BRC,129.0,80.0,23,5,13.6,0.88,0,80.5
TRIP-1728,12951,Mumbai Rajdhani Express,RAJ,BRC,RTM,261.0,195.0,1,5,13.8,0.7,0,173.39
TRIP-1728,12951,Mumbai Rajdhani Express,RAJ,RTM,KOTA,266.0,155.0,4,5,0.0,0.68,0,148.55
TRIP-1728,12951,Mumbai Rajdhani Express,RAJ,KOTA,MTJ,324.0,195.0,6,5,0.0,0.77,0,191.25
TRIP-1728,12951,Mumbai Rajdhani Express,RAJ,MTJ,NDLS,143.0,110.0,10,5,0.0,0.98,0,116.0
TRIP-1729,12802,Purushottam Express,EXP,NDLS,CNB,440.0,350.0,23,5,1.4,0.88,0,345.27
TRIP-1729,12802,Purushottam Express,EXP,CNB,PRYJ,194.5,150.0,4,5,0.0,0.62,0,137.75
TRIP-1729,12802,Purushottam Express,EXP,PRYJ,DDU,153.0,135.0,7,5,0.0,0.64,0,128.55
TRIP-1729,12802,Purushottam Express,EXP,DDU,GAYA,205.0,165.0,9,5,0.0,0.98,0,172.14
TRIP-1729,12802,Purushottam Express,EXP,GAYA,BKSC,149.0,135.0,12,5,7.9,0.49,0,130.06
TRIP-1729,12802,Purushottam Express,EXP,BKSC,PURI,612.0,520.0,14,5,4.9,0.6,0,503.7
TRIP-1730,12004,Lucknow Shatabdi Express,SF,NDLS,GZB,24.5,38.0,3,6,1.0,0.62,0,39.74
TRIP-1730,12004,Lucknow Shatabdi Express,SF,GZB,ALJN,106.3,60.0,3,6,3.2,0.83,0,57.71
TRIP-1730,12004,Lucknow Shatabdi Express,SF,ALJN,CNB,308.6,210.0,4,6,0.2,0.82,0,201.48
TRIP-1730,12004,Lucknow Shatabdi Express,SF,CNB,LKO,71.6,75.0,8,6,0.0,0.98,0,83.44
TRIP-1731,22436,Vande Bharat Express,VB,NDLS,CNB,440.0,240.0,7,6,0.8,0.9,0,235.9
TRIP-1731,22436,Vande Bharat Express,VB,CNB,PRYJ,194.5,100.0,11,6,0.0,0.98,0,107.84
TRIP-1731,22436,Vande Bharat Express,VB,PRYJ,DDU,153.0,90.0,12,6,8.9,0.9,0,85.21
TRIP-1731,22436,Vande Bharat Express,VB,DDU,BSB,18.0,25.0,14,6,4.3,0.81,0,29.03
TRIP-1732,12951,Mumbai Rajdhani Express,RAJ,BCT,ST,263.0,160.0,10,6,1.3,0.98,0,172.32
TRIP-1732,12951,Mumbai Rajdhani Express,RAJ,ST,BRC,129.0,80.0,12,6,15.0,0.76,0,77.74
TRIP-1732,12951,Mumbai Rajdhani Express,RAJ,BRC,RTM,261.0,195.0,14,6,12.3,0.69,0,191.72
TRIP-1732,12951,Mumbai Rajdhani Express,RAJ,RTM,KOTA,266.0,155.0,17,6,9.2,0.83,0,165.64
TRIP-1732,12951,Mumbai Rajdhani Express,RAJ,KOTA,MTJ,324.0,195.0,20,6,20.1,0.98,0,206.21
TRIP-1732,12951,Mumbai Rajdhani Express,RAJ,MTJ,NDLS,143.0,110.0,23,6,31.0,0.67,0,115.68
TRIP-1733,12302,Howrah Rajdhani Express,RAJ,NDLS,CNB,440.0,285.0,14,6,3.2,0.64,0,285.09
TRIP-1733,12302,Howrah Rajdhani Express,RAJ,CNB,PRYJ,194.5,120.0,18,6,3.7,0.98,0,133.64
TRIP-1733,12302,Howrah Rajdhani Express,RAJ,PRYJ,DDU,153.0,105.0,21,6,17.7,0.98,0,113.83
TRIP-1733,12302,Howrah Rajdhani Express,RAJ,DDU,GAYA,205.0,130.0,23,6,28.5,0.62,0,132.27
TRIP-1733,12302,Howrah Rajdhani Express,RAJ,GAYA,DHN,201.0,140.0,1,6,31.6,0.49,0,129.38
TRIP-1733,12302,Howrah Rajdhani Express,RAJ,DHN,HWH,259.0,200.0,3,6,20.5,0.61,0,187.02
TRIP-1734,12004,Lucknow Shatabdi Express,SF,NDLS,GZB,24.5,38.0,17,6,5.3,0.86,0,44.18
TRIP-1734,12004,Lucknow Shatabdi Express,SF,GZB,ALJN,106.3,60.0,17,6,10.5,0.98,0,74.34
TRIP-1734,12004,Lucknow Shatabdi Express,SF,ALJN,CNB,308.6,210.0,19,6,24.6,0.98,0,226.85
TRIP-1734,12004,Lucknow Shatabdi Express,SF,CNB,LKO,71.6,75.0,23,6,41.9,0.72,0,82.88
TRIP-1735,12302,Howrah Rajdhani Express,RAJ,NDLS,CNB,440.0,285.0,20,6,1.6,0.98,0,299.68
TRIP-1735,12302,Howrah Rajdhani Express,RAJ,CNB,PRYJ,194.5,120.0,1,6,17.2,0.81,0,109.21
TRIP-1735,12302,Howrah Rajdhani Express,RAJ,PRYJ,DDU,153.0,105.0,2,6,6.4,0.79,0,105.05
TRIP-1735,12302,Howrah Rajdhani Express,RAJ,DDU,GAYA,205.0,130.0,4,6,6.7,0.74,0,116.58
TRIP-1735,12302,Howrah Rajdhani Express,RAJ,GAYA,DHN,201.0,140.0,6,6,0.0,0.35,0,135.72
TRIP-1735,12302,Howrah Rajdhani Express,RAJ,DHN,HWH,259.0,200.0,9,6,0.0,0.58,0,198.4
TRIP-1736,12302,Howrah Rajdhani Express,RAJ,NDLS,CNB,440.0,285.0,22,6,3.2,0.68,0,285.93
TRIP-1736,12302,Howrah Rajdhani Express,RAJ,CNB,PRYJ,194.5,120.0,2,6,4.7,0.74,0,118.21
TRIP-1736,12302,Howrah Rajdhani Express,RAJ,PRYJ,DDU,153.0,105.0,4,6,3.2,0.72,0,106.09
TRIP-1736,12302,Howrah Rajdhani Express,RAJ,DDU,GAYA,205.0,130.0,6,6,5.4,0.71,0,128.16
TRIP-1736,12302,Howrah Rajdhani Express,RAJ,GAYA,DHN,201.0,140.0,8,6,4.2,0.69,0,143.98
TRIP-1736,12302,Howrah Rajdhani Express,RAJ,DHN,HWH,259.0,200.0,11,6,9.9,0.76,0,201.35
TRIP-1737,12951,Mumbai Rajdhani Express,RAJ,BCT,ST,263.0,160.0,0,0,10.0,0.62,0,147.9
TRIP-1737,12951,Mumbai Rajdhani Express,RAJ,ST,BRC,129.0,80.0,2,0,0.0,0.79,0,75.05
TRIP-1737,12951,Mumbai Rajdhani Express,RAJ,BRC,RTM,261.0,195.0,3,0,0.0,0.89,0,181.91
TRIP-1737,12951,Mumbai Rajdhani Express,RAJ,RTM,KOTA,266.0,155.0,6,0,0.0,0.72,0,148.24
TRIP-1737,12951,Mumbai Rajdhani Express,RAJ,KOTA,MTJ,324.0,195.0,9,0,0.0,0.91,0,199.35
TRIP-1737,12951,Mumbai Rajdhani Express,RAJ,MTJ,NDLS,143.0,110.0,12,0,4.9,0.7,0,111.09
TRIP-1738,12802,Purushottam Express,EXP,NDLS,CNB,440.0,350.0,2,0,10.6,0.73,0,324.58
TRIP-1738,12802,Purushottam Express,EXP,CNB,PRYJ,194.5,150.0,7,0,0.0,0.78,0,144.45
TRIP-1738,12802,Purushottam Express,EXP,PRYJ,DDU,153.0,135.0,9,0,0.0,0.98,0,154.46
TRIP-1738,12802,Purushottam Express,EXP,DDU,GAYA,205.0,165.0,12,0,20.7,0.66,0,164.66
TRIP-1738,12802,Purushottam Express,EXP,GAYA,BKSC,149.0,135.0,15,0,19.6,0.5,0,129.14
TRIP-1738,12802,Purushottam Express,EXP,BKSC,PURI,612.0,520.0,17,0,14.5,0.62,0,520.02
TRIP-1739,12951,Mumbai Rajdhani Express,RAJ,BCT,ST,263.0,160.0,5,0,7.2,0.75,0,149.91
TRIP-1739,12951,Mumbai Rajdhani Express,RAJ,ST,BRC,129.0,80.0,7,0,0.0,0.69,0,83.11
TRIP-1739,12951,Mumbai Rajdhani Express,RAJ,BRC,RTM,261.0,195.0,9,0,4.9,0.91,0,198.68
TRIP-1739,12951,Mumbai Rajdhani Express,RAJ,RTM,KOTA,266.0,155.0,12,0,10.4,0.75,0,148.28
TRIP-1739,12951,Mumbai Rajdhani Express,RAJ,KOTA,MTJ,324.0,195.0,14,0,3.5,0.7,0,195.54
TRIP-1739,12951,Mumbai Rajdhani Express,RAJ,MTJ,NDLS,143.0,110.0,18,0,3.8,0.96,0,121.34
TRIP-1740,12802,Purushottam Express,EXP,NDLS,CNB,440.0,350.0,11,0,0.0,0.85,0,361.93
TRIP-1740,12802,Purushottam Express,EXP,CNB,PRYJ,194.5,150.0,17,0,13.9,0.97,0,161.08
TRIP-1740,12802,Purushottam Express,EXP,PRYJ,DDU,153.0,135.0,19,0,24.1,0.85,0,140.96
TRIP-1740,12802,Purushottam Express,EXP,DDU,GAYA,205.0,165.0,22,0,29.1,0.69,0,157.53
TRIP-1740,12802,Purushottam Express,EXP,GAYA,BKSC,149.0,135.0,1,0,23.0,0.35,0,123.7
TRIP-1740,12802,Purushottam Express,EXP,BKSC,PURI,612.0,520.0,3,0,13.2,0.64,0,476.71
TRIP-1741,12302,Howrah Rajdhani Express,RAJ,NDLS,CNB,440.0,285.0,14,0,5.7,0.9,0,278.43
TRIP-1741,12302,Howrah Rajdhani Express,RAJ,CNB,PRYJ,194.5,120.0,18,0,0.0,0.98,0,123.78
TRIP-1741,12302,Howrah Rajdhani Express,RAJ,PRYJ,DDU,153.0,105.0,20,0,3.1,0.91,0,109.35
TRIP-1741,12302,Howrah Rajdhani Express,RAJ,DDU,GAYA,205.0,130.0,22,0,6.8,0.71,0,125.17
TRIP-1741,12302,Howrah Rajdhani Express,RAJ,GAYA,DHN,201.0,140.0,0,0,3.8,0.58,0,132.62
TRIP-1741,12302,Howrah Rajdhani Express,RAJ,DHN,HWH,259.0,200.0,3,0,0.0,0.51,0,183.76
TRIP-1742,12302,Howrah Rajdhani Express,RAJ,NDLS,CNB,440.0,285.0,17,0,17.1,0.98,0,291.24
TRIP-1742,12302,Howrah Rajdhani Express,RAJ,CNB,PRYJ,194.5,120.0,21,0,22.7,0.98,0,127.22
TRIP-1742,12302,Howrah Rajdhani Express,RAJ,PRYJ,DDU,153.0,105.0,0,0,30.8,0.88,0,104.06
TRIP-1742,12302,Howrah Rajdhani Express,RAJ,DDU,GAYA,205.0,130.0,1,0,31.0,0.86,0,127.87
TRIP-1742,12302,Howrah Rajdhani Express,RAJ,GAYA,DHN,201.0,140.0,4,0,28.2,0.56,0,125.93
TRIP-1742,12302,Howrah Rajdhani Express,RAJ,DHN,HWH,259.0,200.0,6,0,15.7,0.45,0,188.26
TRIP-1743,12004,Lucknow Shatabdi Express,SF,NDLS,GZB,24.5,38.0,19,0,10.0,0.91,0,43.28
TRIP-1743,12004,Lucknow Shatabdi Express,SF,GZB,ALJN,106.3,60.0,19,0,16.1,0.98,0,65.2
TRIP-1743,12004,Lucknow Shatabdi Express,SF,ALJN,CNB,308.6,210.0,20,0,23.0,0.98,0,216.67
TRIP-1743,12004,Lucknow Shatabdi Express,SF,CNB,LKO,71.6,75.0,0,0,30.9,0.84,0,84.76
TRIP-1744,12004,Lucknow Shatabdi Express,SF,NDLS,GZB,24.5,38.0,23,0,3.4,0.85,0,40.78
TRIP-1744,12004,Lucknow Shatabdi Express,SF,GZB,ALJN,106.3,60.0,23,0,6.8,0.68,0,52.69
TRIP-1744,12004,Lucknow Shatabdi Express,SF,ALJN,CNB,308.6,210.0,0,0,0.1,0.89,0,204.57
TRIP-1744,12004,Lucknow Shatabdi Express,SF,CNB,LKO,71.6,75.0,4,0,0.0,0.64,0,74.59
TRIP-1745,12302,Howrah Rajdhani Express,RAJ,NDLS,CNB,440.0,285.0,5,1,3.3,0.76,0,278.81
TRIP-1745,12302,Howrah Rajdhani Express,RAJ,CNB,PRYJ,194.5,120.0,9,1,0.0,0.83,0,127.63
TRIP-1745,12302,Howrah Rajdhani Express,RAJ,PRYJ,DDU,153.0,105.0,11,1,7.4,0.98,0,110.86
TRIP-1745,12302,Howrah Rajdhani Express,RAJ,DDU,GAYA,205.0,130.0,13,1,14.9,0.83,0,132.76
TRIP-1745,12302,Howrah Rajdhani Express,RAJ,GAYA,DHN,201.0,140.0,16,1,17.4,0.38,0,130.04
TRIP-1745,12302,Howrah Rajdhani Express,RAJ,DHN,HWH,259.0,200.0,18,1,9.0,0.65,0,198.99
TRIP-1746,12802,Purushottam Express,EXP,NDLS,CNB,440.0,350.0,9,1,0.0,0.98,0,365.74
TRIP-1746,12802,Purushottam Express,EXP,CNB,PRYJ,194.5,150.0,15,1,17.0,0.63,0,147.2
TRIP-1746,12802,Purushottam Express,EXP,PRYJ,DDU,153.0,135.0,17,1,14.5,0.85,0,141.88
TRIP-1746,12802,Purushottam Express,EXP,DDU,GAYA,205.0,165.0,20,1,21.0,0.9,0,177.7
TRIP-1746,12802,Purushottam Express,EXP,GAYA,BKSC,149.0,135.0,23,1,35.6,0.38,0,136.59
TRIP-1746,12802,Purushottam Express,EXP,BKSC,PURI,612.0,520.0,1,1,36.8,0.47,0,477.6
TRIP-1747,12004,Lucknow Shatabdi Express,SF,NDLS,GZB,24.5,38.0,12,1,27.1,0.89,0,39.68
TRIP-1747,12004,Lucknow Shatabdi Express,SF,GZB,ALJN,106.3,60.0,12,1,28.5,0.7,0,63.52
TRIP-1747,12004,Lucknow Shatabdi Express,SF,ALJN,CNB,308.6,210.0,13,1,32.6,0.72,0,205.53
TRIP-1747,12004,Lucknow Shatabdi Express,SF,CNB,LKO,71.6,75.0,17,1,27.8,0.83,0,82.38
TRIP-1748,12802,Purushottam Express,EXP,NDLS,CNB,440.0,350.0,15,1,0.0,0.84,0,343.63
TRIP-1748,12802,Purushottam Express,EXP,CNB,PRYJ,194.5,150.0,20,1,0.0,0.86,0,157.27
TRIP-1748,12802,Purushottam Express,EXP,PRYJ,DDU,153.0,135.0,23,1,8.4,0.69,0,130.59
TRIP-1748,12802,Purushottam Express,EXP,DDU,GAYA,205.0,165.0,1,1,3.6,0.75,0,158.13
TRIP-1748,12802,Purushottam Express,EXP,GAYA,BKSC,149.0,135.0,4,1,0.0,0.58,0,118.63
TRIP-1748,12802,Purushottam Express,EXP,BKSC,PURI,612.0,520.0,6,1,0.0,0.64,0,504.69
TRIP-1749,12951,Mumbai Rajdhani Express,RAJ,BCT,ST,263.0,160.0,21,1,3.0,0.93,0,169.93
TRIP-1749,12951,Mumbai Rajdhani Express,RAJ,ST,BRC,129.0,80.0,23,1,14.2,0.83,0,82.13
TRIP-1749,12951,Mumbai Rajdhani Express,RAJ,BRC,RTM,261.0,195.0,1,1,16.6,0.78,0,175.3
TRIP-1749,12951,Mumbai Rajdhani Express,RAJ,RTM,KOTA,266.0,155.0,4,1,0.0,0.81,0,143.7
TRIP-1749,12951,Mumbai Rajdhani Express,RAJ,KOTA,MTJ,324.0,195.0,6,1,0.0,0.84,0,192.06
TRIP-1749,12951,Mumbai Rajdhani Express,RAJ,MTJ,NDLS,143.0,110.0,10,1,0.0,0.95,0,112.07
TRIP-1750,12302,Howrah Rajdhani Express,RAJ,NDLS,CNB,440.0,285.0,1,2,2.5,0.75,0,266.76
TRIP-1750,12302,Howrah Rajdhani Express,RAJ,CNB,PRYJ,194.5,120.0,5,2,0.0,0.79,0,122.44
TRIP-1750,12302,Howrah Rajdhani Express,RAJ,PRYJ,DDU,153.0,105.0,7,2,2.7,0.78,0,106.97
TRIP-1750,12302,Howrah Rajdhani Express,RAJ,DDU,GAYA,205.0,130.0,9,2,4.5,0.98,0,135.14
TRIP-1750,12302,Howrah Rajdhani Express,RAJ,GAYA,DHN,201.0,140.0,11,2,11.3,0.8,0,138.76
TRIP-1750,12302,Howrah Rajdhani Express,RAJ,DHN,HWH,259.0,200.0,14,2,11.6,0.5,0,186.91
TRIP-1751,12802,Purushottam Express,EXP,NDLS,CNB,440.0,350.0,7,2,0.2,0.62,0,334.17
TRIP-1751,12802,Purushottam Express,EXP,CNB,PRYJ,194.5,150.0,12,2,0.0,0.89,0,157.25
TRIP-1751,12802,Purushottam Express,EXP,PRYJ,DDU,153.0,135.0,15,2,6.8,0.81,0,135.06
TRIP-1751,12802,Purushottam Express,EXP,DDU,GAYA,205.0,165.0,17,2,6.7,0.98,0,171.81
TRIP-1751,12802,Purushottam Express,EXP,GAYA,BKSC,149.0,135.0,20,2,12.8,0.63,0,134.27
TRIP-1751,12802,Purushottam Express,EXP,BKSC,PURI,612.0,520.0,22,2,11.6,0.58,0,502.28
TRIP-1752,12004,Lucknow Shatabdi Express,SF,NDLS,GZB,24.5,38.0,11,2,0.0,0.98,0,46.51
TRIP-1752,12004,Lucknow Shatabdi Express,SF,GZB,ALJN,106.3,60.0,11,2,8.2,0.95,0,68.7
TRIP-1752,12004,Lucknow Shatabdi Express,SF,ALJN,CNB,308.6,210.0,13,2,16.1,0.62,0,200.69
TRIP-1752,12004,Lucknow Shatabdi Express,SF,CNB,LKO,71.6,75.0,16,2,6.4,0.74,0,78.39
TRIP-1753,12004,Lucknow Shatabdi Express,SF,NDLS,GZB,24.5,38.0,17,2,4.2,0.98,0,45.85
TRIP-1753,12004,Lucknow Shatabdi Express,SF,GZB,ALJN,106.3,60.0,17,2,12.2,0.88,0,64.68
TRIP-1753,12004,Lucknow Shatabdi Express,SF,ALJN,CNB,308.6,210.0,19,2,18.4,0.98,0,220.94
TRIP-1753,12004,Lucknow Shatabdi Express,SF,CNB,LKO,71.6,75.0,22,2,28.5,0.64,0,76.49
TRIP-1754,12302,Howrah Rajdhani Express,RAJ,NDLS,CNB,440.0,285.0,20,2,3.0,0.87,0,294.16
TRIP-1754,12302,Howrah Rajdhani Express,RAJ,CNB,PRYJ,194.5,120.0,0,2,11.3,0.62,0,111.93
TRIP-1754,12302,Howrah Rajdhani Express,RAJ,PRYJ,DDU,153.0,105.0,2,2,4.2,0.71,0,98.21
TRIP-1754,12302,Howrah Rajdhani Express,RAJ,DDU,GAYA,205.0,130.0,4,2,0.0,0.89,0,120.87
TRIP-1754,12302,Howrah Rajdhani Express,RAJ,GAYA,DHN,201.0,140.0,6,2,0.0,0.5,0,136.65
TRIP-1754,12302,Howrah Rajdhani Express,RAJ,DHN,HWH,259.0,200.0,9,2,0.0,0.73,0,199.33
TRIP-1755,12802,Purushottam Express,EXP,NDLS,CNB,440.0,350.0,23,2,6.0,0.71,0,340.69
TRIP-1755,12802,Purushottam Express,EXP,CNB,PRYJ,194.5,150.0,4,2,0.0,0.84,0,144.77
TRIP-1755,12802,Purushottam Express,EXP,PRYJ,DDU,153.0,135.0,7,2,0.0,0.85,0,134.47
TRIP-1755,12802,Purushottam Express,EXP,DDU,GAYA,205.0,165.0,9,2,0.0,0.87,0,170.41
TRIP-1755,12802,Purushottam Express,EXP,GAYA,BKSC,149.0,135.0,12,2,6.6,0.45,0,129.45
TRIP-1755,12802,Purushottam Express,EXP,BKSC,PURI,612.0,520.0,14,2,2.6,0.58,0,498.46
TRIP-1756,12951,Mumbai Rajdhani Express,RAJ,BCT,ST,263.0,160.0,1,3,55.5,0.83,0,157.0
TRIP-1756,12951,Mumbai Rajdhani Express,RAJ,ST,BRC,129.0,80.0,3,3,53.1,0.67,0,81.56
TRIP-1756,12951,Mumbai Rajdhani Express,RAJ,BRC,RTM,261.0,195.0,5,3,56.1,0.7,0,200.06
TRIP-1756,12951,Mumbai Rajdhani Express,RAJ,RTM,KOTA,266.0,155.0,8,3,60.4,0.98,0,170.04
TRIP-1756,12951,Mumbai Rajdhani Express,RAJ,KOTA,MTJ,324.0,195.0,11,3,76.0,0.98,0,206.36
TRIP-1756,12951,Mumbai Rajdhani Express,RAJ,MTJ,NDLS,143.0,110.0,15,3,88.2,0.71,0,117.8
TRIP-1757,12004,Lucknow Shatabdi Express,SF,NDLS,GZB,24.5,38.0,5,3,30.9,0.68,0,43.67
TRIP-1757,12004,Lucknow Shatabdi Express,SF,GZB,ALJN,106.3,60.0,5,3,38.1,0.61,0,65.46
TRIP-1757,12004,Lucknow Shatabdi Express,SF,ALJN,CNB,308.6,210.0,6,3,43.2,0.86,0,216.73
TRIP-1757,12004,Lucknow Shatabdi Express,SF,CNB,LKO,71.6,75.0,10,3,50.2,0.98,0,94.61
TRIP-1758,12802,Purushottam Express,EXP,NDLS,CNB,440.0,350.0,7,3,2.2,0.81,0,340.92
TRIP-1758,12802,Purushottam Express,EXP,CNB,PRYJ,194.5,150.0,12,3,0.0,0.61,0,149.7
TRIP-1758,12802,Purushottam Express,EXP,PRYJ,DDU,153.0,135.0,15,3,0.9,0.71,0,135.55
TRIP-1758,12802,Purushottam Express,EXP,DDU,GAYA,205.0,165.0,17,3,1.4,0.88,0,171.37
TRIP-1758,12802,Purushottam Express,EXP,GAYA,BKSC,149.0,135.0,20,3,9.6,0.66,0,133.2
TRIP-1758,12802,Purushottam Express,EXP,BKSC,PURI,612.0,520.0,22,3,9.7,0.53,0,500.21
TRIP-1759,12802,Purushottam Express,EXP,NDLS,CNB,440.0,350.0,9,3,1.0,0.89,0,359.58
TRIP-1759,12802,Purushottam Express,EXP,CNB,PRYJ,194.5,150.0,15,3,11.9,0.78,0,150.72
TRIP-1759,12802,Purushottam Express,EXP,PRYJ,DDU,153.0,135.0,17,3,13.9,0.91,0,140.83
TRIP-1759,12802,Purushottam Express,EXP,DDU,GAYA,205.0,165.0,20,3,19.7,0.98,0,172.38
TRIP-1759,12802,Purushottam Express,EXP,GAYA,BKSC,149.0,135.0,23,3,29.1,0.43,0,129.48
TRIP-1759,12802,Purushottam Express,EXP,BKSC,PURI,612.0,520.0,1,3,23.9,0.37,0,474.71
TRIP-1760,12951,Mumbai Rajdhani Express,RAJ,BCT,ST,263.0,160.0,11,3,6.1,0.98,0,162.62
TRIP-1760,12951,Mumbai Rajdhani Express,RAJ,ST,BRC,129.0,80.0,13,3,9.6,0.88,0,77.66
TRIP-1760,12951,Mumbai Rajdhani Express,RAJ,BRC,RTM,261.0,195.0,15,3,8.7,0.73,0,181.91
TRIP-1760,12951,Mumbai Rajdhani Express,RAJ,RTM,KOTA,266.0,155.0,18,3,0.0,0.84,0,159.68
TRIP-1760,12951,Mumbai Rajdhani Express,RAJ,KOTA,MTJ,324.0,195.0,21,3,6.5,0.95,0,197.24
TRIP-1760,12951,Mumbai Rajdhani Express,RAJ,MTJ,NDLS,143.0,110.0,0,3,10.1,0.73,0,102.81
TRIP-1761,12302,Howrah Rajdhani Express,RAJ,NDLS,CNB,440.0,285.0,15,3,10.0,0.85,0,274.38
TRIP-1761,12302,Howrah Rajdhani Express,RAJ,CNB,PRYJ,194.5,120.0,19,3,0.2,0.87,0,125.01
TRIP-1761,12302,Howrah Rajdhani Express,RAJ,PRYJ,DDU,153.0,105.0,21,3,6.0,0.98,0,103.95
TRIP-1761,12302,Howrah Rajdhani Express,RAJ,DDU,GAYA,205.0,130.0,23,3,5.2,0.85,0,125.11
TRIP-1761,12302,Howrah Rajdhani Express,RAJ,GAYA,DHN,201.0,140.0,1,3,0.3,0.63,0,126.11
TRIP-1761,12302,Howrah Rajdhani Express,RAJ,DHN,HWH,259.0,200.0,3,3,0.0,0.63,0,186.6
TRIP-1762,12004,Lucknow Shatabdi Express,SF,NDLS,GZB,24.5,38.0,18,3,10.8,0.87,0,44.21
TRIP-1762,12004,Lucknow Shatabdi Express,SF,GZB,ALJN,106.3,60.0,18,3,17.9,0.86,0,72.93
TRIP-1762,12004,Lucknow Shatabdi Express,SF,ALJN,CNB,308.6,210.0,20,3,32.6,0.98,0,225.95
TRIP-1762,12004,Lucknow Shatabdi Express,SF,CNB,LKO,71.6,75.0,23,3,49.2,0.88,0,87.78
TRIP-1763,12004,Lucknow Shatabdi Express,SF,NDLS,GZB,24.5,38.0,20,3,0.0,0.98,0,38.41
TRIP-1763,12004,Lucknow Shatabdi Express,SF,GZB,ALJN,106.3,60.0,20,3,1.2,0.89,0,65.76
TRIP-1763,12004,Lucknow Shatabdi Express,SF,ALJN,CNB,308.6,210.0,21,3,6.8,0.98,0,216.35
TRIP-1763,12004,Lucknow Shatabdi Express,SF,CNB,LKO,71.6,75.0,1,3,14.2,0.63,0,72.28
TRIP-1764,12302,Howrah Rajdhani Express,RAJ,NDLS,CNB,440.0,285.0,2,4,21.0,0.8,0,269.76
TRIP-1764,12302,Howrah Rajdhani Express,RAJ,CNB,PRYJ,194.5,120.0,6,4,6.7,0.64,0,120.34
TRIP-1764,12302,Howrah Rajdhani Express,RAJ,PRYJ,DDU,153.0,105.0,8,4,6.4,0.91,0,98.72
TRIP-1764,12302,Howrah Rajdhani Express,RAJ,DDU,GAYA,205.0,130.0,10,4,0.0,0.88,0,138.5
TRIP-1764,12302,Howrah Rajdhani Express,RAJ,GAYA,DHN,201.0,140.0,12,4,8.7,0.38,0,133.76
TRIP-1764,12302,Howrah Rajdhani Express,RAJ,DHN,HWH,259.0,200.0,15,4,1.6,0.48,0,196.57
TRIP-1765,12951,Mumbai Rajdhani Express,RAJ,BCT,ST,263.0,160.0,4,4,7.2,0.7,0,151.31
TRIP-1765,12951,Mumbai Rajdhani Express,RAJ,ST,BRC,129.0,80.0,6,4,0.0,0.7,0,84.31
TRIP-1765,12951,Mumbai Rajdhani Express,RAJ,BRC,RTM,261.0,195.0,8,4,5.6,0.98,0,205.1
TRIP-1765,12951,Mumbai Rajdhani Express,RAJ,RTM,KOTA,266.0,155.0,11,4,17.5,0.92,0,160.49
TRIP-1765,12951,Mumbai Rajdhani Express,RAJ,KOTA,MTJ,324.0,195.0,14,4,22.9,0.73,0,195.25
TRIP-1765,12951,Mumbai Rajdhani Express,RAJ,MTJ,NDLS,143.0,110.0,17,4,23.4,0.98,0,118.85
TRIP-1766,12004,Lucknow Shatabdi Express,SF,NDLS,GZB,24.5,38.0,6,4,0.0,0.8,0,42.39
TRIP-1766,12004,Lucknow Shatabdi Express,SF,GZB,ALJN,106.3,60.0,6,4,5.3,0.78,0,63.97
TRIP-1766,12004,Lucknow Shatabdi Express,SF,ALJN,CNB,308.6,210.0,7,4,11.2,0.75,0,208.69
TRIP-1766,12004,Lucknow Shatabdi Express,SF,CNB,LKO,71.6,75.0,11,4,11.2,0.84,0,82.62
TRIP-1767,12004,Lucknow Shatabdi Express,SF,NDLS,GZB,24.5,38.0,10,4,55.2,0.95,0,51.55
TRIP-1767,12004,Lucknow Shatabdi Express,SF,GZB,ALJN,106.3,60.0,10,4,69.0,0.86,0,74.99
TRIP-1767,12004,Lucknow Shatabdi Express,SF,ALJN,CNB,308.6,210.0,12,4,83.1,0.82,0,217.58
TRIP-1767,12004,Lucknow Shatabdi Express,SF,CNB,LKO,71.6,75.0,15,4,92.5,0.61,0,86.37
TRIP-1768,12302,Howrah Rajdhani Express,RAJ,NDLS,CNB,440.0,285.0,16,4,13.0,0.72,0,279.66
TRIP-1768,12302,Howrah Rajdhani Express,RAJ,CNB,PRYJ,194.5,120.0,20,4,7.1,0.84,0,122.59
TRIP-1768,12302,Howrah Rajdhani Express,RAJ,PRYJ,DDU,153.0,105.0,22,4,11.0,0.78,0,99.84
TRIP-1768,12302,Howrah Rajdhani Express,RAJ,DDU,GAYA,205.0,130.0,0,4,5.8,0.81,0,124.85
TRIP-1768,12302,Howrah Rajdhani Express,RAJ,GAYA,DHN,201.0,140.0,2,4,1.5,0.63,0,133.53
TRIP-1768,12302,Howrah Rajdhani Express,RAJ,DHN,HWH,259.0,200.0,5,4,0.0,0.5,0,197.01
TRIP-1769,22436,Vande Bharat Express,VB,NDLS,CNB,440.0,240.0,20,4,10.0,0.9,0,247.7
TRIP-1769,22436,Vande Bharat Express,VB,CNB,PRYJ,194.5,100.0,0,4,17.8,0.86,0,100.81
TRIP-1769,22436,Vande Bharat Express,VB,PRYJ,DDU,153.0,90.0,1,4,20.2,0.75,0,87.94
TRIP-1769,22436,Vande Bharat Express,VB,DDU,BSB,18.0,25.0,3,4,20.1,0.89,0,23.16
TRIP-1770,12302,Howrah Rajdhani Express,RAJ,NDLS,CNB,440.0,285.0,22,4,23.4,0.72,0,285.77
TRIP-1770,12302,Howrah Rajdhani Express,RAJ,CNB,PRYJ,194.5,120.0,2,4,24.2,0.75,0,119.82
TRIP-1770,12302,Howrah Rajdhani Express,RAJ,PRYJ,DDU,153.0,105.0,4,4,25.0,0.72,0,96.75
TRIP-1770,12302,Howrah Rajdhani Express,RAJ,DDU,GAYA,205.0,130.0,6,4,17.2,0.87,0,121.85
TRIP-1770,12302,Howrah Rajdhani Express,RAJ,GAYA,DHN,201.0,140.0,8,4,9.2,0.56,0,138.2
TRIP-1770,12302,Howrah Rajdhani Express,RAJ,DHN,HWH,259.0,200.0,11,4,8.2,0.59,0,200.55
TRIP-1771,12951,Mumbai Rajdhani Express,RAJ,BCT,ST,263.0,160.0,0,5,0.0,0.62,0,152.23
TRIP-1771,12951,Mumbai Rajdhani Express,RAJ,ST,BRC,129.0,80.0,2,5,0.0,0.85,0,77.29
TRIP-1771,12951,Mumbai Rajdhani Express,RAJ,BRC,RTM,261.0,195.0,3,5,0.0,0.71,0,183.9
TRIP-1771,12951,Mumbai Rajdhani Express,RAJ,RTM,KOTA,266.0,155.0,7,5,0.0,0.84,0,147.96
TRIP-1771,12951,Mumbai Rajdhani Express,RAJ,KOTA,MTJ,324.0,195.0,9,5,0.0,0.98,0,204.68
TRIP-1771,12951,Mumbai Rajdhani Express,RAJ,MTJ,NDLS,143.0,110.0,13,5,9.3,0.69,0,105.66
TRIP-1772,12951,Mumbai Rajdhani Express,RAJ,BCT,ST,263.0,160.0,3,5,6.1,0.62,0,146.2
TRIP-1772,12951,Mumbai Rajdhani Express,RAJ,ST,BRC,129.0,80.0,5,5,0.0,0.71,0,77.85
TRIP-1772,12951,Mumbai Rajdhani Express,RAJ,BRC,RTM,261.0,195.0,6,5,0.0,0.61,0,188.37
TRIP-1772,12951,Mumbai Rajdhani Express,RAJ,RTM,KOTA,266.0,155.0,10,5,0.0,0.88,0,155.97
TRIP-1772,12951,Mumbai Rajdhani Express,RAJ,KOTA,MTJ,324.0,195.0,12,5,1.5,0.69,0,187.66
TRIP-1772,12951,Mumbai Rajdhani Express,RAJ,MTJ,NDLS,143.0,110.0,16,5,0.0,0.85,0,114.34
TRIP-1773,12302,Howrah Rajdhani Express,RAJ,NDLS,CNB,440.0,285.0,5,5,5.7,0.89,0,272.05
TRIP-1773,12302,Howrah Rajdhani Express,RAJ,CNB,PRYJ,194.5,120.0,9,5,0.0,0.92,0,128.53
TRIP-1773,12302,Howrah Rajdhani Express,RAJ,PRYJ,DDU,153.0,105.0,11,5,9.1,0.98,0,113.5
TRIP-1773,12302,Howrah Rajdhani Express,RAJ,DDU,GAYA,205.0,130.0,13,5,17.9,0.75,0,121.76
TRIP-1773,12302,Howrah Rajdhani Express,RAJ,GAYA,DHN,201.0,140.0,15,5,11.1,0.49,0,126.67
TRIP-1773,12302,Howrah Rajdhani Express,RAJ,DHN,HWH,259.0,200.0,18,5,0.0,0.84,0,203.68
TRIP-1774,12951,Mumbai Rajdhani Express,RAJ,BCT,ST,263.0,160.0,11,5,14.0,0.98,0,166.31
TRIP-1774,12951,Mumbai Rajdhani Express,RAJ,ST,BRC,129.0,80.0,13,5,20.6,0.7,0,79.38
TRIP-1774,12951,Mumbai Rajdhani Express,RAJ,BRC,RTM,261.0,195.0,15,5,19.8,0.66,0,187.92
TRIP-1774,12951,Mumbai Rajdhani Express,RAJ,RTM,KOTA,266.0,155.0,18,5,14.0,0.98,0,156.21
TRIP-1774,12951,Mumbai Rajdhani Express,RAJ,KOTA,MTJ,324.0,195.0,21,5,15.4,0.94,0,200.43
TRIP-1774,12951,Mumbai Rajdhani Express,RAJ,MTJ,NDLS,143.0,110.0,0,5,20.7,0.82,0,111.01
TRIP-1775,12302,Howrah Rajdhani Express,RAJ,NDLS,CNB,440.0,285.0,17,5,17.7,0.91,0,285.92
TRIP-1775,12302,Howrah Rajdhani Express,RAJ,CNB,PRYJ,194.5,120.0,21,5,19.9,0.91,0,120.86
TRIP-1775,12302,Howrah Rajdhani Express,RAJ,PRYJ,DDU,153.0,105.0,23,5,20.1,0.64,0,105.45
TRIP-1775,12302,Howrah Rajdhani Express,RAJ,DDU,GAYA,205.0,130.0,1,5,21.4,0.63,0,127.47
TRIP-1775,12302,Howrah Rajdhani Express,RAJ,GAYA,DHN,201.0,140.0,3,5,20.7,0.62,0,126.7
TRIP-1775,12302,Howrah Rajdhani Express,RAJ,DHN,HWH,259.0,200.0,6,5,6.6,0.4,0,184.55
TRIP-1776,12004,Lucknow Shatabdi Express,SF,NDLS,GZB,24.5,38.0,19,5,10.0,0.98,0,42.21
TRIP-1776,12004,Lucknow Shatabdi Express,SF,GZB,ALJN,106.3,60.0,19,5,15.6,0.98,0,67.55
TRIP-1776,12004,Lucknow Shatabdi Express,SF,ALJN,CNB,308.6,210.0,20,5,24.9,0.91,0,221.37
TRIP-1776,12004,Lucknow Shatabdi Express,SF,CNB,LKO,71.6,75.0,0,5,37.1,0.76,0,82.94
TRIP-1777,22436,Vande Bharat Express,VB,NDLS,CNB,440.0,240.0,21,5,20.9,0.94,0,247.17
TRIP-1777,22436,Vande Bharat Express,VB,CNB,PRYJ,194.5,100.0,1,5,28.4,0.77,0,90.36
TRIP-1777,22436,Vande Bharat Express,VB,PRYJ,DDU,153.0,90.0,2,5,19.8,0.74,0,80.14
TRIP-1777,22436,Vande Bharat Express,VB,DDU,BSB,18.0,25.0,4,5,9.6,0.88,0,25.34
TRIP-1778,12951,Mumbai Rajdhani Express,RAJ,BCT,ST,263.0,160.0,0,6,10.0,0.78,0,158.71
TRIP-1778,12951,Mumbai Rajdhani Express,RAJ,ST,BRC,129.0,80.0,2,6,9.3,0.9,0,72.91
TRIP-1778,12951,Mumbai Rajdhani Express,RAJ,BRC,RTM,261.0,195.0,4,6,2.3,0.83,0,183.53
TRIP-1778,12951,Mumbai Rajdhani Express,RAJ,RTM,KOTA,266.0,155.0,7,6,0.0,0.86,0,156.47
TRIP-1778,12951,Mumbai Rajdhani Express,RAJ,KOTA,MTJ,324.0,195.0,9,6,1.1,0.88,0,203.48
TRIP-1778,12951,Mumbai Rajdhani Express,RAJ,MTJ,NDLS,143.0,110.0,13,6,8.7,0.89,0,104.32
TRIP-1779,12302,Howrah Rajdhani Express,RAJ,NDLS,CNB,440.0,285.0,6,6,7.3,0.68,0,284.71
TRIP-1779,12302,Howrah Rajdhani Express,RAJ,CNB,PRYJ,194.5,120.0,10,6,7.7,0.82,0,126.79
TRIP-1779,12302,Howrah Rajdhani Express,RAJ,PRYJ,DDU,153.0,105.0,13,6,14.5,0.88,0,99.09
TRIP-1779,12302,Howrah Rajdhani Express,RAJ,DDU,GAYA,205.0,130.0,14,6,9.5,0.83,0,123.92
TRIP-1779,12302,Howrah Rajdhani Express,RAJ,GAYA,DHN,201.0,140.0,16,6,2.5,0.63,0,137.93
TRIP-1779,12302,Howrah Rajdhani Express,RAJ,DHN,HWH,259.0,200.0,19,6,0.7,0.8,0,205.76
TRIP-1780,22436,Vande Bharat Express,VB,NDLS,CNB,440.0,240.0,10,6,1.4,0.87,0,255.36
TRIP-1780,22436,Vande Bharat Express,VB,CNB,PRYJ,194.5,100.0,14,6,16.1,0.67,0,96.63
TRIP-1780,22436,Vande Bharat Express,VB,PRYJ,DDU,153.0,90.0,16,6,13.8,0.86,0,87.23
TRIP-1780,22436,Vande Bharat Express,VB,DDU,BSB,18.0,25.0,17,6,12.0,0.93,0,23.67
TRIP-1781,12302,Howrah Rajdhani Express,RAJ,NDLS,CNB,440.0,285.0,14,6,0.5,0.82,0,282.48
TRIP-1781,12302,Howrah Rajdhani Express,RAJ,CNB,PRYJ,194.5,120.0,18,6,0.0,0.98,0,134.51
TRIP-1781,12302,Howrah Rajdhani Express,RAJ,PRYJ,DDU,153.0,105.0,21,6,14.7,0.81,0,110.02
TRIP-1781,12302,Howrah Rajdhani Express,RAJ,DDU,GAYA,205.0,130.0,23,6,20.6,0.82,0,134.31
TRIP-1781,12302,Howrah Rajdhani Express,RAJ,GAYA,DHN,201.0,140.0,1,6,24.3,0.46,0,133.01
TRIP-1781,12302,Howrah Rajdhani Express,RAJ,DHN,HWH,259.0,200.0,3,6,18.5,0.6,0,182.63
TRIP-1782,22436,Vande Bharat Express,VB,NDLS,CNB,440.0,240.0,16,6,0.0,0.89,0,241.4
TRIP-1782,22436,Vande Bharat Express,VB,CNB,PRYJ,194.5,100.0,20,6,2.8,0.98,0,109.14
TRIP-1782,22436,Vande Bharat Express,VB,PRYJ,DDU,153.0,90.0,22,6,11.9,0.86,0,86.33
TRIP-1782,22436,Vande Bharat Express,VB,DDU,BSB,18.0,25.0,23,6,8.8,0.88,0,29.11
TRIP-1783,12302,Howrah Rajdhani Express,RAJ,NDLS,CNB,440.0,285.0,22,6,23.6,0.68,0,284.21
TRIP-1783,12302,Howrah Rajdhani Express,RAJ,CNB,PRYJ,194.5,120.0,2,6,22.7,0.71,0,112.75
TRIP-1783,12302,Howrah Rajdhani Express,RAJ,PRYJ,DDU,153.0,105.0,4,6,15.2,0.88,0,102.5
TRIP-1783,12302,Howrah Rajdhani Express,RAJ,DDU,GAYA,205.0,130.0,6,6,14.0,0.87,0,129.93
TRIP-1783,12302,Howrah Rajdhani Express,RAJ,GAYA,DHN,201.0,140.0,8,6,14.4,0.76,0,143.15
TRIP-1783,12302,Howrah Rajdhani Express,RAJ,DHN,HWH,259.0,200.0,11,6,18.8,0.56,0,199.42
TRIP-1784,12802,Purushottam Express,EXP,NDLS,CNB,440.0,350.0,4,0,0.7,0.73,0,327.73
TRIP-1784,12802,Purushottam Express,EXP,CNB,PRYJ,194.5,150.0,9,0,0.0,0.86,0,156.63
TRIP-1784,12802,Purushottam Express,EXP,PRYJ,DDU,153.0,135.0,12,0,8.5,0.62,0,132.28
TRIP-1784,12802,Purushottam Express,EXP,DDU,GAYA,205.0,165.0,14,0,5.9,0.85,0,158.96
TRIP-1784,12802,Purushottam Express,EXP,GAYA,BKSC,149.0,135.0,17,0,0.0,0.64,0,138.51
TRIP-1784,12802,Purushottam Express,EXP,BKSC,PURI,612.0,520.0,19,0,2.9,0.83,0,529.33
TRIP-1785,22436,Vande Bharat Express,VB,NDLS,CNB,440.0,240.0,6,0,14.9,0.67,0,234.22
TRIP-1785,22436,Vande Bharat Express,VB,CNB,PRYJ,194.5,100.0,9,0,8.8,0.98,0,96.51
TRIP-1785,22436,Vande Bharat Express,VB,PRYJ,DDU,153.0,90.0,11,0,5.0,0.8,0,87.48
TRIP-1785,22436,Vande Bharat Express,VB,DDU,BSB,18.0,25.0,13,0,3.8,0.67,0,28.35
TRIP-1786,12004,Lucknow Shatabdi Express,SF,NDLS,GZB,24.5,38.0,8,0,120.0,0.98,0,56.58
TRIP-1786,12004,Lucknow Shatabdi Express,SF,GZB,ALJN,106.3,60.0,9,0,138.2,0.97,0,78.2
TRIP-1786,12004,Lucknow Shatabdi Express,SF,ALJN,CNB,308.6,210.0,10,0,157.1,0.98,0,234.41
TRIP-1786,12004,Lucknow Shatabdi Express,SF,CNB,LKO,71.6,75.0,14,0,181.9,0.68,0,86.39
TRIP-1787,12802,Purushottam Express,EXP,NDLS,CNB,440.0,350.0,11,0,0.0,0.98,0,358.6
TRIP-1787,12802,Purushottam Express,EXP,CNB,PRYJ,194.5,150.0,17,0,8.4,0.81,0,155.58
TRIP-1787,12802,Purushottam Express,EXP,PRYJ,DDU,153.0,135.0,19,0,13.1,0.93,0,141.67
TRIP-1787,12802,Purushottam Express,EXP,DDU,GAYA,205.0,165.0,22,0,21.2,0.69,0,162.78
TRIP-1787,12802,Purushottam Express,EXP,GAYA,BKSC,149.0,135.0,0,0,20.9,0.61,0,129.28
TRIP-1787,12802,Purushottam Express,EXP,BKSC,PURI,612.0,520.0,3,0,15.6,0.55,0,471.64
TRIP-1788,12302,Howrah Rajdhani Express,RAJ,NDLS,CNB,440.0,285.0,15,0,4.3,0.87,0,282.83
TRIP-1788,12302,Howrah Rajdhani Express,RAJ,CNB,PRYJ,194.5,120.0,19,0,3.2,0.82,0,124.3
TRIP-1788,12302,Howrah Rajdhani Express,RAJ,PRYJ,DDU,153.0,105.0,21,0,8.3,0.82,0,100.83
TRIP-1788,12302,Howrah Rajdhani Express,RAJ,DDU,GAYA,205.0,130.0,23,0,4.7,0.87,0,127.67
TRIP-1788,12302,Howrah Rajdhani Express,RAJ,GAYA,DHN,201.0,140.0,1,0,3.3,0.37,0,131.01
TRIP-1788,12302,Howrah Rajdhani Express,RAJ,DHN,HWH,259.0,200.0,4,0,0.0,0.54,0,181.55
TRIP-1789,12004,Lucknow Shatabdi Express,SF,NDLS,GZB,24.5,38.0,17,0,7.8,0.98,0,46.04
TRIP-1789,12004,Lucknow Shatabdi Express,SF,GZB,ALJN,106.3,60.0,17,0,15.8,0.98,0,64.59
TRIP-1789,12004,Lucknow Shatabdi Express,SF,ALJN,CNB,308.6,210.0,19,0,21.3,0.98,0,217.43
TRIP-1789,12004,Lucknow Shatabdi Express,SF,CNB,LKO,71.6,75.0,22,0,30.7,0.78,0,79.2
TRIP-1790,12802,Purushottam Express,EXP,NDLS,CNB,440.0,350.0,21,0,0.0,0.92,0,364.13
TRIP-1790,12802,Purushottam Express,EXP,CNB,PRYJ,194.5,150.0,3,0,15.2,0.8,0,139.97
TRIP-1790,12802,Purushottam Express,EXP,PRYJ,DDU,153.0,135.0,5,0,5.8,0.77,0,133.48
TRIP-1790,12802,Purushottam Express,EXP,DDU,GAYA,205.0,165.0,7,0,5.1,0.7,0,163.28
TRIP-1790,12802,Purushottam Express,EXP,GAYA,BKSC,149.0,135.0,10,0,3.0,0.81,0,138.11
TRIP-1790,12802,Purushottam Express,EXP,BKSC,PURI,612.0,520.0,13,0,6.9,0.39,0,498.15
TRIP-1791,12302,Howrah Rajdhani Express,RAJ,NDLS,CNB,440.0,285.0,3,1,25.9,0.61,0,259.5
TRIP-1791,12302,Howrah Rajdhani Express,RAJ,CNB,PRYJ,194.5,120.0,7,1,0.0,0.85,0,116.04
TRIP-1791,12302,Howrah Rajdhani Express,RAJ,PRYJ,DDU,153.0,105.0,9,1,0.0,0.89,0,108.72
TRIP-1791,12302,Howrah Rajdhani Express,RAJ,DDU,GAYA,205.0,130.0,11,1,3.6,0.98,0,136.98
TRIP-1791,12302,Howrah Rajdhani Express,RAJ,GAYA,DHN,201.0,140.0,13,1,10.7,0.49,0,128.76
TRIP-1791,12302,Howrah Rajdhani Express,RAJ,DHN,HWH,259.0,200.0,15,1,1.1,0.58,0,193.5
TRIP-1792,12302,Howrah Rajdhani Express,RAJ,NDLS,CNB,440.0,285.0,5,1,2.2,0.86,0,279.36
TRIP-1792,12302,Howrah Rajdhani Express,RAJ,CNB,PRYJ,194.5,120.0,9,1,0.0,0.83,0,124.71
TRIP-1792,12302,Howrah Rajdhani Express,RAJ,PRYJ,DDU,153.0,105.0,11,1,3.8,0.92,0,113.51
TRIP-1792,12302,Howrah Rajdhani Express,RAJ,DDU,GAYA,205.0,130.0,13,1,13.4,0.84,0,130.52
TRIP-1792,12302,Howrah Rajdhani Express,RAJ,GAYA,DHN,201.0,140.0,16,1,15.5,0.55,0,129.39
TRIP-1792,12302,Howrah Rajdhani Express,RAJ,DHN,HWH,259.0,200.0,18,1,6.7,0.69,0,198.72
TRIP-1793,12802,Purushottam Express,EXP,NDLS,CNB,440.0,350.0,9,1,0.0,0.98,0,363.07
TRIP-1793,12802,Purushottam Express,EXP,CNB,PRYJ,194.5,150.0,15,1,14.1,0.6,0,148.14
TRIP-1793,12802,Purushottam Express,EXP,PRYJ,DDU,153.0,135.0,17,1,12.5,0.98,0,144.2
TRIP-1793,12802,Purushottam Express,EXP,DDU,GAYA,205.0,165.0,20,1,23.5,0.85,0,170.05
TRIP-1793,12802,Purushottam Express,EXP,GAYA,BKSC,149.0,135.0,23,1,28.0,0.59,0,125.71
TRIP-1793,12802,Purushottam Express,EXP,BKSC,PURI,612.0,520.0,1,1,18.0,0.46,0,474.85
TRIP-1794,22436,Vande Bharat Express,VB,NDLS,CNB,440.0,240.0,11,1,4.5,0.98,0,249.7
TRIP-1794,22436,Vande Bharat Express,VB,CNB,PRYJ,194.5,100.0,15,1,15.3,0.63,0,93.94
TRIP-1794,22436,Vande Bharat Express,VB,PRYJ,DDU,153.0,90.0,16,1,8.8,0.79,0,94.66
TRIP-1794,22436,Vande Bharat Express,VB,DDU,BSB,18.0,25.0,18,1,12.5,0.96,0,26.4
TRIP-1795,12004,Lucknow Shatabdi Express,SF,NDLS,GZB,24.5,38.0,17,1,0.0,0.98,0,43.16
TRIP-1795,12004,Lucknow Shatabdi Express,SF,GZB,ALJN,106.3,60.0,17,1,5.3,0.83,0,64.62
TRIP-1795,12004,Lucknow Shatabdi Express,SF,ALJN,CNB,308.6,210.0,18,1,11.8,0.89,0,218.54
TRIP-1795,12004,Lucknow Shatabdi Express,SF,CNB,LKO,71.6,75.0,22,1,20.2,0.7,0,74.08
TRIP-1796,22436,Vande Bharat Express,VB,NDLS,CNB,440.0,240.0,23,1,7.4,0.85,0,235.28
TRIP-1796,22436,Vande Bharat Express,VB,CNB,PRYJ,194.5,100.0,3,1,4.1,0.64,0,95.57
TRIP-1796,22436,Vande Bharat Express,VB,PRYJ,DDU,153.0,90.0,4,1,1.7,0.78,0,86.87
TRIP-1796,22436,Vande Bharat Express,VB,DDU,BSB,18.0,25.0,6,1,0.0,0.67,0,24.26
TRIP-1797,12951,Mumbai Rajdhani Express,RAJ,BCT,ST,263.0,160.0,3,2,6.9,0.71,0,147.9
TRIP-1797,12951,Mumbai Rajdhani Express,RAJ,ST,BRC,129.0,80.0,5,2,0.0,0.75,0,82.8
TRIP-1797,12951,Mumbai Rajdhani Express,RAJ,BRC,RTM,261.0,195.0,7,2,3.0,0.67,0,190.04
TRIP-1797,12951,Mumbai Rajdhani Express,RAJ,RTM,KOTA,266.0,155.0,10,2,0.0,0.98,0,166.19
TRIP-1797,12951,Mumbai Rajdhani Express,RAJ,KOTA,MTJ,324.0,195.0,13,2,10.4,0.76,0,191.34
TRIP-1797,12951,Mumbai Rajdhani Express,RAJ,MTJ,NDLS,143.0,110.0,16,2,6.6,0.79,0,108.96
TRIP-1798,22436,Vande Bharat Express,VB,NDLS,CNB,440.0,240.0,7,2,4.4,0.88,0,232.39
TRIP-1798,22436,Vande Bharat Express,VB,CNB,PRYJ,194.5,100.0,10,2,0.0,0.84,0,105.14
TRIP-1798,22436,Vande Bharat Express,VB,PRYJ,DDU,153.0,90.0,12,2,6.8,0.77,0,86.16
TRIP-1798,22436,Vande Bharat Express,VB,DDU,BSB,18.0,25.0,14,2,2.8,0.74,0,30.85
TRIP-1799,22436,Vande Bharat Express,VB,NDLS,CNB,440.0,240.0,11,2,3.1,0.96,0,257.36
TRIP-1799,22436,Vande Bharat Express,VB,CNB,PRYJ,194.5,100.0,15,2,20.1,0.82,0,103.43
TRIP-1799,22436,Vande Bharat Express,VB,PRYJ,DDU,153.0,90.0,17,2,25.3,0.85,0,97.17
TRIP-1799,22436,Vande Bharat Express,VB,DDU,BSB,18.0,25.0,18,2,33.1,0.92,0,32.64
TRIP-1800,12302,Howrah Rajdhani Express,RAJ,NDLS,CNB,440.0,285.0,13,2,3.3,0.85,0,278.65
TRIP-1800,12302,Howrah Rajdhani Express,RAJ,CNB,PRYJ,194.5,120.0,17,2,0.0,0.8,0,127.58
TRIP-1800,12302,Howrah Rajdhani Express,RAJ,PRYJ,DDU,153.0,105.0,19,2,8.8,0.83,0,111.92
TRIP-1800,12302,Howrah Rajdhani Express,RAJ,DDU,GAYA,205.0,130.0,21,2,17.6,0.98,0,135.54
TRIP-1800,12302,Howrah Rajdhani Express,RAJ,GAYA,DHN,201.0,140.0,0,2,23.1,0.57,0,133.82
TRIP-1800,12302,Howrah Rajdhani Express,RAJ,DHN,HWH,259.0,200.0,2,2,18.2,0.36,0,179.25
TRIP-1801,12802,Purushottam Express,EXP,NDLS,CNB,440.0,350.0,17,2,0.0,0.95,0,364.27
TRIP-1801,12802,Purushottam Express,EXP,CNB,PRYJ,194.5,150.0,23,2,14.2,0.66,0,146.52
TRIP-1801,12802,Purushottam Express,EXP,PRYJ,DDU,153.0,135.0,1,2,10.9,0.88,0,123.95
TRIP-1801,12802,Purushottam Express,EXP,DDU,GAYA,205.0,165.0,3,2,0.0,0.68,0,153.4
TRIP-1801,12802,Purushottam Express,EXP,GAYA,BKSC,149.0,135.0,6,2,0.0,0.44,0,129.11
TRIP-1801,12802,Purushottam Express,EXP,BKSC,PURI,612.0,520.0,8,2,0.0,0.76,0,520.6
TRIP-1802,12302,Howrah Rajdhani Express,RAJ,NDLS,CNB,440.0,285.0,19,2,4.3,0.83,0,294.01
TRIP-1802,12302,Howrah Rajdhani Express,RAJ,CNB,PRYJ,194.5,120.0,23,2,13.4,0.86,0,120.3
TRIP-1802,12302,Howrah Rajdhani Express,RAJ,PRYJ,DDU,153.0,105.0,2,2,12.8,0.64,0,97.14
TRIP-1802,12302,Howrah Rajdhani Express,RAJ,DDU,GAYA,205.0,130.0,3,2,6.2,0.82,0,114.42
TRIP-1802,12302,Howrah Rajdhani Express,RAJ,GAYA,DHN,201.0,140.0,5,2,0.0,0.36,0,135.2
TRIP-1802,12302,Howrah Rajdhani Express,RAJ,DHN,HWH,259.0,200.0,8,2,0.0,0.77,0,200.72
TRIP-1803,12951,Mumbai Rajdhani Express,RAJ,BCT,ST,263.0,160.0,23,2,1.8,0.89,0,154.41
TRIP-1803,12951,Mumbai Rajdhani Express,RAJ,ST,BRC,129.0,80.0,1,2,0.0,0.61,0,75.37
TRIP-1803,12951,Mumbai Rajdhani Express,RAJ,BRC,RTM,261.0,195.0,2,2,0.0,0.66,0,180.92
TRIP-1803,12951,Mumbai Rajdhani Express,RAJ,RTM,KOTA,266.0,155.0,6,2,0.0,0.79,0,152.18
TRIP-1803,12951,Mumbai Rajdhani Express,RAJ,KOTA,MTJ,324.0,195.0,8,2,0.0,0.83,0,204.35
TRIP-1803,12951,Mumbai Rajdhani Express,RAJ,MTJ,NDLS,143.0,110.0,12,2,11.2,0.82,0,110.45
TRIP-1804,12302,Howrah Rajdhani Express,RAJ,NDLS,CNB,440.0,285.0,5,3,0.9,0.64,0,280.2
TRIP-1804,12302,Howrah Rajdhani Express,RAJ,CNB,PRYJ,194.5,120.0,9,3,0.0,0.98,0,127.31
TRIP-1804,12302,Howrah Rajdhani Express,RAJ,PRYJ,DDU,153.0,105.0,11,3,8.3,0.91,0,105.58
TRIP-1804,12302,Howrah Rajdhani Express,RAJ,DDU,GAYA,205.0,130.0,13,3,8.4,0.71,0,124.33
TRIP-1804,12302,Howrah Rajdhani Express,RAJ,GAYA,DHN,201.0,140.0,15,3,2.1,0.61,0,133.81
TRIP-1804,12302,Howrah Rajdhani Express,RAJ,DHN,HWH,259.0,200.0,18,3,0.0,0.84,0,202.29
TRIP-1805,12004,Lucknow Shatabdi Express,SF,NDLS,GZB,24.5,38.0,8,3,1.4,0.98,0,43.11
TRIP-1805,12004,Lucknow Shatabdi Express,SF,GZB,ALJN,106.3,60.0,8,3,6.0,0.98,0,63.22
TRIP-1805,12004,Lucknow Shatabdi Express,SF,ALJN,CNB,308.6,210.0,9,3,10.9,0.96,0,220.29
TRIP-1805,12004,Lucknow Shatabdi Express,SF,CNB,LKO,71.6,75.0,13,3,22.3,0.75,0,77.32
TRIP-1806,12302,Howrah Rajdhani Express,RAJ,NDLS,CNB,440.0,285.0,10,3,37.5,0.98,0,305.84
TRIP-1806,12302,Howrah Rajdhani Express,RAJ,CNB,PRYJ,194.5,120.0,15,3,58.4,0.77,0,128.56
TRIP-1806,12302,Howrah Rajdhani Express,RAJ,PRYJ,DDU,153.0,105.0,17,3,66.8,0.84,0,120.84
TRIP-1806,12302,Howrah Rajdhani Express,RAJ,DDU,GAYA,205.0,130.0,19,3,82.1,0.93,0,137.85
TRIP-1806,12302,Howrah Rajdhani Express,RAJ,GAYA,DHN,201.0,140.0,21,3,90.8,0.73,0,148.46
TRIP-1806,12302,Howrah Rajdhani Express,RAJ,DHN,HWH,259.0,200.0,0,3,98.8,0.36,0,198.41
TRIP-1807,12004,Lucknow Shatabdi Express,SF,NDLS,GZB,24.5,38.0,12,3,18.8,0.74,0,37.91
TRIP-1807,12004,Lucknow Shatabdi Express,SF,GZB,ALJN,106.3,60.0,12,3,20.5,0.79,0,60.73
TRIP-1807,12004,Lucknow Shatabdi Express,SF,ALJN,CNB,308.6,210.0,13,3,21.9,0.64,0,207.02
TRIP-1807,12004,Lucknow Shatabdi Express,SF,CNB,LKO,71.6,75.0,17,3,19.7,0.86,0,84.17
TRIP-1808,12951,Mumbai Rajdhani Express,RAJ,BCT,ST,263.0,160.0,15,3,10.0,0.87,0,156.63
TRIP-1808,12951,Mumbai Rajdhani Express,RAJ,ST,BRC,129.0,80.0,17,3,8.5,0.98,0,83.22
TRIP-1808,12951,Mumbai Rajdhani Express,RAJ,BRC,RTM,261.0,195.0,19,3,10.9,0.98,0,199.81
TRIP-1808,12951,Mumbai Rajdhani Express,RAJ,RTM,KOTA,266.0,155.0,22,3,15.6,0.72,0,146.56
TRIP-1808,12951,Mumbai Rajdhani Express,RAJ,KOTA,MTJ,324.0,195.0,1,3,7.3,0.61,0,177.77
TRIP-1808,12951,Mumbai Rajdhani Express,RAJ,MTJ,NDLS,143.0,110.0,4,3,0.0,0.66,0,109.82
TRIP-1809,22436,Vande Bharat Express,VB,NDLS,CNB,440.0,240.0,18,3,40.5,0.96,0,262.29
TRIP-1809,22436,Vande Bharat Express,VB,CNB,PRYJ,194.5,100.0,22,3,64.0,0.82,0,99.78
TRIP-1809,22436,Vande Bharat Express,VB,PRYJ,DDU,153.0,90.0,0,3,64.3,0.67,0,100.78
TRIP-1809,22436,Vande Bharat Express,VB,DDU,BSB,18.0,25.0,1,3,74.1,0.88,0,35.18
TRIP-1810,22436,Vande Bharat Express,VB,NDLS,CNB,440.0,240.0,22,3,10.0,0.75,0,230.47
TRIP-1810,22436,Vande Bharat Express,VB,CNB,PRYJ,194.5,100.0,1,3,1.7,0.65,0,95.02
TRIP-1810,22436,Vande Bharat Express,VB,PRYJ,DDU,153.0,90.0,3,3,0.0,0.85,0,87.08
TRIP-1810,22436,Vande Bharat Express,VB,DDU,BSB,18.0,25.0,5,3,0.0,0.66,0,32.87
TRIP-1811,12951,Mumbai Rajdhani Express,RAJ,BCT,ST,263.0,160.0,4,4,0.0,0.71,0,153.89
TRIP-1811,12951,Mumbai Rajdhani Express,RAJ,ST,BRC,129.0,80.0,6,4,0.0,0.62,0,80.26
TRIP-1811,12951,Mumbai Rajdhani Express,RAJ,BRC,RTM,261.0,195.0,8,4,1.7,0.98,0,204.52
TRIP-1811,12951,Mumbai Rajdhani Express,RAJ,RTM,KOTA,266.0,155.0,11,4,10.9,0.98,0,161.97
TRIP-1811,12951,Mumbai Rajdhani Express,RAJ,KOTA,MTJ,324.0,195.0,14,4,19.7,0.82,0,193.99
TRIP-1811,12951,Mumbai Rajdhani Express,RAJ,MTJ,NDLS,143.0,110.0,17,4,18.7,0.98,0,111.4
TRIP-1812,12802,Purushottam Express,EXP,NDLS,CNB,440.0,350.0,10,4,4.9,0.98,0,371.5
TRIP-1812,12802,Purushottam Express,EXP,CNB,PRYJ,194.5,150.0,16,4,26.8,0.86,0,156.31
TRIP-1812,12802,Purushottam Express,EXP,PRYJ,DDU,153.0,135.0,18,4,32.3,0.98,0,148.78
TRIP-1812,12802,Purushottam Express,EXP,DDU,GAYA,205.0,165.0,21,4,46.5,0.93,0,181.58
TRIP-1812,12802,Purushottam Express,EXP,GAYA,BKSC,149.0,135.0,0,4,64.4,0.47,0,139.15
TRIP-1812,12802,Purushottam Express,EXP,BKSC,PURI,612.0,520.0,3,4,69.5,0.62,0,493.39
TRIP-1813,12951,Mumbai Rajdhani Express,RAJ,BCT,ST,263.0,160.0,12,4,3.1,0.74,0,157.33
TRIP-1813,12951,Mumbai Rajdhani Express,RAJ,ST,BRC,129.0,80.0,14,4,0.0,0.61,0,82.48
TRIP-1813,12951,Mumbai Rajdhani Express,RAJ,BRC,RTM,261.0,195.0,16,4,2.7,0.77,0,192.44
TRIP-1813,12951,Mumbai Rajdhani Express,RAJ,RTM,KOTA,266.0,155.0,19,4,0.0,0.81,0,163.92
TRIP-1813,12951,Mumbai Rajdhani Express,RAJ,KOTA,MTJ,324.0,195.0,22,4,10.2,0.66,0,193.3
TRIP-1813,12951,Mumbai Rajdhani Express,RAJ,MTJ,NDLS,143.0,110.0,1,4,7.7,0.71,0,105.63
TRIP-1814,12302,Howrah Rajdhani Express,RAJ,NDLS,CNB,440.0,285.0,16,4,3.2,0.9,0,287.27
TRIP-1814,12302,Howrah Rajdhani Express,RAJ,CNB,PRYJ,194.5,120.0,20,4,5.7,0.95,0,122.01
TRIP-1814,12302,Howrah Rajdhani Express,RAJ,PRYJ,DDU,153.0,105.0,22,4,6.8,0.76,0,109.68
TRIP-1814,12302,Howrah Rajdhani Express,RAJ,DDU,GAYA,205.0,130.0,0,4,11.0,0.61,0,125.41
TRIP-1814,12302,Howrah Rajdhani Express,RAJ,GAYA,DHN,201.0,140.0,3,4,7.2,0.51,0,129.6
TRIP-1814,12302,Howrah Rajdhani Express,RAJ,DHN,HWH,259.0,200.0,5,4,0.0,0.55,0,195.03
TRIP-1815,12951,Mumbai Rajdhani Express,RAJ,BCT,ST,263.0,160.0,18,4,15.5,0.81,0,164.95
TRIP-1815,12951,Mumbai Rajdhani Express,RAJ,ST,BRC,129.0,80.0,20,4,20.7,0.98,0,90.59
TRIP-1815,12951,Mumbai Rajdhani Express,RAJ,BRC,RTM,261.0,195.0,22,4,30.8,0.63,0,196.57
TRIP-1815,12951,Mumbai Rajdhani Express,RAJ,RTM,KOTA,266.0,155.0,1,4,31.8,0.67,0,149.0
TRIP-1815,12951,Mumbai Rajdhani Express,RAJ,KOTA,MTJ,324.0,195.0,4,4,26.6,0.77,0,183.26
TRIP-1815,12951,Mumbai Rajdhani Express,RAJ,MTJ,NDLS,143.0,110.0,7,4,15.6,0.9,0,111.97
TRIP-1816,12951,Mumbai Rajdhani Express,RAJ,BCT,ST,263.0,160.0,22,4,6.6,0.7,0,154.08
TRIP-1816,12951,Mumbai Rajdhani Express,RAJ,ST,BRC,129.0,80.0,0,4,0.7,0.69,0,83.51
TRIP-1816,12951,Mumbai Rajdhani Express,RAJ,BRC,RTM,261.0,195.0,2,4,6.2,0.83,0,178.9
TRIP-1816,12951,Mumbai Rajdhani Express,RAJ,RTM,KOTA,266.0,155.0,5,4,0.0,0.73,0,153.87
TRIP-1816,12951,Mumbai Rajdhani Express,RAJ,KOTA,MTJ,324.0,195.0,7,4,0.0,0.69,0,195.53
TRIP-1816,12951,Mumbai Rajdhani Express,RAJ,MTJ,NDLS,143.0,110.0,11,4,1.5,0.82,0,120.59
TRIP-1817,22436,Vande Bharat Express,VB,NDLS,CNB,440.0,240.0,2,5,0.0,0.82,0,227.14
TRIP-1817,22436,Vande Bharat Express,VB,CNB,PRYJ,194.5,100.0,5,5,0.0,0.82,0,101.51
TRIP-1817,22436,Vande Bharat Express,VB,PRYJ,DDU,153.0,90.0,7,5,2.3,0.75,0,90.46
TRIP-1817,22436,Vande Bharat Express,VB,DDU,BSB,18.0,25.0,9,5,3.4,0.98,0,30.37
TRIP-1818,12004,Lucknow Shatabdi Express,SF,NDLS,GZB,24.5,38.0,8,5,0.0,0.98,0,43.46
TRIP-1818,12004,Lucknow Shatabdi Express,SF,GZB,ALJN,106.3,60.0,8,5,4.7,0.98,0,65.77
TRIP-1818,12004,Lucknow Shatabdi Express,SF,ALJN,CNB,308.6,210.0,9,5,12.4,0.84,0,219.22
TRIP-1818,12004,Lucknow Shatabdi Express,SF,CNB,LKO,71.6,75.0,13,5,22.5,0.64,0,75.43
TRIP-1819,12004,Lucknow Shatabdi Express,SF,NDLS,GZB,24.5,38.0,14,5,39.8,0.65,0,49.36
TRIP-1819,12004,Lucknow Shatabdi Express,SF,GZB,ALJN,106.3,60.0,14,5,50.3,0.61,0,66.86
TRIP-1819,12004,Lucknow Shatabdi Express,SF,ALJN,CNB,308.6,210.0,16,5,57.8,0.66,0,217.14
TRIP-1819,12004,Lucknow Shatabdi Express,SF,CNB,LKO,71.6,75.0,19,5,64.9,0.87,0,92.91
TRIP-1820,12951,Mumbai Rajdhani Express,RAJ,BCT,ST,263.0,160.0,17,5,0.0,0.98,0,175.8
TRIP-1820,12951,Mumbai Rajdhani Express,RAJ,ST,BRC,129.0,80.0,20,5,17.1,0.93,0,77.15
TRIP-1820,12951,Mumbai Rajdhani Express,RAJ,BRC,RTM,261.0,195.0,21,5,15.4,0.89,0,194.69
TRIP-1820,12951,Mumbai Rajdhani Express,RAJ,RTM,KOTA,266.0,155.0,0,5,15.5,0.68,0,146.2
TRIP-1820,12951,Mumbai Rajdhani Express,RAJ,KOTA,MTJ,324.0,195.0,3,5,7.2,0.63,0,178.18
TRIP-1820,12951,Mumbai Rajdhani Express,RAJ,MTJ,NDLS,143.0,110.0,6,5,0.0,0.84,0,115.12
TRIP-1821,12004,Lucknow Shatabdi Express,SF,NDLS,GZB,24.5,38.0,23,5,16.0,0.79,0,38.75
TRIP-1821,12004,Lucknow Shatabdi Express,SF,GZB,ALJN,106.3,60.0,23,5,17.4,0.86,0,63.27
TRIP-1821,12004,Lucknow Shatabdi Express,SF,ALJN,CNB,308.6,210.0,0,5,20.2,0.87,0,210.37
TRIP-1821,12004,Lucknow Shatabdi Express,SF,CNB,LKO,71.6,75.0,4,5,21.7,0.9,0,66.83
TRIP-1822,12951,Mumbai Rajdhani Express,RAJ,BCT,ST,263.0,160.0,3,6,67.8,0.74,0,160.72
TRIP-1822,12951,Mumbai Rajdhani Express,RAJ,ST,BRC,129.0,80.0,5,6,69.6,0.67,0,90.14
TRIP-1822,12951,Mumbai Rajdhani Express,RAJ,BRC,RTM,261.0,195.0,7,6,79.5,0.89,0,199.94
TRIP-1822,12951,Mumbai Rajdhani Express,RAJ,RTM,KOTA,266.0,155.0,10,6,84.7,0.98,0,169.58
TRIP-1822,12951,Mumbai Rajdhani Express,RAJ,KOTA,MTJ,324.0,195.0,13,6,100.3,0.8,0,196.48
TRIP-1822,12951,Mumbai Rajdhani Express,RAJ,MTJ,NDLS,143.0,110.0,17,6,101.9,0.87,0,127.69
TRIP-1823,22436,Vande Bharat Express,VB,NDLS,CNB,440.0,240.0,9,6,10.0,0.94,0,253.69
TRIP-1823,22436,Vande Bharat Express,VB,CNB,PRYJ,194.5,100.0,13,6,24.1,0.79,0,107.72
TRIP-1823,22436,Vande Bharat Express,VB,PRYJ,DDU,153.0,90.0,15,6,33.8,0.81,0,96.65
TRIP-1823,22436,Vande Bharat Express,VB,DDU,BSB,18.0,25.0,16,6,40.5,0.77,0,33.54
TRIP-1824,22436,Vande Bharat Express,VB,NDLS,CNB,440.0,240.0,15,6,10.0,0.63,0,238.47
TRIP-1824,22436,Vande Bharat Express,VB,CNB,PRYJ,194.5,100.0,19,6,9.9,0.98,0,102.71
TRIP-1824,22436,Vande Bharat Express,VB,PRYJ,DDU,153.0,90.0,20,6,13.1,0.85,0,93.07
TRIP-1824,22436,Vande Bharat Express,VB,DDU,BSB,18.0,25.0,22,6,17.4,0.79,0,24.13
TRIP-1825,12802,Purushottam Express,EXP,NDLS,CNB,440.0,350.0,18,6,3.8,0.98,0,366.6
TRIP-1825,12802,Purushottam Express,EXP,CNB,PRYJ,194.5,150.0,0,6,20.8,0.87,0,154.42
TRIP-1825,12802,Purushottam Express,EXP,PRYJ,DDU,153.0,135.0,2,6,24.8,0.69,0,135.44
TRIP-1825,12802,Purushottam Express,EXP,DDU,GAYA,205.0,165.0,5,6,25.6,0.71,0,160.62
TRIP-1825,12802,Purushottam Express,EXP,GAYA,BKSC,149.0,135.0,7,6,22.3,0.57,0,134.51
TRIP-1825,12802,Purushottam Express,EXP,BKSC,PURI,612.0,520.0,10,6,23.4,0.83,0,535.62
TRIP-1826,12802,Purushottam Express,EXP,NDLS,CNB,440.0,350.0,22,6,0.7,0.6,0,348.51
TRIP-1826,12802,Purushottam Express,EXP,CNB,PRYJ,194.5,150.0,3,6,0.0,0.72,0,141.82
TRIP-1826,12802,Purushottam Express,EXP,PRYJ,DDU,153.0,135.0,6,6,0.0,0.79,0,139.29
TRIP-1826,12802,Purushottam Express,EXP,DDU,GAYA,205.0,165.0,8,6,4.3,0.87,0,178.17
TRIP-1826,12802,Purushottam Express,EXP,GAYA,BKSC,149.0,135.0,11,6,17.9,0.7,0,137.86
TRIP-1826,12802,Purushottam Express,EXP,BKSC,PURI,612.0,520.0,14,6,21.0,0.59,0,505.78
TRIP-1827,12951,Mumbai Rajdhani Express,RAJ,BCT,ST,263.0,160.0,0,0,0.0,0.78,0,156.38
TRIP-1827,12951,Mumbai Rajdhani Express,RAJ,ST,BRC,129.0,80.0,2,0,0.0,0.84,0,78.12
TRIP-1827,12951,Mumbai Rajdhani Express,RAJ,BRC,RTM,261.0,195.0,4,0,0.0,0.62,0,180.57
TRIP-1827,12951,Mumbai Rajdhani Express,RAJ,RTM,KOTA,266.0,155.0,7,0,0.0,0.65,0,150.09
TRIP-1827,12951,Mumbai Rajdhani Express,RAJ,KOTA,MTJ,324.0,195.0,9,0,0.0,0.93,0,204.61
TRIP-1827,12951,Mumbai Rajdhani Express,RAJ,MTJ,NDLS,143.0,110.0,13,0,11.5,0.84,0,111.75
TRIP-1828,22436,Vande Bharat Express,VB,NDLS,CNB,440.0,240.0,4,0,29.2,0.62,0,220.99
TRIP-1828,22436,Vande Bharat Express,VB,CNB,PRYJ,194.5,100.0,7,0,10.4,0.85,0,96.49
TRIP-1828,22436,Vande Bharat Express,VB,PRYJ,DDU,153.0,90.0,9,0,7.0,0.9,0,93.43
TRIP-1828,22436,Vande Bharat Express,VB,DDU,BSB,18.0,25.0,11,0,12.2,0.95,0,23.84
TRIP-1829,12951,Mumbai Rajdhani Express,RAJ,BCT,ST,263.0,160.0,8,0,10.0,0.89,0,168.09
TRIP-1829,12951,Mumbai Rajdhani Express,RAJ,ST,BRC,129.0,80.0,10,0,19.2,0.98,0,77.06
TRIP-1829,12951,Mumbai Rajdhani Express,RAJ,BRC,RTM,261.0,195.0,12,0,16.5,0.82,0,186.71
TRIP-1829,12951,Mumbai Rajdhani Express,RAJ,RTM,KOTA,266.0,155.0,15,0,7.6,0.75,0,154.47
TRIP-1829,12951,Mumbai Rajdhani Express,RAJ,KOTA,MTJ,324.0,195.0,18,0,8.8,0.87,0,194.64
TRIP-1829,12951,Mumbai Rajdhani Express,RAJ,MTJ,NDLS,143.0,110.0,21,0,8.9,0.87,0,109.56
TRIP-1830,12004,Lucknow Shatabdi Express,SF,NDLS,GZB,24.5,38.0,14,0,0.0,0.82,0,41.94
TRIP-1830,12004,Lucknow Shatabdi Express,SF,GZB,ALJN,106.3,60.0,14,0,4.1,0.72,0,61.7
TRIP-1830,12004,Lucknow Shatabdi Express,SF,ALJN,CNB,308.6,210.0,15,0,5.5,0.66,0,205.61
TRIP-1830,12004,Lucknow Shatabdi Express,SF,CNB,LKO,71.6,75.0,19,0,0.9,0.87,0,80.72
TRIP-1831,12302,Howrah Rajdhani Express,RAJ,NDLS,CNB,440.0,285.0,20,0,0.0,0.82,0,289.25
TRIP-1831,12302,Howrah Rajdhani Express,RAJ,CNB,PRYJ,194.5,120.0,0,0,4.4,0.68,0,119.74
TRIP-1831,12302,Howrah Rajdhani Express,RAJ,PRYJ,DDU,153.0,105.0,2,0,4.7,0.74,0,99.67
TRIP-1831,12302,Howrah Rajdhani Express,RAJ,DDU,GAYA,205.0,130.0,4,0,1.0,0.88,0,119.09
TRIP-1831,12302,Howrah Rajdhani Express,RAJ,GAYA,DHN,201.0,140.0,6,0,0.0,0.57,0,130.91
TRIP-1831,12302,Howrah Rajdhani Express,RAJ,DHN,HWH,259.0,200.0,9,0,0.0,0.81,0,205.49
TRIP-1832,12951,Mumbai Rajdhani Express,RAJ,BCT,ST,263.0,160.0,2,1,1.2,0.71,0,145.7
TRIP-1832,12951,Mumbai Rajdhani Express,RAJ,ST,BRC,129.0,80.0,4,1,0.0,0.64,0,75.32
TRIP-1832,12951,Mumbai Rajdhani Express,RAJ,BRC,RTM,261.0,195.0,5,1,0.0,0.68,0,194.13
TRIP-1832,12951,Mumbai Rajdhani Express,RAJ,RTM,KOTA,266.0,155.0,9,1,0.3,0.98,0,164.36
TRIP-1832,12951,Mumbai Rajdhani Express,RAJ,KOTA,MTJ,324.0,195.0,11,1,11.2,0.81,0,202.06
TRIP-1832,12951,Mumbai Rajdhani Express,RAJ,MTJ,NDLS,143.0,110.0,15,1,19.1,0.81,0,104.83
TRIP-1833,22436,Vande Bharat Express,VB,NDLS,CNB,440.0,240.0,6,1,37.8,0.78,0,239.94
TRIP-1833,22436,Vande Bharat Express,VB,CNB,PRYJ,194.5,100.0,10,1,38.9,0.97,0,112.38
TRIP-1833,22436,Vande Bharat Express,VB,PRYJ,DDU,153.0,90.0,12,1,53.1,0.76,0,98.4
TRIP-1833,22436,Vande Bharat Express,VB,DDU,BSB,18.0,25.0,13,1,63.3,0.77,0,33.14
TRIP-1834,12802,Purushottam Express,EXP,NDLS,CNB,440.0,350.0,12,1,8.8,0.87,0,343.45
TRIP-1834,12802,Purushottam Express,EXP,CNB,PRYJ,194.5,150.0,17,1,3.7,0.98,0,161.52
TRIP-1834,12802,Purushottam Express,EXP,PRYJ,DDU,153.0,135.0,20,1,15.4,0.83,0,139.91
TRIP-1834,12802,Purushottam Express,EXP,DDU,GAYA,205.0,165.0,22,1,19.6,0.65,0,163.0
TRIP-1834,12802,Purushottam Express,EXP,GAYA,BKSC,149.0,135.0,1,1,18.8,0.41,0,121.93
TRIP-1834,12802,Purushottam Express,EXP,BKSC,PURI,612.0,520.0,3,1,7.1,0.5,0,476.12
TRIP-1835,12951,Mumbai Rajdhani Express,RAJ,BCT,ST,263.0,160.0,14,1,5.9,0.61,0,152.95
TRIP-1835,12951,Mumbai Rajdhani Express,RAJ,ST,BRC,129.0,80.0,16,1,0.0,0.79,0,80.23
TRIP-1835,12951,Mumbai Rajdhani Express,RAJ,BRC,RTM,261.0,195.0,18,1,0.0,0.98,0,204.32
TRIP-1835,12951,Mumbai Rajdhani Express,RAJ,RTM,KOTA,266.0,155.0,21,1,10.3,0.86,0,156.91
TRIP-1835,12951,Mumbai Rajdhani Express,RAJ,KOTA,MTJ,324.0,195.0,0,1,12.9,0.77,0,185.58
TRIP-1835,12951,Mumbai Rajdhani Express,RAJ,MTJ,NDLS,143.0,110.0,3,1,2.5,0.87,0,105.57
TRIP-1836,22436,Vande Bharat Express,VB,NDLS,CNB,440.0,240.0,20,1,60.4,0.98,0,253.51
TRIP-1836,22436,Vande Bharat Express,VB,CNB,PRYJ,194.5,100.0,0,1,75.5,0.71,0,102.13
TRIP-1836,22436,Vande Bharat Express,VB,PRYJ,DDU,153.0,90.0,2,1,76.7,0.64,0,92.04
TRIP-1836,22436,Vande Bharat Express,VB,DDU,BSB,18.0,25.0,3,1,80.1,0.63,0,36.19
TRIP-1837,12951,Mumbai Rajdhani Express,RAJ,BCT,ST,263.0,160.0,23,1,3.6,0.64,0,161.27
TRIP-1837,12951,Mumbai Rajdhani Express,RAJ,ST,BRC,129.0,80.0,1,1,6.2,0.88,0,69.6
TRIP-1837,12951,Mumbai Rajdhani Express,RAJ,BRC,RTM,261.0,195.0,3,1,0.0,0.78,0,180.13
TRIP-1837,12951,Mumbai Rajdhani Express,RAJ,RTM,KOTA,266.0,155.0,6,1,0.0,0.88,0,156.71
TRIP-1837,12951,Mumbai Rajdhani Express,RAJ,KOTA,MTJ,324.0,195.0,8,1,3.3,0.98,0,200.85
TRIP-1837,12951,Mumbai Rajdhani Express,RAJ,MTJ,NDLS,143.0,110.0,12,1,8.7,0.89,0,102.54
TRIP-1838,22436,Vande Bharat Express,VB,NDLS,CNB,440.0,240.0,2,2,2.0,0.75,0,220.58
TRIP-1838,22436,Vande Bharat Express,VB,CNB,PRYJ,194.5,100.0,5,2,0.0,0.72,0,99.07
TRIP-1838,22436,Vande Bharat Express,VB,PRYJ,DDU,153.0,90.0,7,2,0.0,0.76,0,90.32
TRIP-1838,22436,Vande Bharat Express,VB,DDU,BSB,18.0,25.0,9,2,0.2,0.87,0,28.54
TRIP-1839,12802,Purushottam Express,EXP,NDLS,CNB,440.0,350.0,8,2,10.0,0.98,0,364.18
TRIP-1839,12802,Purushottam Express,EXP,CNB,PRYJ,194.5,150.0,14,2,26.0,0.64,0,151.69
TRIP-1839,12802,Purushottam Express,EXP,PRYJ,DDU,153.0,135.0,16,2,28.3,0.61,0,139.32
TRIP-1839,12802,Purushottam Express,EXP,DDU,GAYA,205.0,165.0,19,2,33.5,0.83,0,177.06
TRIP-1839,12802,Purushottam Express,EXP,GAYA,BKSC,149.0,135.0,22,2,46.1,0.44,0,140.52
TRIP-1839,12802,Purushottam Express,EXP,BKSC,PURI,612.0,520.0,0,2,52.1,0.36,0,505.86
TRIP-1840,22436,Vande Bharat Express,VB,NDLS,CNB,440.0,240.0,11,2,0.5,0.87,0,248.96
TRIP-1840,22436,Vande Bharat Express,VB,CNB,PRYJ,194.5,100.0,15,2,9.0,0.81,0,98.68
TRIP-1840,22436,Vande Bharat Express,VB,PRYJ,DDU,153.0,90.0,16,2,7.5,0.73,0,85.65
TRIP-1840,22436,Vande Bharat Express,VB,DDU,BSB,18.0,25.0,18,2,3.0,0.98,0,34.97
TRIP-1841,22436,Vande Bharat Express,VB,NDLS,CNB,440.0,240.0,14,2,3.8,0.7,0,237.82
TRIP-1841,22436,Vande Bharat Express,VB,CNB,PRYJ,194.5,100.0,18,2,0.7,0.98,0,113.16
TRIP-1841,22436,Vande Bharat Express,VB,PRYJ,DDU,153.0,90.0,20,2,14.6,0.98,0,91.5
TRIP-1841,22436,Vande Bharat Express,VB,DDU,BSB,18.0,25.0,21,2,17.5,0.89,0,22.22
TRIP-1842,12951,Mumbai Rajdhani Express,RAJ,BCT,ST,263.0,160.0,18,2,4.3,0.98,0,169.07
TRIP-1842,12951,Mumbai Rajdhani Express,RAJ,ST,BRC,129.0,80.0,20,2,15.2,0.98,0,86.32
TRIP-1842,12951,Mumbai Rajdhani Express,RAJ,BRC,RTM,261.0,195.0,22,2,22.5,0.69,0,191.6
TRIP-1842,12951,Mumbai Rajdhani Express,RAJ,RTM,KOTA,266.0,155.0,1,2,20.2,0.86,0,151.99
TRIP-1842,12951,Mumbai Rajdhani Express,RAJ,KOTA,MTJ,324.0,195.0,4,2,19.1,0.7,0,179.81
TRIP-1842,12951,Mumbai Rajdhani Express,RAJ,MTJ,NDLS,143.0,110.0,7,2,4.0,0.79,0,110.07
TRIP-1843,12004,Lucknow Shatabdi Express,SF,NDLS,GZB,24.5,38.0,20,2,0.1,0.91,0,41.31
TRIP-1843,12004,Lucknow Shatabdi Express,SF,GZB,ALJN,106.3,60.0,20,2,4.9,0.94,0,71.03
TRIP-1843,12004,Lucknow Shatabdi Express,SF,ALJN,CNB,308.6,210.0,22,2,15.6,0.83,0,205.2
TRIP-1843,12004,Lucknow Shatabdi Express,SF,CNB,LKO,71.6,75.0,1,2,10.1,0.68,0,70.95
TRIP-1844,12802,Purushottam Express,EXP,NDLS,CNB,440.0,350.0,23,2,21.2,0.83,0,340.83
TRIP-1844,12802,Purushottam Express,EXP,CNB,PRYJ,194.5,150.0,4,2,12.8,0.88,0,145.43
TRIP-1844,12802,Purushottam Express,EXP,PRYJ,DDU,153.0,135.0,7,2,8.2,0.81,0,138.12
TRIP-1844,12802,Purushottam Express,EXP,DDU,GAYA,205.0,165.0,9,2,10.4,0.98,0,175.19
TRIP-1844,12802,Purushottam Express,EXP,GAYA,BKSC,149.0,135.0,12,2,22.1,0.62,0,129.48
TRIP-1844,12802,Purushottam Express,EXP,BKSC,PURI,612.0,520.0,14,2,18.4,0.48,0,495.93
TRIP-1845,12004,Lucknow Shatabdi Express,SF,NDLS,GZB,24.5,38.0,3,3,8.4,0.82,0,40.23
TRIP-1845,12004,Lucknow Shatabdi Express,SF,GZB,ALJN,106.3,60.0,3,3,9.7,0.79,0,60.25
TRIP-1845,12004,Lucknow Shatabdi Express,SF,ALJN,CNB,308.6,210.0,4,3,10.3,0.85,0,196.87
TRIP-1845,12004,Lucknow Shatabdi Express,SF,CNB,LKO,71.6,75.0,8,3,0.0,0.98,0,80.58
TRIP-1846,12951,Mumbai Rajdhani Express,RAJ,BCT,ST,263.0,160.0,9,3,0.0,0.98,0,168.17
TRIP-1846,12951,Mumbai Rajdhani Express,RAJ,ST,BRC,129.0,80.0,11,3,9.2,0.88,0,80.84
TRIP-1846,12951,Mumbai Rajdhani Express,RAJ,BRC,RTM,261.0,195.0,13,3,10.6,0.78,0,195.68
TRIP-1846,12951,Mumbai Rajdhani Express,RAJ,RTM,KOTA,266.0,155.0,16,3,12.6,0.77,0,147.27
TRIP-1846,12951,Mumbai Rajdhani Express,RAJ,KOTA,MTJ,324.0,195.0,19,3,6.8,0.95,0,201.75
TRIP-1846,12951,Mumbai Rajdhani Express,RAJ,MTJ,NDLS,143.0,110.0,22,3,13.2,0.75,0,103.56
TRIP-1847,22436,Vande Bharat Express,VB,NDLS,CNB,440.0,240.0,12,3,5.2,0.9,0,231.21
TRIP-1847,22436,Vande Bharat Express,VB,CNB,PRYJ,194.5,100.0,15,3,0.0,0.9,0,101.84
TRIP-1847,22436,Vande Bharat Express,VB,PRYJ,DDU,153.0,90.0,17,3,1.5,0.95,0,93.97
TRIP-1847,22436,Vande Bharat Express,VB,DDU,BSB,18.0,25.0,19,3,7.0,0.85,0,27.48
TRIP-1848,12802,Purushottam Express,EXP,NDLS,CNB,440.0,350.0,16,3,10.0,0.63,0,343.82
TRIP-1848,12802,Purushottam Express,EXP,CNB,PRYJ,194.5,150.0,21,3,3.8,0.98,0,156.17
TRIP-1848,12802,Purushottam Express,EXP,PRYJ,DDU,153.0,135.0,0,3,11.5,0.84,0,136.6
TRIP-1848,12802,Purushottam Express,EXP,DDU,GAYA,205.0,165.0,2,3,13.3,0.82,0,154.16
TRIP-1848,12802,Purushottam Express,EXP,GAYA,BKSC,149.0,135.0,5,3,2.4,0.39,0,134.57
TRIP-1848,12802,Purushottam Express,EXP,BKSC,PURI,612.0,520.0,7,3,1.6,0.36,0,492.94
TRIP-1849,12004,Lucknow Shatabdi Express,SF,NDLS,GZB,24.5,38.0,20,3,0.0,0.82,0,47.17
TRIP-1849,12004,Lucknow Shatabdi Express,SF,GZB,ALJN,106.3,60.0,20,3,9.7,0.98,0,65.95
TRIP-1849,12004,Lucknow Shatabdi Express,SF,ALJN,CNB,308.6,210.0,22,3,16.0,0.9,0,206.8
TRIP-1849,12004,Lucknow Shatabdi Express,SF,CNB,LKO,71.6,75.0,1,3,14.1,0.8,0,75.81
TRIP-1850,12951,Mumbai Rajdhani Express,RAJ,BCT,ST,263.0,160.0,23,3,0.0,0.7,0,157.81
TRIP-1850,12951,Mumbai Rajdhani Express,RAJ,ST,BRC,129.0,80.0,1,3,0.0,0.72,0,78.83
TRIP-1850,12951,Mumbai Rajdhani Express,RAJ,BRC,RTM,261.0,195.0,3,3,0.0,0.68,0,183.01
TRIP-1850,12951,Mumbai Rajdhani Express,RAJ,RTM,KOTA,266.0,155.0,6,3,0.0,0.85,0,153.54
TRIP-1850,12951,Mumbai Rajdhani Express,RAJ,KOTA,MTJ,324.0,195.0,8,3,0.0,0.98,0,203.27
TRIP-1850,12951,Mumbai Rajdhani Express,RAJ,MTJ,NDLS,143.0,110.0,12,3,8.7,0.83,0,106.7
TRIP-1851,22436,Vande Bharat Express,VB,NDLS,CNB,440.0,240.0,1,4,45.2,0.62,0,235.32
TRIP-1851,22436,Vande Bharat Express,VB,CNB,PRYJ,194.5,100.0,5,4,42.5,0.83,0,109.97
TRIP-1851,22436,Vande Bharat Express,VB,PRYJ,DDU,153.0,90.0,6,4,52.5,0.66,0,97.05
TRIP-1851,22436,Vande Bharat Express,VB,DDU,BSB,18.0,25.0,8,4,61.3,0.82,0,32.57
TRIP-1852,12302,Howrah Rajdhani Express,RAJ,NDLS,CNB,440.0,285.0,7,4,7.6,0.77,0,276.7
TRIP-1852,12302,Howrah Rajdhani Express,RAJ,CNB,PRYJ,194.5,120.0,11,4,0.4,0.98,0,128.77
TRIP-1852,12302,Howrah Rajdhani Express,RAJ,PRYJ,DDU,153.0,105.0,13,4,8.6,0.74,0,100.31
TRIP-1852,12302,Howrah Rajdhani Express,RAJ,DDU,GAYA,205.0,130.0,15,4,3.5,0.82,0,126.69
TRIP-1852,12302,Howrah Rajdhani Express,RAJ,GAYA,DHN,201.0,140.0,17,4,0.0,0.81,0,144.97
TRIP-1852,12302,Howrah Rajdhani Express,RAJ,DHN,HWH,259.0,200.0,20,4,6.0,0.58,0,196.73
TRIP-1853,12802,Purushottam Express,EXP,NDLS,CNB,440.0,350.0,13,4,10.0,0.72,0,352.8
TRIP-1853,12802,Purushottam Express,EXP,CNB,PRYJ,194.5,150.0,18,4,14.1,0.98,0,166.34
TRIP-1853,12802,Purushottam Express,EXP,PRYJ,DDU,153.0,135.0,21,4,32.4,0.8,0,153.54
TRIP-1853,12802,Purushottam Express,EXP,DDU,GAYA,205.0,165.0,0,4,52.7,0.87,0,178.17
TRIP-1853,12802,Purushottam Express,EXP,GAYA,BKSC,149.0,135.0,3,4,64.9,0.51,0,133.69
TRIP-1853,12802,Purushottam Express,EXP,BKSC,PURI,612.0,520.0,5,4,63.9,0.47,0,521.44
TRIP-1854,12802,Purushottam Express,EXP,NDLS,CNB,440.0,350.0,15,4,0.5,0.73,0,346.39
TRIP-1854,12802,Purushottam Express,EXP,CNB,PRYJ,194.5,150.0,20,4,0.0,0.88,0,161.07
TRIP-1854,12802,Purushottam Express,EXP,PRYJ,DDU,153.0,135.0,23,4,11.0,0.68,0,136.81
TRIP-1854,12802,Purushottam Express,EXP,DDU,GAYA,205.0,165.0,1,4,14.5,0.84,0,159.46
TRIP-1854,12802,Purushottam Express,EXP,GAYA,BKSC,149.0,135.0,4,4,9.2,0.45,0,125.0
TRIP-1854,12802,Purushottam Express,EXP,BKSC,PURI,612.0,520.0,6,4,0.6,0.44,0,508.26
TRIP-1855,12951,Mumbai Rajdhani Express,RAJ,BCT,ST,263.0,160.0,19,4,14.6,0.98,0,165.7
TRIP-1855,12951,Mumbai Rajdhani Express,RAJ,ST,BRC,129.0,80.0,21,4,20.2,0.98,0,88.27
TRIP-1855,12951,Mumbai Rajdhani Express,RAJ,BRC,RTM,261.0,195.0,23,4,27.9,0.63,0,199.62
TRIP-1855,12951,Mumbai Rajdhani Express,RAJ,RTM,KOTA,266.0,155.0,2,4,33.0,0.64,0,153.41
TRIP-1855,12951,Mumbai Rajdhani Express,RAJ,KOTA,MTJ,324.0,195.0,5,4,30.9,0.81,0,205.5
TRIP-1855,12951,Mumbai Rajdhani Express,RAJ,MTJ,NDLS,143.0,110.0,8,4,41.1,0.98,0,127.22
TRIP-1856,12004,Lucknow Shatabdi Express,SF,NDLS,GZB,24.5,38.0,22,4,3.0,0.61,0,38.11
TRIP-1856,12004,Lucknow Shatabdi Express,SF,GZB,ALJN,106.3,60.0,22,4,4.1,0.63,0,64.62
TRIP-1856,12004,Lucknow Shatabdi Express,SF,ALJN,CNB,308.6,210.0,23,4,10.2,0.87,0,212.49
TRIP-1856,12004,Lucknow Shatabdi Express,SF,CNB,LKO,71.6,75.0,3,4,14.2,0.66,0,77.08
TRIP-1857,12802,Purushottam Express,EXP,NDLS,CNB,440.0,350.0,2,5,3.9,0.78,0,324.08
TRIP-1857,12802,Purushottam Express,EXP,CNB,PRYJ,194.5,150.0,7,5,0.0,0.64,0,151.01
TRIP-1857,12802,Purushottam Express,EXP,PRYJ,DDU,153.0,135.0,10,5,1.4,0.85,0,138.72
TRIP-1857,12802,Purushottam Express,EXP,DDU,GAYA,205.0,165.0,12,5,5.7,0.83,0,163.06
TRIP-1857,12802,Purushottam Express,EXP,GAYA,BKSC,149.0,135.0,15,5,5.3,0.39,0,134.3
TRIP-1857,12802,Purushottam Express,EXP,BKSC,PURI,612.0,520.0,17,5,5.6,0.76,0,521.07
TRIP-1858,12004,Lucknow Shatabdi Express,SF,NDLS,GZB,24.5,38.0,5,5,3.1,0.82,0,41.76
TRIP-1858,12004,Lucknow Shatabdi Express,SF,GZB,ALJN,106.3,60.0,5,5,8.0,0.81,0,63.38
TRIP-1858,12004,Lucknow Shatabdi Express,SF,ALJN,CNB,308.6,210.0,6,5,10.6,0.82,0,211.2
TRIP-1858,12004,Lucknow Shatabdi Express,SF,CNB,LKO,71.6,75.0,10,5,13.1,0.84,0,83.54
TRIP-1859,22436,Vande Bharat Express,VB,NDLS,CNB,440.0,240.0,8,5,0.0,0.89,0,243.94
TRIP-1859,22436,Vande Bharat Express,VB,CNB,PRYJ,194.5,100.0,12,5,4.9,0.88,0,104.28
TRIP-1859,22436,Vande Bharat Express,VB,PRYJ,DDU,153.0,90.0,13,5,8.9,0.84,0,80.49
TRIP-1859,22436,Vande Bharat Express,VB,DDU,BSB,18.0,25.0,15,5,0.8,0.72,0,26.03
TRIP-1860,22436,Vande Bharat Express,VB,NDLS,CNB,440.0,240.0,14,5,55.5,0.73,0,240.56
TRIP-1860,22436,Vande Bharat Express,VB,CNB,PRYJ,194.5,100.0,18,5,56.4,0.85,0,109.21
TRIP-1860,22436,Vande Bharat Express,VB,PRYJ,DDU,153.0,90.0,19,5,66.1,0.98,0,102.66
TRIP-1860,22436,Vande Bharat Express,VB,DDU,BSB,18.0,25.0,21,5,80.4,0.84,0,36.74
TRIP-1861,12302,Howrah Rajdhani Express,RAJ,NDLS,CNB,440.0,285.0,20,5,0.0,0.98,0,297.91
TRIP-1861,12302,Howrah Rajdhani Express,RAJ,CNB,PRYJ,194.5,120.0,1,5,14.5,0.79,0,107.83
TRIP-1861,12302,Howrah Rajdhani Express,RAJ,PRYJ,DDU,153.0,105.0,2,5,2.9,0.79,0,101.65
TRIP-1861,12302,Howrah Rajdhani Express,RAJ,DDU,GAYA,205.0,130.0,4,5,0.0,0.74,0,120.3
TRIP-1861,12302,Howrah Rajdhani Express,RAJ,GAYA,DHN,201.0,140.0,6,5,0.0,0.45,0,133.86
TRIP-1861,12302,Howrah Rajdhani Express,RAJ,DHN,HWH,259.0,200.0,9,5,0.0,0.73,0,198.13
TRIP-1862,22436,Vande Bharat Express,VB,NDLS,CNB,440.0,240.0,0,6,3.9,0.85,0,242.46
TRIP-1862,22436,Vande Bharat Express,VB,CNB,PRYJ,194.5,100.0,4,6,8.3,0.84,0,93.01
TRIP-1862,22436,Vande Bharat Express,VB,PRYJ,DDU,153.0,90.0,5,6,2.6,0.82,0,94.64
TRIP-1862,22436,Vande Bharat Express,VB,DDU,BSB,18.0,25.0,7,6,7.0,0.62,0,21.54
TRIP-1863,12951,Mumbai Rajdhani Express,RAJ,BCT,ST,263.0,160.0,2,6,0.0,0.85,0,154.35
TRIP-1863,12951,Mumbai Rajdhani Express,RAJ,ST,BRC,129.0,80.0,4,6,0.0,0.67,0,76.4
TRIP-1863,12951,Mumbai Rajdhani Express,RAJ,BRC,RTM,261.0,195.0,6,6,0.0,0.82,0,192.05
TRIP-1863,12951,Mumbai Rajdhani Express,RAJ,RTM,KOTA,266.0,155.0,9,6,0.0,0.98,0,161.88
TRIP-1863,12951,Mumbai Rajdhani Express,RAJ,KOTA,MTJ,324.0,195.0,12,6,8.3,0.65,0,189.13
TRIP-1863,12951,Mumbai Rajdhani Express,RAJ,MTJ,NDLS,143.0,110.0,15,6,2.7,0.66,0,110.39
TRIP-1864,12802,Purushottam Express,EXP,NDLS,CNB,440.0,350.0,6,6,3.5,0.71,0,351.02
TRIP-1864,12802,Purushottam Express,EXP,CNB,PRYJ,194.5,150.0,11,6,3.5,0.84,0,161.06
TRIP-1864,12802,Purushottam Express,EXP,PRYJ,DDU,153.0,135.0,14,6,14.4,0.64,0,135.65
TRIP-1864,12802,Purushottam Express,EXP,DDU,GAYA,205.0,165.0,17,6,16.4,0.97,0,174.24
TRIP-1864,12802,Purushottam Express,EXP,GAYA,BKSC,149.0,135.0,20,6,27.3,0.84,0,141.22
TRIP-1864,12802,Purushottam Express,EXP,BKSC,PURI,612.0,520.0,22,6,35.1,0.51,0,512.39
TRIP-1865,12951,Mumbai Rajdhani Express,RAJ,BCT,ST,263.0,160.0,9,6,4.8,0.98,0,170.18
TRIP-1865,12951,Mumbai Rajdhani Express,RAJ,ST,BRC,129.0,80.0,11,6,15.7,0.98,0,83.31
TRIP-1865,12951,Mumbai Rajdhani Express,RAJ,BRC,RTM,261.0,195.0,13,6,18.7,0.64,0,192.64
TRIP-1865,12951,Mumbai Rajdhani Express,RAJ,RTM,KOTA,266.0,155.0,16,6,16.3,0.79,0,150.13
TRIP-1865,12951,Mumbai Rajdhani Express,RAJ,KOTA,MTJ,324.0,195.0,19,6,13.1,0.84,0,203.35
TRIP-1865,12951,Mumbai Rajdhani Express,RAJ,MTJ,NDLS,143.0,110.0,22,6,21.6,0.83,0,112.61
TRIP-1866,12302,Howrah Rajdhani Express,RAJ,NDLS,CNB,440.0,285.0,13,6,18.7,0.78,0,284.39
TRIP-1866,12302,Howrah Rajdhani Express,RAJ,CNB,PRYJ,194.5,120.0,17,6,18.2,0.97,0,127.24
TRIP-1866,12302,Howrah Rajdhani Express,RAJ,PRYJ,DDU,153.0,105.0,20,6,26.0,0.98,0,111.03
TRIP-1866,12302,Howrah Rajdhani Express,RAJ,DDU,GAYA,205.0,130.0,21,6,32.4,0.98,0,146.3
TRIP-1866,12302,Howrah Rajdhani Express,RAJ,GAYA,DHN,201.0,140.0,0,6,49.1,0.49,0,141.9
TRIP-1866,12302,Howrah Rajdhani Express,RAJ,DHN,HWH,259.0,200.0,2,6,50.7,0.58,0,193.94
TRIP-1867,12802,Purushottam Express,EXP,NDLS,CNB,440.0,350.0,16,6,25.6,0.71,0,343.16
TRIP-1867,12802,Purushottam Express,EXP,CNB,PRYJ,194.5,150.0,21,6,18.4,0.98,0,169.03
TRIP-1867,12802,Purushottam Express,EXP,PRYJ,DDU,153.0,135.0,0,6,38.6,0.79,0,145.53
TRIP-1867,12802,Purushottam Express,EXP,DDU,GAYA,205.0,165.0,3,6,48.6,0.66,0,160.85
TRIP-1867,12802,Purushottam Express,EXP,GAYA,BKSC,149.0,135.0,5,6,45.4,0.62,0,139.8
TRIP-1867,12802,Purushottam Express,EXP,BKSC,PURI,612.0,520.0,8,6,49.9,0.59,0,533.75
TRIP-1868,22436,Vande Bharat Express,VB,NDLS,CNB,440.0,240.0,19,6,10.1,0.98,0,251.87
TRIP-1868,22436,Vande Bharat Express,VB,CNB,PRYJ,194.5,100.0,23,6,22.4,0.87,0,101.27
TRIP-1868,22436,Vande Bharat Express,VB,PRYJ,DDU,153.0,90.0,1,6,23.9,0.89,0,89.71
TRIP-1868,22436,Vande Bharat Express,VB,DDU,BSB,18.0,25.0,2,6,25.0,0.73,0,31.38
TRIP-1869,12302,Howrah Rajdhani Express,RAJ,NDLS,CNB,440.0,285.0,22,6,0.0,0.74,0,285.77
TRIP-1869,12302,Howrah Rajdhani Express,RAJ,CNB,PRYJ,194.5,120.0,2,6,1.9,0.84,0,116.49
TRIP-1869,12302,Howrah Rajdhani Express,RAJ,PRYJ,DDU,153.0,105.0,4,6,0.0,0.87,0,103.53
TRIP-1869,12302,Howrah Rajdhani Express,RAJ,DDU,GAYA,205.0,130.0,6,6,0.0,0.82,0,135.01
TRIP-1869,12302,Howrah Rajdhani Express,RAJ,GAYA,DHN,201.0,140.0,9,6,6.5,0.64,0,140.56
TRIP-1869,12302,Howrah Rajdhani Express,RAJ,DHN,HWH,259.0,200.0,11,6,7.5,0.73,0,199.26
TRIP-1870,12004,Lucknow Shatabdi Express,SF,NDLS,GZB,24.5,38.0,0,0,2.8,0.85,0,36.78
TRIP-1870,12004,Lucknow Shatabdi Express,SF,GZB,ALJN,106.3,60.0,0,0,0.8,0.74,0,61.37
TRIP-1870,12004,Lucknow Shatabdi Express,SF,ALJN,CNB,308.6,210.0,1,0,1.8,0.72,0,192.1
TRIP-1870,12004,Lucknow Shatabdi Express,SF,CNB,LKO,71.6,75.0,5,0,0.0,0.82,0,77.62
TRIP-1871,12951,Mumbai Rajdhani Express,RAJ,BCT,ST,263.0,160.0,4,0,10.0,0.82,0,146.59
TRIP-1871,12951,Mumbai Rajdhani Express,RAJ,ST,BRC,129.0,80.0,6,0,0.0,0.75,0,80.59
TRIP-1871,12951,Mumbai Rajdhani Express,RAJ,BRC,RTM,261.0,195.0,7,0,1.3,0.7,0,189.73
TRIP-1871,12951,Mumbai Rajdhani Express,RAJ,RTM,KOTA,266.0,155.0,11,0,0.0,0.98,0,159.04
TRIP-1871,12951,Mumbai Rajdhani Express,RAJ,KOTA,MTJ,324.0,195.0,13,0,3.3,0.67,0,187.72
TRIP-1871,12951,Mumbai Rajdhani Express,RAJ,MTJ,NDLS,143.0,110.0,17,0,0.0,0.93,0,111.22
TRIP-1872,12004,Lucknow Shatabdi Express,SF,NDLS,GZB,24.5,38.0,7,0,3.4,0.84,0,44.39
TRIP-1872,12004,Lucknow Shatabdi Express,SF,GZB,ALJN,106.3,60.0,7,0,10.1,0.84,0,62.14
TRIP-1872,12004,Lucknow Shatabdi Express,SF,ALJN,CNB,308.6,210.0,8,0,12.5,0.95,0,223.79
TRIP-1872,12004,Lucknow Shatabdi Express,SF,CNB,LKO,71.6,75.0,12,0,25.8,0.74,0,78.5
TRIP-1873,12802,Purushottam Express,EXP,NDLS,CNB,440.0,350.0,9,0,10.0,0.98,0,364.1
TRIP-1873,12802,Purushottam Express,EXP,CNB,PRYJ,194.5,150.0,15,0,26.0,0.63,0,145.11
TRIP-1873,12802,Purushottam Express,EXP,PRYJ,DDU,153.0,135.0,17,0,20.7,0.98,0,139.16
TRIP-1873,12802,Purushottam Express,EXP,DDU,GAYA,205.0,165.0,20,0,25.5,0.98,0,172.47
TRIP-1873,12802,Purushottam Express,EXP,GAYA,BKSC,149.0,135.0,23,0,32.1,0.52,0,138.98
TRIP-1873,12802,Purushottam Express,EXP,BKSC,PURI,612.0,520.0,1,0,36.9,0.51,0,477.82
TRIP-1874,22436,Vande Bharat Express,VB,NDLS,CNB,440.0,240.0,13,0,10.0,0.87,0,235.87
TRIP-1874,22436,Vande Bharat Express,VB,CNB,PRYJ,194.5,100.0,17,0,6.1,0.98,0,101.51
TRIP-1874,22436,Vande Bharat Express,VB,PRYJ,DDU,153.0,90.0,18,0,9.2,0.98,0,91.24
TRIP-1874,22436,Vande Bharat Express,VB,DDU,BSB,18.0,25.0,20,0,10.2,0.9,0,27.15
TRIP-1875,12004,Lucknow Shatabdi Express,SF,NDLS,GZB,24.5,38.0,19,0,10.0,0.94,0,44.57
TRIP-1875,12004,Lucknow Shatabdi Express,SF,GZB,ALJN,106.3,60.0,19,0,15.9,0.84,0,62.85
TRIP-1875,12004,Lucknow Shatabdi Express,SF,ALJN,CNB,308.6,210.0,20,0,20.5,0.98,0,216.51
TRIP-1875,12004,Lucknow Shatabdi Express,SF,CNB,LKO,71.6,75.0,0,0,27.9,0.72,0,75.53
TRIP-1876,12802,Purushottam Express,EXP,NDLS,CNB,440.0,350.0,1,1,4.0,0.8,0,322.62
TRIP-1876,12802,Purushottam Express,EXP,CNB,PRYJ,194.5,150.0,6,1,0.0,0.72,0,149.16
TRIP-1876,12802,Purushottam Express,EXP,PRYJ,DDU,153.0,135.0,9,1,1.1,0.98,0,146.97
TRIP-1876,12802,Purushottam Express,EXP,DDU,GAYA,205.0,165.0,11,1,14.5,0.96,0,173.92
TRIP-1876,12802,Purushottam Express,EXP,GAYA,BKSC,149.0,135.0,14,1,25.1,0.58,0,128.16
TRIP-1876,12802,Purushottam Express,EXP,BKSC,PURI,612.0,520.0,16,1,19.6,0.4,0,494.82
TRIP-1877,12004,Lucknow Shatabdi Express,SF,NDLS,GZB,24.5,38.0,3,1,0.0,0.71,0,34.14
TRIP-1877,12004,Lucknow Shatabdi Express,SF,GZB,ALJN,106.3,60.0,3,1,0.0,0.87,0,55.27
TRIP-1877,12004,Lucknow Shatabdi Express,SF,ALJN,CNB,308.6,210.0,4,1,0.0,0.85,0,199.02
TRIP-1877,12004,Lucknow Shatabdi Express,SF,CNB,LKO,71.6,75.0,8,1,0.0,0.8,0,80.82
TRIP-1878,12302,Howrah Rajdhani Express,RAJ,NDLS,CNB,440.0,285.0,7,1,0.0,0.76,0,277.96
TRIP-1878,12302,Howrah Rajdhani Express,RAJ,CNB,PRYJ,194.5,120.0,11,1,0.0,0.98,0,125.8
TRIP-1878,12302,Howrah Rajdhani Express,RAJ,PRYJ,DDU,153.0,105.0,13,1,7.6,0.87,0,108.66
TRIP-1878,12302,Howrah Rajdhani Express,RAJ,DDU,GAYA,205.0,130.0,15,1,10.6,0.9,0,125.3
TRIP-1878,12302,Howrah Rajdhani Express,RAJ,GAYA,DHN,201.0,140.0,17,1,7.1,0.8,0,138.55
TRIP-1878,12302,Howrah Rajdhani Express,RAJ,DHN,HWH,259.0,200.0,20,1,5.4,0.67,0,193.34
TRIP-1879,22436,Vande Bharat Express,VB,NDLS,CNB,440.0,240.0,13,1,1.9,0.76,0,232.8
TRIP-1879,22436,Vande Bharat Express,VB,CNB,PRYJ,194.5,100.0,16,1,0.0,0.84,0,100.14
TRIP-1879,22436,Vande Bharat Express,VB,PRYJ,DDU,153.0,90.0,18,1,1.1,0.84,0,98.94
TRIP-1879,22436,Vande Bharat Express,VB,DDU,BSB,18.0,25.0,20,1,11.6,0.98,0,27.8
TRIP-1880,12004,Lucknow Shatabdi Express,SF,NDLS,GZB,24.5,38.0,17,1,7.5,0.98,0,45.22
TRIP-1880,12004,Lucknow Shatabdi Express,SF,GZB,ALJN,106.3,60.0,17,1,13.9,0.96,0,64.01
TRIP-1880,12004,Lucknow Shatabdi Express,SF,ALJN,CNB,308.6,210.0,18,1,18.4,0.98,0,217.41
TRIP-1880,12004,Lucknow Shatabdi Express,SF,CNB,LKO,71.6,75.0,22,1,26.0,0.8,0,73.46
TRIP-1881,12302,Howrah Rajdhani Express,RAJ,NDLS,CNB,440.0,285.0,20,1,35.1,0.98,0,305.42
TRIP-1881,12302,Howrah Rajdhani Express,RAJ,CNB,PRYJ,194.5,120.0,1,1,56.2,0.76,0,123.07
TRIP-1881,12302,Howrah Rajdhani Express,RAJ,PRYJ,DDU,153.0,105.0,3,1,60.8,0.67,0,104.8
TRIP-1881,12302,Howrah Rajdhani Express,RAJ,DDU,GAYA,205.0,130.0,5,1,60.3,0.61,0,131.51
TRIP-1881,12302,Howrah Rajdhani Express,RAJ,GAYA,DHN,201.0,140.0,7,1,62.0,0.62,0,138.52
TRIP-1881,12302,Howrah Rajdhani Express,RAJ,DHN,HWH,259.0,200.0,9,1,60.8,0.74,0,203.14
TRIP-1882,12302,Howrah Rajdhani Express,RAJ,NDLS,CNB,440.0,285.0,2,2,3.8,0.62,0,267.14
TRIP-1882,12302,Howrah Rajdhani Express,RAJ,CNB,PRYJ,194.5,120.0,6,2,0.0,0.69,0,122.04
TRIP-1882,12302,Howrah Rajdhani Express,RAJ,PRYJ,DDU,153.0,105.0,8,2,2.4,0.91,0,116.04
TRIP-1882,12302,Howrah Rajdhani Express,RAJ,DDU,GAYA,205.0,130.0,10,2,14.9,0.98,0,133.48
TRIP-1882,12302,Howrah Rajdhani Express,RAJ,GAYA,DHN,201.0,140.0,12,2,18.0,0.56,0,130.11
TRIP-1882,12302,Howrah Rajdhani Express,RAJ,DHN,HWH,259.0,200.0,15,2,9.5,0.63,0,190.82
TRIP-1883,12802,Purushottam Express,EXP,NDLS,CNB,440.0,350.0,4,2,4.3,0.71,0,325.34
TRIP-1883,12802,Purushottam Express,EXP,CNB,PRYJ,194.5,150.0,9,2,0.0,0.95,0,156.52
TRIP-1883,12802,Purushottam Express,EXP,PRYJ,DDU,153.0,135.0,12,2,7.3,0.67,0,130.41
TRIP-1883,12802,Purushottam Express,EXP,DDU,GAYA,205.0,165.0,14,2,4.4,0.74,0,164.22
TRIP-1883,12802,Purushottam Express,EXP,GAYA,BKSC,149.0,135.0,17,2,4.4,0.68,0,132.93
TRIP-1883,12802,Purushottam Express,EXP,BKSC,PURI,612.0,520.0,19,2,2.3,0.74,0,523.63
TRIP-1884,22436,Vande Bharat Express,VB,NDLS,CNB,440.0,240.0,7,2,1.6,0.67,0,237.35
TRIP-1884,22436,Vande Bharat Express,VB,CNB,PRYJ,194.5,100.0,11,2,0.0,0.98,0,111.71
TRIP-1884,22436,Vande Bharat Express,VB,PRYJ,DDU,153.0,90.0,12,2,12.0,0.77,0,89.84
TRIP-1884,22436,Vande Bharat Express,VB,DDU,BSB,18.0,25.0,14,2,11.8,0.71,0,22.95
TRIP-1885,12951,Mumbai Rajdhani Express,RAJ,BCT,ST,263.0,160.0,10,2,0.0,0.91,0,166.76
TRIP-1885,12951,Mumbai Rajdhani Express,RAJ,ST,BRC,129.0,80.0,12,2,8.3,0.72,0,79.54
TRIP-1885,12951,Mumbai Rajdhani Express,RAJ,BRC,RTM,261.0,195.0,14,2,8.0,0.8,0,188.32
TRIP-1885,12951,Mumbai Rajdhani Express,RAJ,RTM,KOTA,266.0,155.0,17,2,2.1,0.98,0,161.94
TRIP-1885,12951,Mumbai Rajdhani Express,RAJ,KOTA,MTJ,324.0,195.0,20,2,9.9,0.96,0,192.28
TRIP-1885,12951,Mumbai Rajdhani Express,RAJ,MTJ,NDLS,143.0,110.0,23,2,8.5,0.73,0,109.77
TRIP-1886,12302,Howrah Rajdhani Express,RAJ,NDLS,CNB,440.0,285.0,14,2,2.0,0.76,0,278.28
TRIP-1886,12302,Howrah Rajdhani Express,RAJ,CNB,PRYJ,194.5,120.0,18,2,0.0,0.98,0,124.46
TRIP-1886,12302,Howrah Rajdhani Express,RAJ,PRYJ,DDU,153.0,105.0,20,2,3.7,0.86,0,105.56
TRIP-1886,12302,Howrah Rajdhani Express,RAJ,DDU,GAYA,205.0,130.0,22,2,4.1,0.86,0,129.0
TRIP-1886,12302,Howrah Rajdhani Express,RAJ,GAYA,DHN,201.0,140.0,0,2,3.6,0.64,0,138.3
TRIP-1886,12302,Howrah Rajdhani Express,RAJ,DHN,HWH,259.0,200.0,3,2,2.2,0.36,0,184.47
TRIP-1887,12302,Howrah Rajdhani Express,RAJ,NDLS,CNB,440.0,285.0,18,2,1.6,0.98,0,292.68
TRIP-1887,12302,Howrah Rajdhani Express,RAJ,CNB,PRYJ,194.5,120.0,22,2,9.7,0.74,0,113.78
TRIP-1887,12302,Howrah Rajdhani Express,RAJ,PRYJ,DDU,153.0,105.0,0,2,2.7,0.7,0,108.66
TRIP-1887,12302,Howrah Rajdhani Express,RAJ,DDU,GAYA,205.0,130.0,2,2,7.4,0.89,0,115.28
TRIP-1887,12302,Howrah Rajdhani Express,RAJ,GAYA,DHN,201.0,140.0,4,2,0.0,0.51,0,128.01
TRIP-1887,12302,Howrah Rajdhani Express,RAJ,DHN,HWH,259.0,200.0,7,2,0.0,0.46,0,191.83
TRIP-1888,12802,Purushottam Express,EXP,NDLS,CNB,440.0,350.0,22,2,3.5,0.64,0,339.66
TRIP-1888,12802,Purushottam Express,EXP,CNB,PRYJ,194.5,150.0,3,2,0.0,0.8,0,141.08
TRIP-1888,12802,Purushottam Express,EXP,PRYJ,DDU,153.0,135.0,6,2,0.0,0.74,0,138.69
TRIP-1888,12802,Purushottam Express,EXP,DDU,GAYA,205.0,165.0,8,2,4.2,0.98,0,169.64
TRIP-1888,12802,Purushottam Express,EXP,GAYA,BKSC,149.0,135.0,11,2,9.0,0.79,0,130.29
TRIP-1888,12802,Purushottam Express,EXP,BKSC,PURI,612.0,520.0,13,2,3.4,0.58,0,501.47
TRIP-1889,22436,Vande Bharat Express,VB,NDLS,CNB,440.0,240.0,2,3,2.2,0.67,0,223.18
TRIP-1889,22436,Vande Bharat Express,VB,CNB,PRYJ,194.5,100.0,5,3,0.0,0.75,0,94.59
TRIP-1889,22436,Vande Bharat Express,VB,PRYJ,DDU,153.0,90.0,7,3,0.0,0.74,0,93.09
TRIP-1889,22436,Vande Bharat Express,VB,DDU,BSB,18.0,25.0,9,3,2.2,0.98,0,29.21
TRIP-1890,12302,Howrah Rajdhani Express,RAJ,NDLS,CNB,440.0,285.0,6,3,5.9,0.62,0,272.8
TRIP-1890,12302,Howrah Rajdhani Express,RAJ,CNB,PRYJ,194.5,120.0,10,3,0.0,0.96,0,133.84
TRIP-1890,12302,Howrah Rajdhani Express,RAJ,PRYJ,DDU,153.0,105.0,12,3,14.9,0.75,0,100.88
TRIP-1890,12302,Howrah Rajdhani Express,RAJ,DDU,GAYA,205.0,130.0,14,3,12.4,0.69,0,127.91
TRIP-1890,12302,Howrah Rajdhani Express,RAJ,GAYA,DHN,201.0,140.0,16,3,12.1,0.64,0,131.4
TRIP-1890,12302,Howrah Rajdhani Express,RAJ,DHN,HWH,259.0,200.0,19,3,5.5,0.7,0,192.78
TRIP-1891,12302,Howrah Rajdhani Express,RAJ,NDLS,CNB,440.0,285.0,10,3,30.6,0.87,0,293.3
TRIP-1891,12302,Howrah Rajdhani Express,RAJ,CNB,PRYJ,194.5,120.0,14,3,38.7,0.87,0,126.26
TRIP-1891,12302,Howrah Rajdhani Express,RAJ,PRYJ,DDU,153.0,105.0,17,3,45.1,0.82,0,113.89
TRIP-1891,12302,Howrah Rajdhani Express,RAJ,DDU,GAYA,205.0,130.0,19,3,54.1,0.98,0,148.41
TRIP-1891,12302,Howrah Rajdhani Express,RAJ,GAYA,DHN,201.0,140.0,21,3,74.4,0.79,0,147.02
TRIP-1891,12302,Howrah Rajdhani Express,RAJ,DHN,HWH,259.0,200.0,0,3,81.3,0.44,0,199.74
TRIP-1892,12802,Purushottam Express,EXP,NDLS,CNB,440.0,350.0,12,3,2.6,0.85,0,342.55
TRIP-1892,12802,Purushottam Express,EXP,CNB,PRYJ,194.5,150.0,17,3,0.0,0.95,0,154.54
TRIP-1892,12802,Purushottam Express,EXP,PRYJ,DDU,153.0,135.0,20,3,3.7,0.89,0,137.47
TRIP-1892,12802,Purushottam Express,EXP,DDU,GAYA,205.0,165.0,22,3,5.8,0.68,0,162.38
TRIP-1892,12802,Purushottam Express,EXP,GAYA,BKSC,149.0,135.0,1,3,4.3,0.61,0,121.18
TRIP-1892,12802,Purushottam Express,EXP,BKSC,PURI,612.0,520.0,3,3,0.0,0.61,0,471.52
TRIP-1893,12802,Purushottam Express,EXP,NDLS,CNB,440.0,350.0,15,3,0.0,0.71,0,343.46
TRIP-1893,12802,Purushottam Express,EXP,CNB,PRYJ,194.5,150.0,20,3,0.0,0.94,0,155.69
TRIP-1893,12802,Purushottam Express,EXP,PRYJ,DDU,153.0,135.0,23,3,6.7,0.67,0,132.34
TRIP-1893,12802,Purushottam Express,EXP,DDU,GAYA,205.0,165.0,1,3,6.0,0.8,0,156.19
TRIP-1893,12802,Purushottam Express,EXP,GAYA,BKSC,149.0,135.0,4,3,0.0,0.51,0,122.49
TRIP-1893,12802,Purushottam Express,EXP,BKSC,PURI,612.0,520.0,6,3,0.0,0.57,0,496.62
TRIP-1894,12802,Purushottam Express,EXP,NDLS,CNB,440.0,350.0,18,3,10.0,0.93,0,359.71
TRIP-1894,12802,Purushottam Express,EXP,CNB,PRYJ,194.5,150.0,0,3,19.9,0.69,0,150.72
TRIP-1894,12802,Purushottam Express,EXP,PRYJ,DDU,153.0,135.0,2,3,20.6,0.82,0,126.51
TRIP-1894,12802,Purushottam Express,EXP,DDU,GAYA,205.0,165.0,4,3,11.8,0.72,0,152.09
TRIP-1894,12802,Purushottam Express,EXP,GAYA,BKSC,149.0,135.0,7,3,0.0,0.58,0,126.51
TRIP-1894,12802,Purushottam Express,EXP,BKSC,PURI,612.0,520.0,9,3,0.0,0.79,0,522.68
TRIP-1895,12302,Howrah Rajdhani Express,RAJ,NDLS,CNB,440.0,285.0,22,3,43.0,0.83,0,285.81
TRIP-1895,12302,Howrah Rajdhani Express,RAJ,CNB,PRYJ,194.5,120.0,2,3,45.1,0.89,0,119.58
TRIP-1895,12302,Howrah Rajdhani Express,RAJ,PRYJ,DDU,153.0,105.0,4,3,45.1,0.61,0,106.67
TRIP-1895,12302,Howrah Rajdhani Express,RAJ,DDU,GAYA,205.0,130.0,6,3,48.2,0.73,0,131.22
TRIP-1895,12302,Howrah Rajdhani Express,RAJ,GAYA,DHN,201.0,140.0,9,3,51.0,0.8,0,143.49
TRIP-1895,12302,Howrah Rajdhani Express,RAJ,DHN,HWH,259.0,200.0,11,3,55.9,0.8,0,204.19
TRIP-1896,12802,Purushottam Express,EXP,NDLS,CNB,440.0,350.0,0,4,2.2,0.65,0,348.55
TRIP-1896,12802,Purushottam Express,EXP,CNB,PRYJ,194.5,150.0,5,4,2.2,0.89,0,152.81
TRIP-1896,12802,Purushottam Express,EXP,PRYJ,DDU,153.0,135.0,8,4,4.5,0.98,0,148.12
TRIP-1896,12802,Purushottam Express,EXP,DDU,GAYA,205.0,165.0,11,4,17.1,0.93,0,172.27
TRIP-1896,12802,Purushottam Express,EXP,GAYA,BKSC,149.0,135.0,14,4,25.9,0.59,0,128.9
TRIP-1896,12802,Purushottam Express,EXP,BKSC,PURI,612.0,520.0,16,4,20.1,0.57,0,504.9
TRIP-1897,22436,Vande Bharat Express,VB,NDLS,CNB,440.0,240.0,2,4,5.3,0.79,0,225.45
TRIP-1897,22436,Vande Bharat Express,VB,CNB,PRYJ,194.5,100.0,5,4,0.0,0.87,0,101.36
TRIP-1897,22436,Vande Bharat Express,VB,PRYJ,DDU,153.0,90.0,7,4,0.7,0.78,0,91.18
TRIP-1897,22436,Vande Bharat Express,VB,DDU,BSB,18.0,25.0,9,4,2.9,0.89,0,32.08
TRIP-1898,22436,Vande Bharat Express,VB,NDLS,CNB,440.0,240.0,6,4,5.7,0.9,0,241.13
TRIP-1898,22436,Vande Bharat Express,VB,CNB,PRYJ,194.5,100.0,10,4,6.1,0.82,0,108.78
TRIP-1898,22436,Vande Bharat Express,VB,PRYJ,DDU,153.0,90.0,11,4,15.6,0.98,0,102.89
TRIP-1898,22436,Vande Bharat Express,VB,DDU,BSB,18.0,25.0,13,4,27.9,0.7,0,27.49
TRIP-1899,12302,Howrah Rajdhani Express,RAJ,NDLS,CNB,440.0,285.0,12,4,0.0,0.81,0,285.67
TRIP-1899,12302,Howrah Rajdhani Express,RAJ,CNB,PRYJ,194.5,120.0,16,4,2.3,0.76,0,120.47
TRIP-1899,12302,Howrah Rajdhani Express,RAJ,PRYJ,DDU,153.0,105.0,18,4,2.6,0.87,0,110.95
TRIP-1899,12302,Howrah Rajdhani Express,RAJ,DDU,GAYA,205.0,130.0,20,4,9.9,0.81,0,132.9
TRIP-1899,12302,Howrah Rajdhani Express,RAJ,GAYA,DHN,201.0,140.0,23,4,13.0,0.43,0,132.9
TRIP-1899,12302,Howrah Rajdhani Express,RAJ,DHN,HWH,259.0,200.0,1,4,5.0,0.58,0,181.57
TRIP-1900,12802,Purushottam Express,EXP,NDLS,CNB,440.0,350.0,14,4,1.5,0.69,0,350.99
TRIP-1900,12802,Purushottam Express,EXP,CNB,PRYJ,194.5,150.0,19,4,3.0,0.98,0,158.37
TRIP-1900,12802,Purushottam Express,EXP,PRYJ,DDU,153.0,135.0,22,4,12.2,0.67,0,140.77
TRIP-1900,12802,Purushottam Express,EXP,DDU,GAYA,205.0,165.0,1,4,17.6,0.86,0,155.03
TRIP-1900,12802,Purushottam Express,EXP,GAYA,BKSC,149.0,135.0,3,4,9.6,0.51,0,127.24
TRIP-1900,12802,Purushottam Express,EXP,BKSC,PURI,612.0,520.0,5,4,1.7,0.55,0,511.45
TRIP-1901,12004,Lucknow Shatabdi Express,SF,NDLS,GZB,24.5,38.0,18,4,18.6,0.98,0,40.67
TRIP-1901,12004,Lucknow Shatabdi Express,SF,GZB,ALJN,106.3,60.0,18,4,21.3,0.98,0,67.18
TRIP-1901,12004,Lucknow Shatabdi Express,SF,ALJN,CNB,308.6,210.0,19,4,28.3,0.98,0,220.6
TRIP-1901,12004,Lucknow Shatabdi Express,SF,CNB,LKO,71.6,75.0,23,4,38.8,0.66,0,81.52
TRIP-1902,12951,Mumbai Rajdhani Express,RAJ,BCT,ST,263.0,160.0,0,5,5.3,0.79,0,155.24
TRIP-1902,12951,Mumbai Rajdhani Express,RAJ,ST,BRC,129.0,80.0,2,5,1.4,0.74,0,76.73
TRIP-1902,12951,Mumbai Rajdhani Express,RAJ,BRC,RTM,261.0,195.0,4,5,0.0,0.74,0,183.07
TRIP-1902,12951,Mumbai Rajdhani Express,RAJ,RTM,KOTA,266.0,155.0,7,5,0.0,0.67,0,150.6
TRIP-1902,12951,Mumbai Rajdhani Express,RAJ,KOTA,MTJ,324.0,195.0,9,5,0.0,0.88,0,197.56
TRIP-1902,12951,Mumbai Rajdhani Express,RAJ,MTJ,NDLS,143.0,110.0,13,5,4.2,0.79,0,105.68
TRIP-1903,12302,Howrah Rajdhani Express,RAJ,NDLS,CNB,440.0,285.0,6,5,10.0,0.66,0,272.87
TRIP-1903,12302,Howrah Rajdhani Express,RAJ,CNB,PRYJ,194.5,120.0,10,5,0.0,0.81,0,125.51
TRIP-1903,12302,Howrah Rajdhani Express,RAJ,PRYJ,DDU,153.0,105.0,12,5,4.7,0.62,0,103.81
TRIP-1903,12302,Howrah Rajdhani Express,RAJ,DDU,GAYA,205.0,130.0,14,5,3.6,0.9,0,131.75
TRIP-1903,12302,Howrah Rajdhani Express,RAJ,GAYA,DHN,201.0,140.0,16,5,5.5,0.47,0,124.4
TRIP-1903,12302,Howrah Rajdhani Express,RAJ,DHN,HWH,259.0,200.0,19,5,0.0,0.6,0,200.53
TRIP-1904,12951,Mumbai Rajdhani Express,RAJ,BCT,ST,263.0,160.0,12,5,2.2,0.62,0,159.32
TRIP-1904,12951,Mumbai Rajdhani Express,RAJ,ST,BRC,129.0,80.0,14,5,0.8,0.82,0,85.8
TRIP-1904,12951,Mumbai Rajdhani Express,RAJ,BRC,RTM,261.0,195.0,16,5,5.8,0.82,0,189.34
TRIP-1904,12951,Mumbai Rajdhani Express,RAJ,RTM,KOTA,266.0,155.0,19,5,2.0,0.95,0,165.74
TRIP-1904,12951,Mumbai Rajdhani Express,RAJ,KOTA,MTJ,324.0,195.0,22,5,11.9,0.79,0,185.23
TRIP-1904,12951,Mumbai Rajdhani Express,RAJ,MTJ,NDLS,143.0,110.0,1,5,1.9,0.82,0,102.52
TRIP-1905,22436,Vande Bharat Express,VB,NDLS,CNB,440.0,240.0,14,5,0.3,0.63,0,237.79
TRIP-1905,22436,Vande Bharat Express,VB,CNB,PRYJ,194.5,100.0,18,5,0.0,0.94,0,103.09
TRIP-1905,22436,Vande Bharat Express,VB,PRYJ,DDU,153.0,90.0,19,5,3.4,0.98,0,100.6
TRIP-1905,22436,Vande Bharat Express,VB,DDU,BSB,18.0,25.0,21,5,13.8,0.87,0,25.93
TRIP-1906,12302,Howrah Rajdhani Express,RAJ,NDLS,CNB,440.0,285.0,20,5,7.5,0.98,0,293.44
TRIP-1906,12302,Howrah Rajdhani Express,RAJ,CNB,PRYJ,194.5,120.0,0,5,16.8,0.82,0,113.17
TRIP-1906,12302,Howrah Rajdhani Express,RAJ,PRYJ,DDU,153.0,105.0,2,5,10.7,0.88,0,95.89
TRIP-1906,12302,Howrah Rajdhani Express,RAJ,DDU,GAYA,205.0,130.0,4,5,2.5,0.79,0,123.99
TRIP-1906,12302,Howrah Rajdhani Express,RAJ,GAYA,DHN,201.0,140.0,6,5,0.0,0.36,0,131.36
TRIP-1906,12302,Howrah Rajdhani Express,RAJ,DHN,HWH,259.0,200.0,9,5,0.0,0.85,0,203.62
TRIP-1907,12004,Lucknow Shatabdi Express,SF,NDLS,GZB,24.5,38.0,2,6,10.0,0.68,0,38.81
TRIP-1907,12004,Lucknow Shatabdi Express,SF,GZB,ALJN,106.3,60.0,2,6,11.6,0.83,0,62.53
TRIP-1907,12004,Lucknow Shatabdi Express,SF,ALJN,CNB,308.6,210.0,3,6,14.5,0.67,0,197.79
TRIP-1907,12004,Lucknow Shatabdi Express,SF,CNB,LKO,71.6,75.0,7,6,2.5,0.81,0,71.96
TRIP-1908,12004,Lucknow Shatabdi Express,SF,NDLS,GZB,24.5,38.0,5,6,4.0,0.83,0,38.55
TRIP-1908,12004,Lucknow Shatabdi Express,SF,GZB,ALJN,106.3,60.0,5,6,6.3,0.7,0,64.97
TRIP-1908,12004,Lucknow Shatabdi Express,SF,ALJN,CNB,308.6,210.0,6,6,13.2,0.83,0,206.49
TRIP-1908,12004,Lucknow Shatabdi Express,SF,CNB,LKO,71.6,75.0,10,6,11.4,0.98,0,86.28
TRIP-1909,12951,Mumbai Rajdhani Express,RAJ,BCT,ST,263.0,160.0,8,6,0.0,0.94,0,173.16
TRIP-1909,12951,Mumbai Rajdhani Express,RAJ,ST,BRC,129.0,80.0,10,6,15.0,0.98,0,79.76
TRIP-1909,12951,Mumbai Rajdhani Express,RAJ,BRC,RTM,261.0,195.0,12,6,15.6,0.73,0,190.68
TRIP-1909,12951,Mumbai Rajdhani Express,RAJ,RTM,KOTA,266.0,155.0,15,6,13.3,0.61,0,152.67
TRIP-1909,12951,Mumbai Rajdhani Express,RAJ,KOTA,MTJ,324.0,195.0,18,6,12.1,0.93,0,204.31
TRIP-1909,12951,Mumbai Rajdhani Express,RAJ,MTJ,NDLS,143.0,110.0,21,6,21.7,0.98,0,118.88
TRIP-1910,12951,Mumbai Rajdhani Express,RAJ,BCT,ST,263.0,160.0,12,6,12.8,0.78,0,156.24
TRIP-1910,12951,Mumbai Rajdhani Express,RAJ,ST,BRC,129.0,80.0,14,6,8.2,0.76,0,74.9
TRIP-1910,12951,Mumbai Rajdhani Express,RAJ,BRC,RTM,261.0,195.0,16,6,4.8,0.77,0,198.31
TRIP-1910,12951,Mumbai Rajdhani Express,RAJ,RTM,KOTA,266.0,155.0,19,6,7.6,0.98,0,163.92
TRIP-1910,12951,Mumbai Rajdhani Express,RAJ,KOTA,MTJ,324.0,195.0,22,6,18.1,0.75,0,190.2
TRIP-1910,12951,Mumbai Rajdhani Express,RAJ,MTJ,NDLS,143.0,110.0,1,6,14.4,0.69,0,98.13
TRIP-1911,12951,Mumbai Rajdhani Express,RAJ,BCT,ST,263.0,160.0,18,6,0.6,0.98,0,174.42
TRIP-1911,12951,Mumbai Rajdhani Express,RAJ,ST,BRC,129.0,80.0,20,6,16.0,0.94,0,83.92
TRIP-1911,12951,Mumbai Rajdhani Express,RAJ,BRC,RTM,261.0,195.0,22,6,19.6,0.72,0,189.57
TRIP-1911,12951,Mumbai Rajdhani Express,RAJ,RTM,KOTA,266.0,155.0,1,6,15.3,0.77,0,149.8
TRIP-1911,12951,Mumbai Rajdhani Express,RAJ,KOTA,MTJ,324.0,195.0,4,6,11.8,0.85,0,182.11
TRIP-1911,12951,Mumbai Rajdhani Express,RAJ,MTJ,NDLS,143.0,110.0,7,6,0.0,0.73,0,109.92
TRIP-1912,12302,Howrah Rajdhani Express,RAJ,NDLS,CNB,440.0,285.0,22,6,2.1,0.65,0,282.21
TRIP-1912,12302,Howrah Rajdhani Express,RAJ,CNB,PRYJ,194.5,120.0,2,6,0.5,0.62,0,114.12
TRIP-1912,12302,Howrah Rajdhani Express,RAJ,PRYJ,DDU,153.0,105.0,4,6,0.0,0.74,0,97.04
TRIP-1912,12302,Howrah Rajdhani Express,RAJ,DDU,GAYA,205.0,130.0,6,6,0.0,0.71,0,133.96
TRIP-1912,12302,Howrah Rajdhani Express,RAJ,GAYA,DHN,201.0,140.0,8,6,3.1,0.67,0,146.45
TRIP-1912,12302,Howrah Rajdhani Express,RAJ,DHN,HWH,259.0,200.0,11,6,9.8,0.65,0,197.2
TRIP-1913,12802,Purushottam Express,EXP,NDLS,CNB,440.0,350.0,0,0,0.0,0.79,0,344.45
TRIP-1913,12802,Purushottam Express,EXP,CNB,PRYJ,194.5,150.0,5,0,0.0,0.74,0,146.73
TRIP-1913,12802,Purushottam Express,EXP,PRYJ,DDU,153.0,135.0,8,0,0.0,0.98,0,140.26
TRIP-1913,12802,Purushottam Express,EXP,DDU,GAYA,205.0,165.0,10,0,4.5,0.96,0,175.4
TRIP-1913,12802,Purushottam Express,EXP,GAYA,BKSC,149.0,135.0,13,0,15.2,0.55,0,122.58
TRIP-1913,12802,Purushottam Express,EXP,BKSC,PURI,612.0,520.0,15,0,2.6,0.46,0,497.39
TRIP-1914,12951,Mumbai Rajdhani Express,RAJ,BCT,ST,263.0,160.0,3,0,4.3,0.73,0,153.08
TRIP-1914,12951,Mumbai Rajdhani Express,RAJ,ST,BRC,129.0,80.0,5,0,0.0,0.84,0,82.63
TRIP-1914,12951,Mumbai Rajdhani Express,RAJ,BRC,RTM,261.0,195.0,7,0,3.6,0.67,0,190.71
TRIP-1914,12951,Mumbai Rajdhani Express,RAJ,RTM,KOTA,266.0,155.0,10,0,0.0,0.98,0,168.53
TRIP-1914,12951,Mumbai Rajdhani Express,RAJ,KOTA,MTJ,324.0,195.0,13,0,13.2,0.73,0,190.28
TRIP-1914,12951,Mumbai Rajdhani Express,RAJ,MTJ,NDLS,143.0,110.0,16,0,9.9,0.69,0,105.46
TRIP-1915,12004,Lucknow Shatabdi Express,SF,NDLS,GZB,24.5,38.0,5,0,9.9,0.8,0,39.89
TRIP-1915,12004,Lucknow Shatabdi Express,SF,GZB,ALJN,106.3,60.0,5,0,11.4,0.89,0,64.64
TRIP-1915,12004,Lucknow Shatabdi Express,SF,ALJN,CNB,308.6,210.0,6,0,15.8,0.78,0,207.88
TRIP-1915,12004,Lucknow Shatabdi Express,SF,CNB,LKO,71.6,75.0,10,0,15.1,0.86,0,82.99
TRIP-1916,12951,Mumbai Rajdhani Express,RAJ,BCT,ST,263.0,160.0,11,0,6.7,0.91,0,160.96
TRIP-1916,12951,Mumbai Rajdhani Express,RAJ,ST,BRC,129.0,80.0,13,0,9.4,0.82,0,80.14
TRIP-1916,12951,Mumbai Rajdhani Express,RAJ,BRC,RTM,261.0,195.0,15,0,9.9,0.76,0,186.91
TRIP-1916,12951,Mumbai Rajdhani Express,RAJ,RTM,KOTA,266.0,155.0,18,0,2.8,0.98,0,169.03
TRIP-1916,12951,Mumbai Rajdhani Express,RAJ,KOTA,MTJ,324.0,195.0,21,0,16.1,0.88,0,200.67
TRIP-1916,12951,Mumbai Rajdhani Express,RAJ,MTJ,NDLS,143.0,110.0,0,0,22.1,0.64,0,112.37
TRIP-1917,12302,Howrah Rajdhani Express,RAJ,NDLS,CNB,440.0,285.0,14,0,120.0,0.89,0,283.78
TRIP-1917,12302,Howrah Rajdhani Express,RAJ,CNB,PRYJ,194.5,120.0,18,0,120.1,0.89,0,133.61
TRIP-1917,12302,Howrah Rajdhani Express,RAJ,PRYJ,DDU,153.0,105.0,21,0,134.2,0.97,0,123.12
TRIP-1917,12302,Howrah Rajdhani Express,RAJ,DDU,GAYA,205.0,130.0,23,0,154.1,0.84,0,136.4
TRIP-1917,12302,Howrah Rajdhani Express,RAJ,GAYA,DHN,201.0,140.0,1,0,160.1,0.61,0,137.97
TRIP-1917,12302,Howrah Rajdhani Express,RAJ,DHN,HWH,259.0,200.0,3,0,157.7,0.53,0,190.08
TRIP-1918,22436,Vande Bharat Express,VB,NDLS,CNB,440.0,240.0,16,0,0.0,0.74,0,235.18
TRIP-1918,22436,Vande Bharat Express,VB,CNB,PRYJ,194.5,100.0,20,0,0.0,0.81,0,102.04
TRIP-1918,22436,Vande Bharat Express,VB,PRYJ,DDU,153.0,90.0,21,0,1.5,0.85,0,94.26
TRIP-1918,22436,Vande Bharat Express,VB,DDU,BSB,18.0,25.0,23,0,5.0,0.69,0,24.82
TRIP-1919,12951,Mumbai Rajdhani Express,RAJ,BCT,ST,263.0,160.0,22,0,0.2,0.79,0,157.99
TRIP-1919,12951,Mumbai Rajdhani Express,RAJ,ST,BRC,129.0,80.0,0,0,0.0,0.8,0,78.57
TRIP-1919,12951,Mumbai Rajdhani Express,RAJ,BRC,RTM,261.0,195.0,2,0,0.0,0.72,0,185.3
TRIP-1919,12951,Mumbai Rajdhani Express,RAJ,RTM,KOTA,266.0,155.0,5,0,0.0,0.62,0,150.19
TRIP-1919,12951,Mumbai Rajdhani Express,RAJ,KOTA,MTJ,324.0,195.0,7,0,0.0,0.85,0,194.64
TRIP-1919,12951,Mumbai Rajdhani Express,RAJ,MTJ,NDLS,143.0,110.0,11,0,1.4,0.93,0,118.23
TRIP-1920,12802,Purushottam Express,EXP,NDLS,CNB,440.0,350.0,4,1,10.0,0.68,0,325.44
TRIP-1920,12802,Purushottam Express,EXP,CNB,PRYJ,194.5,150.0,9,1,0.0,0.98,0,155.91
TRIP-1920,12802,Purushottam Express,EXP,PRYJ,DDU,153.0,135.0,12,1,7.8,0.78,0,133.37
TRIP-1920,12802,Purushottam Express,EXP,DDU,GAYA,205.0,165.0,14,1,5.3,0.64,0,158.92
TRIP-1920,12802,Purushottam Express,EXP,GAYA,BKSC,149.0,135.0,17,1,1.1,0.74,0,137.61
TRIP-1920,12802,Purushottam Express,EXP,BKSC,PURI,612.0,520.0,19,1,4.8,0.62,0,519.28
TRIP-1921,12302,Howrah Rajdhani Express,RAJ,NDLS,CNB,440.0,285.0,7,1,10.0,0.63,0,274.82
TRIP-1921,12302,Howrah Rajdhani Express,RAJ,CNB,PRYJ,194.5,120.0,11,1,0.6,0.91,0,125.06
TRIP-1921,12302,Howrah Rajdhani Express,RAJ,PRYJ,DDU,153.0,105.0,13,1,6.1,0.66,0,96.53
TRIP-1921,12302,Howrah Rajdhani Express,RAJ,DDU,GAYA,205.0,130.0,15,1,0.0,0.88,0,134.46
TRIP-1921,12302,Howrah Rajdhani Express,RAJ,GAYA,DHN,201.0,140.0,17,1,6.2,0.83,0,135.81
TRIP-1921,12302,Howrah Rajdhani Express,RAJ,DHN,HWH,259.0,200.0,20,1,1.7,0.56,0,201.4
TRIP-1922,12951,Mumbai Rajdhani Express,RAJ,BCT,ST,263.0,160.0,11,1,1.5,0.81,0,169.68
TRIP-1922,12951,Mumbai Rajdhani Express,RAJ,ST,BRC,129.0,80.0,13,1,10.7,0.83,0,73.03
TRIP-1922,12951,Mumbai Rajdhani Express,RAJ,BRC,RTM,261.0,195.0,15,1,3.0,0.8,0,190.14
TRIP-1922,12951,Mumbai Rajdhani Express,RAJ,RTM,KOTA,266.0,155.0,18,1,0.0,0.98,0,164.14
TRIP-1922,12951,Mumbai Rajdhani Express,RAJ,KOTA,MTJ,324.0,195.0,21,1,8.2,0.98,0,200.88
TRIP-1922,12951,Mumbai Rajdhani Express,RAJ,MTJ,NDLS,143.0,110.0,0,1,13.6,0.73,0,107.2
TRIP-1923,12302,Howrah Rajdhani Express,RAJ,NDLS,CNB,440.0,285.0,14,1,10.0,0.81,0,277.81
TRIP-1923,12302,Howrah Rajdhani Express,RAJ,CNB,PRYJ,194.5,120.0,18,1,3.0,0.93,0,127.18
TRIP-1923,12302,Howrah Rajdhani Express,RAJ,PRYJ,DDU,153.0,105.0,20,1,11.9,0.9,0,110.96
TRIP-1923,12302,Howrah Rajdhani Express,RAJ,DDU,GAYA,205.0,130.0,22,1,17.0,0.72,0,126.15
TRIP-1923,12302,Howrah Rajdhani Express,RAJ,GAYA,DHN,201.0,140.0,1,1,14.3,0.44,0,128.57
TRIP-1923,12302,Howrah Rajdhani Express,RAJ,DHN,HWH,259.0,200.0,3,1,3.1,0.54,0,182.92
TRIP-1924,12004,Lucknow Shatabdi Express,SF,NDLS,GZB,24.5,38.0,20,1,10.0,0.98,0,43.75
TRIP-1924,12004,Lucknow Shatabdi Express,SF,GZB,ALJN,106.3,60.0,20,1,15.1,0.97,0,70.44
TRIP-1924,12004,Lucknow Shatabdi Express,SF,ALJN,CNB,308.6,210.0,22,1,26.1,0.86,0,204.33
TRIP-1924,12004,Lucknow Shatabdi Express,SF,CNB,LKO,71.6,75.0,1,1,21.0,0.76,0,69.07
TRIP-1925,12004,Lucknow Shatabdi Express,SF,NDLS,GZB,24.5,38.0,0,2,11.0,0.79,0,42.42
TRIP-1925,12004,Lucknow Shatabdi Express,SF,GZB,ALJN,106.3,60.0,0,2,14.9,0.61,0,58.45
TRIP-1925,12004,Lucknow Shatabdi Express,SF,ALJN,CNB,308.6,210.0,1,2,14.8,0.7,0,196.48
TRIP-1925,12004,Lucknow Shatabdi Express,SF,CNB,LKO,71.6,75.0,5,2,0.8,0.62,0,75.1
TRIP-1926,12004,Lucknow Shatabdi Express,SF,NDLS,GZB,24.5,38.0,2,2,1.4,0.63,0,33.66
TRIP-1926,12004,Lucknow Shatabdi Express,SF,GZB,ALJN,106.3,60.0,2,2,0.0,0.85,0,60.85
TRIP-1926,12004,Lucknow Shatabdi Express,SF,ALJN,CNB,308.6,210.0,3,2,0.0,0.65,0,189.58
TRIP-1926,12004,Lucknow Shatabdi Express,SF,CNB,LKO,71.6,75.0,6,2,0.0,0.82,0,77.49
TRIP-1927,22436,Vande Bharat Express,VB,NDLS,CNB,440.0,240.0,8,2,0.0,0.85,0,246.96
TRIP-1927,22436,Vande Bharat Express,VB,CNB,PRYJ,194.5,100.0,12,2,7.7,0.65,0,98.53
TRIP-1927,22436,Vande Bharat Express,VB,PRYJ,DDU,153.0,90.0,13,2,6.9,0.88,0,87.51
TRIP-1927,22436,Vande Bharat Express,VB,DDU,BSB,18.0,25.0,15,2,4.9,0.81,0,28.84
TRIP-1928,12802,Purushottam Express,EXP,NDLS,CNB,440.0,350.0,14,2,0.0,0.73,0,343.59
TRIP-1928,12802,Purushottam Express,EXP,CNB,PRYJ,194.5,150.0,19,2,0.0,0.9,0,161.77
TRIP-1928,12802,Purushottam Express,EXP,PRYJ,DDU,153.0,135.0,22,2,13.3,0.68,0,130.94
TRIP-1928,12802,Purushottam Express,EXP,DDU,GAYA,205.0,165.0,0,2,10.8,0.83,0,160.51
TRIP-1928,12802,Purushottam Express,EXP,GAYA,BKSC,149.0,135.0,3,2,6.1,0.53,0,121.66
TRIP-1928,12802,Purushottam Express,EXP,BKSC,PURI,612.0,520.0,5,2,0.0,0.39,0,497.04
TRIP-1929,12302,Howrah Rajdhani Express,RAJ,NDLS,CNB,440.0,285.0,17,2,0.6,0.98,0,300.54
TRIP-1929,12302,Howrah Rajdhani Express,RAJ,CNB,PRYJ,194.5,120.0,22,2,17.7,0.83,0,119.48
TRIP-1929,12302,Howrah Rajdhani Express,RAJ,PRYJ,DDU,153.0,105.0,0,2,18.1,0.84,0,105.26
TRIP-1929,12302,Howrah Rajdhani Express,RAJ,DDU,GAYA,205.0,130.0,2,2,19.0,0.68,0,122.43
TRIP-1929,12302,Howrah Rajdhani Express,RAJ,GAYA,DHN,201.0,140.0,4,2,12.1,0.35,0,122.66
TRIP-1929,12302,Howrah Rajdhani Express,RAJ,DHN,HWH,259.0,200.0,6,2,0.0,0.49,0,193.57
TRIP-1930,12802,Purushottam Express,EXP,NDLS,CNB,440.0,350.0,21,2,1.4,0.98,0,366.49
TRIP-1930,12802,Purushottam Express,EXP,CNB,PRYJ,194.5,150.0,3,2,17.0,0.75,0,135.59
TRIP-1930,12802,Purushottam Express,EXP,PRYJ,DDU,153.0,135.0,5,2,4.1,0.63,0,134.26
TRIP-1930,12802,Purushottam Express,EXP,DDU,GAYA,205.0,165.0,7,2,4.3,0.69,0,161.34
TRIP-1930,12802,Purushottam Express,EXP,GAYA,BKSC,149.0,135.0,10,2,0.1,0.78,0,138.51
TRIP-1930,12802,Purushottam Express,EXP,BKSC,PURI,612.0,520.0,13,2,2.7,0.58,0,503.65
TRIP-1931,22436,Vande Bharat Express,VB,NDLS,CNB,440.0,240.0,23,2,17.7,0.69,0,233.8
TRIP-1931,22436,Vande Bharat Express,VB,CNB,PRYJ,194.5,100.0,2,2,11.1,0.65,0,89.73
TRIP-1931,22436,Vande Bharat Express,VB,PRYJ,DDU,153.0,90.0,4,2,0.5,0.7,0,88.73
TRIP-1931,22436,Vande Bharat Express,VB,DDU,BSB,18.0,25.0,6,2,0.9,0.65,0,26.39
TRIP-1932,12951,Mumbai Rajdhani Express,RAJ,BCT,ST,263.0,160.0,5,3,10.0,0.6,0,154.44
TRIP-1932,12951,Mumbai Rajdhani Express,RAJ,ST,BRC,129.0,80.0,7,3,5.6,0.74,0,77.09
TRIP-1932,12951,Mumbai Rajdhani Express,RAJ,BRC,RTM,261.0,195.0,9,3,3.6,0.98,0,204.04
TRIP-1932,12951,Mumbai Rajdhani Express,RAJ,RTM,KOTA,266.0,155.0,12,3,13.0,0.73,0,148.7
TRIP-1932,12951,Mumbai Rajdhani Express,RAJ,KOTA,MTJ,324.0,195.0,15,3,6.2,0.68,0,189.68
TRIP-1932,12951,Mumbai Rajdhani Express,RAJ,MTJ,NDLS,143.0,110.0,18,3,1.1,0.98,0,119.78
TRIP-1933,12802,Purushottam Express,EXP,NDLS,CNB,440.0,350.0,11,3,14.2,0.98,0,365.99
TRIP-1933,12802,Purushottam Express,EXP,CNB,PRYJ,194.5,150.0,17,3,30.0,0.91,0,163.31
TRIP-1933,12802,Purushottam Express,EXP,PRYJ,DDU,153.0,135.0,19,3,42.4,0.98,0,145.09
TRIP-1933,12802,Purushottam Express,EXP,DDU,GAYA,205.0,165.0,22,3,52.9,0.72,0,169.34
TRIP-1933,12802,Purushottam Express,EXP,GAYA,BKSC,149.0,135.0,1,3,57.9,0.44,0,130.17
TRIP-1933,12802,Purushottam Express,EXP,BKSC,PURI,612.0,520.0,3,3,52.2,0.65,0,477.36
TRIP-1934,12951,Mumbai Rajdhani Express,RAJ,BCT,ST,263.0,160.0,13,3,3.4,0.81,0,157.93
TRIP-1934,12951,Mumbai Rajdhani Express,RAJ,ST,BRC,129.0,80.0,15,3,2.3,0.83,0,80.98
TRIP-1934,12951,Mumbai Rajdhani Express,RAJ,BRC,RTM,261.0,195.0,17,3,3.0,0.98,0,206.8
TRIP-1934,12951,Mumbai Rajdhani Express,RAJ,RTM,KOTA,266.0,155.0,20,3,13.8,0.91,0,169.33
TRIP-1934,12951,Mumbai Rajdhani Express,RAJ,KOTA,MTJ,324.0,195.0,23,3,28.1,0.67,0,194.8
TRIP-1934,12951,Mumbai Rajdhani Express,RAJ,MTJ,NDLS,143.0,110.0,2,3,27.2,0.75,0,104.79
TRIP-1935,22436,Vande Bharat Express,VB,NDLS,CNB,440.0,240.0,19,3,10.0,0.89,0,240.72
TRIP-1935,22436,Vande Bharat Express,VB,CNB,PRYJ,194.5,100.0,23,3,10.4,0.9,0,96.4
TRIP-1935,22436,Vande Bharat Express,VB,PRYJ,DDU,153.0,90.0,0,3,5.9,0.71,0,88.53
TRIP-1935,22436,Vande Bharat Express,VB,DDU,BSB,18.0,25.0,2,3,5.2,0.6,0,22.85
TRIP-1936,12302,Howrah Rajdhani Express,RAJ,NDLS,CNB,440.0,285.0,23,3,0.0,0.67,0,275.96
TRIP-1936,12302,Howrah Rajdhani Express,RAJ,CNB,PRYJ,194.5,120.0,3,3,0.0,0.8,0,112.79
TRIP-1936,12302,Howrah Rajdhani Express,RAJ,PRYJ,DDU,153.0,105.0,5,3,0.0,0.64,0,108.09
TRIP-1936,12302,Howrah Rajdhani Express,RAJ,DDU,GAYA,205.0,130.0,7,3,2.4,0.61,0,134.12
TRIP-1936,12302,Howrah Rajdhani Express,RAJ,GAYA,DHN,201.0,140.0,9,3,7.7,0.57,0,137.18
TRIP-1936,12302,Howrah Rajdhani Express,RAJ,DHN,HWH,259.0,200.0,12,3,6.9,0.43,0,188.6
TRIP-1937,12951,Mumbai Rajdhani Express,RAJ,BCT,ST,263.0,160.0,5,4,2.8,0.75,0,160.51
TRIP-1937,12951,Mumbai Rajdhani Express,RAJ,ST,BRC,129.0,80.0,7,4,5.0,0.82,0,82.63
TRIP-1937,12951,Mumbai Rajdhani Express,RAJ,BRC,RTM,261.0,195.0,9,4,6.9,0.98,0,202.49
TRIP-1937,12951,Mumbai Rajdhani Express,RAJ,RTM,KOTA,266.0,155.0,12,4,14.4,0.75,0,157.42
TRIP-1937,12951,Mumbai Rajdhani Express,RAJ,KOTA,MTJ,324.0,195.0,15,4,16.6,0.72,0,189.86
TRIP-1937,12951,Mumbai Rajdhani Express,RAJ,MTJ,NDLS,143.0,110.0,18,4,12.6,0.98,0,116.81
TRIP-1938,12951,Mumbai Rajdhani Express,RAJ,BCT,ST,263.0,160.0,7,4,10.0,0.88,0,154.92
TRIP-1938,12951,Mumbai Rajdhani Express,RAJ,ST,BRC,129.0,80.0,9,4,4.1,0.98,0,86.52
TRIP-1938,12951,Mumbai Rajdhani Express,RAJ,BRC,RTM,261.0,195.0,11,4,10.8,0.98,0,202.22
TRIP-1938,12951,Mumbai Rajdhani Express,RAJ,RTM,KOTA,266.0,155.0,14,4,19.1,0.63,0,151.25
TRIP-1938,12951,Mumbai Rajdhani Express,RAJ,KOTA,MTJ,324.0,195.0,17,4,16.4,0.87,0,203.94
TRIP-1938,12951,Mumbai Rajdhani Express,RAJ,MTJ,NDLS,143.0,110.0,20,4,25.3,0.88,0,116.37
TRIP-1939,12004,Lucknow Shatabdi Express,SF,NDLS,GZB,24.5,38.0,9,4,0.0,0.97,0,43.37
TRIP-1939,12004,Lucknow Shatabdi Express,SF,GZB,ALJN,106.3,60.0,9,4,5.4,0.98,0,74.23
TRIP-1939,12004,Lucknow Shatabdi Express,SF,ALJN,CNB,308.6,210.0,11,4,19.8,0.98,0,223.13
TRIP-1939,12004,Lucknow Shatabdi Express,SF,CNB,LKO,71.6,75.0,14,4,34.7,0.66,0,81.34
TRIP-1940,12802,Purushottam Express,EXP,NDLS,CNB,440.0,350.0,12,4,20.3,0.89,0,347.83
TRIP-1940,12802,Purushottam Express,EXP,CNB,PRYJ,194.5,150.0,17,4,20.0,0.95,0,157.04
TRIP-1940,12802,Purushottam Express,EXP,PRYJ,DDU,153.0,135.0,20,4,26.7,0.87,0,148.57
TRIP-1940,12802,Purushottam Express,EXP,DDU,GAYA,205.0,165.0,23,4,39.5,0.62,0,174.56
TRIP-1940,12802,Purushottam Express,EXP,GAYA,BKSC,149.0,135.0,2,4,49.6,0.61,0,132.85
TRIP-1940,12802,Purushottam Express,EXP,BKSC,PURI,612.0,520.0,4,4,47.4,0.48,0,495.71
TRIP-1941,12951,Mumbai Rajdhani Express,RAJ,BCT,ST,263.0,160.0,16,4,3.2,0.81,0,157.81
TRIP-1941,12951,Mumbai Rajdhani Express,RAJ,ST,BRC,129.0,80.0,18,4,2.8,0.98,0,88.21
TRIP-1941,12951,Mumbai Rajdhani Express,RAJ,BRC,RTM,261.0,195.0,20,4,12.1,0.98,0,203.31
TRIP-1941,12951,Mumbai Rajdhani Express,RAJ,RTM,KOTA,266.0,155.0,23,4,21.0,0.61,0,149.32
TRIP-1941,12951,Mumbai Rajdhani Express,RAJ,KOTA,MTJ,324.0,195.0,2,4,16.3,0.76,0,179.2
TRIP-1941,12951,Mumbai Rajdhani Express,RAJ,MTJ,NDLS,143.0,110.0,5,4,0.3,0.89,0,110.31
TRIP-1942,22436,Vande Bharat Express,VB,NDLS,CNB,440.0,240.0,22,4,3.6,0.62,0,236.09
TRIP-1942,22436,Vande Bharat Express,VB,CNB,PRYJ,194.5,100.0,2,4,0.3,0.68,0,98.27
TRIP-1942,22436,Vande Bharat Express,VB,PRYJ,DDU,153.0,90.0,3,4,0.3,0.86,0,86.34
TRIP-1942,22436,Vande Bharat Express,VB,DDU,BSB,18.0,25.0,5,4,0.0,0.66,0,27.56
TRIP-1943,12802,Purushottam Express,EXP,NDLS,CNB,440.0,350.0,4,5,10.0,0.71,0,325.85
TRIP-1943,12802,Purushottam Express,EXP,CNB,PRYJ,194.5,150.0,9,5,0.0,0.98,0,162.73
TRIP-1943,12802,Purushottam Express,EXP,PRYJ,DDU,153.0,135.0,12,5,13.2,0.79,0,136.8
TRIP-1943,12802,Purushottam Express,EXP,DDU,GAYA,205.0,165.0,14,5,15.1,0.66,0,162.33
TRIP-1943,12802,Purushottam Express,EXP,GAYA,BKSC,149.0,135.0,17,5,12.0,0.7,0,136.01
TRIP-1943,12802,Purushottam Express,EXP,BKSC,PURI,612.0,520.0,19,5,14.6,0.6,0,519.71
TRIP-1944,12802,Purushottam Express,EXP,NDLS,CNB,440.0,350.0,8,5,2.4,0.98,0,360.21
TRIP-1944,12802,Purushottam Express,EXP,CNB,PRYJ,194.5,150.0,14,5,13.3,0.87,0,145.69
TRIP-1944,12802,Purushottam Express,EXP,PRYJ,DDU,153.0,135.0,16,5,9.0,0.79,0,137.75
TRIP-1944,12802,Purushottam Express,EXP,DDU,GAYA,205.0,165.0,18,5,13.1,0.8,0,163.94
TRIP-1944,12802,Purushottam Express,EXP,GAYA,BKSC,149.0,135.0,21,5,11.9,0.8,0,136.65
TRIP-1944,12802,Purushottam Express,EXP,BKSC,PURI,612.0,520.0,0,5,15.4,0.61,0,502.58
TRIP-1945,12802,Purushottam Express,EXP,NDLS,CNB,440.0,350.0,10,5,2.2,0.89,0,360.15
TRIP-1945,12802,Purushottam Express,EXP,CNB,PRYJ,194.5,150.0,16,5,13.1,0.8,0,146.84
TRIP-1945,12802,Purushottam Express,EXP,PRYJ,DDU,153.0,135.0,18,5,9.3,0.94,0,147.33
TRIP-1945,12802,Purushottam Express,EXP,DDU,GAYA,205.0,165.0,21,5,21.0,0.98,0,173.72
TRIP-1945,12802,Purushottam Express,EXP,GAYA,BKSC,149.0,135.0,0,5,31.3,0.35,0,138.93
TRIP-1945,12802,Purushottam Express,EXP,BKSC,PURI,612.0,520.0,2,5,36.8,0.63,0,487.12
TRIP-1946,12302,Howrah Rajdhani Express,RAJ,NDLS,CNB,440.0,285.0,12,5,10.0,0.88,0,274.88
TRIP-1946,12302,Howrah Rajdhani Express,RAJ,CNB,PRYJ,194.5,120.0,16,5,0.0,0.82,0,125.7
TRIP-1946,12302,Howrah Rajdhani Express,RAJ,PRYJ,DDU,153.0,105.0,18,5,6.9,0.87,0,108.32
TRIP-1946,12302,Howrah Rajdhani Express,RAJ,DDU,GAYA,205.0,130.0,20,5,9.4,0.92,0,130.24
TRIP-1946,12302,Howrah Rajdhani Express,RAJ,GAYA,DHN,201.0,140.0,22,5,11.6,0.59,0,132.56
TRIP-1946,12302,Howrah Rajdhani Express,RAJ,DHN,HWH,259.0,200.0,1,5,4.5,0.59,0,183.62
TRIP-1947,12004,Lucknow Shatabdi Express,SF,NDLS,GZB,24.5,38.0,16,5,10.0,0.82,0,40.83
TRIP-1947,12004,Lucknow Shatabdi Express,SF,GZB,ALJN,106.3,60.0,16,5,13.6,0.87,0,63.17
TRIP-1947,12004,Lucknow Shatabdi Express,SF,ALJN,CNB,308.6,210.0,17,5,17.8,0.92,0,214.69
TRIP-1947,12004,Lucknow Shatabdi Express,SF,CNB,LKO,71.6,75.0,21,5,22.5,0.98,0,75.15
TRIP-1948,12951,Mumbai Rajdhani Express,RAJ,BCT,ST,263.0,160.0,20,5,0.0,0.96,0,160.46
TRIP-1948,12951,Mumbai Rajdhani Express,RAJ,ST,BRC,129.0,80.0,22,5,1.5,0.79,0,79.81
TRIP-1948,12951,Mumbai Rajdhani Express,RAJ,BRC,RTM,261.0,195.0,0,5,0.3,0.68,0,194.86
TRIP-1948,12951,Mumbai Rajdhani Express,RAJ,RTM,KOTA,266.0,155.0,3,5,0.1,0.75,0,148.93
TRIP-1948,12951,Mumbai Rajdhani Express,RAJ,KOTA,MTJ,324.0,195.0,6,5,0.0,0.69,0,193.41
TRIP-1948,12951,Mumbai Rajdhani Express,RAJ,MTJ,NDLS,143.0,110.0,9,5,0.0,0.98,0,119.34
TRIP-1949,12302,Howrah Rajdhani Express,RAJ,NDLS,CNB,440.0,285.0,23,5,10.0,0.64,0,277.07
TRIP-1949,12302,Howrah Rajdhani Express,RAJ,CNB,PRYJ,194.5,120.0,3,5,2.9,0.64,0,112.25
TRIP-1949,12302,Howrah Rajdhani Express,RAJ,PRYJ,DDU,153.0,105.0,5,5,0.0,0.89,0,102.09
TRIP-1949,12302,Howrah Rajdhani Express,RAJ,DDU,GAYA,205.0,130.0,7,5,0.0,0.71,0,128.51
TRIP-1949,12302,Howrah Rajdhani Express,RAJ,GAYA,DHN,201.0,140.0,9,5,0.0,0.62,0,142.56
TRIP-1949,12302,Howrah Rajdhani Express,RAJ,DHN,HWH,259.0,200.0,12,5,2.3,0.63,0,189.61
TRIP-1950,12802,Purushottam Express,EXP,NDLS,CNB,440.0,350.0,5,6,10.0,0.78,0,345.91
TRIP-1950,12802,Purushottam Express,EXP,CNB,PRYJ,194.5,150.0,10,6,6.7,0.98,0,156.67
TRIP-1950,12802,Purushottam Express,EXP,PRYJ,DDU,153.0,135.0,13,6,14.0,0.65,0,130.63
TRIP-1950,12802,Purushottam Express,EXP,DDU,GAYA,205.0,165.0,15,6,10.0,0.71,0,168.77
TRIP-1950,12802,Purushottam Express,EXP,GAYA,BKSC,149.0,135.0,18,6,14.2,0.84,0,142.83
TRIP-1950,12802,Purushottam Express,EXP,BKSC,PURI,612.0,520.0,21,6,21.8,0.7,0,530.12
TRIP-1951,12802,Purushottam Express,EXP,NDLS,CNB,440.0,350.0,7,6,0.0,0.6,0,344.63
TRIP-1951,12802,Purushottam Express,EXP,CNB,PRYJ,194.5,150.0,12,6,0.0,0.83,0,149.63
TRIP-1951,12802,Purushottam Express,EXP,PRYJ,DDU,153.0,135.0,15,6,0.0,0.83,0,137.43
TRIP-1951,12802,Purushottam Express,EXP,DDU,GAYA,205.0,165.0,17,6,2.0,0.88,0,175.65
TRIP-1951,12802,Purushottam Express,EXP,GAYA,BKSC,149.0,135.0,20,6,13.7,0.72,0,135.6
TRIP-1951,12802,Purushottam Express,EXP,BKSC,PURI,612.0,520.0,23,6,14.7,0.62,0,511.92
TRIP-1952,22436,Vande Bharat Express,VB,NDLS,CNB,440.0,240.0,9,6,0.0,0.98,0,257.48
TRIP-1952,22436,Vande Bharat Express,VB,CNB,PRYJ,194.5,100.0,13,6,16.9,0.81,0,101.68
TRIP-1952,22436,Vande Bharat Express,VB,PRYJ,DDU,153.0,90.0,15,6,18.1,0.64,0,86.26
TRIP-1952,22436,Vande Bharat Express,VB,DDU,BSB,18.0,25.0,16,6,14.1,0.73,0,23.91
TRIP-1953,12302,Howrah Rajdhani Express,RAJ,NDLS,CNB,440.0,285.0,13,6,0.0,0.82,0,283.21
TRIP-1953,12302,Howrah Rajdhani Express,RAJ,CNB,PRYJ,194.5,120.0,17,6,0.0,0.95,0,131.35
TRIP-1953,12302,Howrah Rajdhani Express,RAJ,PRYJ,DDU,153.0,105.0,20,6,12.2,0.98,0,111.29
TRIP-1953,12302,Howrah Rajdhani Express,RAJ,DDU,GAYA,205.0,130.0,22,6,18.6,0.85,0,125.32
TRIP-1953,12302,Howrah Rajdhani Express,RAJ,GAYA,DHN,201.0,140.0,0,6,13.6,0.44,0,133.79
TRIP-1953,12302,Howrah Rajdhani Express,RAJ,DHN,HWH,259.0,200.0,2,6,9.1,0.55,0,178.85
TRIP-1954,12004,Lucknow Shatabdi Express,SF,NDLS,GZB,24.5,38.0,19,6,2.3,0.9,0,47.56
TRIP-1954,12004,Lucknow Shatabdi Express,SF,GZB,ALJN,106.3,60.0,19,6,12.0,0.98,0,67.97
TRIP-1954,12004,Lucknow Shatabdi Express,SF,ALJN,CNB,308.6,210.0,21,6,21.2,0.98,0,225.52
TRIP-1954,12004,Lucknow Shatabdi Express,SF,CNB,LKO,71.6,75.0,0,6,37.5,0.84,0,85.83
TRIP-1955,12302,Howrah Rajdhani Express,RAJ,NDLS,CNB,440.0,285.0,22,6,32.2,0.86,0,286.07
TRIP-1955,12302,Howrah Rajdhani Express,RAJ,CNB,PRYJ,194.5,120.0,2,6,33.9,0.73,0,119.41
TRIP-1955,12302,Howrah Rajdhani Express,RAJ,PRYJ,DDU,153.0,105.0,4,6,34.4,0.86,0,106.05
TRIP-1955,12302,Howrah Rajdhani Express,RAJ,DDU,GAYA,205.0,130.0,6,6,35.6,0.71,0,136.59
TRIP-1955,12302,Howrah Rajdhani Express,RAJ,GAYA,DHN,201.0,140.0,9,6,44.0,0.82,0,148.73
TRIP-1955,12302,Howrah Rajdhani Express,RAJ,DHN,HWH,259.0,200.0,11,6,53.9,0.76,0,210.87
TRIP-1956,12951,Mumbai Rajdhani Express,RAJ,BCT,ST,263.0,160.0,2,0,11.1,0.8,0,142.97
TRIP-1956,12951,Mumbai Rajdhani Express,RAJ,ST,BRC,129.0,80.0,4,0,0.0,0.66,0,78.89
TRIP-1956,12951,Mumbai Rajdhani Express,RAJ,BRC,RTM,261.0,195.0,5,0,0.7,0.77,0,196.85
TRIP-1956,12951,Mumbai Rajdhani Express,RAJ,RTM,KOTA,266.0,155.0,9,0,2.7,0.81,0,156.92
TRIP-1956,12951,Mumbai Rajdhani Express,RAJ,KOTA,MTJ,324.0,195.0,11,0,5.0,0.98,0,201.61
TRIP-1956,12951,Mumbai Rajdhani Express,RAJ,MTJ,NDLS,143.0,110.0,15,0,11.5,0.78,0,104.5
TRIP-1957,12302,Howrah Rajdhani Express,RAJ,NDLS,CNB,440.0,285.0,8,0,4.3,0.8,0,296.64
TRIP-1957,12302,Howrah Rajdhani Express,RAJ,CNB,PRYJ,194.5,120.0,13,0,17.2,0.8,0,116.27
TRIP-1957,12302,Howrah Rajdhani Express,RAJ,PRYJ,DDU,153.0,105.0,15,0,14.7,0.65,0,98.98
TRIP-1957,12302,Howrah Rajdhani Express,RAJ,DDU,GAYA,205.0,130.0,16,0,10.0,0.85,0,125.39
TRIP-1957,12302,Howrah Rajdhani Express,RAJ,GAYA,DHN,201.0,140.0,18,0,4.8,0.71,0,142.26
TRIP-1957,12302,Howrah Rajdhani Express,RAJ,DHN,HWH,259.0,200.0,21,0,8.6,0.65,0,195.12
TRIP-1958,12802,Purushottam Express,EXP,NDLS,CNB,440.0,350.0,12,0,5.2,0.63,0,335.77
TRIP-1958,12802,Purushottam Express,EXP,CNB,PRYJ,194.5,150.0,17,0,0.0,0.95,0,159.56
TRIP-1958,12802,Purushottam Express,EXP,PRYJ,DDU,153.0,135.0,20,0,9.9,0.98,0,141.04
TRIP-1958,12802,Purushottam Express,EXP,DDU,GAYA,205.0,165.0,22,0,16.5,0.79,0,161.8
TRIP-1958,12802,Purushottam Express,EXP,GAYA,BKSC,149.0,135.0,1,0,14.7,0.55,0,120.7
TRIP-1958,12802,Purushottam Express,EXP,BKSC,PURI,612.0,520.0,3,0,2.3,0.43,0,478.84
TRIP-1959,12802,Purushottam Express,EXP,NDLS,CNB,440.0,350.0,16,0,0.0,0.78,0,340.56
TRIP-1959,12802,Purushottam Express,EXP,CNB,PRYJ,194.5,150.0,21,0,0.0,0.86,0,154.62
TRIP-1959,12802,Purushottam Express,EXP,PRYJ,DDU,153.0,135.0,0,0,6.0,0.76,0,136.37
TRIP-1959,12802,Purushottam Express,EXP,DDU,GAYA,205.0,165.0,2,0,7.0,0.72,0,152.53
TRIP-1959,12802,Purushottam Express,EXP,GAYA,BKSC,149.0,135.0,5,0,0.0,0.46,0,130.83
TRIP-1959,12802,Purushottam Express,EXP,BKSC,PURI,612.0,520.0,7,0,0.0,0.52,0,502.0
TRIP-1960,12802,Purushottam Express,EXP,NDLS,CNB,440.0,350.0,22,0,6.7,0.76,0,344.64
TRIP-1960,12802,Purushottam Express,EXP,CNB,PRYJ,194.5,150.0,3,0,2.1,0.65,0,142.19
TRIP-1960,12802,Purushottam Express,EXP,PRYJ,DDU,153.0,135.0,6,0,0.0,0.88,0,132.25
TRIP-1960,12802,Purushottam Express,EXP,DDU,GAYA,205.0,165.0,8,0,0.0,0.98,0,177.11
TRIP-1960,12802,Purushottam Express,EXP,GAYA,BKSC,149.0,135.0,11,0,11.4,0.79,0,131.57
TRIP-1960,12802,Purushottam Express,EXP,BKSC,PURI,612.0,520.0,13,0,9.2,0.53,0,497.79
TRIP-1961,12802,Purushottam Express,EXP,NDLS,CNB,440.0,350.0,2,1,0.0,0.7,0,319.81
TRIP-1961,12802,Purushottam Express,EXP,CNB,PRYJ,194.5,150.0,7,1,0.0,0.73,0,149.29
TRIP-1961,12802,Purushottam Express,EXP,PRYJ,DDU,153.0,135.0,9,1,0.3,0.86,0,144.21
TRIP-1961,12802,Purushottam Express,EXP,DDU,GAYA,205.0,165.0,12,1,8.5,0.63,0,161.37
TRIP-1961,12802,Purushottam Express,EXP,GAYA,BKSC,149.0,135.0,15,1,6.9,0.38,0,127.59
TRIP-1961,12802,Purushottam Express,EXP,BKSC,PURI,612.0,520.0,17,1,0.9,0.59,0,520.22
TRIP-1962,12004,Lucknow Shatabdi Express,SF,NDLS,GZB,24.5,38.0,4,1,7.5,0.69,0,38.42
TRIP-1962,12004,Lucknow Shatabdi Express,SF,GZB,ALJN,106.3,60.0,4,1,9.3,0.82,0,58.53
TRIP-1962,12004,Lucknow Shatabdi Express,SF,ALJN,CNB,308.6,210.0,5,1,9.5,0.73,0,203.26
TRIP-1962,12004,Lucknow Shatabdi Express,SF,CNB,LKO,71.6,75.0,9,1,1.9,0.84,0,82.73
TRIP-1963,12951,Mumbai Rajdhani Express,RAJ,BCT,ST,263.0,160.0,8,1,5.6,0.98,0,166.06
TRIP-1963,12951,Mumbai Rajdhani Express,RAJ,ST,BRC,129.0,80.0,10,1,12.9,0.88,0,78.38
TRIP-1963,12951,Mumbai Rajdhani Express,RAJ,BRC,RTM,261.0,195.0,12,1,10.7,0.74,0,187.22
TRIP-1963,12951,Mumbai Rajdhani Express,RAJ,RTM,KOTA,266.0,155.0,15,1,3.5,0.74,0,151.65
TRIP-1963,12951,Mumbai Rajdhani Express,RAJ,KOTA,MTJ,324.0,195.0,18,1,1.6,0.94,0,204.68
TRIP-1963,12951,Mumbai Rajdhani Express,RAJ,MTJ,NDLS,143.0,110.0,21,1,12.3,0.86,0,115.49
TRIP-1964,22436,Vande Bharat Express,VB,NDLS,CNB,440.0,240.0,14,1,46.8,0.61,0,230.11
TRIP-1964,22436,Vande Bharat Express,VB,CNB,PRYJ,194.5,100.0,17,1,36.7,0.93,0,113.32
TRIP-1964,22436,Vande Bharat Express,VB,PRYJ,DDU,153.0,90.0,19,1,50.5,0.94,0,101.17
TRIP-1964,22436,Vande Bharat Express,VB,DDU,BSB,18.0,25.0,21,1,63.3,0.98,0,38.69
TRIP-1965,12802,Purushottam Express,EXP,NDLS,CNB,440.0,350.0,18,1,2.2,0.83,0,358.12
TRIP-1965,12802,Purushottam Express,EXP,CNB,PRYJ,194.5,150.0,0,1,10.7,0.74,0,149.63
TRIP-1965,12802,Purushottam Express,EXP,PRYJ,DDU,153.0,135.0,2,1,10.9,0.61,0,130.52
TRIP-1965,12802,Purushottam Express,EXP,DDU,GAYA,205.0,165.0,4,1,7.9,0.67,0,151.85
TRIP-1965,12802,Purushottam Express,EXP,GAYA,BKSC,149.0,135.0,7,1,0.0,0.64,0,125.78
TRIP-1965,12802,Purushottam Express,EXP,BKSC,PURI,612.0,520.0,9,1,0.0,0.64,0,518.38
TRIP-1966,22436,Vande Bharat Express,VB,NDLS,CNB,440.0,240.0,0,2,0.0,0.62,0,235.64
TRIP-1966,22436,Vande Bharat Express,VB,CNB,PRYJ,194.5,100.0,4,2,0.0,0.75,0,92.56
TRIP-1966,22436,Vande Bharat Express,VB,PRYJ,DDU,153.0,90.0,5,2,0.0,0.81,0,91.18
TRIP-1966,22436,Vande Bharat Express,VB,DDU,BSB,18.0,25.0,7,2,2.0,0.83,0,23.58
TRIP-1967,12951,Mumbai Rajdhani Express,RAJ,BCT,ST,263.0,160.0,3,2,4.8,0.64,0,145.77
TRIP-1967,12951,Mumbai Rajdhani Express,RAJ,ST,BRC,129.0,80.0,5,2,0.0,0.65,0,75.59
TRIP-1967,12951,Mumbai Rajdhani Express,RAJ,BRC,RTM,261.0,195.0,6,2,0.0,0.87,0,186.99
TRIP-1967,12951,Mumbai Rajdhani Express,RAJ,RTM,KOTA,266.0,155.0,10,2,0.0,0.82,0,157.6
TRIP-1967,12951,Mumbai Rajdhani Express,RAJ,KOTA,MTJ,324.0,195.0,12,2,2.2,0.9,0,192.41
TRIP-1967,12951,Mumbai Rajdhani Express,RAJ,MTJ,NDLS,143.0,110.0,16,2,0.0,0.64,0,108.5
TRIP-1968,22436,Vande Bharat Express,VB,NDLS,CNB,440.0,240.0,9,2,4.5,0.88,0,242.58
TRIP-1968,22436,Vande Bharat Express,VB,CNB,PRYJ,194.5,100.0,13,2,8.0,0.65,0,93.97
TRIP-1968,22436,Vande Bharat Express,VB,PRYJ,DDU,153.0,90.0,14,2,2.8,0.77,0,87.22
TRIP-1968,22436,Vande Bharat Express,VB,DDU,BSB,18.0,25.0,16,2,1.4,0.89,0,27.26
TRIP-1969,12302,Howrah Rajdhani Express,RAJ,NDLS,CNB,440.0,285.0,15,2,5.8,0.84,0,269.02
TRIP-1969,12302,Howrah Rajdhani Express,RAJ,CNB,PRYJ,194.5,120.0,19,2,0.0,0.98,0,132.11
TRIP-1969,12302,Howrah Rajdhani Express,RAJ,PRYJ,DDU,153.0,105.0,21,2,12.2,0.93,0,106.33
TRIP-1969,12302,Howrah Rajdhani Express,RAJ,DDU,GAYA,205.0,130.0,23,2,13.1,0.87,0,121.04
TRIP-1969,12302,Howrah Rajdhani Express,RAJ,GAYA,DHN,201.0,140.0,1,2,5.8,0.36,0,126.75
TRIP-1969,12302,Howrah Rajdhani Express,RAJ,DHN,HWH,259.0,200.0,4,2,0.0,0.56,0,179.92
TRIP-1970,12302,Howrah Rajdhani Express,RAJ,NDLS,CNB,440.0,285.0,18,2,0.4,0.92,0,298.03
TRIP-1970,12302,Howrah Rajdhani Express,RAJ,CNB,PRYJ,194.5,120.0,23,2,13.1,0.86,0,113.68
TRIP-1970,12302,Howrah Rajdhani Express,RAJ,PRYJ,DDU,153.0,105.0,1,2,6.8,0.82,0,99.3
TRIP-1970,12302,Howrah Rajdhani Express,RAJ,DDU,GAYA,205.0,130.0,2,2,2.5,0.84,0,127.52
TRIP-1970,12302,Howrah Rajdhani Express,RAJ,GAYA,DHN,201.0,140.0,4,2,0.6,0.48,0,128.33
TRIP-1970,12302,Howrah Rajdhani Express,RAJ,DHN,HWH,259.0,200.0,7,2,0.0,0.39,0,193.82
TRIP-1971,22436,Vande Bharat Express,VB,NDLS,CNB,440.0,240.0,20,2,10.0,0.88,0,247.29
TRIP-1971,22436,Vande Bharat Express,VB,CNB,PRYJ,194.5,100.0,0,2,18.4,0.64,0,96.1
TRIP-1971,22436,Vande Bharat Express,VB,PRYJ,DDU,153.0,90.0,1,2,15.6,0.6,0,77.02
TRIP-1971,22436,Vande Bharat Express,VB,DDU,BSB,18.0,25.0,3,2,2.3,0.83,0,25.4
TRIP-1972,12302,Howrah Rajdhani Express,RAJ,NDLS,CNB,440.0,285.0,22,2,10.0,0.72,0,266.91
TRIP-1972,12302,Howrah Rajdhani Express,RAJ,CNB,PRYJ,194.5,120.0,2,2,0.0,0.81,0,112.93
TRIP-1972,12302,Howrah Rajdhani Express,RAJ,PRYJ,DDU,153.0,105.0,4,2,0.0,0.62,0,101.93
TRIP-1972,12302,Howrah Rajdhani Express,RAJ,DDU,GAYA,205.0,130.0,6,2,0.0,0.78,0,126.86
TRIP-1972,12302,Howrah Rajdhani Express,RAJ,GAYA,DHN,201.0,140.0,8,2,0.0,0.78,0,137.16
TRIP-1972,12302,Howrah Rajdhani Express,RAJ,DHN,HWH,259.0,200.0,10,2,0.0,0.68,0,194.52
TRIP-1973,12004,Lucknow Shatabdi Express,SF,NDLS,GZB,24.5,38.0,2,3,12.1,0.6,0,41.03
TRIP-1973,12004,Lucknow Shatabdi Express,SF,GZB,ALJN,106.3,60.0,2,3,14.5,0.67,0,57.89
TRIP-1973,12004,Lucknow Shatabdi Express,SF,ALJN,CNB,308.6,210.0,3,3,13.2,0.89,0,193.25
TRIP-1973,12004,Lucknow Shatabdi Express,SF,CNB,LKO,71.6,75.0,7,3,0.0,0.89,0,76.66
TRIP-1974,12004,Lucknow Shatabdi Express,SF,NDLS,GZB,24.5,38.0,5,3,4.4,0.76,0,44.68
TRIP-1974,12004,Lucknow Shatabdi Express,SF,GZB,ALJN,106.3,60.0,5,3,12.1,0.62,0,62.45
TRIP-1974,12004,Lucknow Shatabdi Express,SF,ALJN,CNB,308.6,210.0,6,3,15.5,0.69,0,204.39
TRIP-1974,12004,Lucknow Shatabdi Express,SF,CNB,LKO,71.6,75.0,10,3,11.9,0.89,0,78.43
TRIP-1975,12004,Lucknow Shatabdi Express,SF,NDLS,GZB,24.5,38.0,8,3,1.1,0.98,0,43.18
TRIP-1975,12004,Lucknow Shatabdi Express,SF,GZB,ALJN,106.3,60.0,8,3,5.7,0.9,0,62.5
TRIP-1975,12004,Lucknow Shatabdi Express,SF,ALJN,CNB,308.6,210.0,9,3,9.7,0.98,0,220.91
TRIP-1975,12004,Lucknow Shatabdi Express,SF,CNB,LKO,71.6,75.0,13,3,20.2,0.79,0,75.89
TRIP-1976,12004,Lucknow Shatabdi Express,SF,NDLS,GZB,24.5,38.0,14,3,18.0,0.76,0,39.79
TRIP-1976,12004,Lucknow Shatabdi Express,SF,GZB,ALJN,106.3,60.0,14,3,20.4,0.73,0,62.48
TRIP-1976,12004,Lucknow Shatabdi Express,SF,ALJN,CNB,308.6,210.0,15,3,23.8,0.63,0,204.16
TRIP-1976,12004,Lucknow Shatabdi Express,SF,CNB,LKO,71.6,75.0,19,3,18.2,0.96,0,82.93
TRIP-1977,22436,Vande Bharat Express,VB,NDLS,CNB,440.0,240.0,17,3,0.0,0.98,0,252.3
TRIP-1977,22436,Vande Bharat Express,VB,CNB,PRYJ,194.5,100.0,21,3,12.9,0.85,0,98.07
TRIP-1977,22436,Vande Bharat Express,VB,PRYJ,DDU,153.0,90.0,23,3,12.9,0.85,0,87.97
TRIP-1977,22436,Vande Bharat Express,VB,DDU,BSB,18.0,25.0,0,3,10.1,0.74,0,25.22
TRIP-1978,12802,Purushottam Express,EXP,NDLS,CNB,440.0,350.0,20,3,0.0,0.9,0,358.85
TRIP-1978,12802,Purushottam Express,EXP,CNB,PRYJ,194.5,150.0,2,3,10.4,0.82,0,142.02
TRIP-1978,12802,Purushottam Express,EXP,PRYJ,DDU,153.0,135.0,4,3,2.5,0.62,0,130.22
TRIP-1978,12802,Purushottam Express,EXP,DDU,GAYA,205.0,165.0,6,3,0.0,0.82,0,162.55
TRIP-1978,12802,Purushottam Express,EXP,GAYA,BKSC,149.0,135.0,9,3,0.0,0.63,0,136.21
TRIP-1978,12802,Purushottam Express,EXP,BKSC,PURI,612.0,520.0,11,3,1.1,0.73,0,522.86
TRIP-1979,12802,Purushottam Express,EXP,NDLS,CNB,440.0,350.0,0,4,31.8,0.73,0,352.41
TRIP-1979,12802,Purushottam Express,EXP,CNB,PRYJ,194.5,150.0,5,4,36.1,0.89,0,156.78
TRIP-1979,12802,Purushottam Express,EXP,PRYJ,DDU,153.0,135.0,8,4,44.4,0.83,0,147.76
TRIP-1979,12802,Purushottam Express,EXP,DDU,GAYA,205.0,165.0,11,4,58.2,0.98,0,184.52
TRIP-1979,12802,Purushottam Express,EXP,GAYA,BKSC,149.0,135.0,14,4,77.8,0.47,0,139.01
TRIP-1979,12802,Purushottam Express,EXP,BKSC,PURI,612.0,520.0,16,4,80.9,0.55,0,515.93
TRIP-1980,12004,Lucknow Shatabdi Express,SF,NDLS,GZB,24.5,38.0,6,4,0.0,0.77,0,42.24
TRIP-1980,12004,Lucknow Shatabdi Express,SF,GZB,ALJN,106.3,60.0,6,4,6.0,0.75,0,57.31
TRIP-1980,12004,Lucknow Shatabdi Express,SF,ALJN,CNB,308.6,210.0,7,4,4.2,0.78,0,207.33
TRIP-1980,12004,Lucknow Shatabdi Express,SF,CNB,LKO,71.6,75.0,11,4,1.9,0.91,0,83.11
TRIP-1981,12951,Mumbai Rajdhani Express,RAJ,BCT,ST,263.0,160.0,9,4,15.0,0.83,0,161.43
TRIP-1981,12951,Mumbai Rajdhani Express,RAJ,ST,BRC,129.0,80.0,11,4,16.3,0.84,0,76.97
TRIP-1981,12951,Mumbai Rajdhani Express,RAJ,BRC,RTM,261.0,195.0,13,4,13.5,0.79,0,192.22
TRIP-1981,12951,Mumbai Rajdhani Express,RAJ,RTM,KOTA,266.0,155.0,16,4,9.7,0.73,0,149.51
TRIP-1981,12951,Mumbai Rajdhani Express,RAJ,KOTA,MTJ,324.0,195.0,19,4,4.0,0.87,0,202.79
TRIP-1981,12951,Mumbai Rajdhani Express,RAJ,MTJ,NDLS,143.0,110.0,22,4,12.8,0.79,0,103.65
TRIP-1982,12004,Lucknow Shatabdi Express,SF,NDLS,GZB,24.5,38.0,13,4,10.0,0.79,0,43.75
TRIP-1982,12004,Lucknow Shatabdi Express,SF,GZB,ALJN,106.3,60.0,13,4,15.1,0.73,0,64.88
TRIP-1982,12004,Lucknow Shatabdi Express,SF,ALJN,CNB,308.6,210.0,14,4,20.1,0.82,0,209.62
TRIP-1982,12004,Lucknow Shatabdi Express,SF,CNB,LKO,71.6,75.0,18,4,19.8,0.81,0,79.59
TRIP-1983,12802,Purushottam Express,EXP,NDLS,CNB,440.0,350.0,17,4,10.0,0.82,0,366.45
TRIP-1983,12802,Purushottam Express,EXP,CNB,PRYJ,194.5,150.0,23,4,26.4,0.83,0,152.49
TRIP-1983,12802,Purushottam Express,EXP,PRYJ,DDU,153.0,135.0,1,4,30.7,0.74,0,136.12
TRIP-1983,12802,Purushottam Express,EXP,DDU,GAYA,205.0,165.0,4,4,31.5,0.7,0,166.36
TRIP-1983,12802,Purushottam Express,EXP,GAYA,BKSC,149.0,135.0,7,4,32.9,0.51,0,140.67
TRIP-1983,12802,Purushottam Express,EXP,BKSC,PURI,612.0,520.0,9,4,40.1,0.83,0,545.73
TRIP-1984,12951,Mumbai Rajdhani Express,RAJ,BCT,ST,263.0,160.0,23,4,0.0,0.69,0,160.6
TRIP-1984,12951,Mumbai Rajdhani Express,RAJ,ST,BRC,129.0,80.0,1,4,0.7,0.77,0,80.98
TRIP-1984,12951,Mumbai Rajdhani Express,RAJ,BRC,RTM,261.0,195.0,3,4,1.7,0.72,0,187.61
TRIP-1984,12951,Mumbai Rajdhani Express,RAJ,RTM,KOTA,266.0,155.0,6,4,0.0,0.64,0,158.19
TRIP-1984,12951,Mumbai Rajdhani Express,RAJ,KOTA,MTJ,324.0,195.0,9,4,4.3,0.82,0,209.31
TRIP-1984,12951,Mumbai Rajdhani Express,RAJ,MTJ,NDLS,143.0,110.0,12,4,18.4,0.83,0,110.64
TRIP-1985,12302,Howrah Rajdhani Express,RAJ,NDLS,CNB,440.0,285.0,2,5,0.4,0.76,0,262.49
TRIP-1985,12302,Howrah Rajdhani Express,RAJ,CNB,PRYJ,194.5,120.0,6,5,0.0,0.65,0,116.31
TRIP-1985,12302,Howrah Rajdhani Express,RAJ,PRYJ,DDU,153.0,105.0,8,5,0.0,0.82,0,119.6
TRIP-1985,12302,Howrah Rajdhani Express,RAJ,DDU,GAYA,205.0,130.0,10,5,14.7,0.98,0,138.06
TRIP-1985,12302,Howrah Rajdhani Express,RAJ,GAYA,DHN,201.0,140.0,12,5,22.5,0.63,0,133.35
TRIP-1985,12302,Howrah Rajdhani Express,RAJ,DHN,HWH,259.0,200.0,15,5,15.9,0.38,0,184.35
TRIP-1986,12951,Mumbai Rajdhani Express,RAJ,BCT,ST,263.0,160.0,6,5,7.5,0.81,0,151.63
TRIP-1986,12951,Mumbai Rajdhani Express,RAJ,ST,BRC,129.0,80.0,8,5,0.3,0.98,0,85.14
TRIP-1986,12951,Mumbai Rajdhani Express,RAJ,BRC,RTM,261.0,195.0,10,5,6.2,0.87,0,202.69
TRIP-1986,12951,Mumbai Rajdhani Express,RAJ,RTM,KOTA,266.0,155.0,13,5,14.8,0.84,0,151.14
TRIP-1986,12951,Mumbai Rajdhani Express,RAJ,KOTA,MTJ,324.0,195.0,16,5,11.8,0.78,0,190.86
TRIP-1986,12951,Mumbai Rajdhani Express,RAJ,MTJ,NDLS,143.0,110.0,19,5,7.4,0.95,0,112.96
TRIP-1987,12302,Howrah Rajdhani Express,RAJ,NDLS,CNB,440.0,285.0,10,5,10.0,0.98,0,300.06
TRIP-1987,12302,Howrah Rajdhani Express,RAJ,CNB,PRYJ,194.5,120.0,15,5,25.0,0.6,0,116.57
TRIP-1987,12302,Howrah Rajdhani Express,RAJ,PRYJ,DDU,153.0,105.0,17,5,21.6,0.95,0,109.78
TRIP-1987,12302,Howrah Rajdhani Express,RAJ,DDU,GAYA,205.0,130.0,19,5,27.7,0.92,0,135.67
TRIP-1987,12302,Howrah Rajdhani Express,RAJ,GAYA,DHN,201.0,140.0,21,5,32.7,0.82,0,150.39
TRIP-1987,12302,Howrah Rajdhani Express,RAJ,DHN,HWH,259.0,200.0,23,5,44.0,0.37,0,201.26
TRIP-1988,12951,Mumbai Rajdhani Express,RAJ,BCT,ST,263.0,160.0,13,5,38.8,0.6,0,161.91
TRIP-1988,12951,Mumbai Rajdhani Express,RAJ,ST,BRC,129.0,80.0,15,5,42.2,0.68,0,82.96
TRIP-1988,12951,Mumbai Rajdhani Express,RAJ,BRC,RTM,261.0,195.0,17,5,45.4,0.98,0,209.43
TRIP-1988,12951,Mumbai Rajdhani Express,RAJ,RTM,KOTA,266.0,155.0,20,5,60.1,0.81,0,166.78
TRIP-1988,12951,Mumbai Rajdhani Express,RAJ,KOTA,MTJ,324.0,195.0,23,5,71.9,0.89,0,199.43
TRIP-1988,12951,Mumbai Rajdhani Express,RAJ,MTJ,NDLS,143.0,110.0,3,5,76.5,0.83,0,113.06
TRIP-1989,12004,Lucknow Shatabdi Express,SF,NDLS,GZB,24.5,38.0,17,5,10.0,0.96,0,41.0
TRIP-1989,12004,Lucknow Shatabdi Express,SF,GZB,ALJN,106.3,60.0,17,5,12.3,0.94,0,63.68
TRIP-1989,12004,Lucknow Shatabdi Express,SF,ALJN,CNB,308.6,210.0,18,5,17.2,0.98,0,220.1
TRIP-1989,12004,Lucknow Shatabdi Express,SF,CNB,LKO,71.6,75.0,22,5,27.6,0.68,0,71.26
TRIP-1990,12004,Lucknow Shatabdi Express,SF,NDLS,GZB,24.5,38.0,21,5,4.9,0.98,0,41.03
TRIP-1990,12004,Lucknow Shatabdi Express,SF,GZB,ALJN,106.3,60.0,21,5,9.0,0.98,0,70.24
TRIP-1990,12004,Lucknow Shatabdi Express,SF,ALJN,CNB,308.6,210.0,23,5,18.5,0.8,0,211.28
TRIP-1990,12004,Lucknow Shatabdi Express,SF,CNB,LKO,71.6,75.0,2,5,20.1,0.86,0,68.93
TRIP-1991,12802,Purushottam Express,EXP,NDLS,CNB,440.0,350.0,1,6,0.6,0.9,0,326.86
TRIP-1991,12802,Purushottam Express,EXP,CNB,PRYJ,194.5,150.0,6,6,0.0,0.9,0,152.19
TRIP-1991,12802,Purushottam Express,EXP,PRYJ,DDU,153.0,135.0,9,6,3.7,0.98,0,149.23
TRIP-1991,12802,Purushottam Express,EXP,DDU,GAYA,205.0,165.0,11,6,19.5,0.85,0,171.76
TRIP-1991,12802,Purushottam Express,EXP,GAYA,BKSC,149.0,135.0,14,6,26.2,0.44,0,131.38
TRIP-1991,12802,Purushottam Express,EXP,BKSC,PURI,612.0,520.0,16,6,22.6,0.53,0,511.91
TRIP-1992,12951,Mumbai Rajdhani Express,RAJ,BCT,ST,263.0,160.0,3,6,0.0,0.69,0,151.86
TRIP-1992,12951,Mumbai Rajdhani Express,RAJ,ST,BRC,129.0,80.0,5,6,0.0,0.84,0,86.12
TRIP-1992,12951,Mumbai Rajdhani Express,RAJ,BRC,RTM,261.0,195.0,7,6,7.7,0.72,0,188.0
TRIP-1992,12951,Mumbai Rajdhani Express,RAJ,RTM,KOTA,266.0,155.0,10,6,0.3,0.88,0,166.93
TRIP-1992,12951,Mumbai Rajdhani Express,RAJ,KOTA,MTJ,324.0,195.0,13,6,12.4,0.79,0,200.35
TRIP-1992,12951,Mumbai Rajdhani Express,RAJ,MTJ,NDLS,143.0,110.0,16,6,17.1,0.61,0,107.43
TRIP-1993,12802,Purushottam Express,EXP,NDLS,CNB,440.0,350.0,9,6,0.0,0.9,0,368.75
TRIP-1993,12802,Purushottam Express,EXP,CNB,PRYJ,194.5,150.0,15,6,18.7,0.85,0,151.34
TRIP-1993,12802,Purushottam Express,EXP,PRYJ,DDU,153.0,135.0,17,6,20.0,0.93,0,142.71
TRIP-1993,12802,Purushottam Express,EXP,DDU,GAYA,205.0,165.0,20,6,29.0,0.98,0,176.99
TRIP-1993,12802,Purushottam Express,EXP,GAYA,BKSC,149.0,135.0,23,6,40.2,0.42,0,135.15
TRIP-1993,12802,Purushottam Express,EXP,BKSC,PURI,612.0,520.0,1,6,40.0,0.43,0,491.44
TRIP-1994,12004,Lucknow Shatabdi Express,SF,NDLS,GZB,24.5,38.0,13,6,10.0,0.9,0,47.77
TRIP-1994,12004,Lucknow Shatabdi Express,SF,GZB,ALJN,106.3,60.0,13,6,20.8,0.66,0,60.31
TRIP-1994,12004,Lucknow Shatabdi Express,SF,ALJN,CNB,308.6,210.0,14,6,21.6,0.79,0,204.36
TRIP-1994,12004,Lucknow Shatabdi Express,SF,CNB,LKO,71.6,75.0,18,6,16.5,0.93,0,79.87
TRIP-1995,12302,Howrah Rajdhani Express,RAJ,NDLS,CNB,440.0,285.0,17,6,4.7,0.98,0,307.07
TRIP-1995,12302,Howrah Rajdhani Express,RAJ,CNB,PRYJ,194.5,120.0,22,6,25.9,0.9,0,118.18
TRIP-1995,12302,Howrah Rajdhani Express,RAJ,PRYJ,DDU,153.0,105.0,0,6,23.3,0.84,0,106.7
TRIP-1995,12302,Howrah Rajdhani Express,RAJ,DDU,GAYA,205.0,130.0,2,6,26.5,0.68,0,124.98
TRIP-1995,12302,Howrah Rajdhani Express,RAJ,GAYA,DHN,201.0,140.0,4,6,22.9,0.49,0,126.73
TRIP-1995,12302,Howrah Rajdhani Express,RAJ,DHN,HWH,259.0,200.0,6,6,9.7,0.64,0,187.39
TRIP-1996,22436,Vande Bharat Express,VB,NDLS,CNB,440.0,240.0,21,6,0.5,0.81,0,256.53
TRIP-1996,22436,Vande Bharat Express,VB,CNB,PRYJ,194.5,100.0,1,6,17.6,0.78,0,93.26
TRIP-1996,22436,Vande Bharat Express,VB,PRYJ,DDU,153.0,90.0,2,6,10.1,0.7,0,81.68
TRIP-1996,22436,Vande Bharat Express,VB,DDU,BSB,18.0,25.0,4,6,3.6,0.73,0,25.1
TRIP-1997,22436,Vande Bharat Express,VB,NDLS,CNB,440.0,240.0,1,0,5.1,0.63,0,222.35
TRIP-1997,22436,Vande Bharat Express,VB,CNB,PRYJ,194.5,100.0,4,0,0.0,0.74,0,92.63
TRIP-1997,22436,Vande Bharat Express,VB,PRYJ,DDU,153.0,90.0,6,0,0.0,0.67,0,88.85
TRIP-1997,22436,Vande Bharat Express,VB,DDU,BSB,18.0,25.0,7,0,0.8,0.69,0,27.99
TRIP-1998,12004,Lucknow Shatabdi Express,SF,NDLS,GZB,24.5,38.0,5,0,27.7,0.67,0,42.75
TRIP-1998,12004,Lucknow Shatabdi Express,SF,GZB,ALJN,106.3,60.0,5,0,34.2,0.75,0,69.96
TRIP-1998,12004,Lucknow Shatabdi Express,SF,ALJN,CNB,308.6,210.0,7,0,43.9,0.78,0,215.65
TRIP-1998,12004,Lucknow Shatabdi Express,SF,CNB,LKO,71.6,75.0,10,0,49.8,0.94,0,88.32
TRIP-1999,12004,Lucknow Shatabdi Express,SF,NDLS,GZB,24.5,38.0,8,0,23.2,0.91,0,40.76
TRIP-1999,12004,Lucknow Shatabdi Express,SF,GZB,ALJN,106.3,60.0,8,0,27.4,0.98,0,64.18
TRIP-1999,12004,Lucknow Shatabdi Express,SF,ALJN,CNB,308.6,210.0,9,0,32.0,0.98,0,228.09
TRIP-1999,12004,Lucknow Shatabdi Express,SF,CNB,LKO,71.6,75.0,13,0,49.8,0.7,0,77.5
TRIP-2000,12302,Howrah Rajdhani Express,RAJ,NDLS,CNB,440.0,285.0,12,0,4.8,0.82,0,282.75
TRIP-2000,12302,Howrah Rajdhani Express,RAJ,CNB,PRYJ,194.5,120.0,16,0,1.6,0.64,0,123.13
TRIP-2000,12302,Howrah Rajdhani Express,RAJ,PRYJ,DDU,153.0,105.0,18,0,6.5,0.98,0,106.78
TRIP-2000,12302,Howrah Rajdhani Express,RAJ,DDU,GAYA,205.0,130.0,20,0,9.5,0.98,0,134.21
TRIP-2000,12302,Howrah Rajdhani Express,RAJ,GAYA,DHN,201.0,140.0,23,0,13.8,0.63,0,134.59
TRIP-2000,12302,Howrah Rajdhani Express,RAJ,DHN,HWH,259.0,200.0,1,0,9.6,0.62,0,176.78
TRIP-2001,12802,Purushottam Express,EXP,NDLS,CNB,440.0,350.0,16,0,1.4,0.84,0,342.3
TRIP-2001,12802,Purushottam Express,EXP,CNB,PRYJ,194.5,150.0,21,0,0.0,0.82,0,159.18
TRIP-2001,12802,Purushottam Express,EXP,PRYJ,DDU,153.0,135.0,0,0,10.4,0.61,0,132.73
TRIP-2001,12802,Purushottam Express,EXP,DDU,GAYA,205.0,165.0,2,0,7.7,0.73,0,154.36
TRIP-2001,12802,Purushottam Express,EXP,GAYA,BKSC,149.0,135.0,5,0,0.0,0.58,0,132.4
TRIP-2001,12802,Purushottam Express,EXP,BKSC,PURI,612.0,520.0,7,0,0.0,0.5,0,499.58
TRIP-2002,12302,Howrah Rajdhani Express,RAJ,NDLS,CNB,440.0,285.0,18,0,10.0,0.98,0,291.73
TRIP-2002,12302,Howrah Rajdhani Express,RAJ,CNB,PRYJ,194.5,120.0,22,0,17.1,0.82,0,117.81
TRIP-2002,12302,Howrah Rajdhani Express,RAJ,PRYJ,DDU,153.0,105.0,0,0,16.4,0.87,0,95.47
TRIP-2002,12302,Howrah Rajdhani Express,RAJ,DDU,GAYA,205.0,130.0,2,0,6.4,0.82,0,121.64
TRIP-2002,12302,Howrah Rajdhani Express,RAJ,GAYA,DHN,201.0,140.0,4,0,0.0,0.63,0,123.87
TRIP-2002,12302,Howrah Rajdhani Express,RAJ,DHN,HWH,259.0,200.0,6,0,0.0,0.63,0,193.71
TRIP-2003,12802,Purushottam Express,EXP,NDLS,CNB,440.0,350.0,21,0,10.0,0.98,0,361.25
TRIP-2003,12802,Purushottam Express,EXP,CNB,PRYJ,194.5,150.0,3,0,21.1,0.79,0,141.92
TRIP-2003,12802,Purushottam Express,EXP,PRYJ,DDU,153.0,135.0,5,0,13.8,0.62,0,131.54
TRIP-2003,12802,Purushottam Express,EXP,DDU,GAYA,205.0,165.0,7,0,11.4,0.62,0,165.77
TRIP-2003,12802,Purushottam Express,EXP,GAYA,BKSC,149.0,135.0,10,0,11.9,0.8,0,137.15
TRIP-2003,12802,Purushottam Express,EXP,BKSC,PURI,612.0,520.0,13,0,13.3,0.47,0,499.41
TRIP-2004,12302,Howrah Rajdhani Express,RAJ,NDLS,CNB,440.0,285.0,23,0,1.0,0.6,0,277.15
TRIP-2004,12302,Howrah Rajdhani Express,RAJ,CNB,PRYJ,194.5,120.0,3,0,0.0,0.88,0,113.76
TRIP-2004,12302,Howrah Rajdhani Express,RAJ,PRYJ,DDU,153.0,105.0,5,0,0.0,0.6,0,102.85
TRIP-2004,12302,Howrah Rajdhani Express,RAJ,DDU,GAYA,205.0,130.0,7,0,0.0,0.89,0,141.72
TRIP-2004,12302,Howrah Rajdhani Express,RAJ,GAYA,DHN,201.0,140.0,9,0,11.0,0.63,0,132.98
TRIP-2004,12302,Howrah Rajdhani Express,RAJ,DHN,HWH,259.0,200.0,12,0,5.2,0.55,0,190.2
TRIP-2005,12802,Purushottam Express,EXP,NDLS,CNB,440.0,350.0,2,1,22.7,0.65,0,324.54
TRIP-2005,12802,Purushottam Express,EXP,CNB,PRYJ,194.5,150.0,7,1,0.0,0.9,0,148.5
TRIP-2005,12802,Purushottam Express,EXP,PRYJ,DDU,153.0,135.0,10,1,0.0,0.98,0,145.19
TRIP-2005,12802,Purushottam Express,EXP,DDU,GAYA,205.0,165.0,12,1,11.1,0.75,0,161.02
TRIP-2005,12802,Purushottam Express,EXP,GAYA,BKSC,149.0,135.0,15,1,6.2,0.39,0,128.59
TRIP-2005,12802,Purushottam Express,EXP,BKSC,PURI,612.0,520.0,17,1,1.1,0.66,0,520.34
TRIP-2006,12302,Howrah Rajdhani Express,RAJ,NDLS,CNB,440.0,285.0,4,1,5.7,0.8,0,255.77
TRIP-2006,12302,Howrah Rajdhani Express,RAJ,CNB,PRYJ,194.5,120.0,8,1,0.0,0.94,0,127.75
TRIP-2006,12302,Howrah Rajdhani Express,RAJ,PRYJ,DDU,153.0,105.0,10,1,9.3,0.82,0,106.58
TRIP-2006,12302,Howrah Rajdhani Express,RAJ,DDU,GAYA,205.0,130.0,12,1,10.1,0.61,0,121.27
TRIP-2006,12302,Howrah Rajdhani Express,RAJ,GAYA,DHN,201.0,140.0,14,1,2.3,0.42,0,133.2
TRIP-2006,12302,Howrah Rajdhani Express,RAJ,DHN,HWH,259.0,200.0,16,1,0.0,0.48,0,189.05
TRIP-2007,22436,Vande Bharat Express,VB,NDLS,CNB,440.0,240.0,10,1,0.0,0.98,0,246.41
TRIP-2007,22436,Vande Bharat Express,VB,CNB,PRYJ,194.5,100.0,14,1,6.1,0.83,0,99.45
TRIP-2007,22436,Vande Bharat Express,VB,PRYJ,DDU,153.0,90.0,15,1,5.8,0.8,0,85.78
TRIP-2007,22436,Vande Bharat Express,VB,DDU,BSB,18.0,25.0,17,1,3.0,0.96,0,28.28
TRIP-2008,12951,Mumbai Rajdhani Express,RAJ,BCT,ST,263.0,160.0,16,1,2.3,0.74,0,159.18
TRIP-2008,12951,Mumbai Rajdhani Express,RAJ,ST,BRC,129.0,80.0,18,1,2.9,0.98,0,87.93
TRIP-2008,12951,Mumbai Rajdhani Express,RAJ,BRC,RTM,261.0,195.0,20,1,11.0,0.98,0,204.37
TRIP-2008,12951,Mumbai Rajdhani Express,RAJ,RTM,KOTA,266.0,155.0,23,1,20.7,0.82,0,153.11
TRIP-2008,12951,Mumbai Rajdhani Express,RAJ,KOTA,MTJ,324.0,195.0,2,1,20.8,0.69,0,183.31
TRIP-2008,12951,Mumbai Rajdhani Express,RAJ,MTJ,NDLS,143.0,110.0,5,1,9.4,0.76,0,103.54
TRIP-2009,22436,Vande Bharat Express,VB,NDLS,CNB,440.0,240.0,19,1,28.6,0.91,0,253.29
TRIP-2009,22436,Vande Bharat Express,VB,CNB,PRYJ,194.5,100.0,23,1,42.3,0.86,0,109.85
TRIP-2009,22436,Vande Bharat Express,VB,PRYJ,DDU,153.0,90.0,1,1,53.1,0.7,0,89.06
TRIP-2009,22436,Vande Bharat Express,VB,DDU,BSB,18.0,25.0,2,1,53.1,0.65,0,31.25
TRIP-2010,22436,Vande Bharat Express,VB,NDLS,CNB,440.0,240.0,22,1,5.5,0.76,0,231.56
TRIP-2010,22436,Vande Bharat Express,VB,CNB,PRYJ,194.5,100.0,1,1,0.0,0.8,0,93.98
TRIP-2010,22436,Vande Bharat Express,VB,PRYJ,DDU,153.0,90.0,3,1,0.0,0.81,0,87.26
TRIP-2010,22436,Vande Bharat Express,VB,DDU,BSB,18.0,25.0,5,1,0.0,0.68,0,25.2
TRIP-2011,12004,Lucknow Shatabdi Express,SF,NDLS,GZB,24.5,38.0,4,2,10.0,0.83,0,40.43
TRIP-2011,12004,Lucknow Shatabdi Express,SF,GZB,ALJN,106.3,60.0,4,2,14.1,0.89,0,57.57
TRIP-2011,12004,Lucknow Shatabdi Express,SF,ALJN,CNB,308.6,210.0,5,2,12.1,0.62,0,202.15
TRIP-2011,12004,Lucknow Shatabdi Express,SF,CNB,LKO,71.6,75.0,9,2,5.6,0.81,0,82.33
TRIP-2012,12004,Lucknow Shatabdi Express,SF,NDLS,GZB,24.5,38.0,7,2,1.4,0.82,0,39.08
TRIP-2012,12004,Lucknow Shatabdi Express,SF,GZB,ALJN,106.3,60.0,7,2,3.0,0.87,0,63.82
TRIP-2012,12004,Lucknow Shatabdi Express,SF,ALJN,CNB,308.6,210.0,8,2,8.2,0.92,0,213.52
TRIP-2012,12004,Lucknow Shatabdi Express,SF,CNB,LKO,71.6,75.0,12,2,12.0,0.83,0,76.4
TRIP-2013,12951,Mumbai Rajdhani Express,RAJ,BCT,ST,263.0,160.0,11,2,0.0,0.98,0,165.06
TRIP-2013,12951,Mumbai Rajdhani Express,RAJ,ST,BRC,129.0,80.0,13,2,5.5,0.69,0,74.98
TRIP-2013,12951,Mumbai Rajdhani Express,RAJ,BRC,RTM,261.0,195.0,15,2,0.1,0.71,0,189.2
TRIP-2013,12951,Mumbai Rajdhani Express,RAJ,RTM,KOTA,266.0,155.0,18,2,0.0,0.98,0,167.08
TRIP-2013,12951,Mumbai Rajdhani Express,RAJ,KOTA,MTJ,324.0,195.0,21,2,11.8,0.8,0,196.09
TRIP-2013,12951,Mumbai Rajdhani Express,RAJ,MTJ,NDLS,143.0,110.0,0,2,13.6,0.85,0,107.72
TRIP-2014,12951,Mumbai Rajdhani Express,RAJ,BCT,ST,263.0,160.0,13,2,10.0,0.78,0,157.69
TRIP-2014,12951,Mumbai Rajdhani Express,RAJ,ST,BRC,129.0,80.0,15,2,7.1,0.67,0,82.38
TRIP-2014,12951,Mumbai Rajdhani Express,RAJ,BRC,RTM,261.0,195.0,17,2,10.4,0.98,0,194.53
TRIP-2014,12951,Mumbai Rajdhani Express,RAJ,RTM,KOTA,266.0,155.0,20,2,10.3,0.98,0,159.34
TRIP-2014,12951,Mumbai Rajdhani Express,RAJ,KOTA,MTJ,324.0,195.0,23,2,13.7,0.62,0,180.96
TRIP-2014,12951,Mumbai Rajdhani Express,RAJ,MTJ,NDLS,143.0,110.0,2,2,0.9,0.65,0,100.92
TRIP-2015,22436,Vande Bharat Express,VB,NDLS,CNB,440.0,240.0,16,2,0.0,0.72,0,238.78
TRIP-2015,22436,Vande Bharat Express,VB,CNB,PRYJ,194.5,100.0,20,2,0.4,0.98,0,114.28
TRIP-2015,22436,Vande Bharat Express,VB,PRYJ,DDU,153.0,90.0,22,2,15.4,0.84,0,91.23
TRIP-2015,22436,Vande Bharat Express,VB,DDU,BSB,18.0,25.0,23,2,18.0,0.83,0,24.8
TRIP-2016,12802,Purushottam Express,EXP,NDLS,CNB,440.0,350.0,18,2,0.0,0.92,0,362.07
TRIP-2016,12802,Purushottam Express,EXP,CNB,PRYJ,194.5,150.0,0,2,13.6,0.61,0,144.96
TRIP-2016,12802,Purushottam Express,EXP,PRYJ,DDU,153.0,135.0,2,2,7.7,0.63,0,129.01
TRIP-2016,12802,Purushottam Express,EXP,DDU,GAYA,205.0,165.0,4,2,2.1,0.86,0,154.54
TRIP-2016,12802,Purushottam Express,EXP,GAYA,BKSC,149.0,135.0,7,2,0.0,0.39,0,127.68
TRIP-2016,12802,Purushottam Express,EXP,BKSC,PURI,612.0,520.0,9,2,0.0,0.74,0,524.96
TRIP-2017,12302,Howrah Rajdhani Express,RAJ,NDLS,CNB,440.0,285.0,0,3,4.3,0.66,0,281.05
TRIP-2017,12302,Howrah Rajdhani Express,RAJ,CNB,PRYJ,194.5,120.0,4,3,1.7,0.75,0,110.18
TRIP-2017,12302,Howrah Rajdhani Express,RAJ,PRYJ,DDU,153.0,105.0,6,3,0.0,0.77,0,102.73
TRIP-2017,12302,Howrah Rajdhani Express,RAJ,DDU,GAYA,205.0,130.0,8,3,0.0,0.9,0,133.95
TRIP-2017,12302,Howrah Rajdhani Express,RAJ,GAYA,DHN,201.0,140.0,10,3,5.2,0.61,0,132.29
TRIP-2017,12302,Howrah Rajdhani Express,RAJ,DHN,HWH,259.0,200.0,13,3,0.0,0.55,0,194.68
TRIP-2018,12302,Howrah Rajdhani Express,RAJ,NDLS,CNB,440.0,285.0,2,3,6.1,0.86,0,258.95
TRIP-2018,12302,Howrah Rajdhani Express,RAJ,CNB,PRYJ,194.5,120.0,6,3,0.0,0.85,0,119.88
TRIP-2018,12302,Howrah Rajdhani Express,RAJ,PRYJ,DDU,153.0,105.0,8,3,0.0,0.98,0,114.19
TRIP-2018,12302,Howrah Rajdhani Express,RAJ,DDU,GAYA,205.0,130.0,10,3,10.8,0.98,0,134.19
TRIP-2018,12302,Howrah Rajdhani Express,RAJ,GAYA,DHN,201.0,140.0,12,3,15.4,0.61,0,131.82
TRIP-2018,12302,Howrah Rajdhani Express,RAJ,DHN,HWH,259.0,200.0,15,3,6.6,0.62,0,182.5
TRIP-2019,12004,Lucknow Shatabdi Express,SF,NDLS,GZB,24.5,38.0,8,3,0.0,0.95,0,41.85
TRIP-2019,12004,Lucknow Shatabdi Express,SF,GZB,ALJN,106.3,60.0,8,3,5.6,0.92,0,66.33
TRIP-2019,12004,Lucknow Shatabdi Express,SF,ALJN,CNB,308.6,210.0,9,3,13.2,0.89,0,219.93
TRIP-2019,12004,Lucknow Shatabdi Express,SF,CNB,LKO,71.6,75.0,13,3,22.2,0.89,0,81.28
TRIP-2020,12302,Howrah Rajdhani Express,RAJ,NDLS,CNB,440.0,285.0,12,3,3.3,0.8,0,270.0
TRIP-2020,12302,Howrah Rajdhani Express,RAJ,CNB,PRYJ,194.5,120.0,16,3,0.0,0.69,0,119.56
TRIP-2020,12302,Howrah Rajdhani Express,RAJ,PRYJ,DDU,153.0,105.0,18,3,0.0,0.86,0,114.11
TRIP-2020,12302,Howrah Rajdhani Express,RAJ,DDU,GAYA,205.0,130.0,20,3,10.4,0.81,0,132.22
TRIP-2020,12302,Howrah Rajdhani Express,RAJ,GAYA,DHN,201.0,140.0,22,3,14.3,0.53,0,130.43
TRIP-2020,12302,Howrah Rajdhani Express,RAJ,DHN,HWH,259.0,200.0,1,3,6.0,0.37,0,179.23
TRIP-2021,22436,Vande Bharat Express,VB,NDLS,CNB,440.0,240.0,14,3,0.0,0.81,0,229.21
TRIP-2021,22436,Vande Bharat Express,VB,CNB,PRYJ,194.5,100.0,17,3,0.0,0.89,0,104.93
TRIP-2021,22436,Vande Bharat Express,VB,PRYJ,DDU,153.0,90.0,19,3,6.1,0.97,0,101.03
TRIP-2021,22436,Vande Bharat Express,VB,DDU,BSB,18.0,25.0,21,3,17.6,0.98,0,24.56
TRIP-2022,12951,Mumbai Rajdhani Express,RAJ,BCT,ST,263.0,160.0,16,3,2.3,0.89,0,161.32
TRIP-2022,12951,Mumbai Rajdhani Express,RAJ,ST,BRC,129.0,80.0,18,3,2.8,0.87,0,82.54
TRIP-2022,12951,Mumbai Rajdhani Express,RAJ,BRC,RTM,261.0,195.0,20,3,4.7,0.88,0,206.32
TRIP-2022,12951,Mumbai Rajdhani Express,RAJ,RTM,KOTA,266.0,155.0,23,3,17.6,0.82,0,149.3
TRIP-2022,12951,Mumbai Rajdhani Express,RAJ,KOTA,MTJ,324.0,195.0,2,3,12.3,0.69,0,178.56
TRIP-2022,12951,Mumbai Rajdhani Express,RAJ,MTJ,NDLS,143.0,110.0,5,3,0.0,0.87,0,110.95
TRIP-2023,12951,Mumbai Rajdhani Express,RAJ,BCT,ST,263.0,160.0,20,3,7.0,0.97,0,167.13
TRIP-2023,12951,Mumbai Rajdhani Express,RAJ,ST,BRC,129.0,80.0,22,3,16.1,0.8,0,76.84
TRIP-2023,12951,Mumbai Rajdhani Express,RAJ,BRC,RTM,261.0,195.0,0,3,13.0,0.83,0,186.45
TRIP-2023,12951,Mumbai Rajdhani Express,RAJ,RTM,KOTA,266.0,155.0,3,3,5.1,0.78,0,143.64
TRIP-2023,12951,Mumbai Rajdhani Express,RAJ,KOTA,MTJ,324.0,195.0,5,3,0.0,0.68,0,193.45
TRIP-2023,12951,Mumbai Rajdhani Express,RAJ,MTJ,NDLS,143.0,110.0,9,3,0.2,0.98,0,112.95
TRIP-2024,12004,Lucknow Shatabdi Express,SF,NDLS,GZB,24.5,38.0,2,4,0.0,0.74,0,44.28
TRIP-2024,12004,Lucknow Shatabdi Express,SF,GZB,ALJN,106.3,60.0,2,4,8.2,0.8,0,63.2
TRIP-2024,12004,Lucknow Shatabdi Express,SF,ALJN,CNB,308.6,210.0,3,4,12.0,0.79,0,197.83
TRIP-2024,12004,Lucknow Shatabdi Express,SF,CNB,LKO,71.6,75.0,7,4,0.0,0.84,0,75.7
TRIP-2025,12302,Howrah Rajdhani Express,RAJ,NDLS,CNB,440.0,285.0,8,4,10.0,0.92,0,300.77
TRIP-2025,12302,Howrah Rajdhani Express,RAJ,CNB,PRYJ,194.5,120.0,13,4,27.7,0.83,0,121.0
TRIP-2025,12302,Howrah Rajdhani Express,RAJ,PRYJ,DDU,153.0,105.0,15,4,29.0,0.76,0,103.31
TRIP-2025,12302,Howrah Rajdhani Express,RAJ,DDU,GAYA,205.0,130.0,17,4,29.1,0.98,0,141.85
TRIP-2025,12302,Howrah Rajdhani Express,RAJ,GAYA,DHN,201.0,140.0,19,4,42.8,0.64,0,144.24
TRIP-2025,12302,Howrah Rajdhani Express,RAJ,DHN,HWH,259.0,200.0,21,4,48.3,0.57,0,208.59
TRIP-2026,12951,Mumbai Rajdhani Express,RAJ,BCT,ST,263.0,160.0,11,4,12.0,0.98,0,162.7
TRIP-2026,12951,Mumbai Rajdhani Express,RAJ,ST,BRC,129.0,80.0,13,4,16.0,0.64,0,79.96
TRIP-2026,12951,Mumbai Rajdhani Express,RAJ,BRC,RTM,261.0,195.0,15,4,16.2,0.62,0,195.06
TRIP-2026,12951,Mumbai Rajdhani Express,RAJ,RTM,KOTA,266.0,155.0,18,4,15.5,0.81,0,160.19
TRIP-2026,12951,Mumbai Rajdhani Express,RAJ,KOTA,MTJ,324.0,195.0,21,4,20.2,0.98,0,210.08
TRIP-2026,12951,Mumbai Rajdhani Express,RAJ,MTJ,NDLS,143.0,110.0,0,4,37.1,0.66,0,111.97
TRIP-2027,22436,Vande Bharat Express,VB,NDLS,CNB,440.0,240.0,15,4,0.4,0.64,0,237.91
TRIP-2027,22436,Vande Bharat Express,VB,CNB,PRYJ,194.5,100.0,19,4,0.0,0.98,0,104.68
TRIP-2027,22436,Vande Bharat Express,VB,PRYJ,DDU,153.0,90.0,20,4,3.7,0.98,0,96.43
TRIP-2027,22436,Vande Bharat Express,VB,DDU,BSB,18.0,25.0,22,4,12.0,0.64,0,21.57
TRIP-2028,12302,Howrah Rajdhani Express,RAJ,NDLS,CNB,440.0,285.0,21,4,0.0,0.98,0,298.72
TRIP-2028,12302,Howrah Rajdhani Express,RAJ,CNB,PRYJ,194.5,120.0,2,4,15.4,0.65,0,107.55
TRIP-2028,12302,Howrah Rajdhani Express,RAJ,PRYJ,DDU,153.0,105.0,3,4,3.0,0.72,0,101.12
TRIP-2028,12302,Howrah Rajdhani Express,RAJ,DDU,GAYA,205.0,130.0,5,4,0.0,0.65,0,134.87
TRIP-2028,12302,Howrah Rajdhani Express,RAJ,GAYA,DHN,201.0,140.0,8,4,6.2,0.64,0,142.18
TRIP-2028,12302,Howrah Rajdhani Express,RAJ,DHN,HWH,259.0,200.0,10,4,10.4,0.55,0,196.47
TRIP-2029,12951,Mumbai Rajdhani Express,RAJ,BCT,ST,263.0,160.0,0,5,5.0,0.62,0,154.01
TRIP-2029,12951,Mumbai Rajdhani Express,RAJ,ST,BRC,129.0,80.0,2,5,0.4,0.75,0,77.05
TRIP-2029,12951,Mumbai Rajdhani Express,RAJ,BRC,RTM,261.0,195.0,4,5,0.0,0.77,0,183.81
TRIP-2029,12951,Mumbai Rajdhani Express,RAJ,RTM,KOTA,266.0,155.0,7,5,0.0,0.82,0,155.35
TRIP-2029,12951,Mumbai Rajdhani Express,RAJ,KOTA,MTJ,324.0,195.0,9,5,1.4,0.98,0,204.84
TRIP-2029,12951,Mumbai Rajdhani Express,RAJ,MTJ,NDLS,143.0,110.0,13,5,10.6,0.79,0,108.98
TRIP-2030,22436,Vande Bharat Express,VB,NDLS,CNB,440.0,240.0,4,5,13.4,0.64,0,221.7
TRIP-2030,22436,Vande Bharat Express,VB,CNB,PRYJ,194.5,100.0,7,5,0.0,0.69,0,98.8
TRIP-2030,22436,Vande Bharat Express,VB,PRYJ,DDU,153.0,90.0,9,5,0.7,0.82,0,96.27
TRIP-2030,22436,Vande Bharat Express,VB,DDU,BSB,18.0,25.0,11,5,8.7,0.98,0,29.97
TRIP-2031,12951,Mumbai Rajdhani Express,RAJ,BCT,ST,263.0,160.0,7,5,1.7,0.75,0,163.6
TRIP-2031,12951,Mumbai Rajdhani Express,RAJ,ST,BRC,129.0,80.0,9,5,5.3,0.86,0,82.08
TRIP-2031,12951,Mumbai Rajdhani Express,RAJ,BRC,RTM,261.0,195.0,11,5,7.2,0.96,0,201.8
TRIP-2031,12951,Mumbai Rajdhani Express,RAJ,RTM,KOTA,266.0,155.0,14,5,15.1,0.6,0,144.15
TRIP-2031,12951,Mumbai Rajdhani Express,RAJ,KOTA,MTJ,324.0,195.0,17,5,4.4,0.84,0,200.14
TRIP-2031,12951,Mumbai Rajdhani Express,RAJ,MTJ,NDLS,143.0,110.0,20,5,11.3,0.98,0,120.17
TRIP-2032,12302,Howrah Rajdhani Express,RAJ,NDLS,CNB,440.0,285.0,13,5,0.3,0.66,0,275.72
TRIP-2032,12302,Howrah Rajdhani Express,RAJ,CNB,PRYJ,194.5,120.0,17,5,0.0,0.98,0,128.31
TRIP-2032,12302,Howrah Rajdhani Express,RAJ,PRYJ,DDU,153.0,105.0,19,5,8.8,0.87,0,113.55
TRIP-2032,12302,Howrah Rajdhani Express,RAJ,DDU,GAYA,205.0,130.0,21,5,18.5,0.98,0,137.36
TRIP-2032,12302,Howrah Rajdhani Express,RAJ,GAYA,DHN,201.0,140.0,0,5,27.3,0.63,0,134.2
TRIP-2032,12302,Howrah Rajdhani Express,RAJ,DHN,HWH,259.0,200.0,2,5,21.4,0.47,0,180.03
TRIP-2033,12004,Lucknow Shatabdi Express,SF,NDLS,GZB,24.5,38.0,17,5,0.0,0.97,0,43.98
TRIP-2033,12004,Lucknow Shatabdi Express,SF,GZB,ALJN,106.3,60.0,17,5,6.7,0.88,0,62.93
TRIP-2033,12004,Lucknow Shatabdi Express,SF,ALJN,CNB,308.6,210.0,18,5,9.6,0.97,0,218.44
TRIP-2033,12004,Lucknow Shatabdi Express,SF,CNB,LKO,71.6,75.0,22,5,19.4,0.61,0,82.17
TRIP-2034,22436,Vande Bharat Express,VB,NDLS,CNB,440.0,240.0,23,5,0.0,0.76,0,236.63
TRIP-2034,22436,Vande Bharat Express,VB,CNB,PRYJ,194.5,100.0,3,5,0.0,0.8,0,95.25
TRIP-2034,22436,Vande Bharat Express,VB,PRYJ,DDU,153.0,90.0,4,5,0.0,0.8,0,84.73
TRIP-2034,22436,Vande Bharat Express,VB,DDU,BSB,18.0,25.0,6,5,0.0,0.62,0,27.62
TRIP-2035,22436,Vande Bharat Express,VB,NDLS,CNB,440.0,240.0,2,6,24.7,0.76,0,230.62
TRIP-2035,22436,Vande Bharat Express,VB,CNB,PRYJ,194.5,100.0,5,6,16.4,0.78,0,95.86
TRIP-2035,22436,Vande Bharat Express,VB,PRYJ,DDU,153.0,90.0,7,6,12.2,0.85,0,90.71
TRIP-2035,22436,Vande Bharat Express,VB,DDU,BSB,18.0,25.0,9,6,14.3,0.95,0,26.43
TRIP-2036,12302,Howrah Rajdhani Express,RAJ,NDLS,CNB,440.0,285.0,8,6,5.2,0.98,0,301.69
TRIP-2036,12302,Howrah Rajdhani Express,RAJ,CNB,PRYJ,194.5,120.0,13,6,23.0,0.71,0,121.02
TRIP-2036,12302,Howrah Rajdhani Express,RAJ,PRYJ,DDU,153.0,105.0,15,6,25.9,0.66,0,103.46
TRIP-2036,12302,Howrah Rajdhani Express,RAJ,DDU,GAYA,205.0,130.0,17,6,25.6,0.98,0,137.56
TRIP-2036,12302,Howrah Rajdhani Express,RAJ,GAYA,DHN,201.0,140.0,19,6,32.3,0.65,0,149.05
TRIP-2036,12302,Howrah Rajdhani Express,RAJ,DHN,HWH,259.0,200.0,21,6,42.1,0.79,0,215.1
TRIP-2037,12951,Mumbai Rajdhani Express,RAJ,BCT,ST,263.0,160.0,11,6,0.7,0.88,0,169.52
TRIP-2037,12951,Mumbai Rajdhani Express,RAJ,ST,BRC,129.0,80.0,13,6,11.7,0.72,0,76.17
TRIP-2037,12951,Mumbai Rajdhani Express,RAJ,BRC,RTM,261.0,195.0,15,6,7.2,0.76,0,187.43
TRIP-2037,12951,Mumbai Rajdhani Express,RAJ,RTM,KOTA,266.0,155.0,18,6,0.0,0.9,0,167.61
TRIP-2037,12951,Mumbai Rajdhani Express,RAJ,KOTA,MTJ,324.0,195.0,21,6,12.4,0.98,0,201.12
TRIP-2037,12951,Mumbai Rajdhani Express,RAJ,MTJ,NDLS,143.0,110.0,0,6,18.7,0.87,0,111.06
TRIP-2038,22436,Vande Bharat Express,VB,NDLS,CNB,440.0,240.0,15,6,7.1,0.66,0,235.64
TRIP-2038,22436,Vande Bharat Express,VB,CNB,PRYJ,194.5,100.0,19,6,2.2,0.98,0,107.74
TRIP-2038,22436,Vande Bharat Express,VB,PRYJ,DDU,153.0,90.0,20,6,10.1,0.94,0,101.08
TRIP-2038,22436,Vande Bharat Express,VB,DDU,BSB,18.0,25.0,22,6,20.2,0.69,0,21.85
TRIP-2039,12004,Lucknow Shatabdi Express,SF,NDLS,GZB,24.5,38.0,18,6,6.1,0.87,0,47.61
TRIP-2039,12004,Lucknow Shatabdi Express,SF,GZB,ALJN,106.3,60.0,18,6,14.8,0.98,0,65.77
TRIP-2039,12004,Lucknow Shatabdi Express,SF,ALJN,CNB,308.6,210.0,20,6,20.8,0.98,0,225.98
TRIP-2039,12004,Lucknow Shatabdi Express,SF,CNB,LKO,71.6,75.0,23,6,36.5,0.78,0,85.76
TRIP-2040,12004,Lucknow Shatabdi Express,SF,NDLS,GZB,24.5,38.0,22,6,0.0,0.86,0,46.47
TRIP-2040,12004,Lucknow Shatabdi Express,SF,GZB,ALJN,106.3,60.0,22,6,8.1,0.89,0,61.51
TRIP-2040,12004,Lucknow Shatabdi Express,SF,ALJN,CNB,308.6,210.0,23,6,10.2,0.61,0,208.91
TRIP-2040,12004,Lucknow Shatabdi Express,SF,CNB,LKO,71.6,75.0,3,6,10.9,0.69,0,75.45
TRIP-2041,12951,Mumbai Rajdhani Express,RAJ,BCT,ST,263.0,160.0,2,0,49.9,0.86,0,159.15
TRIP-2041,12951,Mumbai Rajdhani Express,RAJ,ST,BRC,129.0,80.0,4,0,50.3,0.76,0,78.5
TRIP-2041,12951,Mumbai Rajdhani Express,RAJ,BRC,RTM,261.0,195.0,6,0,50.7,0.72,0,195.39
TRIP-2041,12951,Mumbai Rajdhani Express,RAJ,RTM,KOTA,266.0,155.0,9,0,52.8,0.83,0,165.41
TRIP-2041,12951,Mumbai Rajdhani Express,RAJ,KOTA,MTJ,324.0,195.0,12,0,63.0,0.77,0,204.46
TRIP-2041,12951,Mumbai Rajdhani Express,RAJ,MTJ,NDLS,143.0,110.0,15,0,72.4,0.66,0,112.4
TRIP-2042,12802,Purushottam Express,EXP,NDLS,CNB,440.0,350.0,4,0,7.2,0.62,0,324.83
TRIP-2042,12802,Purushottam Express,EXP,CNB,PRYJ,194.5,150.0,9,0,0.0,0.9,0,155.07
TRIP-2042,12802,Purushottam Express,EXP,PRYJ,DDU,153.0,135.0,12,0,4.5,0.89,0,133.23
TRIP-2042,12802,Purushottam Express,EXP,DDU,GAYA,205.0,165.0,14,0,3.3,0.82,0,162.83
TRIP-2042,12802,Purushottam Express,EXP,GAYA,BKSC,149.0,135.0,17,0,2.7,0.66,0,133.75
TRIP-2042,12802,Purushottam Express,EXP,BKSC,PURI,612.0,520.0,19,0,1.6,0.78,0,523.17
TRIP-2043,12951,Mumbai Rajdhani Express,RAJ,BCT,ST,263.0,160.0,8,0,0.6,0.82,0,166.21
TRIP-2043,12951,Mumbai Rajdhani Express,RAJ,ST,BRC,129.0,80.0,10,0,6.0,0.93,0,89.51
TRIP-2043,12951,Mumbai Rajdhani Express,RAJ,BRC,RTM,261.0,195.0,12,0,14.7,0.71,0,180.25
TRIP-2043,12951,Mumbai Rajdhani Express,RAJ,RTM,KOTA,266.0,155.0,15,0,1.1,0.71,0,152.91
TRIP-2043,12951,Mumbai Rajdhani Express,RAJ,KOTA,MTJ,324.0,195.0,18,0,0.0,0.98,0,199.87
TRIP-2043,12951,Mumbai Rajdhani Express,RAJ,MTJ,NDLS,143.0,110.0,21,0,4.5,0.98,0,117.82
TRIP-2044,12302,Howrah Rajdhani Express,RAJ,NDLS,CNB,440.0,285.0,10,0,0.8,0.91,0,291.59
TRIP-2044,12302,Howrah Rajdhani Express,RAJ,CNB,PRYJ,194.5,120.0,14,0,7.0,0.64,0,111.76
TRIP-2044,12302,Howrah Rajdhani Express,RAJ,PRYJ,DDU,153.0,105.0,16,0,0.0,0.69,0,103.23
TRIP-2044,12302,Howrah Rajdhani Express,RAJ,DDU,GAYA,205.0,130.0,18,0,0.0,0.98,0,135.65
TRIP-2044,12302,Howrah Rajdhani Express,RAJ,GAYA,DHN,201.0,140.0,21,0,5.6,0.59,0,135.68
TRIP-2044,12302,Howrah Rajdhani Express,RAJ,DHN,HWH,259.0,200.0,23,0,2.2,0.36,0,189.76
TRIP-2045,22436,Vande Bharat Express,VB,NDLS,CNB,440.0,240.0,16,0,10.0,0.82,0,237.95
TRIP-2045,22436,Vande Bharat Express,VB,CNB,PRYJ,194.5,100.0,20,0,9.0,0.96,0,97.36
TRIP-2045,22436,Vande Bharat Express,VB,PRYJ,DDU,153.0,90.0,21,0,6.5,0.98,0,90.49
TRIP-2045,22436,Vande Bharat Express,VB,DDU,BSB,18.0,25.0,23,0,6.0,0.63,0,18.24
TRIP-2046,12951,Mumbai Rajdhani Express,RAJ,BCT,ST,263.0,160.0,19,0,10.0,0.88,0,166.85
TRIP-2046,12951,Mumbai Rajdhani Express,RAJ,ST,BRC,129.0,80.0,21,0,16.9,0.86,0,80.21
TRIP-2046,12951,Mumbai Rajdhani Express,RAJ,BRC,RTM,261.0,195.0,23,0,18.1,0.7,0,186.37
TRIP-2046,12951,Mumbai Rajdhani Express,RAJ,RTM,KOTA,266.0,155.0,2,0,8.9,0.87,0,139.44
TRIP-2046,12951,Mumbai Rajdhani Express,RAJ,KOTA,MTJ,324.0,195.0,4,0,0.0,0.86,0,181.36
TRIP-2046,12951,Mumbai Rajdhani Express,RAJ,MTJ,NDLS,143.0,110.0,7,0,0.0,0.64,0,115.84
TRIP-2047,12004,Lucknow Shatabdi Express,SF,NDLS,GZB,24.5,38.0,23,0,1.5,0.67,0,38.54
TRIP-2047,12004,Lucknow Shatabdi Express,SF,GZB,ALJN,106.3,60.0,23,0,2.0,0.6,0,62.6
TRIP-2047,12004,Lucknow Shatabdi Express,SF,ALJN,CNB,308.6,210.0,0,0,5.4,0.75,0,205.99
TRIP-2047,12004,Lucknow Shatabdi Express,SF,CNB,LKO,71.6,75.0,4,0,1.6,0.65,0,76.15
TRIP-2048,22436,Vande Bharat Express,VB,NDLS,CNB,440.0,240.0,3,1,0.0,0.84,0,229.87
TRIP-2048,22436,Vande Bharat Express,VB,CNB,PRYJ,194.5,100.0,6,1,0.0,0.82,0,102.38
TRIP-2048,22436,Vande Bharat Express,VB,PRYJ,DDU,153.0,90.0,8,1,2.9,0.98,0,100.37
TRIP-2048,22436,Vande Bharat Express,VB,DDU,BSB,18.0,25.0,10,1,12.8,0.83,0,26.13
TRIP-2049,12951,Mumbai Rajdhani Express,RAJ,BCT,ST,263.0,160.0,6,1,10.0,0.83,0,156.58
TRIP-2049,12951,Mumbai Rajdhani Express,RAJ,ST,BRC,129.0,80.0,8,1,6.8,0.89,0,86.14
TRIP-2049,12951,Mumbai Rajdhani Express,RAJ,BRC,RTM,261.0,195.0,10,1,14.5,0.98,0,198.87
TRIP-2049,12951,Mumbai Rajdhani Express,RAJ,RTM,KOTA,266.0,155.0,13,1,18.2,0.62,0,149.42
TRIP-2049,12951,Mumbai Rajdhani Express,RAJ,KOTA,MTJ,324.0,195.0,16,1,12.1,0.86,0,191.24
TRIP-2049,12951,Mumbai Rajdhani Express,RAJ,MTJ,NDLS,143.0,110.0,19,1,9.7,0.89,0,110.89
TRIP-2050,12302,Howrah Rajdhani Express,RAJ,NDLS,CNB,440.0,285.0,9,1,41.1,0.98,0,297.78
TRIP-2050,12302,Howrah Rajdhani Express,RAJ,CNB,PRYJ,194.5,120.0,14,1,54.9,0.64,0,130.86
TRIP-2050,12302,Howrah Rajdhani Express,RAJ,PRYJ,DDU,153.0,105.0,16,1,65.2,0.81,0,104.76
TRIP-2050,12302,Howrah Rajdhani Express,RAJ,DDU,GAYA,205.0,130.0,18,1,66.1,0.98,0,147.39
TRIP-2050,12302,Howrah Rajdhani Express,RAJ,GAYA,DHN,201.0,140.0,20,1,85.4,0.82,0,151.17
TRIP-2050,12302,Howrah Rajdhani Express,RAJ,DHN,HWH,259.0,200.0,23,1,97.7,0.52,0,197.49
TRIP-2051,12004,Lucknow Shatabdi Express,SF,NDLS,GZB,24.5,38.0,12,1,0.4,0.73,0,36.15
TRIP-2051,12004,Lucknow Shatabdi Express,SF,GZB,ALJN,106.3,60.0,12,1,0.0,0.88,0,55.87
TRIP-2051,12004,Lucknow Shatabdi Express,SF,ALJN,CNB,308.6,210.0,13,1,0.0,0.71,0,207.51
TRIP-2051,12004,Lucknow Shatabdi Express,SF,CNB,LKO,71.6,75.0,17,1,0.0,0.95,0,82.26
TRIP-2052,12004,Lucknow Shatabdi Express,SF,NDLS,GZB,24.5,38.0,16,1,4.3,0.84,0,40.2
TRIP-2052,12004,Lucknow Shatabdi Express,SF,GZB,ALJN,106.3,60.0,16,1,6.3,0.62,0,60.01
TRIP-2052,12004,Lucknow Shatabdi Express,SF,ALJN,CNB,308.6,210.0,17,1,7.5,0.98,0,215.19
TRIP-2052,12004,Lucknow Shatabdi Express,SF,CNB,LKO,71.6,75.0,21,1,12.7,0.89,0,75.16
TRIP-2053,12004,Lucknow Shatabdi Express,SF,NDLS,GZB,24.5,38.0,22,1,12.1,0.82,0,36.65
TRIP-2053,12004,Lucknow Shatabdi Express,SF,GZB,ALJN,106.3,60.0,22,1,12.5,0.65,0,58.99
TRIP-2053,12004,Lucknow Shatabdi Express,SF,ALJN,CNB,308.6,210.0,23,1,12.1,0.9,0,207.53
TRIP-2053,12004,Lucknow Shatabdi Express,SF,CNB,LKO,71.6,75.0,3,1,9.8,0.77,0,74.21
TRIP-2054,12802,Purushottam Express,EXP,NDLS,CNB,440.0,350.0,1,2,5.0,0.82,0,323.06
TRIP-2054,12802,Purushottam Express,EXP,CNB,PRYJ,194.5,150.0,6,2,0.0,0.72,0,147.74
TRIP-2054,12802,Purushottam Express,EXP,PRYJ,DDU,153.0,135.0,9,2,0.0,0.93,0,141.32
TRIP-2054,12802,Purushottam Express,EXP,DDU,GAYA,205.0,165.0,11,2,6.7,0.86,0,172.83
TRIP-2054,12802,Purushottam Express,EXP,GAYA,BKSC,149.0,135.0,14,2,16.1,0.44,0,129.54
TRIP-2054,12802,Purushottam Express,EXP,BKSC,PURI,612.0,520.0,16,2,10.4,0.4,0,497.69
TRIP-2055,12302,Howrah Rajdhani Express,RAJ,NDLS,CNB,440.0,285.0,3,2,10.0,0.61,0,259.48
TRIP-2055,12302,Howrah Rajdhani Express,RAJ,CNB,PRYJ,194.5,120.0,7,2,0.0,0.7,0,114.76
TRIP-2055,12302,Howrah Rajdhani Express,RAJ,PRYJ,DDU,153.0,105.0,9,2,0.0,0.86,0,114.04
TRIP-2055,12302,Howrah Rajdhani Express,RAJ,DDU,GAYA,205.0,130.0,11,2,8.9,0.93,0,126.93
TRIP-2055,12302,Howrah Rajdhani Express,RAJ,GAYA,DHN,201.0,140.0,13,2,6.1,0.35,0,128.47
TRIP-2055,12302,Howrah Rajdhani Express,RAJ,DHN,HWH,259.0,200.0,15,2,0.0,0.47,0,191.48
TRIP-2056,12802,Purushottam Express,EXP,NDLS,CNB,440.0,350.0,9,2,15.0,0.98,0,360.97
TRIP-2056,12802,Purushottam Express,EXP,CNB,PRYJ,194.5,150.0,15,2,27.9,0.79,0,145.84
TRIP-2056,12802,Purushottam Express,EXP,PRYJ,DDU,153.0,135.0,17,2,25.1,0.89,0,145.75
TRIP-2056,12802,Purushottam Express,EXP,DDU,GAYA,205.0,165.0,20,2,37.3,0.94,0,184.56
TRIP-2056,12802,Purushottam Express,EXP,GAYA,BKSC,149.0,135.0,23,2,57.6,0.41,0,135.75
TRIP-2056,12802,Purushottam Express,EXP,BKSC,PURI,612.0,520.0,1,2,59.8,0.43,0,481.18
TRIP-2057,12802,Purushottam Express,EXP,NDLS,CNB,440.0,350.0,13,2,10.0,0.8,0,341.92
TRIP-2057,12802,Purushottam Express,EXP,CNB,PRYJ,194.5,150.0,18,2,2.1,0.98,0,152.2
TRIP-2057,12802,Purushottam Express,EXP,PRYJ,DDU,153.0,135.0,21,2,3.9,0.91,0,144.23
TRIP-2057,12802,Purushottam Express,EXP,DDU,GAYA,205.0,165.0,23,2,14.8,0.69,0,162.72
TRIP-2057,12802,Purushottam Express,EXP,GAYA,BKSC,149.0,135.0,2,2,13.7,0.62,0,121.45
TRIP-2057,12802,Purushottam Express,EXP,BKSC,PURI,612.0,520.0,4,2,1.9,0.46,0,469.35
TRIP-2058,22436,Vande Bharat Express,VB,NDLS,CNB,440.0,240.0,15,2,32.4,0.67,0,237.89
TRIP-2058,22436,Vande Bharat Express,VB,CNB,PRYJ,194.5,100.0,19,2,29.3,0.98,0,110.56
TRIP-2058,22436,Vande Bharat Express,VB,PRYJ,DDU,153.0,90.0,20,2,40.8,0.98,0,108.57
TRIP-2058,22436,Vande Bharat Express,VB,DDU,BSB,18.0,25.0,22,2,60.4,0.6,0,28.71
TRIP-2059,22436,Vande Bharat Express,VB,NDLS,CNB,440.0,240.0,18,2,10.0,0.94,0,241.77
TRIP-2059,22436,Vande Bharat Express,VB,CNB,PRYJ,194.5,100.0,22,2,12.6,0.85,0,97.0
TRIP-2059,22436,Vande Bharat Express,VB,PRYJ,DDU,153.0,90.0,23,2,9.5,0.64,0,87.19
TRIP-2059,22436,Vande Bharat Express,VB,DDU,BSB,18.0,25.0,1,2,7.5,0.82,0,18.01
TRIP-2060,12802,Purushottam Express,EXP,NDLS,CNB,440.0,350.0,21,2,2.6,0.82,0,361.56
TRIP-2060,12802,Purushottam Express,EXP,CNB,PRYJ,194.5,150.0,3,2,13.4,0.9,0,136.36
TRIP-2060,12802,Purushottam Express,EXP,PRYJ,DDU,153.0,135.0,5,2,0.8,0.66,0,136.56
TRIP-2060,12802,Purushottam Express,EXP,DDU,GAYA,205.0,165.0,7,2,1.6,0.87,0,164.42
TRIP-2060,12802,Purushottam Express,EXP,GAYA,BKSC,149.0,135.0,10,2,0.7,0.81,0,137.05
TRIP-2060,12802,Purushottam Express,EXP,BKSC,PURI,612.0,520.0,13,2,2.1,0.4,0,493.63
TRIP-2061,12302,Howrah Rajdhani Express,RAJ,NDLS,CNB,440.0,285.0,1,3,3.3,0.71,0,256.2
TRIP-2061,12302,Howrah Rajdhani Express,RAJ,CNB,PRYJ,194.5,120.0,5,3,0.0,0.63,0,120.81
TRIP-2061,12302,Howrah Rajdhani Express,RAJ,PRYJ,DDU,153.0,105.0,7,3,1.1,0.72,0,106.63
TRIP-2061,12302,Howrah Rajdhani Express,RAJ,DDU,GAYA,205.0,130.0,9,3,4.6,0.97,0,134.46
TRIP-2061,12302,Howrah Rajdhani Express,RAJ,GAYA,DHN,201.0,140.0,11,3,8.9,0.83,0,135.05
TRIP-2061,12302,Howrah Rajdhani Express,RAJ,DHN,HWH,259.0,200.0,13,3,5.4,0.56,0,193.6
TRIP-2062,12802,Purushottam Express,EXP,NDLS,CNB,440.0,350.0,7,3,2.1,0.7,0,337.34
TRIP-2062,12802,Purushottam Express,EXP,CNB,PRYJ,194.5,150.0,12,3,0.0,0.9,0,150.13
TRIP-2062,12802,Purushottam Express,EXP,PRYJ,DDU,153.0,135.0,15,3,0.0,0.63,0,128.36
TRIP-2062,12802,Purushottam Express,EXP,DDU,GAYA,205.0,165.0,17,3,0.0,0.93,0,174.02
TRIP-2062,12802,Purushottam Express,EXP,GAYA,BKSC,149.0,135.0,20,3,8.4,0.82,0,135.15
TRIP-2062,12802,Purushottam Express,EXP,BKSC,PURI,612.0,520.0,22,3,9.3,0.36,0,493.16
TRIP-2063,22436,Vande Bharat Express,VB,NDLS,CNB,440.0,240.0,10,3,0.4,0.84,0,243.23
TRIP-2063,22436,Vande Bharat Express,VB,CNB,PRYJ,194.5,100.0,14,3,3.0,0.75,0,103.51
TRIP-2063,22436,Vande Bharat Express,VB,PRYJ,DDU,153.0,90.0,15,3,6.4,0.68,0,90.04
TRIP-2063,22436,Vande Bharat Express,VB,DDU,BSB,18.0,25.0,17,3,7.9,0.82,0,26.26
TRIP-2064,12802,Purushottam Express,EXP,NDLS,CNB,440.0,350.0,16,3,10.0,0.8,0,341.77
TRIP-2064,12802,Purushottam Express,EXP,CNB,PRYJ,194.5,150.0,21,3,0.8,0.92,0,158.35
TRIP-2064,12802,Purushottam Express,EXP,PRYJ,DDU,153.0,135.0,0,3,10.9,0.64,0,135.4
TRIP-2064,12802,Purushottam Express,EXP,DDU,GAYA,205.0,165.0,2,3,12.1,0.75,0,153.51
TRIP-2064,12802,Purushottam Express,EXP,GAYA,BKSC,149.0,135.0,5,3,0.0,0.49,0,124.81
TRIP-2064,12802,Purushottam Express,EXP,BKSC,PURI,612.0,520.0,7,3,0.0,0.52,0,499.58
TRIP-2065,22436,Vande Bharat Express,VB,NDLS,CNB,440.0,240.0,22,3,10.0,0.75,0,229.72
TRIP-2065,22436,Vande Bharat Express,VB,CNB,PRYJ,194.5,100.0,1,3,0.0,0.6,0,91.51
TRIP-2065,22436,Vande Bharat Express,VB,PRYJ,DDU,153.0,90.0,3,3,0.0,0.7,0,83.04
TRIP-2065,22436,Vande Bharat Express,VB,DDU,BSB,18.0,25.0,4,3,0.0,0.75,0,23.47
TRIP-2066,22436,Vande Bharat Express,VB,NDLS,CNB,440.0,240.0,4,4,9.8,0.62,0,219.3
TRIP-2066,22436,Vande Bharat Express,VB,CNB,PRYJ,194.5,100.0,7,4,0.0,0.78,0,100.11
TRIP-2066,22436,Vande Bharat Express,VB,PRYJ,DDU,153.0,90.0,9,4,0.0,0.86,0,98.72
TRIP-2066,22436,Vande Bharat Express,VB,DDU,BSB,18.0,25.0,11,4,9.1,0.9,0,28.1
TRIP-2067,12302,Howrah Rajdhani Express,RAJ,NDLS,CNB,440.0,285.0,10,4,7.1,0.91,0,295.46
TRIP-2067,12302,Howrah Rajdhani Express,RAJ,CNB,PRYJ,194.5,120.0,15,4,17.0,0.65,0,124.66
TRIP-2067,12302,Howrah Rajdhani Express,RAJ,PRYJ,DDU,153.0,105.0,17,4,21.1,0.86,0,106.59
TRIP-2067,12302,Howrah Rajdhani Express,RAJ,DDU,GAYA,205.0,130.0,19,4,23.0,0.85,0,138.25
TRIP-2067,12302,Howrah Rajdhani Express,RAJ,GAYA,DHN,201.0,140.0,21,4,30.5,0.82,0,146.34
TRIP-2067,12302,Howrah Rajdhani Express,RAJ,DHN,HWH,259.0,200.0,23,4,37.2,0.44,0,204.84
TRIP-2068,12004,Lucknow Shatabdi Express,SF,NDLS,GZB,24.5,38.0,12,4,5.1,0.66,0,38.38
TRIP-2068,12004,Lucknow Shatabdi Express,SF,GZB,ALJN,106.3,60.0,12,4,4.8,0.79,0,63.86
TRIP-2068,12004,Lucknow Shatabdi Express,SF,ALJN,CNB,308.6,210.0,13,4,9.0,0.67,0,206.95
TRIP-2068,12004,Lucknow Shatabdi Express,SF,CNB,LKO,71.6,75.0,17,4,6.4,0.83,0,82.14
TRIP-2069,12802,Purushottam Express,EXP,NDLS,CNB,440.0,350.0,18,4,3.2,0.98,0,371.61
TRIP-2069,12802,Purushottam Express,EXP,CNB,PRYJ,194.5,150.0,0,4,25.5,0.67,0,152.05
TRIP-2069,12802,Purushottam Express,EXP,PRYJ,DDU,153.0,135.0,2,4,27.7,0.64,0,130.46
TRIP-2069,12802,Purushottam Express,EXP,DDU,GAYA,205.0,165.0,5,4,23.1,0.67,0,168.0
TRIP-2069,12802,Purushottam Express,EXP,GAYA,BKSC,149.0,135.0,8,4,27.8,0.67,0,141.78
TRIP-2069,12802,Purushottam Express,EXP,BKSC,PURI,612.0,520.0,10,4,34.7,0.77,0,545.39
TRIP-2070,12951,Mumbai Rajdhani Express,RAJ,BCT,ST,263.0,160.0,20,4,4.4,0.98,0,171.3
TRIP-2070,12951,Mumbai Rajdhani Express,RAJ,ST,BRC,129.0,80.0,22,4,15.9,0.62,0,76.72
TRIP-2070,12951,Mumbai Rajdhani Express,RAJ,BRC,RTM,261.0,195.0,0,4,14.1,0.86,0,192.82
TRIP-2070,12951,Mumbai Rajdhani Express,RAJ,RTM,KOTA,266.0,155.0,3,4,11.3,0.78,0,141.3
TRIP-2070,12951,Mumbai Rajdhani Express,RAJ,KOTA,MTJ,324.0,195.0,6,4,0.0,0.78,0,191.37
TRIP-2070,12951,Mumbai Rajdhani Express,RAJ,MTJ,NDLS,143.0,110.0,9,4,0.0,0.98,0,120.34
TRIP-2071,12004,Lucknow Shatabdi Express,SF,NDLS,GZB,24.5,38.0,0,5,1.0,0.88,0,38.38
TRIP-2071,12004,Lucknow Shatabdi Express,SF,GZB,ALJN,106.3,60.0,0,5,2.9,0.66,0,60.45
TRIP-2071,12004,Lucknow Shatabdi Express,SF,ALJN,CNB,308.6,210.0,1,5,2.9,0.65,0,200.7
TRIP-2071,12004,Lucknow Shatabdi Express,SF,CNB,LKO,71.6,75.0,5,5,0.0,0.67,0,76.65
TRIP-2072,22436,Vande Bharat Express,VB,NDLS,CNB,440.0,240.0,3,5,0.0,0.74,0,221.54
TRIP-2072,22436,Vande Bharat Express,VB,CNB,PRYJ,194.5,100.0,6,5,0.0,0.67,0,95.56
TRIP-2072,22436,Vande Bharat Express,VB,PRYJ,DDU,153.0,90.0,8,5,0.0,0.98,0,94.94
TRIP-2072,22436,Vande Bharat Express,VB,DDU,BSB,18.0,25.0,10,5,6.9,0.98,0,26.16
TRIP-2073,12802,Purushottam Express,EXP,NDLS,CNB,440.0,350.0,5,5,3.9,0.66,0,337.7
TRIP-2073,12802,Purushottam Express,EXP,CNB,PRYJ,194.5,150.0,10,5,0.0,0.98,0,155.4
TRIP-2073,12802,Purushottam Express,EXP,PRYJ,DDU,153.0,135.0,13,5,4.7,0.63,0,132.88
TRIP-2073,12802,Purushottam Express,EXP,DDU,GAYA,205.0,165.0,15,5,3.2,0.69,0,159.28
TRIP-2073,12802,Purushottam Express,EXP,GAYA,BKSC,149.0,135.0,18,5,0.0,0.64,0,136.54
TRIP-2073,12802,Purushottam Express,EXP,BKSC,PURI,612.0,520.0,20,5,3.0,0.58,0,515.44
TRIP-2074,22436,Vande Bharat Express,VB,NDLS,CNB,440.0,240.0,11,5,0.7,0.89,0,242.51
TRIP-2074,22436,Vande Bharat Express,VB,CNB,PRYJ,194.5,100.0,15,5,3.1,0.77,0,98.3
TRIP-2074,22436,Vande Bharat Express,VB,PRYJ,DDU,153.0,90.0,16,5,1.8,0.79,0,88.83
TRIP-2074,22436,Vande Bharat Express,VB,DDU,BSB,18.0,25.0,18,5,0.6,0.98,0,27.87
TRIP-2075,12951,Mumbai Rajdhani Express,RAJ,BCT,ST,263.0,160.0,13,5,4.1,0.87,0,153.51
TRIP-2075,12951,Mumbai Rajdhani Express,RAJ,ST,BRC,129.0,80.0,15,5,0.0,0.84,0,80.31
TRIP-2075,12951,Mumbai Rajdhani Express,RAJ,BRC,RTM,261.0,195.0,17,5,1.3,0.98,0,210.1
TRIP-2075,12951,Mumbai Rajdhani Express,RAJ,RTM,KOTA,266.0,155.0,20,5,18.2,0.95,0,160.01
TRIP-2075,12951,Mumbai Rajdhani Express,RAJ,KOTA,MTJ,324.0,195.0,23,5,22.7,0.78,0,193.28
TRIP-2075,12951,Mumbai Rajdhani Express,RAJ,MTJ,NDLS,143.0,110.0,2,5,20.2,0.61,0,103.46
TRIP-2076,12802,Purushottam Express,EXP,NDLS,CNB,440.0,350.0,15,5,0.0,0.6,0,340.47
TRIP-2076,12802,Purushottam Express,EXP,CNB,PRYJ,194.5,150.0,20,5,0.0,0.93,0,164.79
TRIP-2076,12802,Purushottam Express,EXP,PRYJ,DDU,153.0,135.0,23,5,15.9,0.83,0,134.48
TRIP-2076,12802,Purushottam Express,EXP,DDU,GAYA,205.0,165.0,1,5,14.9,0.74,0,153.15
TRIP-2076,12802,Purushottam Express,EXP,GAYA,BKSC,149.0,135.0,4,5,2.2,0.64,0,123.55
TRIP-2076,12802,Purushottam Express,EXP,BKSC,PURI,612.0,520.0,6,5,0.0,0.44,0,497.14
TRIP-2077,22436,Vande Bharat Express,VB,NDLS,CNB,440.0,240.0,21,5,7.7,0.97,0,246.95
TRIP-2077,22436,Vande Bharat Express,VB,CNB,PRYJ,194.5,100.0,1,5,14.0,0.72,0,89.79
TRIP-2077,22436,Vande Bharat Express,VB,PRYJ,DDU,153.0,90.0,2,5,4.6,0.65,0,88.84
TRIP-2077,22436,Vande Bharat Express,VB,DDU,BSB,18.0,25.0,4,5,2.8,0.88,0,26.42
TRIP-2078,22436,Vande Bharat Express,VB,NDLS,CNB,440.0,240.0,1,6,1.9,0.72,0,232.4
TRIP-2078,22436,Vande Bharat Express,VB,CNB,PRYJ,194.5,100.0,4,6,0.0,0.65,0,95.37
TRIP-2078,22436,Vande Bharat Express,VB,PRYJ,DDU,153.0,90.0,6,6,0.0,0.75,0,89.0
TRIP-2078,22436,Vande Bharat Express,VB,DDU,BSB,18.0,25.0,8,6,0.3,0.98,0,29.57
TRIP-2079,12004,Lucknow Shatabdi Express,SF,NDLS,GZB,24.5,38.0,4,6,0.0,0.76,0,36.37
TRIP-2079,12004,Lucknow Shatabdi Express,SF,GZB,ALJN,106.3,60.0,4,6,0.3,0.83,0,60.5
TRIP-2079,12004,Lucknow Shatabdi Express,SF,ALJN,CNB,308.6,210.0,5,6,1.3,0.77,0,202.24
TRIP-2079,12004,Lucknow Shatabdi Express,SF,CNB,LKO,71.6,75.0,9,6,0.0,0.88,0,83.33
TRIP-2080,12302,Howrah Rajdhani Express,RAJ,NDLS,CNB,440.0,285.0,10,6,2.9,0.98,0,303.83
TRIP-2080,12302,Howrah Rajdhani Express,RAJ,CNB,PRYJ,194.5,120.0,15,6,23.2,0.85,0,121.97
TRIP-2080,12302,Howrah Rajdhani Express,RAJ,PRYJ,DDU,153.0,105.0,17,6,25.9,0.91,0,113.29
TRIP-2080,12302,Howrah Rajdhani Express,RAJ,DDU,GAYA,205.0,130.0,19,6,34.6,0.98,0,138.71
TRIP-2080,12302,Howrah Rajdhani Express,RAJ,GAYA,DHN,201.0,140.0,21,6,44.3,0.71,0,152.7
TRIP-2080,12302,Howrah Rajdhani Express,RAJ,DHN,HWH,259.0,200.0,0,6,58.5,0.47,0,201.2
TRIP-2081,12951,Mumbai Rajdhani Express,RAJ,BCT,ST,263.0,160.0,16,6,0.0,0.75,0,158.08
TRIP-2081,12951,Mumbai Rajdhani Express,RAJ,ST,BRC,129.0,80.0,18,6,0.0,0.98,0,89.86
TRIP-2081,12951,Mumbai Rajdhani Express,RAJ,BRC,RTM,261.0,195.0,20,6,9.0,0.87,0,200.46
TRIP-2081,12951,Mumbai Rajdhani Express,RAJ,RTM,KOTA,266.0,155.0,23,6,15.4,0.74,0,159.66
TRIP-2081,12951,Mumbai Rajdhani Express,RAJ,KOTA,MTJ,324.0,195.0,2,6,21.6,0.81,0,184.5
TRIP-2081,12951,Mumbai Rajdhani Express,RAJ,MTJ,NDLS,143.0,110.0,5,6,10.6,0.62,0,109.5
TRIP-2082,12004,Lucknow Shatabdi Express,SF,NDLS,GZB,24.5,38.0,22,6,5.7,0.89,0,39.53
TRIP-2082,12004,Lucknow Shatabdi Express,SF,GZB,ALJN,106.3,60.0,22,6,8.5,0.77,0,64.16
TRIP-2082,12004,Lucknow Shatabdi Express,SF,ALJN,CNB,308.6,210.0,23,6,12.5,0.87,0,210.49
TRIP-2082,12004,Lucknow Shatabdi Express,SF,CNB,LKO,71.6,75.0,3,6,12.2,0.65,0,77.68
TRIP-2083,12004,Lucknow Shatabdi Express,SF,NDLS,GZB,24.5,38.0,0,0,0.5,0.84,0,44.03
TRIP-2083,12004,Lucknow Shatabdi Express,SF,GZB,ALJN,106.3,60.0,0,0,8.2,0.67,0,63.9
TRIP-2083,12004,Lucknow Shatabdi Express,SF,ALJN,CNB,308.6,210.0,1,0,12.4,0.71,0,193.64
TRIP-2083,12004,Lucknow Shatabdi Express,SF,CNB,LKO,71.6,75.0,5,0,0.0,0.71,0,76.94
TRIP-2084,12802,Purushottam Express,EXP,NDLS,CNB,440.0,350.0,3,0,7.5,0.73,0,322.57
TRIP-2084,12802,Purushottam Express,EXP,CNB,PRYJ,194.5,150.0,8,0,0.0,0.98,0,159.16
TRIP-2084,12802,Purushottam Express,EXP,PRYJ,DDU,153.0,135.0,11,0,10.0,0.98,0,151.15
TRIP-2084,12802,Purushottam Express,EXP,DDU,GAYA,205.0,165.0,13,0,27.5,0.67,0,164.25
TRIP-2084,12802,Purushottam Express,EXP,GAYA,BKSC,149.0,135.0,16,0,28.4,0.38,0,126.94
TRIP-2084,12802,Purushottam Express,EXP,BKSC,PURI,612.0,520.0,18,0,21.9,0.79,0,520.32
TRIP-2085,12951,Mumbai Rajdhani Express,RAJ,BCT,ST,263.0,160.0,5,0,10.0,0.77,0,153.49
TRIP-2085,12951,Mumbai Rajdhani Express,RAJ,ST,BRC,129.0,80.0,7,0,4.8,0.69,0,91.73
TRIP-2085,12951,Mumbai Rajdhani Express,RAJ,BRC,RTM,261.0,195.0,9,0,15.6,0.98,0,199.06
TRIP-2085,12951,Mumbai Rajdhani Express,RAJ,RTM,KOTA,266.0,155.0,12,0,19.9,0.72,0,148.94
TRIP-2085,12951,Mumbai Rajdhani Express,RAJ,KOTA,MTJ,324.0,195.0,15,0,15.2,0.73,0,183.85
TRIP-2085,12951,Mumbai Rajdhani Express,RAJ,MTJ,NDLS,143.0,110.0,18,0,3.7,0.84,0,113.16
TRIP-2086,12302,Howrah Rajdhani Express,RAJ,NDLS,CNB,440.0,285.0,11,0,66.6,0.98,0,299.13
TRIP-2086,12302,Howrah Rajdhani Express,RAJ,CNB,PRYJ,194.5,120.0,16,0,82.2,0.62,0,124.78
TRIP-2086,12302,Howrah Rajdhani Express,RAJ,PRYJ,DDU,153.0,105.0,18,0,88.3,0.98,0,118.24
TRIP-2086,12302,Howrah Rajdhani Express,RAJ,DDU,GAYA,205.0,130.0,20,0,102.7,0.91,0,142.15
TRIP-2086,12302,Howrah Rajdhani Express,RAJ,GAYA,DHN,201.0,140.0,22,0,114.7,0.59,0,138.69
TRIP-2086,12302,Howrah Rajdhani Express,RAJ,DHN,HWH,259.0,200.0,1,0,113.9,0.57,0,191.63
TRIP-2087,12802,Purushottam Express,EXP,NDLS,CNB,440.0,350.0,14,0,0.0,0.64,0,335.52
TRIP-2087,12802,Purushottam Express,EXP,CNB,PRYJ,194.5,150.0,19,0,0.0,0.98,0,154.39
TRIP-2087,12802,Purushottam Express,EXP,PRYJ,DDU,153.0,135.0,22,0,5.1,0.71,0,135.75
TRIP-2087,12802,Purushottam Express,EXP,DDU,GAYA,205.0,165.0,0,0,5.4,0.63,0,163.0
TRIP-2087,12802,Purushottam Express,EXP,GAYA,BKSC,149.0,135.0,3,0,3.6,0.4,0,123.5
TRIP-2087,12802,Purushottam Express,EXP,BKSC,PURI,612.0,520.0,5,0,0.0,0.65,0,497.93
TRIP-2088,12302,Howrah Rajdhani Express,RAJ,NDLS,CNB,440.0,285.0,16,0,0.0,0.75,0,280.16
TRIP-2088,12302,Howrah Rajdhani Express,RAJ,CNB,PRYJ,194.5,120.0,20,0,0.0,0.98,0,126.34
TRIP-2088,12302,Howrah Rajdhani Express,RAJ,PRYJ,DDU,153.0,105.0,22,0,6.3,0.65,0,100.34
TRIP-2088,12302,Howrah Rajdhani Express,RAJ,DDU,GAYA,205.0,130.0,0,0,2.4,0.61,0,128.86
TRIP-2088,12302,Howrah Rajdhani Express,RAJ,GAYA,DHN,201.0,140.0,2,0,0.5,0.43,0,126.38
TRIP-2088,12302,Howrah Rajdhani Express,RAJ,DHN,HWH,259.0,200.0,5,0,0.0,0.53,0,193.16
TRIP-2089,22436,Vande Bharat Express,VB,NDLS,CNB,440.0,240.0,20,0,37.6,0.98,0,254.56
TRIP-2089,22436,Vande Bharat Express,VB,CNB,PRYJ,194.5,100.0,0,0,51.9,0.77,0,107.56
TRIP-2089,22436,Vande Bharat Express,VB,PRYJ,DDU,153.0,90.0,2,0,60.5,0.79,0,94.91
TRIP-2089,22436,Vande Bharat Express,VB,DDU,BSB,18.0,25.0,3,0,65.1,0.64,0,25.18
TRIP-2090,12004,Lucknow Shatabdi Express,SF,NDLS,GZB,24.5,38.0,2,1,27.4,0.87,0,35.8
TRIP-2090,12004,Lucknow Shatabdi Express,SF,GZB,ALJN,106.3,60.0,2,1,25.8,0.87,0,62.53
TRIP-2090,12004,Lucknow Shatabdi Express,SF,ALJN,CNB,308.6,210.0,3,1,29.6,0.68,0,196.33
TRIP-2090,12004,Lucknow Shatabdi Express,SF,CNB,LKO,71.6,75.0,7,1,15.9,0.74,0,75.13
TRIP-2091,12802,Purushottam Express,EXP,NDLS,CNB,440.0,350.0,8,1,2.9,0.98,0,365.6
TRIP-2091,12802,Purushottam Express,EXP,CNB,PRYJ,194.5,150.0,14,1,18.6,0.65,0,145.77
TRIP-2091,12802,Purushottam Express,EXP,PRYJ,DDU,153.0,135.0,16,1,15.3,0.61,0,132.33
TRIP-2091,12802,Purushottam Express,EXP,DDU,GAYA,205.0,165.0,18,1,11.7,0.88,0,176.37
TRIP-2091,12802,Purushottam Express,EXP,GAYA,BKSC,149.0,135.0,22,1,22.7,0.6,0,128.98
TRIP-2091,12802,Purushottam Express,EXP,BKSC,PURI,612.0,520.0,0,1,18.4,0.47,0,503.65
TRIP-2092,12302,Howrah Rajdhani Express,RAJ,NDLS,CNB,440.0,285.0,11,1,0.0,0.9,0,296.25
TRIP-2092,12302,Howrah Rajdhani Express,RAJ,CNB,PRYJ,194.5,120.0,16,1,11.1,0.81,0,112.72
TRIP-2092,12302,Howrah Rajdhani Express,RAJ,PRYJ,DDU,153.0,105.0,17,1,3.7,0.83,0,106.23
TRIP-2092,12302,Howrah Rajdhani Express,RAJ,DDU,GAYA,205.0,130.0,19,1,4.9,0.96,0,140.82
TRIP-2092,12302,Howrah Rajdhani Express,RAJ,GAYA,DHN,201.0,140.0,22,1,17.2,0.65,0,128.88
TRIP-2092,12302,Howrah Rajdhani Express,RAJ,DHN,HWH,259.0,200.0,0,1,6.9,0.53,0,191.24
TRIP-2093,12004,Lucknow Shatabdi Express,SF,NDLS,GZB,24.5,38.0,15,1,8.2,0.73,0,44.26
TRIP-2093,12004,Lucknow Shatabdi Express,SF,GZB,ALJN,106.3,60.0,15,1,16.1,0.85,0,61.86
TRIP-2093,12004,Lucknow Shatabdi Express,SF,ALJN,CNB,308.6,210.0,16,1,17.0,0.87,0,205.76
TRIP-2093,12004,Lucknow Shatabdi Express,SF,CNB,LKO,71.6,75.0,20,1,13.0,0.98,0,83.05
TRIP-2094,12302,Howrah Rajdhani Express,RAJ,NDLS,CNB,440.0,285.0,19,1,0.0,0.98,0,296.08
TRIP-2094,12302,Howrah Rajdhani Express,RAJ,CNB,PRYJ,194.5,120.0,0,1,12.2,0.6,0,115.32
TRIP-2094,12302,Howrah Rajdhani Express,RAJ,PRYJ,DDU,153.0,105.0,2,1,8.4,0.89,0,92.32
TRIP-2094,12302,Howrah Rajdhani Express,RAJ,DDU,GAYA,205.0,130.0,3,1,0.0,0.72,0,122.62
TRIP-2094,12302,Howrah Rajdhani Express,RAJ,GAYA,DHN,201.0,140.0,5,1,0.0,0.49,0,133.3
TRIP-2094,12302,Howrah Rajdhani Express,RAJ,DHN,HWH,259.0,200.0,8,1,0.0,0.63,0,199.97
TRIP-2095,12302,Howrah Rajdhani Express,RAJ,NDLS,CNB,440.0,285.0,21,1,0.0,0.96,0,300.08
TRIP-2095,12302,Howrah Rajdhani Express,RAJ,CNB,PRYJ,194.5,120.0,2,1,15.6,0.71,0,114.48
TRIP-2095,12302,Howrah Rajdhani Express,RAJ,PRYJ,DDU,153.0,105.0,4,1,9.5,0.73,0,99.03
TRIP-2095,12302,Howrah Rajdhani Express,RAJ,DDU,GAYA,205.0,130.0,5,1,4.0,0.73,0,133.33
TRIP-2095,12302,Howrah Rajdhani Express,RAJ,GAYA,DHN,201.0,140.0,8,1,6.8,0.58,0,137.74
TRIP-2095,12302,Howrah Rajdhani Express,RAJ,DHN,HWH,259.0,200.0,10,1,5.0,0.72,0,205.03
TRIP-2096,22436,Vande Bharat Express,VB,NDLS,CNB,440.0,240.0,3,2,8.4,0.74,0,221.42
TRIP-2096,22436,Vande Bharat Express,VB,CNB,PRYJ,194.5,100.0,6,2,0.0,0.87,0,102.41
TRIP-2096,22436,Vande Bharat Express,VB,PRYJ,DDU,153.0,90.0,8,2,3.5,0.98,0,98.84
TRIP-2096,22436,Vande Bharat Express,VB,DDU,BSB,18.0,25.0,10,2,13.0,0.98,0,31.71
TRIP-2097,12802,Purushottam Express,EXP,NDLS,CNB,440.0,350.0,5,2,7.2,0.62,0,342.32
TRIP-2097,12802,Purushottam Express,EXP,CNB,PRYJ,194.5,150.0,10,2,1.2,0.94,0,159.27
TRIP-2097,12802,Purushottam Express,EXP,PRYJ,DDU,153.0,135.0,13,2,10.1,0.6,0,133.04
TRIP-2097,12802,Purushottam Express,EXP,DDU,GAYA,205.0,165.0,15,2,7.9,0.78,0,165.12
TRIP-2097,12802,Purushottam Express,EXP,GAYA,BKSC,149.0,135.0,18,2,7.3,0.59,0,136.87
TRIP-2097,12802,Purushottam Express,EXP,BKSC,PURI,612.0,520.0,21,2,8.9,0.79,0,528.32
TRIP-2098,12302,Howrah Rajdhani Express,RAJ,NDLS,CNB,440.0,285.0,8,2,10.0,0.82,0,293.95
TRIP-2098,12302,Howrah Rajdhani Express,RAJ,CNB,PRYJ,194.5,120.0,12,2,19.4,0.8,0,117.77
TRIP-2098,12302,Howrah Rajdhani Express,RAJ,PRYJ,DDU,153.0,105.0,15,2,19.1,0.85,0,96.85
TRIP-2098,12302,Howrah Rajdhani Express,RAJ,DDU,GAYA,205.0,130.0,16,2,11.7,0.76,0,126.54
TRIP-2098,12302,Howrah Rajdhani Express,RAJ,GAYA,DHN,201.0,140.0,18,2,9.5,0.65,0,139.17
TRIP-2098,12302,Howrah Rajdhani Express,RAJ,DHN,HWH,259.0,200.0,21,2,8.5,0.81,0,199.8
TRIP-2099,22436,Vande Bharat Express,VB,NDLS,CNB,440.0,240.0,10,2,0.0,0.94,0,252.43
TRIP-2099,22436,Vande Bharat Express,VB,CNB,PRYJ,194.5,100.0,14,2,13.0,0.78,0,99.96
TRIP-2099,22436,Vande Bharat Express,VB,PRYJ,DDU,153.0,90.0,16,2,14.3,0.8,0,78.55
TRIP-2099,22436,Vande Bharat Express,VB,DDU,BSB,18.0,25.0,17,2,2.2,0.86,0,30.37
TRIP-2100,12802,Purushottam Express,EXP,NDLS,CNB,440.0,350.0,12,2,0.0,0.69,0,341.93
TRIP-2100,12802,Purushottam Express,EXP,CNB,PRYJ,194.5,150.0,17,2,0.0,0.97,0,156.46
TRIP-2100,12802,Purushottam Express,EXP,PRYJ,DDU,153.0,135.0,20,2,6.4,0.98,0,142.44
TRIP-2100,12802,Purushottam Express,EXP,DDU,GAYA,205.0,165.0,22,2,13.4,0.72,0,159.68
TRIP-2100,12802,Purushottam Express,EXP,GAYA,BKSC,149.0,135.0,1,2,8.2,0.63,0,126.07
TRIP-2100,12802,Purushottam Express,EXP,BKSC,PURI,612.0,520.0,3,2,0.5,0.55,0,474.78
TRIP-2101,12004,Lucknow Shatabdi Express,SF,NDLS,GZB,24.5,38.0,14,2,0.0,0.64,0,42.65
TRIP-2101,12004,Lucknow Shatabdi Express,SF,GZB,ALJN,106.3,60.0,14,2,5.9,0.89,0,64.71
TRIP-2101,12004,Lucknow Shatabdi Express,SF,ALJN,CNB,308.6,210.0,15,2,10.6,0.64,0,204.77
TRIP-2101,12004,Lucknow Shatabdi Express,SF,CNB,LKO,71.6,75.0,19,2,7.0,0.85,0,82.46
TRIP-2102,12302,Howrah Rajdhani Express,RAJ,NDLS,CNB,440.0,285.0,16,2,1.5,0.88,0,274.72
TRIP-2102,12302,Howrah Rajdhani Express,RAJ,CNB,PRYJ,194.5,120.0,20,2,0.0,0.98,0,129.86
TRIP-2102,12302,Howrah Rajdhani Express,RAJ,PRYJ,DDU,153.0,105.0,22,2,11.5,0.77,0,106.31
TRIP-2102,12302,Howrah Rajdhani Express,RAJ,DDU,GAYA,205.0,130.0,0,2,13.0,0.62,0,124.53
TRIP-2102,12302,Howrah Rajdhani Express,RAJ,GAYA,DHN,201.0,140.0,2,2,7.1,0.39,0,123.09
TRIP-2102,12302,Howrah Rajdhani Express,RAJ,DHN,HWH,259.0,200.0,5,2,0.0,0.6,0,191.37
TRIP-2103,12004,Lucknow Shatabdi Express,SF,NDLS,GZB,24.5,38.0,22,2,1.4,0.88,0,41.35
TRIP-2103,12004,Lucknow Shatabdi Express,SF,GZB,ALJN,106.3,60.0,22,2,4.4,0.66,0,60.5
TRIP-2103,12004,Lucknow Shatabdi Express,SF,ALJN,CNB,308.6,210.0,23,2,6.4,0.66,0,207.34
TRIP-2103,12004,Lucknow Shatabdi Express,SF,CNB,LKO,71.6,75.0,3,2,4.7,0.86,0,73.29
TRIP-2104,12302,Howrah Rajdhani Express,RAJ,NDLS,CNB,440.0,285.0,1,3,10.0,0.88,0,262.96
TRIP-2104,12302,Howrah Rajdhani Express,RAJ,CNB,PRYJ,194.5,120.0,5,3,0.0,0.72,0,117.93
TRIP-2104,12302,Howrah Rajdhani Express,RAJ,PRYJ,DDU,153.0,105.0,7,3,0.0,0.69,0,106.4
TRIP-2104,12302,Howrah Rajdhani Express,RAJ,DDU,GAYA,205.0,130.0,9,3,0.7,0.94,0,140.75
TRIP-2104,12302,Howrah Rajdhani Express,RAJ,GAYA,DHN,201.0,140.0,11,3,12.2,0.63,0,137.7
TRIP-2104,12302,Howrah Rajdhani Express,RAJ,DHN,HWH,259.0,200.0,14,3,9.2,0.59,0,186.02
TRIP-2105,22436,Vande Bharat Express,VB,NDLS,CNB,440.0,240.0,4,3,7.5,0.84,0,214.95
TRIP-2105,22436,Vande Bharat Express,VB,CNB,PRYJ,194.5,100.0,7,3,0.0,0.87,0,102.22
TRIP-2105,22436,Vande Bharat Express,VB,PRYJ,DDU,153.0,90.0,9,3,1.6,0.82,0,98.45
TRIP-2105,22436,Vande Bharat Express,VB,DDU,BSB,18.0,25.0,11,3,11.0,0.84,0,25.73
TRIP-2106,12802,Purushottam Express,EXP,NDLS,CNB,440.0,350.0,8,3,10.0,0.84,0,359.22
TRIP-2106,12802,Purushottam Express,EXP,CNB,PRYJ,194.5,150.0,14,3,20.3,0.81,0,147.93
TRIP-2106,12802,Purushottam Express,EXP,PRYJ,DDU,153.0,135.0,16,3,17.8,0.71,0,127.48
TRIP-2106,12802,Purushottam Express,EXP,DDU,GAYA,205.0,165.0,18,3,11.4,0.8,0,169.57
TRIP-2106,12802,Purushottam Express,EXP,GAYA,BKSC,149.0,135.0,21,3,16.2,0.84,0,135.47
TRIP-2106,12802,Purushottam Express,EXP,BKSC,PURI,612.0,520.0,0,3,16.6,0.55,0,499.18
TRIP-2107,12302,Howrah Rajdhani Express,RAJ,NDLS,CNB,440.0,285.0,12,3,1.8,0.66,0,274.29
TRIP-2107,12302,Howrah Rajdhani Express,RAJ,CNB,PRYJ,194.5,120.0,16,3,0.0,0.71,0,118.12
TRIP-2107,12302,Howrah Rajdhani Express,RAJ,PRYJ,DDU,153.0,105.0,18,3,0.0,0.81,0,110.76
TRIP-2107,12302,Howrah Rajdhani Express,RAJ,DDU,GAYA,205.0,130.0,20,3,6.5,0.98,0,129.74
TRIP-2107,12302,Howrah Rajdhani Express,RAJ,GAYA,DHN,201.0,140.0,22,3,6.7,0.41,0,131.12
TRIP-2107,12302,Howrah Rajdhani Express,RAJ,DHN,HWH,259.0,200.0,1,3,0.0,0.57,0,180.53
TRIP-2108,12802,Purushottam Express,EXP,NDLS,CNB,440.0,350.0,16,3,2.7,0.69,0,335.19
TRIP-2108,12802,Purushottam Express,EXP,CNB,PRYJ,194.5,150.0,21,3,0.0,0.81,0,157.17
TRIP-2108,12802,Purushottam Express,EXP,PRYJ,DDU,153.0,135.0,0,3,9.0,0.89,0,130.12
TRIP-2108,12802,Purushottam Express,EXP,DDU,GAYA,205.0,165.0,2,3,5.2,0.86,0,154.53
TRIP-2108,12802,Purushottam Express,EXP,GAYA,BKSC,149.0,135.0,5,3,0.0,0.36,0,127.59
TRIP-2108,12802,Purushottam Express,EXP,BKSC,PURI,612.0,520.0,7,3,0.0,0.59,0,502.19
TRIP-2109,12302,Howrah Rajdhani Express,RAJ,NDLS,CNB,440.0,285.0,20,3,2.1,0.84,0,293.9
TRIP-2109,12302,Howrah Rajdhani Express,RAJ,CNB,PRYJ,194.5,120.0,0,3,10.8,0.8,0,113.78
TRIP-2109,12302,Howrah Rajdhani Express,RAJ,PRYJ,DDU,153.0,105.0,2,3,6.2,0.6,0,90.89
TRIP-2109,12302,Howrah Rajdhani Express,RAJ,DDU,GAYA,205.0,130.0,4,3,0.0,0.71,0,120.98
TRIP-2109,12302,Howrah Rajdhani Express,RAJ,GAYA,DHN,201.0,140.0,6,3,0.0,0.59,0,134.8
TRIP-2109,12302,Howrah Rajdhani Express,RAJ,DHN,HWH,259.0,200.0,8,3,0.0,0.56,0,196.14
TRIP-2110,12302,Howrah Rajdhani Express,RAJ,NDLS,CNB,440.0,285.0,23,3,9.1,0.64,0,273.61
TRIP-2110,12302,Howrah Rajdhani Express,RAJ,CNB,PRYJ,194.5,120.0,3,3,0.0,0.77,0,106.43
TRIP-2110,12302,Howrah Rajdhani Express,RAJ,PRYJ,DDU,153.0,105.0,5,3,0.0,0.86,0,109.84
TRIP-2110,12302,Howrah Rajdhani Express,RAJ,DDU,GAYA,205.0,130.0,7,3,5.5,0.71,0,127.59
TRIP-2110,12302,Howrah Rajdhani Express,RAJ,GAYA,DHN,201.0,140.0,9,3,3.2,0.71,0,140.57
TRIP-2110,12302,Howrah Rajdhani Express,RAJ,DHN,HWH,259.0,200.0,12,3,4.8,0.58,0,191.18
TRIP-2111,12004,Lucknow Shatabdi Express,SF,NDLS,GZB,24.5,38.0,3,4,18.6,0.71,0,40.3
TRIP-2111,12004,Lucknow Shatabdi Express,SF,GZB,ALJN,106.3,60.0,3,4,21.5,0.8,0,59.6
TRIP-2111,12004,Lucknow Shatabdi Express,SF,ALJN,CNB,308.6,210.0,4,4,21.3,0.69,0,196.82
TRIP-2111,12004,Lucknow Shatabdi Express,SF,CNB,LKO,71.6,75.0,8,4,8.2,0.98,0,83.39
TRIP-2112,12951,Mumbai Rajdhani Express,RAJ,BCT,ST,263.0,160.0,5,4,10.0,0.61,0,156.79
TRIP-2112,12951,Mumbai Rajdhani Express,RAJ,ST,BRC,129.0,80.0,7,4,7.6,0.79,0,76.93
TRIP-2112,12951,Mumbai Rajdhani Express,RAJ,BRC,RTM,261.0,195.0,9,4,4.1,0.98,0,209.57
TRIP-2112,12951,Mumbai Rajdhani Express,RAJ,RTM,KOTA,266.0,155.0,12,4,19.9,0.68,0,152.46
TRIP-2112,12951,Mumbai Rajdhani Express,RAJ,KOTA,MTJ,324.0,195.0,15,4,19.3,0.63,0,188.47
TRIP-2112,12951,Mumbai Rajdhani Express,RAJ,MTJ,NDLS,143.0,110.0,18,4,14.0,0.98,0,113.52
TRIP-2113,12802,Purushottam Express,EXP,NDLS,CNB,440.0,350.0,8,4,0.0,0.98,0,366.59
TRIP-2113,12802,Purushottam Express,EXP,CNB,PRYJ,194.5,150.0,14,4,18.2,0.8,0,152.02
TRIP-2113,12802,Purushottam Express,EXP,PRYJ,DDU,153.0,135.0,16,4,20.2,0.81,0,144.67
TRIP-2113,12802,Purushottam Express,EXP,DDU,GAYA,205.0,165.0,19,4,31.7,0.87,0,174.18
TRIP-2113,12802,Purushottam Express,EXP,GAYA,BKSC,149.0,135.0,22,4,40.1,0.47,0,135.54
TRIP-2113,12802,Purushottam Express,EXP,BKSC,PURI,612.0,520.0,0,4,39.8,0.5,0,518.17
TRIP-2114,12004,Lucknow Shatabdi Express,SF,NDLS,GZB,24.5,38.0,14,4,3.6,0.9,0,40.58
TRIP-2114,12004,Lucknow Shatabdi Express,SF,GZB,ALJN,106.3,60.0,14,4,6.2,0.62,0,62.85
TRIP-2114,12004,Lucknow Shatabdi Express,SF,ALJN,CNB,308.6,210.0,15,4,9.8,0.77,0,212.53
TRIP-2114,12004,Lucknow Shatabdi Express,SF,CNB,LKO,71.6,75.0,19,4,14.0,0.87,0,79.12
TRIP-2115,22436,Vande Bharat Express,VB,NDLS,CNB,440.0,240.0,18,4,10.0,0.93,0,248.67
TRIP-2115,22436,Vande Bharat Express,VB,CNB,PRYJ,194.5,100.0,22,4,19.4,0.7,0,98.3
TRIP-2115,22436,Vande Bharat Express,VB,PRYJ,DDU,153.0,90.0,23,4,18.0,0.8,0,95.21
TRIP-2115,22436,Vande Bharat Express,VB,DDU,BSB,18.0,25.0,1,4,23.0,0.68,0,23.55
TRIP-2116,12004,Lucknow Shatabdi Express,SF,NDLS,GZB,24.5,38.0,22,4,3.4,0.71,0,43.51
TRIP-2116,12004,Lucknow Shatabdi Express,SF,GZB,ALJN,106.3,60.0,22,4,8.2,0.74,0,60.95
TRIP-2116,12004,Lucknow Shatabdi Express,SF,ALJN,CNB,308.6,210.0,23,4,8.6,0.79,0,210.69
TRIP-2116,12004,Lucknow Shatabdi Express,SF,CNB,LKO,71.6,75.0,3,4,8.8,0.61,0,77.24
TRIP-2117,12004,Lucknow Shatabdi Express,SF,NDLS,GZB,24.5,38.0,4,5,10.0,0.82,0,37.45
TRIP-2117,12004,Lucknow Shatabdi Express,SF,GZB,ALJN,106.3,60.0,4,5,9.1,0.76,0,60.49
TRIP-2117,12004,Lucknow Shatabdi Express,SF,ALJN,CNB,308.6,210.0,5,5,10.4,0.73,0,208.49
TRIP-2117,12004,Lucknow Shatabdi Express,SF,CNB,LKO,71.6,75.0,9,5,10.1,0.97,0,79.69
TRIP-2118,12302,Howrah Rajdhani Express,RAJ,NDLS,CNB,440.0,285.0,8,5,0.0,0.95,0,293.22
TRIP-2118,12302,Howrah Rajdhani Express,RAJ,CNB,PRYJ,194.5,120.0,12,5,8.7,0.82,0,117.29
TRIP-2118,12302,Howrah Rajdhani Express,RAJ,PRYJ,DDU,153.0,105.0,15,5,6.4,0.85,0,107.5
TRIP-2118,12302,Howrah Rajdhani Express,RAJ,DDU,GAYA,205.0,130.0,16,5,9.4,0.69,0,126.86
TRIP-2118,12302,Howrah Rajdhani Express,RAJ,GAYA,DHN,201.0,140.0,19,5,7.0,0.75,0,133.42
TRIP-2118,12302,Howrah Rajdhani Express,RAJ,DHN,HWH,259.0,200.0,21,5,0.8,0.84,0,204.48
TRIP-2119,12004,Lucknow Shatabdi Express,SF,NDLS,GZB,24.5,38.0,11,5,33.6,0.98,0,46.2
TRIP-2119,12004,Lucknow Shatabdi Express,SF,GZB,ALJN,106.3,60.0,11,5,43.2,0.98,0,78.22
TRIP-2119,12004,Lucknow Shatabdi Express,SF,ALJN,CNB,308.6,210.0,13,5,61.9,0.7,0,212.19
TRIP-2119,12004,Lucknow Shatabdi Express,SF,CNB,LKO,71.6,75.0,16,5,64.1,0.66,0,79.99
TRIP-2120,12802,Purushottam Express,EXP,NDLS,CNB,440.0,350.0,17,5,0.0,0.98,0,363.84
TRIP-2120,12802,Purushottam Express,EXP,CNB,PRYJ,194.5,150.0,23,5,15.3,0.83,0,147.19
TRIP-2120,12802,Purushottam Express,EXP,PRYJ,DDU,153.0,135.0,1,5,13.9,0.89,0,131.92
TRIP-2120,12802,Purushottam Express,EXP,DDU,GAYA,205.0,165.0,3,5,10.1,0.71,0,158.36
TRIP-2120,12802,Purushottam Express,EXP,GAYA,BKSC,149.0,135.0,6,5,3.9,0.55,0,132.44
TRIP-2120,12802,Purushottam Express,EXP,BKSC,PURI,612.0,520.0,8,5,3.2,0.73,0,522.82
TRIP-2121,12302,Howrah Rajdhani Express,RAJ,NDLS,CNB,440.0,285.0,20,5,0.0,0.98,0,291.9
TRIP-2121,12302,Howrah Rajdhani Express,RAJ,CNB,PRYJ,194.5,120.0,0,5,7.1,0.89,0,110.25
TRIP-2121,12302,Howrah Rajdhani Express,RAJ,PRYJ,DDU,153.0,105.0,2,5,0.0,0.85,0,100.34
TRIP-2121,12302,Howrah Rajdhani Express,RAJ,DDU,GAYA,205.0,130.0,4,5,0.0,0.83,0,120.05
TRIP-2121,12302,Howrah Rajdhani Express,RAJ,GAYA,DHN,201.0,140.0,6,5,0.0,0.41,0,132.54
TRIP-2121,12302,Howrah Rajdhani Express,RAJ,DHN,HWH,259.0,200.0,9,5,0.0,0.81,0,201.79
TRIP-2122,12951,Mumbai Rajdhani Express,RAJ,BCT,ST,263.0,160.0,23,5,7.2,0.76,0,155.48
TRIP-2122,12951,Mumbai Rajdhani Express,RAJ,ST,BRC,129.0,80.0,1,5,3.8,0.7,0,76.65
TRIP-2122,12951,Mumbai Rajdhani Express,RAJ,BRC,RTM,261.0,195.0,3,5,0.5,0.76,0,176.97
TRIP-2122,12951,Mumbai Rajdhani Express,RAJ,RTM,KOTA,266.0,155.0,6,5,0.0,0.62,0,147.7
TRIP-2122,12951,Mumbai Rajdhani Express,RAJ,KOTA,MTJ,324.0,195.0,8,5,0.0,0.98,0,206.47
TRIP-2122,12951,Mumbai Rajdhani Express,RAJ,MTJ,NDLS,143.0,110.0,12,5,13.1,0.87,0,107.68
TRIP-2123,12004,Lucknow Shatabdi Express,SF,NDLS,GZB,24.5,38.0,1,6,11.4,0.65,0,34.8
TRIP-2123,12004,Lucknow Shatabdi Express,SF,GZB,ALJN,106.3,60.0,1,6,10.0,0.72,0,62.01
TRIP-2123,12004,Lucknow Shatabdi Express,SF,ALJN,CNB,308.6,210.0,2,6,11.7,0.69,0,196.81
TRIP-2123,12004,Lucknow Shatabdi Express,SF,CNB,LKO,71.6,75.0,6,6,0.4,0.72,0,73.67
TRIP-2124,12802,Purushottam Express,EXP,NDLS,CNB,440.0,350.0,7,6,0.0,0.87,0,350.74
TRIP-2124,12802,Purushottam Express,EXP,CNB,PRYJ,194.5,150.0,12,6,0.9,0.79,0,151.97
TRIP-2124,12802,Purushottam Express,EXP,PRYJ,DDU,153.0,135.0,15,6,4.3,0.69,0,136.48
TRIP-2124,12802,Purushottam Express,EXP,DDU,GAYA,205.0,165.0,17,6,6.4,0.98,0,182.85
TRIP-2124,12802,Purushottam Express,EXP,GAYA,BKSC,149.0,135.0,21,6,26.0,0.63,0,135.87
TRIP-2124,12802,Purushottam Express,EXP,BKSC,PURI,612.0,520.0,23,6,28.3,0.43,0,505.45
TRIP-2125,12004,Lucknow Shatabdi Express,SF,NDLS,GZB,24.5,38.0,10,6,15.0,0.84,0,40.81
TRIP-2125,12004,Lucknow Shatabdi Express,SF,GZB,ALJN,106.3,60.0,10,6,18.5,0.97,0,68.25
TRIP-2125,12004,Lucknow Shatabdi Express,SF,ALJN,CNB,308.6,210.0,11,6,28.5,0.95,0,224.45
TRIP-2125,12004,Lucknow Shatabdi Express,SF,CNB,LKO,71.6,75.0,15,6,44.7,0.79,0,88.23
TRIP-2126,12004,Lucknow Shatabdi Express,SF,NDLS,GZB,24.5,38.0,13,6,0.0,0.87,0,47.16
TRIP-2126,12004,Lucknow Shatabdi Express,SF,GZB,ALJN,106.3,60.0,13,6,9.4,0.85,0,60.35
TRIP-2126,12004,Lucknow Shatabdi Express,SF,ALJN,CNB,308.6,210.0,14,6,11.4,0.75,0,209.41
TRIP-2126,12004,Lucknow Shatabdi Express,SF,CNB,LKO,71.6,75.0,18,6,12.3,0.98,0,86.9
TRIP-2127,12951,Mumbai Rajdhani Express,RAJ,BCT,ST,263.0,160.0,16,6,3.1,0.76,0,157.12
TRIP-2127,12951,Mumbai Rajdhani Express,RAJ,ST,BRC,129.0,80.0,18,6,0.0,0.97,0,86.34
TRIP-2127,12951,Mumbai Rajdhani Express,RAJ,BRC,RTM,261.0,195.0,20,6,7.7,0.8,0,199.38
TRIP-2127,12951,Mumbai Rajdhani Express,RAJ,RTM,KOTA,266.0,155.0,23,6,14.1,0.7,0,155.46
TRIP-2127,12951,Mumbai Rajdhani Express,RAJ,KOTA,MTJ,324.0,195.0,2,6,13.8,0.74,0,185.26
TRIP-2127,12951,Mumbai Rajdhani Express,RAJ,MTJ,NDLS,143.0,110.0,5,6,5.1,0.84,0,106.17
TRIP-2128,12951,Mumbai Rajdhani Express,RAJ,BCT,ST,263.0,160.0,18,6,0.4,0.98,0,169.69
TRIP-2128,12951,Mumbai Rajdhani Express,RAJ,ST,BRC,129.0,80.0,20,6,11.4,0.92,0,89.52
TRIP-2128,12951,Mumbai Rajdhani Express,RAJ,BRC,RTM,261.0,195.0,22,6,20.8,0.62,0,200.93
TRIP-2128,12951,Mumbai Rajdhani Express,RAJ,RTM,KOTA,266.0,155.0,1,6,27.8,0.86,0,148.11
TRIP-2128,12951,Mumbai Rajdhani Express,RAJ,KOTA,MTJ,324.0,195.0,4,6,21.5,0.81,0,186.17
TRIP-2128,12951,Mumbai Rajdhani Express,RAJ,MTJ,NDLS,143.0,110.0,7,6,13.2,0.78,0,109.31
TRIP-2129,12004,Lucknow Shatabdi Express,SF,NDLS,GZB,24.5,38.0,22,6,4.2,0.89,0,36.65
TRIP-2129,12004,Lucknow Shatabdi Express,SF,GZB,ALJN,106.3,60.0,22,6,3.3,0.62,0,63.98
TRIP-2129,12004,Lucknow Shatabdi Express,SF,ALJN,CNB,308.6,210.0,23,6,8.5,0.74,0,212.97
TRIP-2129,12004,Lucknow Shatabdi Express,SF,CNB,LKO,71.6,75.0,3,6,11.4,0.83,0,74.01
TRIP-2130,22436,Vande Bharat Express,VB,NDLS,CNB,440.0,240.0,1,0,2.5,0.8,0,224.09
TRIP-2130,22436,Vande Bharat Express,VB,CNB,PRYJ,194.5,100.0,4,0,0.0,0.68,0,98.13
TRIP-2130,22436,Vande Bharat Express,VB,PRYJ,DDU,153.0,90.0,6,0,0.0,0.85,0,85.74
TRIP-2130,22436,Vande Bharat Express,VB,DDU,BSB,18.0,25.0,8,0,0.0,0.98,0,28.61
TRIP-2131,22436,Vande Bharat Express,VB,NDLS,CNB,440.0,240.0,5,0,0.0,0.67,0,232.33
TRIP-2131,22436,Vande Bharat Express,VB,CNB,PRYJ,194.5,100.0,8,0,0.0,0.88,0,100.28
TRIP-2131,22436,Vande Bharat Express,VB,PRYJ,DDU,153.0,90.0,10,0,1.4,0.92,0,95.91
TRIP-2131,22436,Vande Bharat Express,VB,DDU,BSB,18.0,25.0,12,0,9.1,0.68,0,21.63
TRIP-2132,12004,Lucknow Shatabdi Express,SF,NDLS,GZB,24.5,38.0,7,0,29.1,0.8,0,38.73
TRIP-2132,12004,Lucknow Shatabdi Express,SF,GZB,ALJN,106.3,60.0,7,0,30.4,0.68,0,63.17
TRIP-2132,12004,Lucknow Shatabdi Express,SF,ALJN,CNB,308.6,210.0,8,0,32.8,0.88,0,223.16
TRIP-2132,12004,Lucknow Shatabdi Express,SF,CNB,LKO,71.6,75.0,12,0,45.3,0.67,0,78.35
TRIP-2133,22436,Vande Bharat Express,VB,NDLS,CNB,440.0,240.0,10,0,1.2,0.9,0,245.09
TRIP-2133,22436,Vande Bharat Express,VB,CNB,PRYJ,194.5,100.0,14,0,8.2,0.85,0,92.07
TRIP-2133,22436,Vande Bharat Express,VB,PRYJ,DDU,153.0,90.0,15,0,0.0,0.63,0,90.1
TRIP-2133,22436,Vande Bharat Express,VB,DDU,BSB,18.0,25.0,17,0,1.0,0.97,0,30.54
TRIP-2134,12802,Purushottam Express,EXP,NDLS,CNB,440.0,350.0,13,0,10.0,0.6,0,338.18
TRIP-2134,12802,Purushottam Express,EXP,CNB,PRYJ,194.5,150.0,18,0,0.0,0.98,0,156.31
TRIP-2134,12802,Purushottam Express,EXP,PRYJ,DDU,153.0,135.0,21,0,8.0,0.96,0,142.16
TRIP-2134,12802,Purushottam Express,EXP,DDU,GAYA,205.0,165.0,23,0,16.5,0.67,0,161.71
TRIP-2134,12802,Purushottam Express,EXP,GAYA,BKSC,149.0,135.0,2,0,14.0,0.62,0,127.74
TRIP-2134,12802,Purushottam Express,EXP,BKSC,PURI,612.0,520.0,4,0,8.1,0.43,0,476.67
TRIP-2135,12004,Lucknow Shatabdi Express,SF,NDLS,GZB,24.5,38.0,16,0,0.1,0.67,0,36.21
TRIP-2135,12004,Lucknow Shatabdi Express,SF,GZB,ALJN,106.3,60.0,16,0,0.0,0.65,0,66.23
TRIP-2135,12004,Lucknow Shatabdi Express,SF,ALJN,CNB,308.6,210.0,17,0,6.3,0.98,0,220.34
TRIP-2135,12004,Lucknow Shatabdi Express,SF,CNB,LKO,71.6,75.0,21,0,17.3,0.88,0,83.47
TRIP-2136,12951,Mumbai Rajdhani Express,RAJ,BCT,ST,263.0,160.0,20,0,10.0,0.88,0,163.95
TRIP-2136,12951,Mumbai Rajdhani Express,RAJ,ST,BRC,129.0,80.0,22,0,15.8,0.72,0,78.93
TRIP-2136,12951,Mumbai Rajdhani Express,RAJ,BRC,RTM,261.0,195.0,0,0,16.4,0.66,0,184.77
TRIP-2136,12951,Mumbai Rajdhani Express,RAJ,RTM,KOTA,266.0,155.0,3,0,6.9,0.85,0,139.8
TRIP-2136,12951,Mumbai Rajdhani Express,RAJ,KOTA,MTJ,324.0,195.0,5,0,0.0,0.71,0,192.64
TRIP-2136,12951,Mumbai Rajdhani Express,RAJ,MTJ,NDLS,143.0,110.0,9,0,0.0,0.98,0,114.7
TRIP-2137,22436,Vande Bharat Express,VB,NDLS,CNB,440.0,240.0,23,0,2.2,0.62,0,237.06
TRIP-2137,22436,Vande Bharat Express,VB,CNB,PRYJ,194.5,100.0,3,0,0.0,0.69,0,98.63
TRIP-2137,22436,Vande Bharat Express,VB,PRYJ,DDU,153.0,90.0,4,0,0.0,0.66,0,83.87
TRIP-2137,22436,Vande Bharat Express,VB,DDU,BSB,18.0,25.0,6,0,0.0,0.71,0,28.84
TRIP-2138,12302,Howrah Rajdhani Express,RAJ,NDLS,CNB,440.0,285.0,1,1,4.7,0.67,0,259.49
TRIP-2138,12302,Howrah Rajdhani Express,RAJ,CNB,PRYJ,194.5,120.0,5,1,0.0,0.82,0,122.28
TRIP-2138,12302,Howrah Rajdhani Express,RAJ,PRYJ,DDU,153.0,105.0,7,1,1.6,0.74,0,107.22
TRIP-2138,12302,Howrah Rajdhani Express,RAJ,DDU,GAYA,205.0,130.0,9,1,4.2,0.98,0,135.15
TRIP-2138,12302,Howrah Rajdhani Express,RAJ,GAYA,DHN,201.0,140.0,11,1,11.2,0.77,0,137.61
TRIP-2138,12302,Howrah Rajdhani Express,RAJ,DHN,HWH,259.0,200.0,14,1,9.0,0.43,0,188.4
TRIP-2139,12004,Lucknow Shatabdi Express,SF,NDLS,GZB,24.5,38.0,4,1,1.8,0.81,0,44.47
TRIP-2139,12004,Lucknow Shatabdi Express,SF,GZB,ALJN,106.3,60.0,4,1,8.2,0.73,0,58.02
TRIP-2139,12004,Lucknow Shatabdi Express,SF,ALJN,CNB,308.6,210.0,5,1,8.1,0.82,0,206.99
TRIP-2139,12004,Lucknow Shatabdi Express,SF,CNB,LKO,71.6,75.0,9,1,4.9,0.98,0,79.54
TRIP-2140,12802,Purushottam Express,EXP,NDLS,CNB,440.0,350.0,7,1,1.4,0.66,0,345.2
TRIP-2140,12802,Purushottam Express,EXP,CNB,PRYJ,194.5,150.0,12,1,0.0,0.65,0,148.42
TRIP-2140,12802,Purushottam Express,EXP,PRYJ,DDU,153.0,135.0,15,1,0.0,0.61,0,131.05
TRIP-2140,12802,Purushottam Express,EXP,DDU,GAYA,205.0,165.0,17,1,0.0,0.82,0,168.22
TRIP-2140,12802,Purushottam Express,EXP,GAYA,BKSC,149.0,135.0,20,1,4.1,0.6,0,131.29
TRIP-2140,12802,Purushottam Express,EXP,BKSC,PURI,612.0,520.0,22,1,1.7,0.52,0,498.57
TRIP-2141,12004,Lucknow Shatabdi Express,SF,NDLS,GZB,24.5,38.0,10,1,4.8,0.98,0,43.07
TRIP-2141,12004,Lucknow Shatabdi Express,SF,GZB,ALJN,106.3,60.0,10,1,9.0,0.97,0,69.49
TRIP-2141,12004,Lucknow Shatabdi Express,SF,ALJN,CNB,308.6,210.0,12,1,19.2,0.62,0,207.85
TRIP-2141,12004,Lucknow Shatabdi Express,SF,CNB,LKO,71.6,75.0,15,1,19.0,0.64,0,70.53
TRIP-2142,12802,Purushottam Express,EXP,NDLS,CNB,440.0,350.0,14,1,12.6,0.7,0,339.37
TRIP-2142,12802,Purushottam Express,EXP,CNB,PRYJ,194.5,150.0,19,1,2.0,0.98,0,157.32
TRIP-2142,12802,Purushottam Express,EXP,PRYJ,DDU,153.0,135.0,22,1,10.6,0.73,0,134.69
TRIP-2142,12802,Purushottam Express,EXP,DDU,GAYA,205.0,165.0,0,1,11.0,0.87,0,160.89
TRIP-2142,12802,Purushottam Express,EXP,GAYA,BKSC,149.0,135.0,3,1,8.2,0.56,0,125.28
TRIP-2142,12802,Purushottam Express,EXP,BKSC,PURI,612.0,520.0,5,1,0.3,0.63,0,497.2
TRIP-2143,12951,Mumbai Rajdhani Express,RAJ,BCT,ST,263.0,160.0,20,1,3.4,0.89,0,167.72
TRIP-2143,12951,Mumbai Rajdhani Express,RAJ,ST,BRC,129.0,80.0,22,1,10.5,0.62,0,77.87
TRIP-2143,12951,Mumbai Rajdhani Express,RAJ,BRC,RTM,261.0,195.0,0,1,8.8,0.65,0,185.57
TRIP-2143,12951,Mumbai Rajdhani Express,RAJ,RTM,KOTA,266.0,155.0,3,1,0.4,0.62,0,143.81
TRIP-2143,12951,Mumbai Rajdhani Express,RAJ,KOTA,MTJ,324.0,195.0,5,1,0.0,0.63,0,188.5
TRIP-2143,12951,Mumbai Rajdhani Express,RAJ,MTJ,NDLS,143.0,110.0,9,1,0.0,0.9,0,119.28
TRIP-2144,12004,Lucknow Shatabdi Express,SF,NDLS,GZB,24.5,38.0,0,2,10.0,0.64,0,39.69
TRIP-2144,12004,Lucknow Shatabdi Express,SF,GZB,ALJN,106.3,60.0,0,2,13.5,0.69,0,64.11
TRIP-2144,12004,Lucknow Shatabdi Express,SF,ALJN,CNB,308.6,210.0,1,2,19.3,0.88,0,195.26
TRIP-2144,12004,Lucknow Shatabdi Express,SF,CNB,LKO,71.6,75.0,5,2,6.2,0.89,0,80.12
TRIP-2145,12951,Mumbai Rajdhani Express,RAJ,BCT,ST,263.0,160.0,4,2,10.0,0.76,0,143.31
TRIP-2145,12951,Mumbai Rajdhani Express,RAJ,ST,BRC,129.0,80.0,6,2,0.0,0.85,0,81.36
TRIP-2145,12951,Mumbai Rajdhani Express,RAJ,BRC,RTM,261.0,195.0,7,2,1.9,0.67,0,191.43
TRIP-2145,12951,Mumbai Rajdhani Express,RAJ,RTM,KOTA,266.0,155.0,11,2,0.0,0.8,0,162.1
TRIP-2145,12951,Mumbai Rajdhani Express,RAJ,KOTA,MTJ,324.0,195.0,13,2,8.7,0.86,0,191.36
TRIP-2145,12951,Mumbai Rajdhani Express,RAJ,MTJ,NDLS,143.0,110.0,17,2,6.7,0.98,0,109.74
TRIP-2146,12951,Mumbai Rajdhani Express,RAJ,BCT,ST,263.0,160.0,10,2,0.0,0.97,0,165.03
TRIP-2146,12951,Mumbai Rajdhani Express,RAJ,ST,BRC,129.0,80.0,12,2,4.2,0.71,0,85.91
TRIP-2146,12951,Mumbai Rajdhani Express,RAJ,BRC,RTM,261.0,195.0,14,2,11.0,0.71,0,186.36
TRIP-2146,12951,Mumbai Rajdhani Express,RAJ,RTM,KOTA,266.0,155.0,17,2,3.8,0.96,0,166.64
TRIP-2146,12951,Mumbai Rajdhani Express,RAJ,KOTA,MTJ,324.0,195.0,20,2,17.1,0.98,0,203.95
TRIP-2146,12951,Mumbai Rajdhani Express,RAJ,MTJ,NDLS,143.0,110.0,23,2,27.7,0.61,0,111.37
TRIP-2147,12004,Lucknow Shatabdi Express,SF,NDLS,GZB,24.5,38.0,12,2,6.1,0.69,0,40.92
TRIP-2147,12004,Lucknow Shatabdi Express,SF,GZB,ALJN,106.3,60.0,12,2,9.7,0.76,0,57.37
TRIP-2147,12004,Lucknow Shatabdi Express,SF,ALJN,CNB,308.6,210.0,13,2,8.3,0.77,0,205.59
TRIP-2147,12004,Lucknow Shatabdi Express,SF,CNB,LKO,71.6,75.0,17,2,3.1,0.95,0,81.57
TRIP-2148,12004,Lucknow Shatabdi Express,SF,NDLS,GZB,24.5,38.0,16,2,5.1,0.82,0,41.06
TRIP-2148,12004,Lucknow Shatabdi Express,SF,GZB,ALJN,106.3,60.0,16,2,8.8,0.62,0,64.71
TRIP-2148,12004,Lucknow Shatabdi Express,SF,ALJN,CNB,308.6,210.0,17,2,13.3,0.81,0,214.07
TRIP-2148,12004,Lucknow Shatabdi Express,SF,CNB,LKO,71.6,75.0,21,2,19.0,0.98,0,85.24
TRIP-2149,12302,Howrah Rajdhani Express,RAJ,NDLS,CNB,440.0,285.0,20,2,10.0,0.85,0,290.9
TRIP-2149,12302,Howrah Rajdhani Express,RAJ,CNB,PRYJ,194.5,120.0,0,2,16.6,0.86,0,114.88
TRIP-2149,12302,Howrah Rajdhani Express,RAJ,PRYJ,DDU,153.0,105.0,2,2,11.8,0.74,0,103.9
TRIP-2149,12302,Howrah Rajdhani Express,RAJ,DDU,GAYA,205.0,130.0,4,2,11.0,0.68,0,116.44
TRIP-2149,12302,Howrah Rajdhani Express,RAJ,GAYA,DHN,201.0,140.0,6,2,0.0,0.61,0,130.58
TRIP-2149,12302,Howrah Rajdhani Express,RAJ,DHN,HWH,259.0,200.0,9,2,0.0,0.58,0,198.9
TRIP-2150,12951,Mumbai Rajdhani Express,RAJ,BCT,ST,263.0,160.0,2,3,0.0,0.62,0,149.02
TRIP-2150,12951,Mumbai Rajdhani Express,RAJ,ST,BRC,129.0,80.0,4,3,0.0,0.69,0,74.76
TRIP-2150,12951,Mumbai Rajdhani Express,RAJ,BRC,RTM,261.0,195.0,5,3,0.0,0.85,0,194.4
TRIP-2150,12951,Mumbai Rajdhani Express,RAJ,RTM,KOTA,266.0,155.0,9,3,0.9,0.91,0,165.01
TRIP-2150,12951,Mumbai Rajdhani Express,RAJ,KOTA,MTJ,324.0,195.0,12,3,11.1,0.74,0,189.51
TRIP-2150,12951,Mumbai Rajdhani Express,RAJ,MTJ,NDLS,143.0,110.0,15,3,5.3,0.69,0,103.61
TRIP-2151,22436,Vande Bharat Express,VB,NDLS,CNB,440.0,240.0,5,3,10.0,0.79,0,227.64
TRIP-2151,22436,Vande Bharat Express,VB,CNB,PRYJ,194.5,100.0,8,3,0.0,0.89,0,106.53
TRIP-2151,22436,Vande Bharat Express,VB,PRYJ,DDU,153.0,90.0,10,3,8.3,0.98,0,92.13
TRIP-2151,22436,Vande Bharat Express,VB,DDU,BSB,18.0,25.0,12,3,12.2,0.79,0,25.37
TRIP-2152,12302,Howrah Rajdhani Express,RAJ,NDLS,CNB,440.0,285.0,7,3,0.0,0.73,0,277.67
TRIP-2152,12302,Howrah Rajdhani Express,RAJ,CNB,PRYJ,194.5,120.0,11,3,0.0,0.94,0,127.01
TRIP-2152,12302,Howrah Rajdhani Express,RAJ,PRYJ,DDU,153.0,105.0,13,3,7.4,0.87,0,95.77
TRIP-2152,12302,Howrah Rajdhani Express,RAJ,DDU,GAYA,205.0,130.0,15,3,0.0,0.76,0,129.55
TRIP-2152,12302,Howrah Rajdhani Express,RAJ,GAYA,DHN,201.0,140.0,17,3,0.6,0.62,0,142.49
TRIP-2152,12302,Howrah Rajdhani Express,RAJ,DHN,HWH,259.0,200.0,20,3,4.1,0.69,0,202.14
TRIP-2153,12951,Mumbai Rajdhani Express,RAJ,BCT,ST,263.0,160.0,13,3,4.8,0.65,0,153.02
TRIP-2153,12951,Mumbai Rajdhani Express,RAJ,ST,BRC,129.0,80.0,15,3,0.0,0.71,0,80.49
TRIP-2153,12951,Mumbai Rajdhani Express,RAJ,BRC,RTM,261.0,195.0,17,3,1.8,0.98,0,204.92
TRIP-2153,12951,Mumbai Rajdhani Express,RAJ,RTM,KOTA,266.0,155.0,20,3,12.0,0.98,0,157.69
TRIP-2153,12951,Mumbai Rajdhani Express,RAJ,KOTA,MTJ,324.0,195.0,23,3,16.0,0.73,0,189.23
TRIP-2153,12951,Mumbai Rajdhani Express,RAJ,MTJ,NDLS,143.0,110.0,2,3,9.8,0.87,0,101.4
TRIP-2154,12951,Mumbai Rajdhani Express,RAJ,BCT,ST,263.0,160.0,16,3,0.0,0.88,0,160.28
TRIP-2154,12951,Mumbai Rajdhani Express,RAJ,ST,BRC,129.0,80.0,18,3,1.4,0.98,0,91.14
TRIP-2154,12951,Mumbai Rajdhani Express,RAJ,BRC,RTM,261.0,195.0,20,3,14.0,0.98,0,200.28
TRIP-2154,12951,Mumbai Rajdhani Express,RAJ,RTM,KOTA,266.0,155.0,23,3,18.3,0.63,0,152.62
TRIP-2154,12951,Mumbai Rajdhani Express,RAJ,KOTA,MTJ,324.0,195.0,2,3,15.6,0.67,0,174.96
TRIP-2154,12951,Mumbai Rajdhani Express,RAJ,MTJ,NDLS,143.0,110.0,5,3,0.0,0.88,0,106.71
TRIP-2155,12302,Howrah Rajdhani Express,RAJ,NDLS,CNB,440.0,285.0,20,3,4.3,0.98,0,300.65
TRIP-2155,12302,Howrah Rajdhani Express,RAJ,CNB,PRYJ,194.5,120.0,1,3,19.6,0.63,0,108.96
TRIP-2155,12302,Howrah Rajdhani Express,RAJ,PRYJ,DDU,153.0,105.0,2,3,9.9,0.81,0,95.46
TRIP-2155,12302,Howrah Rajdhani Express,RAJ,DDU,GAYA,205.0,130.0,4,3,1.8,0.66,0,121.69
TRIP-2155,12302,Howrah Rajdhani Express,RAJ,GAYA,DHN,201.0,140.0,6,3,0.0,0.44,0,132.47
TRIP-2155,12302,Howrah Rajdhani Express,RAJ,DHN,HWH,259.0,200.0,9,3,0.0,0.78,0,199.51
TRIP-2156,12302,Howrah Rajdhani Express,RAJ,NDLS,CNB,440.0,285.0,2,4,8.8,0.79,0,267.31
TRIP-2156,12302,Howrah Rajdhani Express,RAJ,CNB,PRYJ,194.5,120.0,6,4,0.0,0.7,0,122.35
TRIP-2156,12302,Howrah Rajdhani Express,RAJ,PRYJ,DDU,153.0,105.0,8,4,4.2,0.98,0,114.48
TRIP-2156,12302,Howrah Rajdhani Express,RAJ,DDU,GAYA,205.0,130.0,10,4,14.1,0.98,0,138.74
TRIP-2156,12302,Howrah Rajdhani Express,RAJ,GAYA,DHN,201.0,140.0,13,4,22.2,0.47,0,137.16
TRIP-2156,12302,Howrah Rajdhani Express,RAJ,DHN,HWH,259.0,200.0,15,4,19.3,0.45,0,195.08
TRIP-2157,12802,Purushottam Express,EXP,NDLS,CNB,440.0,350.0,5,4,69.2,0.75,0,355.91
TRIP-2157,12802,Purushottam Express,EXP,CNB,PRYJ,194.5,150.0,11,4,76.7,0.98,0,170.98
TRIP-2157,12802,Purushottam Express,EXP,PRYJ,DDU,153.0,135.0,13,4,98.8,0.8,0,144.36
TRIP-2157,12802,Purushottam Express,EXP,DDU,GAYA,205.0,165.0,16,4,108.5,0.76,0,175.95
TRIP-2157,12802,Purushottam Express,EXP,GAYA,BKSC,149.0,135.0,19,4,120.7,0.68,0,149.57
TRIP-2157,12802,Purushottam Express,EXP,BKSC,PURI,612.0,520.0,22,4,136.5,0.36,0,522.3
TRIP-2158,12004,Lucknow Shatabdi Express,SF,NDLS,GZB,24.5,38.0,9,4,1.1,0.98,0,44.07
TRIP-2158,12004,Lucknow Shatabdi Express,SF,GZB,ALJN,106.3,60.0,9,4,7.0,0.93,0,65.57
TRIP-2158,12004,Lucknow Shatabdi Express,SF,ALJN,CNB,308.6,210.0,10,4,12.6,0.96,0,224.86
TRIP-2158,12004,Lucknow Shatabdi Express,SF,CNB,LKO,71.6,75.0,14,4,26.9,0.6,0,79.6
TRIP-2159,12951,Mumbai Rajdhani Express,RAJ,BCT,ST,263.0,160.0,15,4,0.7,0.71,0,163.49
TRIP-2159,12951,Mumbai Rajdhani Express,RAJ,ST,BRC,129.0,80.0,17,4,3.7,0.98,0,85.05
TRIP-2159,12951,Mumbai Rajdhani Express,RAJ,BRC,RTM,261.0,195.0,19,4,8.5,0.95,0,208.03
TRIP-2159,12951,Mumbai Rajdhani Express,RAJ,RTM,KOTA,266.0,155.0,22,4,22.5,0.66,0,153.72
TRIP-2159,12951,Mumbai Rajdhani Express,RAJ,KOTA,MTJ,324.0,195.0,1,4,22.1,0.86,0,183.78
TRIP-2159,12951,Mumbai Rajdhani Express,RAJ,MTJ,NDLS,143.0,110.0,4,4,10.7,0.87,0,101.57
TRIP-2160,12004,Lucknow Shatabdi Express,SF,NDLS,GZB,24.5,38.0,21,4,15.5,0.98,0,46.02
TRIP-2160,12004,Lucknow Shatabdi Express,SF,GZB,ALJN,106.3,60.0,21,4,24.9,0.85,0,65.87
TRIP-2160,12004,Lucknow Shatabdi Express,SF,ALJN,CNB,308.6,210.0,23,4,31.0,0.63,0,215.4
TRIP-2160,12004,Lucknow Shatabdi Express,SF,CNB,LKO,71.6,75.0,2,4,38.3,0.61,0,76.77
TRIP-2161,12302,Howrah Rajdhani Express,RAJ,NDLS,CNB,440.0,285.0,1,5,25.9,0.62,0,262.73
TRIP-2161,12302,Howrah Rajdhani Express,RAJ,CNB,PRYJ,194.5,120.0,5,5,2.7,0.84,0,121.48
TRIP-2161,12302,Howrah Rajdhani Express,RAJ,PRYJ,DDU,153.0,105.0,7,5,4.4,0.88,0,111.4
TRIP-2161,12302,Howrah Rajdhani Express,RAJ,DDU,GAYA,205.0,130.0,9,5,11.8,0.98,0,136.86
TRIP-2161,12302,Howrah Rajdhani Express,RAJ,GAYA,DHN,201.0,140.0,11,5,18.4,0.63,0,134.38
TRIP-2161,12302,Howrah Rajdhani Express,RAJ,DHN,HWH,259.0,200.0,14,5,13.5,0.6,0,192.48
TRIP-2162,12302,Howrah Rajdhani Express,RAJ,NDLS,CNB,440.0,285.0,4,5,0.0,0.79,0,265.01
TRIP-2162,12302,Howrah Rajdhani Express,RAJ,CNB,PRYJ,194.5,120.0,8,5,0.0,0.93,0,124.41
TRIP-2162,12302,Howrah Rajdhani Express,RAJ,PRYJ,DDU,153.0,105.0,10,5,4.1,0.98,0,116.43
TRIP-2162,12302,Howrah Rajdhani Express,RAJ,DDU,GAYA,205.0,130.0,12,5,16.5,0.79,0,127.35
TRIP-2162,12302,Howrah Rajdhani Express,RAJ,GAYA,DHN,201.0,140.0,14,5,13.3,0.62,0,128.67
TRIP-2162,12302,Howrah Rajdhani Express,RAJ,DHN,HWH,259.0,200.0,17,5,2.5,0.7,0,196.56
TRIP-2163,12802,Purushottam Express,EXP,NDLS,CNB,440.0,350.0,10,5,5.9,0.98,0,364.98
TRIP-2163,12802,Purushottam Express,EXP,CNB,PRYJ,194.5,150.0,16,5,21.6,0.87,0,149.09
TRIP-2163,12802,Purushottam Express,EXP,PRYJ,DDU,153.0,135.0,18,5,20.1,0.82,0,142.27
TRIP-2163,12802,Purushottam Express,EXP,DDU,GAYA,205.0,165.0,21,5,28.3,0.87,0,174.59
TRIP-2163,12802,Purushottam Express,EXP,GAYA,BKSC,149.0,135.0,0,5,38.2,0.38,0,134.26
TRIP-2163,12802,Purushottam Express,EXP,BKSC,PURI,612.0,520.0,2,5,37.7,0.44,0,478.0
TRIP-2164,12302,Howrah Rajdhani Express,RAJ,NDLS,CNB,440.0,285.0,12,5,4.6,0.64,0,276.72
TRIP-2164,12302,Howrah Rajdhani Express,RAJ,CNB,PRYJ,194.5,120.0,16,5,0.0,0.88,0,123.65
TRIP-2164,12302,Howrah Rajdhani Express,RAJ,PRYJ,DDU,153.0,105.0,18,5,3.1,0.85,0,110.17
TRIP-2164,12302,Howrah Rajdhani Express,RAJ,DDU,GAYA,205.0,130.0,20,5,8.0,0.89,0,131.58
TRIP-2164,12302,Howrah Rajdhani Express,RAJ,GAYA,DHN,201.0,140.0,23,5,10.4,0.65,0,129.05
TRIP-2164,12302,Howrah Rajdhani Express,RAJ,DHN,HWH,259.0,200.0,1,5,0.0,0.46,0,182.17
TRIP-2165,12802,Purushottam Express,EXP,NDLS,CNB,440.0,350.0,14,5,54.9,0.79,0,349.75
TRIP-2165,12802,Purushottam Express,EXP,CNB,PRYJ,194.5,150.0,19,5,54.7,0.92,0,161.44
TRIP-2165,12802,Purushottam Express,EXP,PRYJ,DDU,153.0,135.0,22,5,68.0,0.66,0,143.15
TRIP-2165,12802,Purushottam Express,EXP,DDU,GAYA,205.0,165.0,1,5,77.7,0.89,0,164.54
TRIP-2165,12802,Purushottam Express,EXP,GAYA,BKSC,149.0,135.0,3,5,77.9,0.48,0,131.68
TRIP-2165,12802,Purushottam Express,EXP,BKSC,PURI,612.0,520.0,6,5,73.7,0.54,0,510.56
TRIP-2166,22436,Vande Bharat Express,VB,NDLS,CNB,440.0,240.0,16,5,2.6,0.89,0,234.3
TRIP-2166,22436,Vande Bharat Express,VB,CNB,PRYJ,194.5,100.0,19,5,0.0,0.98,0,110.17
TRIP-2166,22436,Vande Bharat Express,VB,PRYJ,DDU,153.0,90.0,21,5,9.9,0.98,0,88.88
TRIP-2166,22436,Vande Bharat Express,VB,DDU,BSB,18.0,25.0,23,5,8.0,0.82,0,23.71
TRIP-2167,22436,Vande Bharat Express,VB,NDLS,CNB,440.0,240.0,22,5,10.0,0.68,0,232.36
TRIP-2167,22436,Vande Bharat Express,VB,CNB,PRYJ,194.5,100.0,1,5,2.0,0.79,0,100.63
TRIP-2167,22436,Vande Bharat Express,VB,PRYJ,DDU,153.0,90.0,3,5,1.9,0.63,0,85.37
TRIP-2167,22436,Vande Bharat Express,VB,DDU,BSB,18.0,25.0,5,5,0.0,0.75,0,24.44
TRIP-2168,12302,Howrah Rajdhani Express,RAJ,NDLS,CNB,440.0,285.0,1,6,12.9,0.63,0,264.49
TRIP-2168,12302,Howrah Rajdhani Express,RAJ,CNB,PRYJ,194.5,120.0,5,6,0.0,0.75,0,118.8
TRIP-2168,12302,Howrah Rajdhani Express,RAJ,PRYJ,DDU,153.0,105.0,7,6,0.0,0.71,0,111.43
TRIP-2168,12302,Howrah Rajdhani Express,RAJ,DDU,GAYA,205.0,130.0,9,6,5.9,0.98,0,134.94
TRIP-2168,12302,Howrah Rajdhani Express,RAJ,GAYA,DHN,201.0,140.0,11,6,10.3,0.78,0,141.68
TRIP-2168,12302,Howrah Rajdhani Express,RAJ,DHN,HWH,259.0,200.0,14,6,11.7,0.4,0,188.31
TRIP-2169,22436,Vande Bharat Express,VB,NDLS,CNB,440.0,240.0,4,6,10.0,0.85,0,226.5
TRIP-2169,22436,Vande Bharat Express,VB,CNB,PRYJ,194.5,100.0,7,6,0.0,0.82,0,103.09
TRIP-2169,22436,Vande Bharat Express,VB,PRYJ,DDU,153.0,90.0,9,6,4.4,0.98,0,95.87
TRIP-2169,22436,Vande Bharat Express,VB,DDU,BSB,18.0,25.0,11,6,12.0,0.9,0,25.82
TRIP-2170,22436,Vande Bharat Express,VB,NDLS,CNB,440.0,240.0,7,6,4.1,0.64,0,238.51
TRIP-2170,22436,Vande Bharat Express,VB,CNB,PRYJ,194.5,100.0,11,6,4.6,0.85,0,111.19
TRIP-2170,22436,Vande Bharat Express,VB,PRYJ,DDU,153.0,90.0,12,6,15.5,0.66,0,92.44
TRIP-2170,22436,Vande Bharat Express,VB,DDU,BSB,18.0,25.0,14,6,18.9,0.75,0,24.66
TRIP-2171,12802,Purushottam Express,EXP,NDLS,CNB,440.0,350.0,13,6,21.2,0.89,0,349.2
TRIP-2171,12802,Purushottam Express,EXP,CNB,PRYJ,194.5,150.0,18,6,22.0,0.9,0,160.88
TRIP-2171,12802,Purushottam Express,EXP,PRYJ,DDU,153.0,135.0,21,6,33.1,0.98,0,153.1
TRIP-2171,12802,Purushottam Express,EXP,DDU,GAYA,205.0,165.0,0,6,50.5,0.87,0,172.89
TRIP-2171,12802,Purushottam Express,EXP,GAYA,BKSC,149.0,135.0,3,6,58.6,0.5,0,129.66
TRIP-2171,12802,Purushottam Express,EXP,BKSC,PURI,612.0,520.0,5,6,54.9,0.35,0,521.63
TRIP-2172,12951,Mumbai Rajdhani Express,RAJ,BCT,ST,263.0,160.0,15,6,0.0,0.76,0,161.39
TRIP-2172,12951,Mumbai Rajdhani Express,RAJ,ST,BRC,129.0,80.0,17,6,1.3,0.9,0,82.93
TRIP-2172,12951,Mumbai Rajdhani Express,RAJ,BRC,RTM,261.0,195.0,19,6,5.0,0.9,0,209.37
TRIP-2172,12951,Mumbai Rajdhani Express,RAJ,RTM,KOTA,266.0,155.0,22,6,19.2,0.75,0,153.33
TRIP-2172,12951,Mumbai Rajdhani Express,RAJ,KOTA,MTJ,324.0,195.0,1,6,18.8,0.75,0,181.4
TRIP-2172,12951,Mumbai Rajdhani Express,RAJ,MTJ,NDLS,143.0,110.0,4,6,5.9,0.86,0,103.4
TRIP-2173,12802,Purushottam Express,EXP,NDLS,CNB,440.0,350.0,21,6,0.0,0.94,0,374.02
TRIP-2173,12802,Purushottam Express,EXP,CNB,PRYJ,194.5,150.0,3,6,25.7,0.84,0,140.39
TRIP-2173,12802,Purushottam Express,EXP,PRYJ,DDU,153.0,135.0,5,6,16.8,0.87,0,142.4
TRIP-2173,12802,Purushottam Express,EXP,DDU,GAYA,205.0,165.0,8,6,25.6,0.86,0,177.44
TRIP-2173,12802,Purushottam Express,EXP,GAYA,BKSC,149.0,135.0,11,6,38.8,0.78,0,143.77
TRIP-2173,12802,Purushottam Express,EXP,BKSC,PURI,612.0,520.0,13,6,46.8,0.56,0,520.3
TRIP-2174,12004,Lucknow Shatabdi Express,SF,NDLS,GZB,24.5,38.0,23,6,27.9,0.8,0,45.54
TRIP-2174,12004,Lucknow Shatabdi Express,SF,GZB,ALJN,106.3,60.0,23,6,35.8,0.81,0,71.82
TRIP-2174,12004,Lucknow Shatabdi Express,SF,ALJN,CNB,308.6,210.0,1,6,46.7,0.7,0,203.49
TRIP-2174,12004,Lucknow Shatabdi Express,SF,CNB,LKO,71.6,75.0,4,6,41.9,0.69,0,83.09
TRIP-2175,22436,Vande Bharat Express,VB,NDLS,CNB,440.0,240.0,5,0,30.5,0.63,0,233.4
TRIP-2175,22436,Vande Bharat Express,VB,CNB,PRYJ,194.5,100.0,8,0,23.0,0.95,0,101.88
TRIP-2175,22436,Vande Bharat Express,VB,PRYJ,DDU,153.0,90.0,10,0,25.3,0.9,0,95.78
TRIP-2175,22436,Vande Bharat Express,VB,DDU,BSB,18.0,25.0,12,0,32.0,0.8,0,39.32
TRIP-2176,22436,Vande Bharat Express,VB,NDLS,CNB,440.0,240.0,7,0,6.5,0.84,0,230.42
TRIP-2176,22436,Vande Bharat Express,VB,CNB,PRYJ,194.5,100.0,10,0,0.0,0.88,0,104.84
TRIP-2176,22436,Vande Bharat Express,VB,PRYJ,DDU,153.0,90.0,12,0,4.3,0.8,0,95.0
TRIP-2176,22436,Vande Bharat Express,VB,DDU,BSB,18.0,25.0,14,0,9.0,0.81,0,21.95
TRIP-2177,12802,Purushottam Express,EXP,NDLS,CNB,440.0,350.0,11,0,0.0,0.85,0,357.61
TRIP-2177,12802,Purushottam Express,EXP,CNB,PRYJ,194.5,150.0,17,0,7.9,0.98,0,158.71
TRIP-2177,12802,Purushottam Express,EXP,PRYJ,DDU,153.0,135.0,19,0,16.9,0.95,0,146.91
TRIP-2177,12802,Purushottam Express,EXP,DDU,GAYA,205.0,165.0,22,0,28.9,0.61,0,165.89
TRIP-2177,12802,Purushottam Express,EXP,GAYA,BKSC,149.0,135.0,1,0,29.0,0.54,0,123.87
TRIP-2177,12802,Purushottam Express,EXP,BKSC,PURI,612.0,520.0,3,0,17.6,0.62,0,472.42
TRIP-2178,12802,Purushottam Express,EXP,NDLS,CNB,440.0,350.0,15,0,0.0,0.73,0,342.98
TRIP-2178,12802,Purushottam Express,EXP,CNB,PRYJ,194.5,150.0,20,0,0.0,0.98,0,157.31
TRIP-2178,12802,Purushottam Express,EXP,PRYJ,DDU,153.0,135.0,23,0,6.5,0.85,0,135.38
TRIP-2178,12802,Purushottam Express,EXP,DDU,GAYA,205.0,165.0,1,0,8.6,0.72,0,156.21
TRIP-2178,12802,Purushottam Express,EXP,GAYA,BKSC,149.0,135.0,4,0,0.1,0.48,0,117.92
TRIP-2178,12802,Purushottam Express,EXP,BKSC,PURI,612.0,520.0,6,0,0.0,0.54,0,501.02
TRIP-2179,22436,Vande Bharat Express,VB,NDLS,CNB,440.0,240.0,21,0,2.2,0.86,0,249.7
TRIP-2179,22436,Vande Bharat Express,VB,CNB,PRYJ,194.5,100.0,1,0,11.4,0.62,0,88.86
TRIP-2179,22436,Vande Bharat Express,VB,PRYJ,DDU,153.0,90.0,2,0,2.1,0.69,0,81.38
TRIP-2179,22436,Vande Bharat Express,VB,DDU,BSB,18.0,25.0,4,0,0.0,0.69,0,27.71
TRIP-2180,12302,Howrah Rajdhani Express,RAJ,NDLS,CNB,440.0,285.0,23,0,11.3,0.78,0,271.18
TRIP-2180,12302,Howrah Rajdhani Express,RAJ,CNB,PRYJ,194.5,120.0,3,0,0.0,0.85,0,108.8
TRIP-2180,12302,Howrah Rajdhani Express,RAJ,PRYJ,DDU,153.0,105.0,5,0,0.0,0.65,0,107.84
TRIP-2180,12302,Howrah Rajdhani Express,RAJ,DDU,GAYA,205.0,130.0,7,0,3.5,0.66,0,130.73
TRIP-2180,12302,Howrah Rajdhani Express,RAJ,GAYA,DHN,201.0,140.0,9,0,4.9,0.59,0,139.18
TRIP-2180,12302,Howrah Rajdhani Express,RAJ,DHN,HWH,259.0,200.0,12,0,4.8,0.4,0,189.22
TRIP-2181,22436,Vande Bharat Express,VB,NDLS,CNB,440.0,240.0,2,1,0.0,0.84,0,227.24
TRIP-2181,22436,Vande Bharat Express,VB,CNB,PRYJ,194.5,100.0,5,1,0.0,0.7,0,97.32
TRIP-2181,22436,Vande Bharat Express,VB,PRYJ,DDU,153.0,90.0,7,1,0.0,0.87,0,97.26
TRIP-2181,22436,Vande Bharat Express,VB,DDU,BSB,18.0,25.0,9,1,8.8,0.87,0,23.36
TRIP-2182,12302,Howrah Rajdhani Express,RAJ,NDLS,CNB,440.0,285.0,5,1,0.0,0.84,0,282.2
TRIP-2182,12302,Howrah Rajdhani Express,RAJ,CNB,PRYJ,194.5,120.0,9,1,0.0,0.98,0,132.37
TRIP-2182,12302,Howrah Rajdhani Express,RAJ,PRYJ,DDU,153.0,105.0,12,1,13.4,0.61,0,101.6
TRIP-2182,12302,Howrah Rajdhani Express,RAJ,DDU,GAYA,205.0,130.0,13,1,10.3,0.89,0,125.16
TRIP-2182,12302,Howrah Rajdhani Express,RAJ,GAYA,DHN,201.0,140.0,16,1,5.7,0.62,0,132.27
TRIP-2182,12302,Howrah Rajdhani Express,RAJ,DHN,HWH,259.0,200.0,18,1,0.0,0.58,0,201.03
TRIP-2183,12802,Purushottam Express,EXP,NDLS,CNB,440.0,350.0,9,1,10.0,0.98,0,367.08
TRIP-2183,12802,Purushottam Express,EXP,CNB,PRYJ,194.5,150.0,15,1,27.1,0.63,0,148.0
TRIP-2183,12802,Purushottam Express,EXP,PRYJ,DDU,153.0,135.0,17,1,25.0,0.94,0,138.65
TRIP-2183,12802,Purushottam Express,EXP,DDU,GAYA,205.0,165.0,20,1,27.8,0.8,0,167.57
TRIP-2183,12802,Purushottam Express,EXP,GAYA,BKSC,149.0,135.0,23,1,31.3,0.62,0,135.96
TRIP-2183,12802,Purushottam Express,EXP,BKSC,PURI,612.0,520.0,1,1,33.7,0.55,0,478.8
TRIP-2184,12951,Mumbai Rajdhani Express,RAJ,BCT,ST,263.0,160.0,13,1,0.0,0.89,0,158.19
TRIP-2184,12951,Mumbai Rajdhani Express,RAJ,ST,BRC,129.0,80.0,15,1,0.0,0.75,0,80.25
TRIP-2184,12951,Mumbai Rajdhani Express,RAJ,BRC,RTM,261.0,195.0,17,1,1.6,0.98,0,202.18
TRIP-2184,12951,Mumbai Rajdhani Express,RAJ,RTM,KOTA,266.0,155.0,20,1,8.9,0.98,0,157.91
TRIP-2184,12951,Mumbai Rajdhani Express,RAJ,KOTA,MTJ,324.0,195.0,23,1,13.8,0.78,0,187.99
TRIP-2184,12951,Mumbai Rajdhani Express,RAJ,MTJ,NDLS,143.0,110.0,2,1,8.1,0.84,0,106.03
TRIP-2185,12004,Lucknow Shatabdi Express,SF,NDLS,GZB,24.5,38.0,15,1,2.4,0.85,0,41.24
TRIP-2185,12004,Lucknow Shatabdi Express,SF,GZB,ALJN,106.3,60.0,15,1,5.9,0.66,0,57.41
TRIP-2185,12004,Lucknow Shatabdi Express,SF,ALJN,CNB,308.6,210.0,16,1,4.3,0.64,0,203.52
TRIP-2185,12004,Lucknow Shatabdi Express,SF,CNB,LKO,71.6,75.0,20,1,0.0,0.92,0,78.06
TRIP-2186,12951,Mumbai Rajdhani Express,RAJ,BCT,ST,263.0,160.0,21,1,0.0,0.98,0,165.13
TRIP-2186,12951,Mumbai Rajdhani Express,RAJ,ST,BRC,129.0,80.0,23,1,5.2,0.7,0,79.75
TRIP-2186,12951,Mumbai Rajdhani Express,RAJ,BRC,RTM,261.0,195.0,1,1,6.0,0.78,0,173.36
TRIP-2186,12951,Mumbai Rajdhani Express,RAJ,RTM,KOTA,266.0,155.0,4,1,0.0,0.7,0,142.83
TRIP-2186,12951,Mumbai Rajdhani Express,RAJ,KOTA,MTJ,324.0,195.0,6,1,0.0,0.7,0,193.1
TRIP-2186,12951,Mumbai Rajdhani Express,RAJ,MTJ,NDLS,143.0,110.0,9,1,0.0,0.85,0,111.36
TRIP-2187,12004,Lucknow Shatabdi Express,SF,NDLS,GZB,24.5,38.0,0,2,4.0,0.73,0,38.06
TRIP-2187,12004,Lucknow Shatabdi Express,SF,GZB,ALJN,106.3,60.0,0,2,3.2,0.86,0,59.04
TRIP-2187,12004,Lucknow Shatabdi Express,SF,ALJN,CNB,308.6,210.0,1,2,1.6,0.8,0,195.94
TRIP-2187,12004,Lucknow Shatabdi Express,SF,CNB,LKO,71.6,75.0,5,2,0.0,0.77,0,70.81
TRIP-2188,12302,Howrah Rajdhani Express,RAJ,NDLS,CNB,440.0,285.0,4,2,3.7,0.76,0,259.25
TRIP-2188,12302,Howrah Rajdhani Express,RAJ,CNB,PRYJ,194.5,120.0,8,2,0.0,0.98,0,127.09
TRIP-2188,12302,Howrah Rajdhani Express,RAJ,PRYJ,DDU,153.0,105.0,10,2,8.6,0.98,0,110.05
TRIP-2188,12302,Howrah Rajdhani Express,RAJ,DDU,GAYA,205.0,130.0,12,2,14.5,0.81,0,129.75
TRIP-2188,12302,Howrah Rajdhani Express,RAJ,GAYA,DHN,201.0,140.0,14,2,15.8,0.48,0,134.19
TRIP-2188,12302,Howrah Rajdhani Express,RAJ,DHN,HWH,259.0,200.0,17,2,11.9,0.77,0,200.01
TRIP-2189,22436,Vande Bharat Express,VB,NDLS,CNB,440.0,240.0,6,2,1.0,0.7,0,231.01
TRIP-2189,22436,Vande Bharat Express,VB,CNB,PRYJ,194.5,100.0,9,2,0.0,0.98,0,106.01
TRIP-2189,22436,Vande Bharat Express,VB,PRYJ,DDU,153.0,90.0,11,2,6.0,0.93,0,88.74
TRIP-2189,22436,Vande Bharat Express,VB,DDU,BSB,18.0,25.0,13,2,6.2,0.87,0,28.68
TRIP-2190,22436,Vande Bharat Express,VB,NDLS,CNB,440.0,240.0,12,2,5.0,0.65,0,229.95
TRIP-2190,22436,Vande Bharat Express,VB,CNB,PRYJ,194.5,100.0,15,2,0.0,0.77,0,99.04
TRIP-2190,22436,Vande Bharat Express,VB,PRYJ,DDU,153.0,90.0,17,2,0.0,0.98,0,96.81
TRIP-2190,22436,Vande Bharat Express,VB,DDU,BSB,18.0,25.0,19,2,7.4,0.84,0,29.33
TRIP-2191,12004,Lucknow Shatabdi Express,SF,NDLS,GZB,24.5,38.0,18,2,1.1,0.98,0,42.35
TRIP-2191,12004,Lucknow Shatabdi Express,SF,GZB,ALJN,106.3,60.0,18,2,4.7,0.98,0,62.53
TRIP-2191,12004,Lucknow Shatabdi Express,SF,ALJN,CNB,308.6,210.0,19,2,7.2,0.88,0,218.17
TRIP-2191,12004,Lucknow Shatabdi Express,SF,CNB,LKO,71.6,75.0,23,2,16.5,0.89,0,80.9
TRIP-2192,12802,Purushottam Express,EXP,NDLS,CNB,440.0,350.0,0,3,6.4,0.69,0,342.02
TRIP-2192,12802,Purushottam Express,EXP,CNB,PRYJ,194.5,150.0,5,3,0.0,0.69,0,148.74
TRIP-2192,12802,Purushottam Express,EXP,PRYJ,DDU,153.0,135.0,8,3,0.0,0.98,0,144.14
TRIP-2192,12802,Purushottam Express,EXP,DDU,GAYA,205.0,165.0,10,3,8.9,0.95,0,176.24
TRIP-2192,12802,Purushottam Express,EXP,GAYA,BKSC,149.0,135.0,13,3,19.7,0.38,0,129.26
TRIP-2192,12802,Purushottam Express,EXP,BKSC,PURI,612.0,520.0,16,3,15.6,0.36,0,495.55
TRIP-2193,22436,Vande Bharat Express,VB,NDLS,CNB,440.0,240.0,2,3,3.8,0.84,0,222.42
TRIP-2193,22436,Vande Bharat Express,VB,CNB,PRYJ,194.5,100.0,5,3,0.0,0.9,0,107.77
TRIP-2193,22436,Vande Bharat Express,VB,PRYJ,DDU,153.0,90.0,7,3,9.6,0.73,0,86.05
TRIP-2193,22436,Vande Bharat Express,VB,DDU,BSB,18.0,25.0,9,3,7.6,0.98,0,28.59
TRIP-2194,12302,Howrah Rajdhani Express,RAJ,NDLS,CNB,440.0,285.0,4,3,13.8,0.85,0,262.95
TRIP-2194,12302,Howrah Rajdhani Express,RAJ,CNB,PRYJ,194.5,120.0,8,3,0.0,0.98,0,123.93
TRIP-2194,12302,Howrah Rajdhani Express,RAJ,PRYJ,DDU,153.0,105.0,10,3,4.1,0.91,0,115.25
TRIP-2194,12302,Howrah Rajdhani Express,RAJ,DDU,GAYA,205.0,130.0,12,3,14.9,0.73,0,128.81
TRIP-2194,12302,Howrah Rajdhani Express,RAJ,GAYA,DHN,201.0,140.0,14,3,15.3,0.5,0,136.32
TRIP-2194,12302,Howrah Rajdhani Express,RAJ,DHN,HWH,259.0,200.0,17,3,13.0,0.64,0,192.27
TRIP-2195,12004,Lucknow Shatabdi Express,SF,NDLS,GZB,24.5,38.0,10,3,0.0,0.81,0,41.95
TRIP-2195,12004,Lucknow Shatabdi Express,SF,GZB,ALJN,106.3,60.0,10,3,4.1,0.84,0,60.74
TRIP-2195,12004,Lucknow Shatabdi Express,SF,ALJN,CNB,308.6,210.0,11,3,6.0,0.98,0,219.41
TRIP-2195,12004,Lucknow Shatabdi Express,SF,CNB,LKO,71.6,75.0,15,3,17.1,0.74,0,71.82
TRIP-2196,12951,Mumbai Rajdhani Express,RAJ,BCT,ST,263.0,160.0,12,3,27.2,0.69,0,161.22
TRIP-2196,12951,Mumbai Rajdhani Express,RAJ,ST,BRC,129.0,80.0,14,3,28.6,0.61,0,79.72
TRIP-2196,12951,Mumbai Rajdhani Express,RAJ,BRC,RTM,261.0,195.0,16,3,30.0,0.76,0,193.69
TRIP-2196,12951,Mumbai Rajdhani Express,RAJ,RTM,KOTA,266.0,155.0,19,3,29.5,0.98,0,163.21
TRIP-2196,12951,Mumbai Rajdhani Express,RAJ,KOTA,MTJ,324.0,195.0,22,3,39.2,0.65,0,195.54
TRIP-2196,12951,Mumbai Rajdhani Express,RAJ,MTJ,NDLS,143.0,110.0,1,3,41.6,0.79,0,108.91
TRIP-2197,12802,Purushottam Express,EXP,NDLS,CNB,440.0,350.0,14,3,2.3,0.68,0,339.58
TRIP-2197,12802,Purushottam Express,EXP,CNB,PRYJ,194.5,150.0,19,3,0.0,0.87,0,156.37
TRIP-2197,12802,Purushottam Express,EXP,PRYJ,DDU,153.0,135.0,22,3,5.8,0.84,0,134.55
TRIP-2197,12802,Purushottam Express,EXP,DDU,GAYA,205.0,165.0,0,3,4.7,0.74,0,160.57
TRIP-2197,12802,Purushottam Express,EXP,GAYA,BKSC,149.0,135.0,3,3,2.2,0.59,0,122.78
TRIP-2197,12802,Purushottam Express,EXP,BKSC,PURI,612.0,520.0,5,3,0.0,0.47,0,497.73
TRIP-2198,12302,Howrah Rajdhani Express,RAJ,NDLS,CNB,440.0,285.0,17,3,5.7,0.92,0,291.92
TRIP-2198,12302,Howrah Rajdhani Express,RAJ,CNB,PRYJ,194.5,120.0,21,3,13.4,0.98,0,119.87
TRIP-2198,12302,Howrah Rajdhani Express,RAJ,PRYJ,DDU,153.0,105.0,0,3,12.6,0.8,0,96.99
TRIP-2198,12302,Howrah Rajdhani Express,RAJ,DDU,GAYA,205.0,130.0,1,3,4.1,0.7,0,124.08
TRIP-2198,12302,Howrah Rajdhani Express,RAJ,GAYA,DHN,201.0,140.0,3,3,0.0,0.64,0,131.22
TRIP-2198,12302,Howrah Rajdhani Express,RAJ,DHN,HWH,259.0,200.0,6,3,0.0,0.51,0,192.7
TRIP-2199,12802,Purushottam Express,EXP,NDLS,CNB,440.0,350.0,23,3,5.2,0.7,0,337.05
TRIP-2199,12802,Purushottam Express,EXP,CNB,PRYJ,194.5,150.0,4,3,0.0,0.65,0,138.68
TRIP-2199,12802,Purushottam Express,EXP,PRYJ,DDU,153.0,135.0,7,3,0.0,0.8,0,136.09
TRIP-2199,12802,Purushottam Express,EXP,DDU,GAYA,205.0,165.0,9,3,1.0,0.94,0,170.77
TRIP-2199,12802,Purushottam Express,EXP,GAYA,BKSC,149.0,135.0,12,3,7.7,0.64,0,128.3
TRIP-2199,12802,Purushottam Express,EXP,BKSC,PURI,612.0,520.0,14,3,0.9,0.61,0,501.53
TRIP-2200,12951,Mumbai Rajdhani Express,RAJ,BCT,ST,263.0,160.0,1,4,11.6,0.89,0,148.97
TRIP-2200,12951,Mumbai Rajdhani Express,RAJ,ST,BRC,129.0,80.0,3,4,2.0,0.82,0,82.5
TRIP-2200,12951,Mumbai Rajdhani Express,RAJ,BRC,RTM,261.0,195.0,5,4,6.4,0.6,0,188.11
TRIP-2200,12951,Mumbai Rajdhani Express,RAJ,RTM,KOTA,266.0,155.0,8,4,0.4,0.98,0,171.29
TRIP-2200,12951,Mumbai Rajdhani Express,RAJ,KOTA,MTJ,324.0,195.0,11,4,18.6,0.98,0,210.6
TRIP-2200,12951,Mumbai Rajdhani Express,RAJ,MTJ,NDLS,143.0,110.0,14,4,33.9,0.77,0,116.55
TRIP-2201,22436,Vande Bharat Express,VB,NDLS,CNB,440.0,240.0,5,4,48.8,0.71,0,242.38
TRIP-2201,22436,Vande Bharat Express,VB,CNB,PRYJ,194.5,100.0,9,4,51.3,0.98,0,108.0
TRIP-2201,22436,Vande Bharat Express,VB,PRYJ,DDU,153.0,90.0,11,4,58.4,0.94,0,101.43
TRIP-2201,22436,Vande Bharat Express,VB,DDU,BSB,18.0,25.0,12,4,69.7,0.78,0,38.55
TRIP-2202,12802,Purushottam Express,EXP,NDLS,CNB,440.0,350.0,7,4,2.9,0.68,0,347.85
TRIP-2202,12802,Purushottam Express,EXP,CNB,PRYJ,194.5,150.0,12,4,0.4,0.87,0,149.38
TRIP-2202,12802,Purushottam Express,EXP,PRYJ,DDU,153.0,135.0,15,4,0.0,0.88,0,134.11
TRIP-2202,12802,Purushottam Express,EXP,DDU,GAYA,205.0,165.0,17,4,0.2,0.98,0,175.03
TRIP-2202,12802,Purushottam Express,EXP,GAYA,BKSC,149.0,135.0,20,4,11.9,0.59,0,141.42
TRIP-2202,12802,Purushottam Express,EXP,BKSC,PURI,612.0,520.0,23,4,19.2,0.48,0,509.15
TRIP-2203,12302,Howrah Rajdhani Express,RAJ,NDLS,CNB,440.0,285.0,11,4,0.7,0.84,0,296.52
TRIP-2203,12302,Howrah Rajdhani Express,RAJ,CNB,PRYJ,194.5,120.0,16,4,11.7,0.83,0,122.21
TRIP-2203,12302,Howrah Rajdhani Express,RAJ,PRYJ,DDU,153.0,105.0,18,4,14.5,0.98,0,107.11
TRIP-2203,12302,Howrah Rajdhani Express,RAJ,DDU,GAYA,205.0,130.0,20,4,17.1,0.81,0,135.84
TRIP-2203,12302,Howrah Rajdhani Express,RAJ,GAYA,DHN,201.0,140.0,22,4,22.4,0.55,0,136.84
TRIP-2203,12302,Howrah Rajdhani Express,RAJ,DHN,HWH,259.0,200.0,0,4,18.8,0.42,0,186.74
TRIP-2204,22436,Vande Bharat Express,VB,NDLS,CNB,440.0,240.0,14,4,0.2,0.85,0,235.67
TRIP-2204,22436,Vande Bharat Express,VB,CNB,PRYJ,194.5,100.0,18,4,0.0,0.83,0,105.3
TRIP-2204,22436,Vande Bharat Express,VB,PRYJ,DDU,153.0,90.0,19,4,5.3,0.98,0,90.78
TRIP-2204,22436,Vande Bharat Express,VB,DDU,BSB,18.0,25.0,21,4,6.6,0.98,0,24.19
TRIP-2205,12802,Purushottam Express,EXP,NDLS,CNB,440.0,350.0,17,4,4.9,0.81,0,365.75
TRIP-2205,12802,Purushottam Express,EXP,CNB,PRYJ,194.5,150.0,23,4,20.4,0.71,0,149.18
TRIP-2205,12802,Purushottam Express,EXP,PRYJ,DDU,153.0,135.0,1,4,18.9,0.69,0,129.67
TRIP-2205,12802,Purushottam Express,EXP,DDU,GAYA,205.0,165.0,3,4,13.0,0.82,0,156.09
TRIP-2205,12802,Purushottam Express,EXP,GAYA,BKSC,149.0,135.0,6,4,3.6,0.65,0,134.96
TRIP-2205,12802,Purushottam Express,EXP,BKSC,PURI,612.0,520.0,9,4,3.1,0.72,0,528.02
TRIP-2206,12004,Lucknow Shatabdi Express,SF,NDLS,GZB,24.5,38.0,19,4,35.4,0.98,0,51.63
TRIP-2206,12004,Lucknow Shatabdi Express,SF,GZB,ALJN,106.3,60.0,19,4,50.3,0.91,0,72.01
TRIP-2206,12004,Lucknow Shatabdi Express,SF,ALJN,CNB,308.6,210.0,21,4,61.8,0.98,0,237.08
TRIP-2206,12004,Lucknow Shatabdi Express,SF,CNB,LKO,71.6,75.0,1,4,88.8,0.72,0,83.93
TRIP-2207,12951,Mumbai Rajdhani Express,RAJ,BCT,ST,263.0,160.0,22,4,0.0,0.86,0,164.72
TRIP-2207,12951,Mumbai Rajdhani Express,RAJ,ST,BRC,129.0,80.0,0,4,4.2,0.78,0,81.38
TRIP-2207,12951,Mumbai Rajdhani Express,RAJ,BRC,RTM,261.0,195.0,2,4,6.7,0.82,0,181.41
TRIP-2207,12951,Mumbai Rajdhani Express,RAJ,RTM,KOTA,266.0,155.0,5,4,0.0,0.8,0,155.78
TRIP-2207,12951,Mumbai Rajdhani Express,RAJ,KOTA,MTJ,324.0,195.0,8,4,0.3,0.98,0,206.28
TRIP-2207,12951,Mumbai Rajdhani Express,RAJ,MTJ,NDLS,143.0,110.0,11,4,12.6,0.85,0,114.91
TRIP-2208,12802,Purushottam Express,EXP,NDLS,CNB,440.0,350.0,1,5,3.1,0.69,0,325.79
TRIP-2208,12802,Purushottam Express,EXP,CNB,PRYJ,194.5,150.0,6,5,0.0,0.86,0,148.79
TRIP-2208,12802,Purushottam Express,EXP,PRYJ,DDU,153.0,135.0,9,5,0.4,0.95,0,142.19
TRIP-2208,12802,Purushottam Express,EXP,DDU,GAYA,205.0,165.0,11,5,7.9,0.91,0,170.97
TRIP-2208,12802,Purushottam Express,EXP,GAYA,BKSC,149.0,135.0,14,5,15.5,0.45,0,135.27
TRIP-2208,12802,Purushottam Express,EXP,BKSC,PURI,612.0,520.0,16,5,16.5,0.44,0,497.33
TRIP-2209,12802,Purushottam Express,EXP,NDLS,CNB,440.0,350.0,7,5,10.0,0.79,0,344.58
TRIP-2209,12802,Purushottam Express,EXP,CNB,PRYJ,194.5,150.0,12,5,5.1,0.66,0,145.76
TRIP-2209,12802,Purushottam Express,EXP,PRYJ,DDU,153.0,135.0,15,5,2.1,0.83,0,137.19
TRIP-2209,12802,Purushottam Express,EXP,DDU,GAYA,205.0,165.0,17,5,5.6,0.9,0,170.35
TRIP-2209,12802,Purushottam Express,EXP,GAYA,BKSC,149.0,135.0,20,5,10.8,0.75,0,137.22
TRIP-2209,12802,Purushottam Express,EXP,BKSC,PURI,612.0,520.0,23,5,14.0,0.5,0,498.72
TRIP-2210,12802,Purushottam Express,EXP,NDLS,CNB,440.0,350.0,11,5,10.0,0.92,0,366.11
TRIP-2210,12802,Purushottam Express,EXP,CNB,PRYJ,194.5,150.0,17,5,27.8,0.85,0,155.62
TRIP-2210,12802,Purushottam Express,EXP,PRYJ,DDU,153.0,135.0,19,5,34.5,0.82,0,148.59
TRIP-2210,12802,Purushottam Express,EXP,DDU,GAYA,205.0,165.0,22,5,50.0,0.66,0,172.3
TRIP-2210,12802,Purushottam Express,EXP,GAYA,BKSC,149.0,135.0,1,5,59.0,0.41,0,131.25
TRIP-2210,12802,Purushottam Express,EXP,BKSC,PURI,612.0,520.0,3,5,55.9,0.38,0,478.85
TRIP-2211,12004,Lucknow Shatabdi Express,SF,NDLS,GZB,24.5,38.0,14,5,0.0,0.74,0,38.29
TRIP-2211,12004,Lucknow Shatabdi Express,SF,GZB,ALJN,106.3,60.0,14,5,1.8,0.85,0,64.82
TRIP-2211,12004,Lucknow Shatabdi Express,SF,ALJN,CNB,308.6,210.0,15,5,5.6,0.87,0,209.49
TRIP-2211,12004,Lucknow Shatabdi Express,SF,CNB,LKO,71.6,75.0,19,5,4.1,0.81,0,78.47
TRIP-2212,22436,Vande Bharat Express,VB,NDLS,CNB,440.0,240.0,18,5,44.9,0.98,0,251.87
TRIP-2212,22436,Vande Bharat Express,VB,CNB,PRYJ,194.5,100.0,22,5,56.2,0.77,0,102.13
TRIP-2212,22436,Vande Bharat Express,VB,PRYJ,DDU,153.0,90.0,0,5,60.2,0.77,0,95.9
TRIP-2212,22436,Vande Bharat Express,VB,DDU,BSB,18.0,25.0,1,5,67.2,0.66,0,33.93
TRIP-2213,22436,Vande Bharat Express,VB,NDLS,CNB,440.0,240.0,20,5,1.8,0.93,0,250.04
TRIP-2213,22436,Vande Bharat Express,VB,CNB,PRYJ,194.5,100.0,0,5,13.5,0.85,0,94.99
TRIP-2213,22436,Vande Bharat Express,VB,PRYJ,DDU,153.0,90.0,1,5,7.9,0.72,0,77.57
TRIP-2213,22436,Vande Bharat Express,VB,DDU,BSB,18.0,25.0,3,5,0.0,0.72,0,23.65
TRIP-2214,12004,Lucknow Shatabdi Express,SF,NDLS,GZB,24.5,38.0,23,5,59.9,0.81,0,45.41
TRIP-2214,12004,Lucknow Shatabdi Express,SF,GZB,ALJN,106.3,60.0,23,5,68.5,0.66,0,72.73
TRIP-2214,12004,Lucknow Shatabdi Express,SF,ALJN,CNB,308.6,210.0,1,5,82.9,0.79,0,206.21
TRIP-2214,12004,Lucknow Shatabdi Express,SF,CNB,LKO,71.6,75.0,4,5,81.1,0.68,0,80.86
TRIP-2215,22436,Vande Bharat Express,VB,NDLS,CNB,440.0,240.0,3,6,0.0,0.77,0,226.89
TRIP-2215,22436,Vande Bharat Express,VB,CNB,PRYJ,194.5,100.0,6,6,0.0,0.69,0,98.89
TRIP-2215,22436,Vande Bharat Express,VB,PRYJ,DDU,153.0,90.0,8,6,0.0,0.98,0,101.15
TRIP-2215,22436,Vande Bharat Express,VB,DDU,BSB,18.0,25.0,10,6,11.5,0.98,0,27.64
TRIP-2216,12802,Purushottam Express,EXP,NDLS,CNB,440.0,350.0,9,6,12.1,0.98,0,368.58
TRIP-2216,12802,Purushottam Express,EXP,CNB,PRYJ,194.5,150.0,15,6,31.7,0.65,0,152.42
TRIP-2216,12802,Purushottam Express,EXP,PRYJ,DDU,153.0,135.0,17,6,34.9,0.98,0,154.72
TRIP-2216,12802,Purushottam Express,EXP,DDU,GAYA,205.0,165.0,20,6,56.6,0.98,0,187.21
TRIP-2216,12802,Purushottam Express,EXP,GAYA,BKSC,149.0,135.0,23,6,79.8,0.53,0,140.01
TRIP-2216,12802,Purushottam Express,EXP,BKSC,PURI,612.0,520.0,2,6,85.5,0.6,0,489.97
TRIP-2217,12951,Mumbai Rajdhani Express,RAJ,BCT,ST,263.0,160.0,11,6,4.7,0.98,0,169.92
TRIP-2217,12951,Mumbai Rajdhani Express,RAJ,ST,BRC,129.0,80.0,13,6,15.3,0.81,0,79.71
TRIP-2217,12951,Mumbai Rajdhani Express,RAJ,BRC,RTM,261.0,195.0,15,6,16.1,0.69,0,191.38
TRIP-2217,12951,Mumbai Rajdhani Express,RAJ,RTM,KOTA,266.0,155.0,18,6,14.5,0.8,0,159.78
TRIP-2217,12951,Mumbai Rajdhani Express,RAJ,KOTA,MTJ,324.0,195.0,21,6,20.2,0.92,0,208.94
TRIP-2217,12951,Mumbai Rajdhani Express,RAJ,MTJ,NDLS,143.0,110.0,0,6,34.0,0.68,0,118.35
TRIP-2218,12951,Mumbai Rajdhani Express,RAJ,BCT,ST,263.0,160.0,17,6,10.6,0.98,0,171.81
TRIP-2218,12951,Mumbai Rajdhani Express,RAJ,ST,BRC,129.0,80.0,19,6,22.9,0.98,0,84.77
TRIP-2218,12951,Mumbai Rajdhani Express,RAJ,BRC,RTM,261.0,195.0,21,6,28.0,0.86,0,205.83
TRIP-2218,12951,Mumbai Rajdhani Express,RAJ,RTM,KOTA,266.0,155.0,0,6,39.6,0.86,0,163.44
TRIP-2218,12951,Mumbai Rajdhani Express,RAJ,KOTA,MTJ,324.0,195.0,3,6,47.5,0.62,0,190.4
TRIP-2218,12951,Mumbai Rajdhani Express,RAJ,MTJ,NDLS,143.0,110.0,7,6,42.1,0.7,0,116.29
TRIP-2219,12004,Lucknow Shatabdi Express,SF,NDLS,GZB,24.5,38.0,20,6,0.0,0.95,0,46.71
TRIP-2219,12004,Lucknow Shatabdi Express,SF,GZB,ALJN,106.3,60.0,20,6,10.7,0.98,0,67.45
TRIP-2219,12004,Lucknow Shatabdi Express,SF,ALJN,CNB,308.6,210.0,22,6,18.4,0.71,0,212.27
TRIP-2219,12004,Lucknow Shatabdi Express,SF,CNB,LKO,71.6,75.0,1,6,20.9,0.82,0,77.34
TRIP-2220,12951,Mumbai Rajdhani Express,RAJ,BCT,ST,263.0,160.0,2,0,20.3,0.76,0,148.17
TRIP-2220,12951,Mumbai Rajdhani Express,RAJ,ST,BRC,129.0,80.0,4,0,7.9,0.77,0,70.72
TRIP-2220,12951,Mumbai Rajdhani Express,RAJ,BRC,RTM,261.0,195.0,5,0,0.0,0.62,0,185.97
TRIP-2220,12951,Mumbai Rajdhani Express,RAJ,RTM,KOTA,266.0,155.0,8,0,0.0,0.98,0,162.17
TRIP-2220,12951,Mumbai Rajdhani Express,RAJ,KOTA,MTJ,324.0,195.0,11,0,6.7,0.98,0,196.14
TRIP-2220,12951,Mumbai Rajdhani Express,RAJ,MTJ,NDLS,143.0,110.0,15,0,7.9,0.85,0,102.36
TRIP-2221,12004,Lucknow Shatabdi Express,SF,NDLS,GZB,24.5,38.0,5,0,0.5,0.63,0,41.31
TRIP-2221,12004,Lucknow Shatabdi Express,SF,GZB,ALJN,106.3,60.0,5,0,3.4,0.62,0,59.01
TRIP-2221,12004,Lucknow Shatabdi Express,SF,ALJN,CNB,308.6,210.0,6,0,2.2,0.63,0,202.32
TRIP-2221,12004,Lucknow Shatabdi Express,SF,CNB,LKO,71.6,75.0,10,0,0.0,0.98,0,83.16
TRIP-2222,12802,Purushottam Express,EXP,NDLS,CNB,440.0,350.0,11,0,35.7,0.87,0,368.29
TRIP-2222,12802,Purushottam Express,EXP,CNB,PRYJ,194.5,150.0,17,0,53.7,0.98,0,166.69
TRIP-2222,12802,Purushottam Express,EXP,PRYJ,DDU,153.0,135.0,20,0,70.6,0.87,0,151.02
TRIP-2222,12802,Purushottam Express,EXP,DDU,GAYA,205.0,165.0,22,0,87.0,0.77,0,172.47
TRIP-2222,12802,Purushottam Express,EXP,GAYA,BKSC,149.0,135.0,1,0,94.2,0.58,0,134.04
TRIP-2222,12802,Purushottam Express,EXP,BKSC,PURI,612.0,520.0,3,0,94.7,0.37,0,480.74
TRIP-2223,22436,Vande Bharat Express,VB,NDLS,CNB,440.0,240.0,15,0,8.3,0.69,0,232.4
TRIP-2223,22436,Vande Bharat Express,VB,CNB,PRYJ,194.5,100.0,18,0,0.2,0.98,0,109.59
TRIP-2223,22436,Vande Bharat Express,VB,PRYJ,DDU,153.0,90.0,20,0,10.2,0.98,0,89.96
TRIP-2223,22436,Vande Bharat Express,VB,DDU,BSB,18.0,25.0,22,0,10.5,0.78,0,23.39
TRIP-2224,12302,Howrah Rajdhani Express,RAJ,NDLS,CNB,440.0,285.0,17,0,5.6,0.98,0,289.32
TRIP-2224,12302,Howrah Rajdhani Express,RAJ,CNB,PRYJ,194.5,120.0,21,0,9.5,0.87,0,121.9
TRIP-2224,12302,Howrah Rajdhani Express,RAJ,PRYJ,DDU,153.0,105.0,0,0,12.7,0.75,0,99.46
TRIP-2224,12302,Howrah Rajdhani Express,RAJ,DDU,GAYA,205.0,130.0,1,0,8.9,0.63,0,118.07
TRIP-2224,12302,Howrah Rajdhani Express,RAJ,GAYA,DHN,201.0,140.0,3,0,0.0,0.35,0,126.55
TRIP-2224,12302,Howrah Rajdhani Express,RAJ,DHN,HWH,259.0,200.0,6,0,0.0,0.53,0,200.47
TRIP-2225,22436,Vande Bharat Express,VB,NDLS,CNB,440.0,240.0,21,0,3.2,0.88,0,251.51
TRIP-2225,22436,Vande Bharat Express,VB,CNB,PRYJ,194.5,100.0,1,0,13.9,0.66,0,88.11
TRIP-2225,22436,Vande Bharat Express,VB,PRYJ,DDU,153.0,90.0,2,0,1.7,0.78,0,86.26
TRIP-2225,22436,Vande Bharat Express,VB,DDU,BSB,18.0,25.0,4,0,0.0,0.89,0,30.72
TRIP-2226,12302,Howrah Rajdhani Express,RAJ,NDLS,CNB,440.0,285.0,3,1,23.9,0.67,0,262.75
TRIP-2226,12302,Howrah Rajdhani Express,RAJ,CNB,PRYJ,194.5,120.0,7,1,2.5,0.82,0,116.66
TRIP-2226,12302,Howrah Rajdhani Express,RAJ,PRYJ,DDU,153.0,105.0,9,1,0.6,0.98,0,113.53
TRIP-2226,12302,Howrah Rajdhani Express,RAJ,DDU,GAYA,205.0,130.0,11,1,9.7,0.83,0,125.19
TRIP-2226,12302,Howrah Rajdhani Express,RAJ,GAYA,DHN,201.0,140.0,13,1,4.3,0.4,0,135.02
TRIP-2226,12302,Howrah Rajdhani Express,RAJ,DHN,HWH,259.0,200.0,15,1,0.1,0.49,0,194.7
TRIP-2227,12302,Howrah Rajdhani Express,RAJ,NDLS,CNB,440.0,285.0,9,1,4.5,0.83,0,297.22
TRIP-2227,12302,Howrah Rajdhani Express,RAJ,CNB,PRYJ,194.5,120.0,14,1,16.2,0.7,0,116.76
TRIP-2227,12302,Howrah Rajdhani Express,RAJ,PRYJ,DDU,153.0,105.0,16,1,14.2,0.76,0,101.61
TRIP-2227,12302,Howrah Rajdhani Express,RAJ,DDU,GAYA,205.0,130.0,17,1,10.5,0.96,0,132.97
TRIP-2227,12302,Howrah Rajdhani Express,RAJ,GAYA,DHN,201.0,140.0,20,1,13.4,0.55,0,131.64
TRIP-2227,12302,Howrah Rajdhani Express,RAJ,DHN,HWH,259.0,200.0,22,1,6.1,0.56,0,191.59
TRIP-2228,12951,Mumbai Rajdhani Express,RAJ,BCT,ST,263.0,160.0,13,1,39.0,0.87,0,158.66
TRIP-2228,12951,Mumbai Rajdhani Express,RAJ,ST,BRC,129.0,80.0,15,1,37.1,0.74,0,82.44
TRIP-2228,12951,Mumbai Rajdhani Express,RAJ,BRC,RTM,261.0,195.0,17,1,41.1,0.85,0,209.67
TRIP-2228,12951,Mumbai Rajdhani Express,RAJ,RTM,KOTA,266.0,155.0,20,1,56.6,0.82,0,171.0
TRIP-2228,12951,Mumbai Rajdhani Express,RAJ,KOTA,MTJ,324.0,195.0,23,1,74.1,0.89,0,202.7
TRIP-2228,12951,Mumbai Rajdhani Express,RAJ,MTJ,NDLS,143.0,110.0,3,1,82.2,0.66,0,110.19
TRIP-2229,22436,Vande Bharat Express,VB,NDLS,CNB,440.0,240.0,15,1,0.0,0.62,0,230.55
TRIP-2229,22436,Vande Bharat Express,VB,CNB,PRYJ,194.5,100.0,18,1,0.0,0.98,0,111.76
TRIP-2229,22436,Vande Bharat Express,VB,PRYJ,DDU,153.0,90.0,20,1,11.3,0.83,0,89.89
TRIP-2229,22436,Vande Bharat Express,VB,DDU,BSB,18.0,25.0,22,1,12.8,0.88,0,23.47
TRIP-2230,22436,Vande Bharat Express,VB,NDLS,CNB,440.0,240.0,19,1,1.8,0.97,0,244.32
TRIP-2230,22436,Vande Bharat Express,VB,CNB,PRYJ,194.5,100.0,23,1,7.8,0.79,0,96.56
TRIP-2230,22436,Vande Bharat Express,VB,PRYJ,DDU,153.0,90.0,0,1,4.3,0.67,0,90.54
TRIP-2230,22436,Vande Bharat Express,VB,DDU,BSB,18.0,25.0,2,1,5.3,0.67,0,23.77
TRIP-2231,12004,Lucknow Shatabdi Express,SF,NDLS,GZB,24.5,38.0,23,1,9.6,0.89,0,39.12
TRIP-2231,12004,Lucknow Shatabdi Express,SF,GZB,ALJN,106.3,60.0,23,1,12.2,0.84,0,68.45
TRIP-2231,12004,Lucknow Shatabdi Express,SF,ALJN,CNB,308.6,210.0,0,1,19.9,0.85,0,209.91
TRIP-2231,12004,Lucknow Shatabdi Express,SF,CNB,LKO,71.6,75.0,4,1,19.5,0.63,0,71.74
TRIP-2232,12951,Mumbai Rajdhani Express,RAJ,BCT,ST,263.0,160.0,1,2,4.3,0.83,0,156.99
TRIP-2232,12951,Mumbai Rajdhani Express,RAJ,ST,BRC,129.0,80.0,3,2,2.0,0.73,0,81.61
TRIP-2232,12951,Mumbai Rajdhani Express,RAJ,BRC,RTM,261.0,195.0,5,2,4.2,0.72,0,193.1
TRIP-2232,12951,Mumbai Rajdhani Express,RAJ,RTM,KOTA,266.0,155.0,8,2,2.1,0.9,0,167.26
TRIP-2232,12951,Mumbai Rajdhani Express,RAJ,KOTA,MTJ,324.0,195.0,11,2,15.8,0.98,0,204.35
TRIP-2232,12951,Mumbai Rajdhani Express,RAJ,MTJ,NDLS,143.0,110.0,14,2,26.0,0.78,0,109.28
TRIP-2233,12302,Howrah Rajdhani Express,RAJ,NDLS,CNB,440.0,285.0,3,2,0.0,0.89,0,264.96
TRIP-2233,12302,Howrah Rajdhani Express,RAJ,CNB,PRYJ,194.5,120.0,7,2,0.0,0.72,0,118.12
TRIP-2233,12302,Howrah Rajdhani Express,RAJ,PRYJ,DDU,153.0,105.0,9,2,0.0,0.87,0,108.22
TRIP-2233,12302,Howrah Rajdhani Express,RAJ,DDU,GAYA,205.0,130.0,11,2,4.6,0.98,0,136.79
TRIP-2233,12302,Howrah Rajdhani Express,RAJ,GAYA,DHN,201.0,140.0,13,2,12.2,0.43,0,132.34
TRIP-2233,12302,Howrah Rajdhani Express,RAJ,DHN,HWH,259.0,200.0,16,2,3.7,0.58,0,193.63
TRIP-2234,12302,Howrah Rajdhani Express,RAJ,NDLS,CNB,440.0,285.0,9,2,0.0,0.98,0,291.28
TRIP-2234,12302,Howrah Rajdhani Express,RAJ,CNB,PRYJ,194.5,120.0,13,2,5.7,0.67,0,118.04
TRIP-2234,12302,Howrah Rajdhani Express,RAJ,PRYJ,DDU,153.0,105.0,15,2,3.5,0.85,0,103.2
TRIP-2234,12302,Howrah Rajdhani Express,RAJ,DDU,GAYA,205.0,130.0,17,2,1.7,0.92,0,137.75
TRIP-2234,12302,Howrah Rajdhani Express,RAJ,GAYA,DHN,201.0,140.0,20,2,11.2,0.57,0,133.33
TRIP-2234,12302,Howrah Rajdhani Express,RAJ,DHN,HWH,259.0,200.0,22,2,3.6,0.58,0,193.53
TRIP-2235,12004,Lucknow Shatabdi Express,SF,NDLS,GZB,24.5,38.0,15,2,14.9,0.83,0,37.41
TRIP-2235,12004,Lucknow Shatabdi Express,SF,GZB,ALJN,106.3,60.0,15,2,13.5,0.8,0,61.92
TRIP-2235,12004,Lucknow Shatabdi Express,SF,ALJN,CNB,308.6,210.0,16,2,14.5,0.8,0,205.7
TRIP-2235,12004,Lucknow Shatabdi Express,SF,CNB,LKO,71.6,75.0,20,2,11.8,0.89,0,79.0
TRIP-2236,22436,Vande Bharat Express,VB,NDLS,CNB,440.0,240.0,17,2,0.0,0.81,0,243.48
TRIP-2236,22436,Vande Bharat Express,VB,CNB,PRYJ,194.5,100.0,21,2,3.6,0.98,0,110.97
TRIP-2236,22436,Vande Bharat Express,VB,PRYJ,DDU,153.0,90.0,23,2,15.4,0.73,0,88.92
TRIP-2236,22436,Vande Bharat Express,VB,DDU,BSB,18.0,25.0,0,2,15.7,0.83,0,20.06
TRIP-2237,22436,Vande Bharat Express,VB,NDLS,CNB,440.0,240.0,21,2,12.1,0.98,0,248.76
TRIP-2237,22436,Vande Bharat Express,VB,CNB,PRYJ,194.5,100.0,1,2,20.0,0.89,0,103.95
TRIP-2237,22436,Vande Bharat Express,VB,PRYJ,DDU,153.0,90.0,3,2,25.0,0.63,0,84.33
TRIP-2237,22436,Vande Bharat Express,VB,DDU,BSB,18.0,25.0,4,2,19.0,0.81,0,21.63
TRIP-2238,12802,Purushottam Express,EXP,NDLS,CNB,440.0,350.0,23,2,0.1,0.7,0,341.27
TRIP-2238,12802,Purushottam Express,EXP,CNB,PRYJ,194.5,150.0,4,2,0.0,0.78,0,141.06
TRIP-2238,12802,Purushottam Express,EXP,PRYJ,DDU,153.0,135.0,7,2,0.0,0.9,0,136.03
TRIP-2238,12802,Purushottam Express,EXP,DDU,GAYA,205.0,165.0,9,2,2.2,0.98,0,169.22
TRIP-2238,12802,Purushottam Express,EXP,GAYA,BKSC,149.0,135.0,12,2,5.7,0.64,0,127.75
TRIP-2238,12802,Purushottam Express,EXP,BKSC,PURI,612.0,520.0,14,2,0.0,0.61,0,498.5
TRIP-2239,12802,Purushottam Express,EXP,NDLS,CNB,440.0,350.0,3,3,7.3,0.66,0,328.25
TRIP-2239,12802,Purushottam Express,EXP,CNB,PRYJ,194.5,150.0,8,3,0.0,0.91,0,152.72
TRIP-2239,12802,Purushottam Express,EXP,PRYJ,DDU,153.0,135.0,11,3,4.1,0.9,0,138.57
TRIP-2239,12802,Purushottam Express,EXP,DDU,GAYA,205.0,165.0,13,3,9.6,0.66,0,160.94
TRIP-2239,12802,Purushottam Express,EXP,GAYA,BKSC,149.0,135.0,16,3,7.2,0.64,0,128.14
TRIP-2239,12802,Purushottam Express,EXP,BKSC,PURI,612.0,520.0,18,3,0.8,0.79,0,526.14
TRIP-2240,12004,Lucknow Shatabdi Express,SF,NDLS,GZB,24.5,38.0,5,3,2.8,0.76,0,40.92
TRIP-2240,12004,Lucknow Shatabdi Express,SF,GZB,ALJN,106.3,60.0,5,3,5.9,0.76,0,66.88
TRIP-2240,12004,Lucknow Shatabdi Express,SF,ALJN,CNB,308.6,210.0,6,3,12.3,0.64,0,203.39
TRIP-2240,12004,Lucknow Shatabdi Express,SF,CNB,LKO,71.6,75.0,10,3,7.2,0.98,0,80.43
TRIP-2241,12951,Mumbai Rajdhani Express,RAJ,BCT,ST,263.0,160.0,11,3,10.0,0.98,0,168.63
TRIP-2241,12951,Mumbai Rajdhani Express,RAJ,ST,BRC,129.0,80.0,13,3,19.9,0.65,0,70.79
TRIP-2241,12951,Mumbai Rajdhani Express,RAJ,BRC,RTM,261.0,195.0,15,3,11.5,0.65,0,186.73
TRIP-2241,12951,Mumbai Rajdhani Express,RAJ,RTM,KOTA,266.0,155.0,18,3,3.7,0.98,0,164.34
TRIP-2241,12951,Mumbai Rajdhani Express,RAJ,KOTA,MTJ,324.0,195.0,21,3,12.1,0.98,0,203.97
TRIP-2241,12951,Mumbai Rajdhani Express,RAJ,MTJ,NDLS,143.0,110.0,0,3,22.1,0.7,0,105.02
TRIP-2242,12004,Lucknow Shatabdi Express,SF,NDLS,GZB,24.5,38.0,13,3,5.1,0.74,0,39.33
TRIP-2242,12004,Lucknow Shatabdi Express,SF,GZB,ALJN,106.3,60.0,13,3,6.0,0.62,0,65.63
TRIP-2242,12004,Lucknow Shatabdi Express,SF,ALJN,CNB,308.6,210.0,14,3,11.6,0.67,0,209.31
TRIP-2242,12004,Lucknow Shatabdi Express,SF,CNB,LKO,71.6,75.0,18,3,11.8,0.98,0,82.39
TRIP-2243,12802,Purushottam Express,EXP,NDLS,CNB,440.0,350.0,16,3,10.9,0.66,0,342.94
TRIP-2243,12802,Purushottam Express,EXP,CNB,PRYJ,194.5,150.0,21,3,5.3,0.84,0,155.96
TRIP-2243,12802,Purushottam Express,EXP,PRYJ,DDU,153.0,135.0,0,3,12.5,0.85,0,135.07
TRIP-2243,12802,Purushottam Express,EXP,DDU,GAYA,205.0,165.0,2,3,12.2,0.83,0,155.46
TRIP-2243,12802,Purushottam Express,EXP,GAYA,BKSC,149.0,135.0,5,3,2.8,0.6,0,128.72
TRIP-2243,12802,Purushottam Express,EXP,BKSC,PURI,612.0,520.0,7,3,0.0,0.63,0,497.61
TRIP-2244,12802,Purushottam Express,EXP,NDLS,CNB,440.0,350.0,19,3,8.4,0.91,0,359.51
TRIP-2244,12802,Purushottam Express,EXP,CNB,PRYJ,194.5,150.0,1,3,19.2,0.72,0,143.7
TRIP-2244,12802,Purushottam Express,EXP,PRYJ,DDU,153.0,135.0,3,3,13.3,0.89,0,128.0
TRIP-2244,12802,Purushottam Express,EXP,DDU,GAYA,205.0,165.0,5,3,8.1,0.64,0,157.81
TRIP-2244,12802,Purushottam Express,EXP,GAYA,BKSC,149.0,135.0,8,3,0.7,0.72,0,133.73
TRIP-2244,12802,Purushottam Express,EXP,BKSC,PURI,612.0,520.0,10,3,0.3,0.58,0,516.52
TRIP-2245,12004,Lucknow Shatabdi Express,SF,NDLS,GZB,24.5,38.0,22,3,0.0,0.79,0,40.27
TRIP-2245,12004,Lucknow Shatabdi Express,SF,GZB,ALJN,106.3,60.0,22,3,2.5,0.78,0,64.17
TRIP-2245,12004,Lucknow Shatabdi Express,SF,ALJN,CNB,308.6,210.0,23,3,7.4,0.83,0,205.37
TRIP-2245,12004,Lucknow Shatabdi Express,SF,CNB,LKO,71.6,75.0,3,3,4.3,0.71,0,70.01
TRIP-2246,12302,Howrah Rajdhani Express,RAJ,NDLS,CNB,440.0,285.0,2,4,4.6,0.87,0,270.67
TRIP-2246,12302,Howrah Rajdhani Express,RAJ,CNB,PRYJ,194.5,120.0,6,4,0.0,0.88,0,119.5
TRIP-2246,12302,Howrah Rajdhani Express,RAJ,PRYJ,DDU,153.0,105.0,8,4,0.5,0.9,0,115.64
TRIP-2246,12302,Howrah Rajdhani Express,RAJ,DDU,GAYA,205.0,130.0,10,4,12.7,0.83,0,136.66
TRIP-2246,12302,Howrah Rajdhani Express,RAJ,GAYA,DHN,201.0,140.0,13,4,20.9,0.56,0,138.34
TRIP-2246,12302,Howrah Rajdhani Express,RAJ,DHN,HWH,259.0,200.0,15,4,18.6,0.56,0,189.17
TRIP-2247,12951,Mumbai Rajdhani Express,RAJ,BCT,ST,263.0,160.0,6,4,46.3,0.87,0,168.08
TRIP-2247,12951,Mumbai Rajdhani Express,RAJ,ST,BRC,129.0,80.0,8,4,56.1,0.98,0,98.46
TRIP-2247,12951,Mumbai Rajdhani Express,RAJ,BRC,RTM,261.0,195.0,10,4,75.2,0.93,0,212.81
TRIP-2247,12951,Mumbai Rajdhani Express,RAJ,RTM,KOTA,266.0,155.0,14,4,93.9,0.82,0,167.48
TRIP-2247,12951,Mumbai Rajdhani Express,RAJ,KOTA,MTJ,324.0,195.0,17,4,106.3,0.98,0,215.79
TRIP-2247,12951,Mumbai Rajdhani Express,RAJ,MTJ,NDLS,143.0,110.0,20,4,128.9,0.97,0,129.49
TRIP-2248,12004,Lucknow Shatabdi Express,SF,NDLS,GZB,24.5,38.0,9,4,0.0,0.91,0,40.97
TRIP-2248,12004,Lucknow Shatabdi Express,SF,GZB,ALJN,106.3,60.0,9,4,2.6,0.9,0,67.14
TRIP-2248,12004,Lucknow Shatabdi Express,SF,ALJN,CNB,308.6,210.0,10,4,8.9,0.97,0,222.12
TRIP-2248,12004,Lucknow Shatabdi Express,SF,CNB,LKO,71.6,75.0,14,4,22.6,0.85,0,77.09
TRIP-2249,22436,Vande Bharat Express,VB,NDLS,CNB,440.0,240.0,12,4,2.1,0.75,0,239.29
TRIP-2249,22436,Vande Bharat Express,VB,CNB,PRYJ,194.5,100.0,16,4,2.2,0.74,0,104.28
TRIP-2249,22436,Vande Bharat Express,VB,PRYJ,DDU,153.0,90.0,17,4,7.3,0.98,0,93.62
TRIP-2249,22436,Vande Bharat Express,VB,DDU,BSB,18.0,25.0,19,4,11.5,0.9,0,30.01
TRIP-2250,12004,Lucknow Shatabdi Express,SF,NDLS,GZB,24.5,38.0,16,4,2.5,0.79,0,42.59
TRIP-2250,12004,Lucknow Shatabdi Express,SF,GZB,ALJN,106.3,60.0,16,4,7.7,0.76,0,63.33
TRIP-2250,12004,Lucknow Shatabdi Express,SF,ALJN,CNB,308.6,210.0,17,4,10.7,0.87,0,220.98
TRIP-2250,12004,Lucknow Shatabdi Express,SF,CNB,LKO,71.6,75.0,21,4,23.5,0.98,0,86.66
TRIP-2251,12004,Lucknow Shatabdi Express,SF,NDLS,GZB,24.5,38.0,20,4,0.0,0.95,0,37.65
TRIP-2251,12004,Lucknow Shatabdi Express,SF,GZB,ALJN,106.3,60.0,20,4,0.0,0.98,0,61.74
TRIP-2251,12004,Lucknow Shatabdi Express,SF,ALJN,CNB,308.6,210.0,21,4,3.7,0.8,0,227.21
TRIP-2251,12004,Lucknow Shatabdi Express,SF,CNB,LKO,71.6,75.0,1,4,20.4,0.8,0,76.68
TRIP-2252,12004,Lucknow Shatabdi Express,SF,NDLS,GZB,24.5,38.0,22,4,0.0,0.63,0,39.87
TRIP-2252,12004,Lucknow Shatabdi Express,SF,GZB,ALJN,106.3,60.0,22,4,1.5,0.8,0,62.74
TRIP-2252,12004,Lucknow Shatabdi Express,SF,ALJN,CNB,308.6,210.0,23,4,5.0,0.72,0,210.17
TRIP-2252,12004,Lucknow Shatabdi Express,SF,CNB,LKO,71.6,75.0,3,4,5.1,0.88,0,75.27
TRIP-2253,12951,Mumbai Rajdhani Express,RAJ,BCT,ST,263.0,160.0,2,5,76.4,0.7,0,152.55
TRIP-2253,12951,Mumbai Rajdhani Express,RAJ,ST,BRC,129.0,80.0,4,5,69.3,0.66,0,79.01
TRIP-2253,12951,Mumbai Rajdhani Express,RAJ,BRC,RTM,261.0,195.0,6,5,69.5,0.8,0,203.06
TRIP-2253,12951,Mumbai Rajdhani Express,RAJ,RTM,KOTA,266.0,155.0,9,5,77.9,0.83,0,164.76
TRIP-2253,12951,Mumbai Rajdhani Express,RAJ,KOTA,MTJ,324.0,195.0,12,5,87.8,0.63,0,198.34
TRIP-2253,12951,Mumbai Rajdhani Express,RAJ,MTJ,NDLS,143.0,110.0,15,5,91.5,0.67,0,113.67
TRIP-2254,12302,Howrah Rajdhani Express,RAJ,NDLS,CNB,440.0,285.0,8,5,20.3,0.93,0,297.12
TRIP-2254,12302,Howrah Rajdhani Express,RAJ,CNB,PRYJ,194.5,120.0,13,5,33.9,0.78,0,132.91
TRIP-2254,12302,Howrah Rajdhani Express,RAJ,PRYJ,DDU,153.0,105.0,15,5,47.6,0.83,0,110.33
TRIP-2254,12302,Howrah Rajdhani Express,RAJ,DDU,GAYA,205.0,130.0,17,5,54.1,0.98,0,145.74
TRIP-2254,12302,Howrah Rajdhani Express,RAJ,GAYA,DHN,201.0,140.0,19,5,71.3,0.83,0,145.02
TRIP-2254,12302,Howrah Rajdhani Express,RAJ,DHN,HWH,259.0,200.0,22,5,77.1,0.59,0,199.1
TRIP-2255,12802,Purushottam Express,EXP,NDLS,CNB,440.0,350.0,11,5,25.7,0.98,0,363.17
TRIP-2255,12802,Purushottam Express,EXP,CNB,PRYJ,194.5,150.0,17,5,40.8,0.98,0,170.91
TRIP-2255,12802,Purushottam Express,EXP,PRYJ,DDU,153.0,135.0,20,5,61.7,0.88,0,156.81
TRIP-2255,12802,Purushottam Express,EXP,DDU,GAYA,205.0,165.0,22,5,83.3,0.88,0,172.18
TRIP-2255,12802,Purushottam Express,EXP,GAYA,BKSC,149.0,135.0,1,5,92.1,0.45,0,133.62
TRIP-2255,12802,Purushottam Express,EXP,BKSC,PURI,612.0,520.0,4,5,91.5,0.53,0,482.92
TRIP-2256,12004,Lucknow Shatabdi Express,SF,NDLS,GZB,24.5,38.0,13,5,11.3,0.66,0,36.16
TRIP-2256,12004,Lucknow Shatabdi Express,SF,GZB,ALJN,106.3,60.0,13,5,10.5,0.73,0,57.18
TRIP-2256,12004,Lucknow Shatabdi Express,SF,ALJN,CNB,308.6,210.0,14,5,8.2,0.69,0,209.08
TRIP-2256,12004,Lucknow Shatabdi Express,SF,CNB,LKO,71.6,75.0,18,5,6.9,0.93,0,86.5
TRIP-2257,12302,Howrah Rajdhani Express,RAJ,NDLS,CNB,440.0,285.0,17,5,0.0,0.98,0,304.68
TRIP-2257,12302,Howrah Rajdhani Express,RAJ,CNB,PRYJ,194.5,120.0,22,5,20.5,0.72,0,117.72
TRIP-2257,12302,Howrah Rajdhani Express,RAJ,PRYJ,DDU,153.0,105.0,0,5,18.0,0.71,0,102.17
TRIP-2257,12302,Howrah Rajdhani Express,RAJ,DDU,GAYA,205.0,130.0,1,5,14.8,0.68,0,113.97
TRIP-2257,12302,Howrah Rajdhani Express,RAJ,GAYA,DHN,201.0,140.0,3,5,0.0,0.45,0,130.08
TRIP-2257,12302,Howrah Rajdhani Express,RAJ,DHN,HWH,259.0,200.0,6,5,0.0,0.63,0,195.18
TRIP-2258,22436,Vande Bharat Express,VB,NDLS,CNB,440.0,240.0,23,5,0.0,0.61,0,231.32
TRIP-2258,22436,Vande Bharat Express,VB,CNB,PRYJ,194.5,100.0,2,5,0.0,0.81,0,96.83
TRIP-2258,22436,Vande Bharat Express,VB,PRYJ,DDU,153.0,90.0,4,5,0.0,0.69,0,89.52
TRIP-2258,22436,Vande Bharat Express,VB,DDU,BSB,18.0,25.0,6,5,0.0,0.87,0,26.72
TRIP-2259,12951,Mumbai Rajdhani Express,RAJ,BCT,ST,263.0,160.0,5,6,10.0,0.64,0,150.54
TRIP-2259,12951,Mumbai Rajdhani Express,RAJ,ST,BRC,129.0,80.0,7,6,1.2,0.73,0,84.58
TRIP-2259,12951,Mumbai Rajdhani Express,RAJ,BRC,RTM,261.0,195.0,9,6,5.5,0.98,0,205.94
TRIP-2259,12951,Mumbai Rajdhani Express,RAJ,RTM,KOTA,266.0,155.0,12,6,16.7,0.71,0,147.66
TRIP-2259,12951,Mumbai Rajdhani Express,RAJ,KOTA,MTJ,324.0,195.0,15,6,9.7,0.73,0,190.2
TRIP-2259,12951,Mumbai Rajdhani Express,RAJ,MTJ,NDLS,143.0,110.0,18,6,5.8,0.98,0,125.76
TRIP-2260,12951,Mumbai Rajdhani Express,RAJ,BCT,ST,263.0,160.0,11,6,23.2,0.98,0,171.45
TRIP-2260,12951,Mumbai Rajdhani Express,RAJ,ST,BRC,129.0,80.0,13,6,33.8,0.68,0,88.58
TRIP-2260,12951,Mumbai Rajdhani Express,RAJ,BRC,RTM,261.0,195.0,15,6,42.4,0.67,0,193.3
TRIP-2260,12951,Mumbai Rajdhani Express,RAJ,RTM,KOTA,266.0,155.0,18,6,41.5,0.98,0,169.55
TRIP-2260,12951,Mumbai Rajdhani Express,RAJ,KOTA,MTJ,324.0,195.0,21,6,56.4,0.98,0,212.37
TRIP-2260,12951,Mumbai Rajdhani Express,RAJ,MTJ,NDLS,143.0,110.0,1,6,73.1,0.78,0,111.95
TRIP-2261,12951,Mumbai Rajdhani Express,RAJ,BCT,ST,263.0,160.0,17,6,0.0,0.98,0,172.97
TRIP-2261,12951,Mumbai Rajdhani Express,RAJ,ST,BRC,129.0,80.0,19,6,12.8,0.98,0,82.82
TRIP-2261,12951,Mumbai Rajdhani Express,RAJ,BRC,RTM,261.0,195.0,21,6,15.3,0.98,0,205.7
TRIP-2261,12951,Mumbai Rajdhani Express,RAJ,RTM,KOTA,266.0,155.0,0,6,27.2,0.69,0,158.36
TRIP-2261,12951,Mumbai Rajdhani Express,RAJ,KOTA,MTJ,324.0,195.0,3,6,31.2,0.78,0,186.42
TRIP-2261,12951,Mumbai Rajdhani Express,RAJ,MTJ,NDLS,143.0,110.0,6,6,23.0,0.66,0,110.79
TRIP-2262,12802,Purushottam Express,EXP,NDLS,CNB,440.0,350.0,20,6,1.0,0.9,0,369.86
TRIP-2262,12802,Purushottam Express,EXP,CNB,PRYJ,194.5,150.0,2,6,21.0,0.87,0,151.1
TRIP-2262,12802,Purushottam Express,EXP,PRYJ,DDU,153.0,135.0,4,6,23.4,0.77,0,125.98
TRIP-2262,12802,Purushottam Express,EXP,DDU,GAYA,205.0,165.0,7,6,13.8,0.88,0,170.02
TRIP-2262,12802,Purushottam Express,EXP,GAYA,BKSC,149.0,135.0,9,6,17.8,0.78,0,145.34
TRIP-2262,12802,Purushottam Express,EXP,BKSC,PURI,612.0,520.0,12,6,27.8,0.57,0,507.82
TRIP-2263,12951,Mumbai Rajdhani Express,RAJ,BCT,ST,263.0,160.0,0,0,0.0,0.9,0,156.04
TRIP-2263,12951,Mumbai Rajdhani Express,RAJ,ST,BRC,129.0,80.0,2,0,0.0,0.64,0,78.03
TRIP-2263,12951,Mumbai Rajdhani Express,RAJ,BRC,RTM,261.0,195.0,4,0,0.0,0.83,0,181.69
TRIP-2263,12951,Mumbai Rajdhani Express,RAJ,RTM,KOTA,266.0,155.0,7,0,0.0,0.76,0,156.21
TRIP-2263,12951,Mumbai Rajdhani Express,RAJ,KOTA,MTJ,324.0,195.0,9,0,0.2,0.85,0,204.5
TRIP-2263,12951,Mumbai Rajdhani Express,RAJ,MTJ,NDLS,143.0,110.0,13,0,11.7,0.63,0,105.91
TRIP-2264,12802,Purushottam Express,EXP,NDLS,CNB,440.0,350.0,3,0,49.9,0.71,0,324.89
TRIP-2264,12802,Purushottam Express,EXP,CNB,PRYJ,194.5,150.0,8,0,26.2,0.87,0,155.84
TRIP-2264,12802,Purushottam Express,EXP,PRYJ,DDU,153.0,135.0,11,0,32.6,0.98,0,146.9
TRIP-2264,12802,Purushottam Express,EXP,DDU,GAYA,205.0,165.0,13,0,43.8,0.81,0,171.39
TRIP-2264,12802,Purushottam Express,EXP,GAYA,BKSC,149.0,135.0,16,0,50.8,0.45,0,136.84
TRIP-2264,12802,Purushottam Express,EXP,BKSC,PURI,612.0,520.0,19,0,53.4,0.79,0,528.9
TRIP-2265,12004,Lucknow Shatabdi Express,SF,NDLS,GZB,24.5,38.0,7,0,0.0,0.89,0,37.7
TRIP-2265,12004,Lucknow Shatabdi Express,SF,GZB,ALJN,106.3,60.0,7,0,1.0,0.7,0,57.64
TRIP-2265,12004,Lucknow Shatabdi Express,SF,ALJN,CNB,308.6,210.0,8,0,0.0,0.9,0,218.13
TRIP-2265,12004,Lucknow Shatabdi Express,SF,CNB,LKO,71.6,75.0,12,0,10.1,0.7,0,73.89
TRIP-2266,12302,Howrah Rajdhani Express,RAJ,NDLS,CNB,440.0,285.0,13,0,4.2,0.82,0,276.75
TRIP-2266,12302,Howrah Rajdhani Express,RAJ,CNB,PRYJ,194.5,120.0,17,0,0.0,0.84,0,118.27
TRIP-2266,12302,Howrah Rajdhani Express,RAJ,PRYJ,DDU,153.0,105.0,19,0,0.0,0.82,0,112.76
TRIP-2266,12302,Howrah Rajdhani Express,RAJ,DDU,GAYA,205.0,130.0,21,0,9.0,0.98,0,134.86
TRIP-2266,12302,Howrah Rajdhani Express,RAJ,GAYA,DHN,201.0,140.0,0,0,13.4,0.5,0,130.24
TRIP-2266,12302,Howrah Rajdhani Express,RAJ,DHN,HWH,259.0,200.0,2,0,2.8,0.61,0,183.3
TRIP-2267,12951,Mumbai Rajdhani Express,RAJ,BCT,ST,263.0,160.0,17,0,3.0,0.98,0,170.03
TRIP-2267,12951,Mumbai Rajdhani Express,RAJ,ST,BRC,129.0,80.0,19,0,14.8,0.94,0,83.65
TRIP-2267,12951,Mumbai Rajdhani Express,RAJ,BRC,RTM,261.0,195.0,21,0,19.1,0.98,0,202.28
TRIP-2267,12951,Mumbai Rajdhani Express,RAJ,RTM,KOTA,266.0,155.0,0,0,27.9,0.7,0,155.32
TRIP-2267,12951,Mumbai Rajdhani Express,RAJ,KOTA,MTJ,324.0,195.0,3,0,29.2,0.66,0,179.75
TRIP-2267,12951,Mumbai Rajdhani Express,RAJ,MTJ,NDLS,143.0,110.0,6,0,13.9,0.63,0,107.48
TRIP-2268,12004,Lucknow Shatabdi Express,SF,NDLS,GZB,24.5,38.0,20,0,10.8,0.95,0,45.48
TRIP-2268,12004,Lucknow Shatabdi Express,SF,GZB,ALJN,106.3,60.0,20,0,18.9,0.97,0,69.41
TRIP-2268,12004,Lucknow Shatabdi Express,SF,ALJN,CNB,308.6,210.0,22,0,29.4,0.84,0,206.74
TRIP-2268,12004,Lucknow Shatabdi Express,SF,CNB,LKO,71.6,75.0,1,0,26.6,0.62,0,70.37
TRIP-2269,12951,Mumbai Rajdhani Express,RAJ,BCT,ST,263.0,160.0,2,1,0.0,0.84,0,146.13
TRIP-2269,12951,Mumbai Rajdhani Express,RAJ,ST,BRC,129.0,80.0,4,1,0.0,0.72,0,78.13
TRIP-2269,12951,Mumbai Rajdhani Express,RAJ,BRC,RTM,261.0,195.0,5,1,0.0,0.62,0,188.66
TRIP-2269,12951,Mumbai Rajdhani Express,RAJ,RTM,KOTA,266.0,155.0,9,1,0.0,0.82,0,161.11
TRIP-2269,12951,Mumbai Rajdhani Express,RAJ,KOTA,MTJ,324.0,195.0,11,1,6.1,0.98,0,199.35
TRIP-2269,12951,Mumbai Rajdhani Express,RAJ,MTJ,NDLS,143.0,110.0,15,1,11.5,0.61,0,99.76
TRIP-2270,12951,Mumbai Rajdhani Express,RAJ,BCT,ST,263.0,160.0,8,1,28.0,0.87,0,166.05
TRIP-2270,12951,Mumbai Rajdhani Express,RAJ,ST,BRC,129.0,80.0,10,1,35.9,0.98,0,91.59
TRIP-2270,12951,Mumbai Rajdhani Express,RAJ,BRC,RTM,261.0,195.0,12,1,47.1,0.63,0,196.76
TRIP-2270,12951,Mumbai Rajdhani Express,RAJ,RTM,KOTA,266.0,155.0,15,1,48.6,0.85,0,162.37
TRIP-2270,12951,Mumbai Rajdhani Express,RAJ,KOTA,MTJ,324.0,195.0,18,1,57.1,0.98,0,209.62
TRIP-2270,12951,Mumbai Rajdhani Express,RAJ,MTJ,NDLS,143.0,110.0,22,1,73.3,0.87,0,112.25
TRIP-2271,12951,Mumbai Rajdhani Express,RAJ,BCT,ST,263.0,160.0,10,1,6.0,0.92,0,163.71
TRIP-2271,12951,Mumbai Rajdhani Express,RAJ,ST,BRC,129.0,80.0,12,1,9.3,0.61,0,77.24
TRIP-2271,12951,Mumbai Rajdhani Express,RAJ,BRC,RTM,261.0,195.0,14,1,7.1,0.9,0,186.34
TRIP-2271,12951,Mumbai Rajdhani Express,RAJ,RTM,KOTA,266.0,155.0,17,1,0.2,0.96,0,163.47
TRIP-2271,12951,Mumbai Rajdhani Express,RAJ,KOTA,MTJ,324.0,195.0,20,1,10.5,0.98,0,198.63
TRIP-2271,12951,Mumbai Rajdhani Express,RAJ,MTJ,NDLS,143.0,110.0,23,1,15.7,0.89,0,107.61
TRIP-2272,12802,Purushottam Express,EXP,NDLS,CNB,440.0,350.0,13,1,9.2,0.76,0,337.66
TRIP-2272,12802,Purushottam Express,EXP,CNB,PRYJ,194.5,150.0,18,1,0.0,0.97,0,160.46
TRIP-2272,12802,Purushottam Express,EXP,PRYJ,DDU,153.0,135.0,21,1,11.8,0.98,0,142.46
TRIP-2272,12802,Purushottam Express,EXP,DDU,GAYA,205.0,165.0,23,1,20.8,0.67,0,162.44
TRIP-2272,12802,Purushottam Express,EXP,GAYA,BKSC,149.0,135.0,2,1,17.6,0.61,0,121.89
TRIP-2272,12802,Purushottam Express,EXP,BKSC,PURI,612.0,520.0,4,1,3.8,0.39,0,475.34
TRIP-2273,12802,Purushottam Express,EXP,NDLS,CNB,440.0,350.0,16,1,0.0,0.76,0,338.25
TRIP-2273,12802,Purushottam Express,EXP,CNB,PRYJ,194.5,150.0,21,1,0.0,0.98,0,156.29
TRIP-2273,12802,Purushottam Express,EXP,PRYJ,DDU,153.0,135.0,0,1,7.8,0.89,0,131.64
TRIP-2273,12802,Purushottam Express,EXP,DDU,GAYA,205.0,165.0,2,1,4.7,0.87,0,152.88
TRIP-2273,12802,Purushottam Express,EXP,GAYA,BKSC,149.0,135.0,5,1,0.0,0.35,0,127.61
TRIP-2273,12802,Purushottam Express,EXP,BKSC,PURI,612.0,520.0,7,1,0.0,0.6,0,497.39
TRIP-2274,12802,Purushottam Express,EXP,NDLS,CNB,440.0,350.0,18,1,0.0,0.95,0,364.0
TRIP-2274,12802,Purushottam Express,EXP,CNB,PRYJ,194.5,150.0,0,1,13.3,0.73,0,147.76
TRIP-2274,12802,Purushottam Express,EXP,PRYJ,DDU,153.0,135.0,2,1,12.2,0.74,0,131.74
TRIP-2274,12802,Purushottam Express,EXP,DDU,GAYA,205.0,165.0,4,1,9.1,0.75,0,151.67
TRIP-2274,12802,Purushottam Express,EXP,GAYA,BKSC,149.0,135.0,7,1,0.0,0.38,0,129.45
TRIP-2274,12802,Purushottam Express,EXP,BKSC,PURI,612.0,520.0,9,1,0.0,0.73,0,523.6
TRIP-2275,12004,Lucknow Shatabdi Express,SF,NDLS,GZB,24.5,38.0,21,1,0.0,0.87,0,43.39
TRIP-2275,12004,Lucknow Shatabdi Express,SF,GZB,ALJN,106.3,60.0,21,1,5.6,0.98,0,67.6
TRIP-2275,12004,Lucknow Shatabdi Express,SF,ALJN,CNB,308.6,210.0,23,1,14.1,0.77,0,210.73
TRIP-2275,12004,Lucknow Shatabdi Express,SF,CNB,LKO,71.6,75.0,2,1,16.8,0.72,0,70.74
TRIP-2276,12004,Lucknow Shatabdi Express,SF,NDLS,GZB,24.5,38.0,1,2,1.6,0.72,0,35.05
TRIP-2276,12004,Lucknow Shatabdi Express,SF,GZB,ALJN,106.3,60.0,1,2,0.0,0.62,0,63.94
TRIP-2276,12004,Lucknow Shatabdi Express,SF,ALJN,CNB,308.6,210.0,2,2,4.7,0.76,0,196.76
TRIP-2276,12004,Lucknow Shatabdi Express,SF,CNB,LKO,71.6,75.0,6,2,0.0,0.63,0,71.94
TRIP-2277,22436,Vande Bharat Express,VB,NDLS,CNB,440.0,240.0,7,2,5.9,0.75,0,231.77
TRIP-2277,22436,Vande Bharat Express,VB,CNB,PRYJ,194.5,100.0,10,2,0.0,0.98,0,104.07
TRIP-2277,22436,Vande Bharat Express,VB,PRYJ,DDU,153.0,90.0,12,2,4.8,0.75,0,94.71
TRIP-2277,22436,Vande Bharat Express,VB,DDU,BSB,18.0,25.0,14,2,8.5,0.86,0,22.3
TRIP-2278,12004,Lucknow Shatabdi Express,SF,NDLS,GZB,24.5,38.0,10,2,0.0,0.95,0,43.34
TRIP-2278,12004,Lucknow Shatabdi Express,SF,GZB,ALJN,106.3,60.0,10,2,6.0,0.98,0,69.85
TRIP-2278,12004,Lucknow Shatabdi Express,SF,ALJN,CNB,308.6,210.0,12,2,15.8,0.89,0,208.41
TRIP-2278,12004,Lucknow Shatabdi Express,SF,CNB,LKO,71.6,75.0,15,2,13.7,0.63,0,72.49
TRIP-2279,12951,Mumbai Rajdhani Express,RAJ,BCT,ST,263.0,160.0,13,2,0.1,0.78,0,157.94
TRIP-2279,12951,Mumbai Rajdhani Express,RAJ,ST,BRC,129.0,80.0,15,2,0.0,0.87,0,83.58
TRIP-2279,12951,Mumbai Rajdhani Express,RAJ,BRC,RTM,261.0,195.0,17,2,3.2,0.85,0,204.41
TRIP-2279,12951,Mumbai Rajdhani Express,RAJ,RTM,KOTA,266.0,155.0,20,2,12.3,0.94,0,160.96
TRIP-2279,12951,Mumbai Rajdhani Express,RAJ,KOTA,MTJ,324.0,195.0,23,2,18.6,0.67,0,185.4
TRIP-2279,12951,Mumbai Rajdhani Express,RAJ,MTJ,NDLS,143.0,110.0,2,2,9.6,0.68,0,99.84
TRIP-2280,12951,Mumbai Rajdhani Express,RAJ,BCT,ST,263.0,160.0,16,2,5.3,0.61,0,149.1
TRIP-2280,12951,Mumbai Rajdhani Express,RAJ,ST,BRC,129.0,80.0,18,2,0.0,0.8,0,84.51
TRIP-2280,12951,Mumbai Rajdhani Express,RAJ,BRC,RTM,261.0,195.0,20,2,4.5,0.98,0,205.98
TRIP-2280,12951,Mumbai Rajdhani Express,RAJ,RTM,KOTA,266.0,155.0,23,2,17.2,0.62,0,147.58
TRIP-2280,12951,Mumbai Rajdhani Express,RAJ,KOTA,MTJ,324.0,195.0,2,2,10.9,0.8,0,176.19
TRIP-2280,12951,Mumbai Rajdhani Express,RAJ,MTJ,NDLS,143.0,110.0,5,2,0.0,0.83,0,106.23
TRIP-2281,12004,Lucknow Shatabdi Express,SF,NDLS,GZB,24.5,38.0,22,2,23.5,0.81,0,39.22
TRIP-2281,12004,Lucknow Shatabdi Express,SF,GZB,ALJN,106.3,60.0,22,2,25.7,0.71,0,65.97
TRIP-2281,12004,Lucknow Shatabdi Express,SF,ALJN,CNB,308.6,210.0,23,2,32.9,0.87,0,208.64
TRIP-2281,12004,Lucknow Shatabdi Express,SF,CNB,LKO,71.6,75.0,3,2,31.9,0.7,0,81.55
TRIP-2282,22436,Vande Bharat Express,VB,NDLS,CNB,440.0,240.0,4,3,0.0,0.75,0,224.36
TRIP-2282,22436,Vande Bharat Express,VB,CNB,PRYJ,194.5,100.0,7,3,0.0,0.63,0,102.03
TRIP-2282,22436,Vande Bharat Express,VB,PRYJ,DDU,153.0,90.0,9,3,1.4,0.84,0,98.45
TRIP-2282,22436,Vande Bharat Express,VB,DDU,BSB,18.0,25.0,11,3,9.2,0.86,0,27.71
TRIP-2283,12802,Purushottam Express,EXP,NDLS,CNB,440.0,350.0,10,3,40.0,0.96,0,365.48
TRIP-2283,12802,Purushottam Express,EXP,CNB,PRYJ,194.5,150.0,16,3,56.8,0.63,0,157.02
TRIP-2283,12802,Purushottam Express,EXP,PRYJ,DDU,153.0,135.0,18,3,64.3,0.98,0,150.14
TRIP-2283,12802,Purushottam Express,EXP,DDU,GAYA,205.0,165.0,21,3,79.0,0.89,0,183.49
TRIP-2283,12802,Purushottam Express,EXP,GAYA,BKSC,149.0,135.0,0,3,98.8,0.42,0,134.83
TRIP-2283,12802,Purushottam Express,EXP,BKSC,PURI,612.0,520.0,2,3,99.7,0.52,0,485.77
TRIP-2284,12802,Purushottam Express,EXP,NDLS,CNB,440.0,350.0,16,3,10.0,0.7,0,341.77
TRIP-2284,12802,Purushottam Express,EXP,CNB,PRYJ,194.5,150.0,21,3,3.5,0.97,0,157.12
TRIP-2284,12802,Purushottam Express,EXP,PRYJ,DDU,153.0,135.0,0,3,10.6,0.61,0,132.01
TRIP-2284,12802,Purushottam Express,EXP,DDU,GAYA,205.0,165.0,2,3,7.7,0.82,0,154.2
TRIP-2284,12802,Purushottam Express,EXP,GAYA,BKSC,149.0,135.0,5,3,0.0,0.41,0,127.9
TRIP-2284,12802,Purushottam Express,EXP,BKSC,PURI,612.0,520.0,7,3,0.0,0.65,0,502.28
TRIP-2285,12802,Purushottam Express,EXP,NDLS,CNB,440.0,350.0,22,3,6.4,0.69,0,338.33
TRIP-2285,12802,Purushottam Express,EXP,CNB,PRYJ,194.5,150.0,3,3,0.0,0.81,0,134.92
TRIP-2285,12802,Purushottam Express,EXP,PRYJ,DDU,153.0,135.0,6,3,0.0,0.8,0,130.25
TRIP-2285,12802,Purushottam Express,EXP,DDU,GAYA,205.0,165.0,8,3,0.0,0.95,0,169.91
TRIP-2285,12802,Purushottam Express,EXP,GAYA,BKSC,149.0,135.0,11,3,4.1,0.74,0,134.51
TRIP-2285,12802,Purushottam Express,EXP,BKSC,PURI,612.0,520.0,13,3,4.6,0.4,0,498.4
TRIP-2286,12802,Purushottam Express,EXP,NDLS,CNB,440.0,350.0,0,4,2.2,0.82,0,344.05
TRIP-2286,12802,Purushottam Express,EXP,CNB,PRYJ,194.5,150.0,5,4,0.0,0.62,0,149.47
TRIP-2286,12802,Purushottam Express,EXP,PRYJ,DDU,153.0,135.0,8,4,0.0,0.98,0,142.43
TRIP-2286,12802,Purushottam Express,EXP,DDU,GAYA,205.0,165.0,10,4,7.5,0.85,0,175.74
TRIP-2286,12802,Purushottam Express,EXP,GAYA,BKSC,149.0,135.0,13,4,17.9,0.54,0,134.5
TRIP-2286,12802,Purushottam Express,EXP,BKSC,PURI,612.0,520.0,16,4,18.0,0.48,0,505.53
TRIP-2287,12951,Mumbai Rajdhani Express,RAJ,BCT,ST,263.0,160.0,2,4,4.3,0.76,0,156.33
TRIP-2287,12951,Mumbai Rajdhani Express,RAJ,ST,BRC,129.0,80.0,4,4,2.1,0.76,0,71.38
TRIP-2287,12951,Mumbai Rajdhani Express,RAJ,BRC,RTM,261.0,195.0,5,4,0.0,0.79,0,198.8
TRIP-2287,12951,Mumbai Rajdhani Express,RAJ,RTM,KOTA,266.0,155.0,9,4,4.8,0.98,0,165.81
TRIP-2287,12951,Mumbai Rajdhani Express,RAJ,KOTA,MTJ,324.0,195.0,12,4,15.9,0.83,0,188.69
TRIP-2287,12951,Mumbai Rajdhani Express,RAJ,MTJ,NDLS,143.0,110.0,15,4,10.2,0.75,0,107.66
TRIP-2288,22436,Vande Bharat Express,VB,NDLS,CNB,440.0,240.0,5,4,0.0,0.61,0,236.49
TRIP-2288,22436,Vande Bharat Express,VB,CNB,PRYJ,194.5,100.0,9,4,0.0,0.98,0,111.24
TRIP-2288,22436,Vande Bharat Express,VB,PRYJ,DDU,153.0,90.0,10,4,12.3,0.98,0,92.23
TRIP-2288,22436,Vande Bharat Express,VB,DDU,BSB,18.0,25.0,12,4,15.6,0.71,0,22.08
TRIP-2289,12951,Mumbai Rajdhani Express,RAJ,BCT,ST,263.0,160.0,8,4,5.9,0.89,0,166.88
TRIP-2289,12951,Mumbai Rajdhani Express,RAJ,ST,BRC,129.0,80.0,10,4,14.2,0.98,0,85.1
TRIP-2289,12951,Mumbai Rajdhani Express,RAJ,BRC,RTM,261.0,195.0,12,4,19.9,0.68,0,186.19
TRIP-2289,12951,Mumbai Rajdhani Express,RAJ,RTM,KOTA,266.0,155.0,15,4,10.3,0.73,0,152.37
TRIP-2289,12951,Mumbai Rajdhani Express,RAJ,KOTA,MTJ,324.0,195.0,18,4,8.6,0.85,0,200.17
TRIP-2289,12951,Mumbai Rajdhani Express,RAJ,MTJ,NDLS,143.0,110.0,21,4,15.2,0.86,0,114.58
TRIP-2290,12802,Purushottam Express,EXP,NDLS,CNB,440.0,350.0,10,4,27.1,0.98,0,370.55
TRIP-2290,12802,Purushottam Express,EXP,CNB,PRYJ,194.5,150.0,16,4,46.8,0.81,0,163.02
TRIP-2290,12802,Purushottam Express,EXP,PRYJ,DDU,153.0,135.0,19,4,59.7,0.98,0,159.32
TRIP-2290,12802,Purushottam Express,EXP,DDU,GAYA,205.0,165.0,21,4,85.9,0.91,0,186.49
TRIP-2290,12802,Purushottam Express,EXP,GAYA,BKSC,149.0,135.0,0,4,109.0,0.44,0,142.53
TRIP-2290,12802,Purushottam Express,EXP,BKSC,PURI,612.0,520.0,3,4,116.5,0.59,0,496.33
TRIP-2291,12802,Purushottam Express,EXP,NDLS,CNB,440.0,350.0,16,4,6.6,0.88,0,350.6
TRIP-2291,12802,Purushottam Express,EXP,CNB,PRYJ,194.5,150.0,21,4,7.8,0.88,0,163.9
TRIP-2291,12802,Purushottam Express,EXP,PRYJ,DDU,153.0,135.0,0,4,20.8,0.71,0,137.19
TRIP-2291,12802,Purushottam Express,EXP,DDU,GAYA,205.0,165.0,3,4,23.1,0.88,0,156.99
TRIP-2291,12802,Purushottam Express,EXP,GAYA,BKSC,149.0,135.0,5,4,16.7,0.51,0,130.89
TRIP-2291,12802,Purushottam Express,EXP,BKSC,PURI,612.0,520.0,8,4,12.8,0.63,0,524.59
TRIP-2292,12951,Mumbai Rajdhani Express,RAJ,BCT,ST,263.0,160.0,22,4,6.6,0.72,0,152.09
TRIP-2292,12951,Mumbai Rajdhani Express,RAJ,ST,BRC,129.0,80.0,0,4,0.0,0.74,0,84.62
TRIP-2292,12951,Mumbai Rajdhani Express,RAJ,BRC,RTM,261.0,195.0,2,4,4.3,0.65,0,182.38
TRIP-2292,12951,Mumbai Rajdhani Express,RAJ,RTM,KOTA,266.0,155.0,5,4,0.0,0.79,0,158.41
TRIP-2292,12951,Mumbai Rajdhani Express,RAJ,KOTA,MTJ,324.0,195.0,7,4,4.0,0.75,0,192.65
TRIP-2292,12951,Mumbai Rajdhani Express,RAJ,MTJ,NDLS,143.0,110.0,11,4,1.0,0.81,0,117.04
TRIP-2293,22436,Vande Bharat Express,VB,NDLS,CNB,440.0,240.0,0,5,0.0,0.8,0,234.17
TRIP-2293,22436,Vande Bharat Express,VB,CNB,PRYJ,194.5,100.0,3,5,0.0,0.81,0,100.04
TRIP-2293,22436,Vande Bharat Express,VB,PRYJ,DDU,153.0,90.0,5,5,1.2,0.83,0,95.12
TRIP-2293,22436,Vande Bharat Express,VB,DDU,BSB,18.0,25.0,7,5,7.7,0.76,0,21.08
TRIP-2294,22436,Vande Bharat Express,VB,NDLS,CNB,440.0,240.0,4,5,4.1,0.67,0,224.39
TRIP-2294,22436,Vande Bharat Express,VB,CNB,PRYJ,194.5,100.0,7,5,0.0,0.63,0,99.69
TRIP-2294,22436,Vande Bharat Express,VB,PRYJ,DDU,153.0,90.0,9,5,1.3,0.98,0,102.57
TRIP-2294,22436,Vande Bharat Express,VB,DDU,BSB,18.0,25.0,11,5,15.1,0.98,0,27.41
TRIP-2295,12302,Howrah Rajdhani Express,RAJ,NDLS,CNB,440.0,285.0,7,5,0.0,0.86,0,276.88
TRIP-2295,12302,Howrah Rajdhani Express,RAJ,CNB,PRYJ,194.5,120.0,11,5,0.0,0.89,0,124.11
TRIP-2295,12302,Howrah Rajdhani Express,RAJ,PRYJ,DDU,153.0,105.0,13,5,3.4,0.77,0,104.75
TRIP-2295,12302,Howrah Rajdhani Express,RAJ,DDU,GAYA,205.0,130.0,15,5,4.3,0.85,0,129.44
TRIP-2295,12302,Howrah Rajdhani Express,RAJ,GAYA,DHN,201.0,140.0,17,5,5.7,0.82,0,138.85
TRIP-2295,12302,Howrah Rajdhani Express,RAJ,DHN,HWH,259.0,200.0,20,5,6.3,0.73,0,199.45
TRIP-2296,12004,Lucknow Shatabdi Express,SF,NDLS,GZB,24.5,38.0,11,5,10.0,0.84,0,42.61
TRIP-2296,12004,Lucknow Shatabdi Express,SF,GZB,ALJN,106.3,60.0,11,5,15.9,0.97,0,65.6
TRIP-2296,12004,Lucknow Shatabdi Express,SF,ALJN,CNB,308.6,210.0,12,5,22.0,0.88,0,202.14
TRIP-2296,12004,Lucknow Shatabdi Express,SF,CNB,LKO,71.6,75.0,16,5,15.1,0.87,0,75.14
TRIP-2297,12004,Lucknow Shatabdi Express,SF,NDLS,GZB,24.5,38.0,17,5,14.6,0.98,0,42.66
TRIP-2297,12004,Lucknow Shatabdi Express,SF,GZB,ALJN,106.3,60.0,17,5,20.0,0.98,0,68.18
TRIP-2297,12004,Lucknow Shatabdi Express,SF,ALJN,CNB,308.6,210.0,19,5,28.2,0.85,0,219.27
TRIP-2297,12004,Lucknow Shatabdi Express,SF,CNB,LKO,71.6,75.0,22,5,37.5,0.68,0,83.49
TRIP-2298,12802,Purushottam Express,EXP,NDLS,CNB,440.0,350.0,20,5,33.1,0.92,0,369.41
TRIP-2298,12802,Purushottam Express,EXP,CNB,PRYJ,194.5,150.0,2,5,53.9,0.85,0,149.0
TRIP-2298,12802,Purushottam Express,EXP,PRYJ,DDU,153.0,135.0,4,5,52.4,0.85,0,138.48
TRIP-2298,12802,Purushottam Express,EXP,DDU,GAYA,205.0,165.0,7,5,57.3,0.63,0,169.85
TRIP-2298,12802,Purushottam Express,EXP,GAYA,BKSC,149.0,135.0,10,5,61.8,0.82,0,143.75
TRIP-2298,12802,Purushottam Express,EXP,BKSC,PURI,612.0,520.0,12,5,71.6,0.44,0,504.24
TRIP-2299,12951,Mumbai Rajdhani Express,RAJ,BCT,ST,263.0,160.0,22,5,9.3,0.72,0,150.84
TRIP-2299,12951,Mumbai Rajdhani Express,RAJ,ST,BRC,129.0,80.0,0,5,2.0,0.72,0,79.53
TRIP-2299,12951,Mumbai Rajdhani Express,RAJ,BRC,RTM,261.0,195.0,2,5,1.9,0.66,0,178.94
TRIP-2299,12951,Mumbai Rajdhani Express,RAJ,RTM,KOTA,266.0,155.0,5,5,0.0,0.73,0,152.95
TRIP-2299,12951,Mumbai Rajdhani Express,RAJ,KOTA,MTJ,324.0,195.0,7,5,0.0,0.6,0,195.48
TRIP-2299,12951,Mumbai Rajdhani Express,RAJ,MTJ,NDLS,143.0,110.0,11,5,0.0,0.98,0,112.64
TRIP-2300,12004,Lucknow Shatabdi Express,SF,NDLS,GZB,24.5,38.0,0,6,7.2,0.63,0,45.32
TRIP-2300,12004,Lucknow Shatabdi Express,SF,GZB,ALJN,106.3,60.0,0,6,16.3,0.86,0,61.52
TRIP-2300,12004,Lucknow Shatabdi Express,SF,ALJN,CNB,308.6,210.0,1,6,17.4,0.68,0,199.15
TRIP-2300,12004,Lucknow Shatabdi Express,SF,CNB,LKO,71.6,75.0,5,6,7.8,0.74,0,72.77
TRIP-2301,12951,Mumbai Rajdhani Express,RAJ,BCT,ST,263.0,160.0,6,6,1.1,0.74,0,160.29
TRIP-2301,12951,Mumbai Rajdhani Express,RAJ,ST,BRC,129.0,80.0,8,6,2.2,0.98,0,87.72
TRIP-2301,12951,Mumbai Rajdhani Express,RAJ,BRC,RTM,261.0,195.0,10,6,10.4,0.98,0,203.73
TRIP-2301,12951,Mumbai Rajdhani Express,RAJ,RTM,KOTA,266.0,155.0,13,6,20.1,0.86,0,152.98
TRIP-2301,12951,Mumbai Rajdhani Express,RAJ,KOTA,MTJ,324.0,195.0,16,6,17.9,0.64,0,191.87
TRIP-2301,12951,Mumbai Rajdhani Express,RAJ,MTJ,NDLS,143.0,110.0,19,6,14.1,0.89,0,115.08
TRIP-2302,22436,Vande Bharat Express,VB,NDLS,CNB,440.0,240.0,8,6,10.0,0.98,0,253.81
TRIP-2302,22436,Vande Bharat Express,VB,CNB,PRYJ,194.5,100.0,12,6,22.9,0.87,0,104.69
TRIP-2302,22436,Vande Bharat Express,VB,PRYJ,DDU,153.0,90.0,14,6,28.8,0.82,0,96.13
TRIP-2302,22436,Vande Bharat Express,VB,DDU,BSB,18.0,25.0,15,6,36.3,0.72,0,34.86
TRIP-2303,12302,Howrah Rajdhani Express,RAJ,NDLS,CNB,440.0,285.0,12,6,11.5,0.67,0,272.24
TRIP-2303,12302,Howrah Rajdhani Express,RAJ,CNB,PRYJ,194.5,120.0,16,6,0.0,0.76,0,124.33
TRIP-2303,12302,Howrah Rajdhani Express,RAJ,PRYJ,DDU,153.0,105.0,18,6,4.5,0.89,0,109.58
TRIP-2303,12302,Howrah Rajdhani Express,RAJ,DDU,GAYA,205.0,130.0,20,6,9.2,0.92,0,132.67
TRIP-2303,12302,Howrah Rajdhani Express,RAJ,GAYA,DHN,201.0,140.0,22,6,11.1,0.54,0,137.42
TRIP-2303,12302,Howrah Rajdhani Express,RAJ,DHN,HWH,259.0,200.0,1,6,8.3,0.39,0,181.87
TRIP-2304,12951,Mumbai Rajdhani Express,RAJ,BCT,ST,263.0,160.0,16,6,0.0,0.81,0,155.93
TRIP-2304,12951,Mumbai Rajdhani Express,RAJ,ST,BRC,129.0,80.0,18,6,0.0,0.95,0,83.89
TRIP-2304,12951,Mumbai Rajdhani Express,RAJ,BRC,RTM,261.0,195.0,20,6,5.5,0.85,0,199.97
TRIP-2304,12951,Mumbai Rajdhani Express,RAJ,RTM,KOTA,266.0,155.0,23,6,12.5,0.79,0,150.12
TRIP-2304,12951,Mumbai Rajdhani Express,RAJ,KOTA,MTJ,324.0,195.0,2,6,8.5,0.77,0,181.7
TRIP-2304,12951,Mumbai Rajdhani Express,RAJ,MTJ,NDLS,143.0,110.0,5,6,0.0,0.78,0,115.77
TRIP-2305,12004,Lucknow Shatabdi Express,SF,NDLS,GZB,24.5,38.0,19,6,0.0,0.98,0,49.1
TRIP-2305,12004,Lucknow Shatabdi Express,SF,GZB,ALJN,106.3,60.0,19,6,12.1,0.9,0,67.31
TRIP-2305,12004,Lucknow Shatabdi Express,SF,ALJN,CNB,308.6,210.0,21,6,20.0,0.98,0,227.26
TRIP-2305,12004,Lucknow Shatabdi Express,SF,CNB,LKO,71.6,75.0,0,6,37.1,0.61,0,85.95
TRIP-2306,12802,Purushottam Express,EXP,NDLS,CNB,440.0,350.0,1,0,0.0,0.73,0,321.62
TRIP-2306,12802,Purushottam Express,EXP,CNB,PRYJ,194.5,150.0,6,0,0.0,0.61,0,147.38
TRIP-2306,12802,Purushottam Express,EXP,PRYJ,DDU,153.0,135.0,8,0,0.0,0.83,0,145.11
TRIP-2306,12802,Purushottam Express,EXP,DDU,GAYA,205.0,165.0,11,0,10.5,0.98,0,173.55
TRIP-2306,12802,Purushottam Express,EXP,GAYA,BKSC,149.0,135.0,14,0,19.4,0.45,0,131.92
TRIP-2306,12802,Purushottam Express,EXP,BKSC,PURI,612.0,520.0,16,0,17.8,0.59,0,499.82
TRIP-2307,12951,Mumbai Rajdhani Express,RAJ,BCT,ST,263.0,160.0,7,0,2.1,0.72,0,162.76
TRIP-2307,12951,Mumbai Rajdhani Express,RAJ,ST,BRC,129.0,80.0,9,0,4.3,0.98,0,84.74
TRIP-2307,12951,Mumbai Rajdhani Express,RAJ,BRC,RTM,261.0,195.0,11,0,10.8,0.8,0,202.32
TRIP-2307,12951,Mumbai Rajdhani Express,RAJ,RTM,KOTA,266.0,155.0,14,0,17.8,0.66,0,149.3
TRIP-2307,12951,Mumbai Rajdhani Express,RAJ,KOTA,MTJ,324.0,195.0,17,0,11.8,0.95,0,202.72
TRIP-2307,12951,Mumbai Rajdhani Express,RAJ,MTJ,NDLS,143.0,110.0,20,0,21.2,0.93,0,117.61
TRIP-2308,22436,Vande Bharat Express,VB,NDLS,CNB,440.0,240.0,13,0,0.6,0.68,0,236.19
TRIP-2308,22436,Vande Bharat Express,VB,CNB,PRYJ,194.5,100.0,17,0,0.0,0.98,0,102.47
TRIP-2308,22436,Vande Bharat Express,VB,PRYJ,DDU,153.0,90.0,18,0,2.1,0.81,0,97.23
TRIP-2308,22436,Vande Bharat Express,VB,DDU,BSB,18.0,25.0,20,0,8.8,0.8,0,21.44
TRIP-2309,12004,Lucknow Shatabdi Express,SF,NDLS,GZB,24.5,38.0,17,0,4.4,0.9,0,41.12
TRIP-2309,12004,Lucknow Shatabdi Express,SF,GZB,ALJN,106.3,60.0,17,0,7.4,0.98,0,67.16
TRIP-2309,12004,Lucknow Shatabdi Express,SF,ALJN,CNB,308.6,210.0,18,0,16.2,0.83,0,218.57
TRIP-2309,12004,Lucknow Shatabdi Express,SF,CNB,LKO,71.6,75.0,22,0,26.7,0.84,0,71.99
TRIP-2310,22436,Vande Bharat Express,VB,NDLS,CNB,440.0,240.0,21,0,0.0,0.92,0,246.14
TRIP-2310,22436,Vande Bharat Express,VB,CNB,PRYJ,194.5,100.0,1,0,7.5,0.64,0,85.69
TRIP-2310,22436,Vande Bharat Express,VB,PRYJ,DDU,153.0,90.0,2,0,0.0,0.7,0,85.62
TRIP-2310,22436,Vande Bharat Express,VB,DDU,BSB,18.0,25.0,4,0,0.0,0.7,0,22.93
TRIP-2311,22436,Vande Bharat Express,VB,NDLS,CNB,440.0,240.0,23,0,0.0,0.81,0,231.21
TRIP-2311,22436,Vande Bharat Express,VB,CNB,PRYJ,194.5,100.0,2,0,0.0,0.82,0,92.02
TRIP-2311,22436,Vande Bharat Express,VB,PRYJ,DDU,153.0,90.0,4,0,0.0,0.88,0,81.15
TRIP-2311,22436,Vande Bharat Express,VB,DDU,BSB,18.0,25.0,5,0,0.0,0.64,0,34.61
TRIP-2312,22436,Vande Bharat Express,VB,NDLS,CNB,440.0,240.0,3,1,10.0,0.78,0,219.58
TRIP-2312,22436,Vande Bharat Express,VB,CNB,PRYJ,194.5,100.0,6,1,0.0,0.72,0,99.29
TRIP-2312,22436,Vande Bharat Express,VB,PRYJ,DDU,153.0,90.0,8,1,0.2,0.98,0,92.13
TRIP-2312,22436,Vande Bharat Express,VB,DDU,BSB,18.0,25.0,10,1,1.4,0.98,0,31.95
TRIP-2313,22436,Vande Bharat Express,VB,NDLS,CNB,440.0,240.0,6,1,10.0,0.63,0,233.73
TRIP-2313,22436,Vande Bharat Express,VB,CNB,PRYJ,194.5,100.0,9,1,5.4,0.98,0,103.7
TRIP-2313,22436,Vande Bharat Express,VB,PRYJ,DDU,153.0,90.0,11,1,9.0,0.98,0,99.75
TRIP-2313,22436,Vande Bharat Express,VB,DDU,BSB,18.0,25.0,13,1,18.4,0.8,0,23.36
TRIP-2314,12302,Howrah Rajdhani Express,RAJ,NDLS,CNB,440.0,285.0,9,1,3.6,0.98,0,296.14
TRIP-2314,12302,Howrah Rajdhani Express,RAJ,CNB,PRYJ,194.5,120.0,14,1,14.4,0.7,0,110.43
TRIP-2314,12302,Howrah Rajdhani Express,RAJ,PRYJ,DDU,153.0,105.0,15,1,5.2,0.63,0,95.54
TRIP-2314,12302,Howrah Rajdhani Express,RAJ,DDU,GAYA,205.0,130.0,17,1,0.0,0.93,0,136.93
TRIP-2314,12302,Howrah Rajdhani Express,RAJ,GAYA,DHN,201.0,140.0,19,1,6.8,0.64,0,136.25
TRIP-2314,12302,Howrah Rajdhani Express,RAJ,DHN,HWH,259.0,200.0,22,1,3.8,0.63,0,193.52
TRIP-2315,12802,Purushottam Express,EXP,NDLS,CNB,440.0,350.0,12,1,10.0,0.66,0,341.39
TRIP-2315,12802,Purushottam Express,EXP,CNB,PRYJ,194.5,150.0,17,1,2.5,0.92,0,159.71
TRIP-2315,12802,Purushottam Express,EXP,PRYJ,DDU,153.0,135.0,20,1,12.5,0.98,0,141.72
TRIP-2315,12802,Purushottam Express,EXP,DDU,GAYA,205.0,165.0,22,1,18.6,0.85,0,167.19
TRIP-2315,12802,Purushottam Express,EXP,GAYA,BKSC,149.0,135.0,1,1,20.9,0.54,0,122.62
TRIP-2315,12802,Purushottam Express,EXP,BKSC,PURI,612.0,520.0,3,1,9.4,0.41,0,475.38
TRIP-2316,12951,Mumbai Rajdhani Express,RAJ,BCT,ST,263.0,160.0,18,1,1.1,0.94,0,161.94
TRIP-2316,12951,Mumbai Rajdhani Express,RAJ,ST,BRC,129.0,80.0,20,1,4.4,0.98,0,89.03
TRIP-2316,12951,Mumbai Rajdhani Express,RAJ,BRC,RTM,261.0,195.0,22,1,15.4,0.62,0,187.71
TRIP-2316,12951,Mumbai Rajdhani Express,RAJ,RTM,KOTA,266.0,155.0,1,1,7.2,0.61,0,138.92
TRIP-2316,12951,Mumbai Rajdhani Express,RAJ,KOTA,MTJ,324.0,195.0,3,1,0.0,0.7,0,179.4
TRIP-2316,12951,Mumbai Rajdhani Express,RAJ,MTJ,NDLS,143.0,110.0,7,1,0.0,0.82,0,109.91
TRIP-2317,12004,Lucknow Shatabdi Express,SF,NDLS,GZB,24.5,38.0,21,1,5.1,0.94,0,44.75
TRIP-2317,12004,Lucknow Shatabdi Express,SF,GZB,ALJN,106.3,60.0,21,1,11.7,0.98,0,71.11
TRIP-2317,12004,Lucknow Shatabdi Express,SF,ALJN,CNB,308.6,210.0,23,1,21.8,0.84,0,209.24
TRIP-2317,12004,Lucknow Shatabdi Express,SF,CNB,LKO,71.6,75.0,2,1,22.0,0.88,0,71.39
TRIP-2318,12004,Lucknow Shatabdi Express,SF,NDLS,GZB,24.5,38.0,0,2,10.0,0.78,0,40.1
TRIP-2318,12004,Lucknow Shatabdi Express,SF,GZB,ALJN,106.3,60.0,0,2,11.4,0.64,0,58.29
TRIP-2318,12004,Lucknow Shatabdi Express,SF,ALJN,CNB,308.6,210.0,1,2,9.3,0.64,0,193.55
TRIP-2318,12004,Lucknow Shatabdi Express,SF,CNB,LKO,71.6,75.0,5,2,0.0,0.81,0,76.32
TRIP-2319,12302,Howrah Rajdhani Express,RAJ,NDLS,CNB,440.0,285.0,6,2,10.0,0.63,0,276.64
TRIP-2319,12302,Howrah Rajdhani Express,RAJ,CNB,PRYJ,194.5,120.0,10,2,1.5,0.95,0,128.83
TRIP-2319,12302,Howrah Rajdhani Express,RAJ,PRYJ,DDU,153.0,105.0,12,2,11.4,0.69,0,103.4
TRIP-2319,12302,Howrah Rajdhani Express,RAJ,DDU,GAYA,205.0,130.0,14,2,11.3,0.72,0,124.28
TRIP-2319,12302,Howrah Rajdhani Express,RAJ,GAYA,DHN,201.0,140.0,16,2,6.7,0.62,0,125.6
TRIP-2319,12302,Howrah Rajdhani Express,RAJ,DHN,HWH,259.0,200.0,19,2,0.0,0.66,0,194.56
TRIP-2320,12004,Lucknow Shatabdi Express,SF,NDLS,GZB,24.5,38.0,8,2,7.3,0.98,0,47.32
TRIP-2320,12004,Lucknow Shatabdi Express,SF,GZB,ALJN,106.3,60.0,8,2,18.2,0.88,0,67.42
TRIP-2320,12004,Lucknow Shatabdi Express,SF,ALJN,CNB,308.6,210.0,10,2,24.8,0.98,0,223.07
TRIP-2320,12004,Lucknow Shatabdi Express,SF,CNB,LKO,71.6,75.0,13,2,39.2,0.88,0,86.55
TRIP-2321,12802,Purushottam Express,EXP,NDLS,CNB,440.0,350.0,11,2,10.0,0.85,0,359.61
TRIP-2321,12802,Purushottam Express,EXP,CNB,PRYJ,194.5,150.0,17,2,20.3,0.98,0,156.38
TRIP-2321,12802,Purushottam Express,EXP,PRYJ,DDU,153.0,135.0,19,2,28.2,0.98,0,142.77
TRIP-2321,12802,Purushottam Express,EXP,DDU,GAYA,205.0,165.0,22,2,36.1,0.68,0,167.25
TRIP-2321,12802,Purushottam Express,EXP,GAYA,BKSC,149.0,135.0,1,2,38.4,0.57,0,130.55
TRIP-2321,12802,Purushottam Express,EXP,BKSC,PURI,612.0,520.0,3,2,32.9,0.59,0,478.99
TRIP-2322,12004,Lucknow Shatabdi Express,SF,NDLS,GZB,24.5,38.0,17,2,0.0,0.8,0,35.51
TRIP-2322,12004,Lucknow Shatabdi Express,SF,GZB,ALJN,106.3,60.0,17,2,0.0,0.85,0,65.31
TRIP-2322,12004,Lucknow Shatabdi Express,SF,ALJN,CNB,308.6,210.0,18,2,5.0,0.91,0,215.34
TRIP-2322,12004,Lucknow Shatabdi Express,SF,CNB,LKO,71.6,75.0,22,2,9.8,0.7,0,76.09
TRIP-2323,12004,Lucknow Shatabdi Express,SF,NDLS,GZB,24.5,38.0,19,2,3.6,0.98,0,49.53
TRIP-2323,12004,Lucknow Shatabdi Express,SF,GZB,ALJN,106.3,60.0,19,2,16.6,0.82,0,64.28
TRIP-2323,12004,Lucknow Shatabdi Express,SF,ALJN,CNB,308.6,210.0,21,2,20.8,0.82,0,217.86
TRIP-2323,12004,Lucknow Shatabdi Express,SF,CNB,LKO,71.6,75.0,0,2,29.8,0.85,0,74.32
TRIP-2324,12302,Howrah Rajdhani Express,RAJ,NDLS,CNB,440.0,285.0,22,2,9.6,0.71,0,273.41
TRIP-2324,12302,Howrah Rajdhani Express,RAJ,CNB,PRYJ,194.5,120.0,2,2,0.0,0.79,0,114.6
TRIP-2324,12302,Howrah Rajdhani Express,RAJ,PRYJ,DDU,153.0,105.0,4,2,0.0,0.75,0,102.84
TRIP-2324,12302,Howrah Rajdhani Express,RAJ,DDU,GAYA,205.0,130.0,6,2,0.0,0.84,0,130.15
TRIP-2324,12302,Howrah Rajdhani Express,RAJ,GAYA,DHN,201.0,140.0,8,2,0.9,0.68,0,140.25
TRIP-2324,12302,Howrah Rajdhani Express,RAJ,DHN,HWH,259.0,200.0,11,2,0.1,0.59,0,198.44
TRIP-2325,12951,Mumbai Rajdhani Express,RAJ,BCT,ST,263.0,160.0,0,3,10.0,0.76,0,161.09
TRIP-2325,12951,Mumbai Rajdhani Express,RAJ,ST,BRC,129.0,80.0,2,3,11.5,0.7,0,79.64
TRIP-2325,12951,Mumbai Rajdhani Express,RAJ,BRC,RTM,261.0,195.0,4,3,10.4,0.83,0,178.38
TRIP-2325,12951,Mumbai Rajdhani Express,RAJ,RTM,KOTA,266.0,155.0,7,3,0.0,0.86,0,152.03
TRIP-2325,12951,Mumbai Rajdhani Express,RAJ,KOTA,MTJ,324.0,195.0,9,3,0.0,0.83,0,201.24
TRIP-2325,12951,Mumbai Rajdhani Express,RAJ,MTJ,NDLS,143.0,110.0,13,3,5.5,0.7,0,105.8
TRIP-2326,12802,Purushottam Express,EXP,NDLS,CNB,440.0,350.0,2,3,0.0,0.72,0,324.78
TRIP-2326,12802,Purushottam Express,EXP,CNB,PRYJ,194.5,150.0,7,3,0.0,0.86,0,146.25
TRIP-2326,12802,Purushottam Express,EXP,PRYJ,DDU,153.0,135.0,10,3,0.0,0.9,0,146.24
TRIP-2326,12802,Purushottam Express,EXP,DDU,GAYA,205.0,165.0,12,3,10.6,0.67,0,168.09
TRIP-2326,12802,Purushottam Express,EXP,GAYA,BKSC,149.0,135.0,15,3,12.8,0.5,0,134.37
TRIP-2326,12802,Purushottam Express,EXP,BKSC,PURI,612.0,520.0,17,3,11.3,0.73,0,523.63
TRIP-2327,12802,Purushottam Express,EXP,NDLS,CNB,440.0,350.0,5,3,5.5,0.64,0,338.68
TRIP-2327,12802,Purushottam Express,EXP,CNB,PRYJ,194.5,150.0,10,3,0.0,0.91,0,158.25
TRIP-2327,12802,Purushottam Express,EXP,PRYJ,DDU,153.0,135.0,13,3,10.0,0.63,0,127.3
TRIP-2327,12802,Purushottam Express,EXP,DDU,GAYA,205.0,165.0,15,3,2.4,0.69,0,162.66
TRIP-2327,12802,Purushottam Express,EXP,GAYA,BKSC,149.0,135.0,18,3,1.5,0.7,0,139.1
TRIP-2327,12802,Purushottam Express,EXP,BKSC,PURI,612.0,520.0,20,3,7.3,0.63,0,517.08
TRIP-2328,12951,Mumbai Rajdhani Express,RAJ,BCT,ST,263.0,160.0,9,3,0.0,0.84,0,169.56
TRIP-2328,12951,Mumbai Rajdhani Express,RAJ,ST,BRC,129.0,80.0,11,3,11.2,0.98,0,85.76
TRIP-2328,12951,Mumbai Rajdhani Express,RAJ,BRC,RTM,261.0,195.0,13,3,18.6,0.77,0,188.56
TRIP-2328,12951,Mumbai Rajdhani Express,RAJ,RTM,KOTA,266.0,155.0,16,3,13.2,0.86,0,151.95
TRIP-2328,12951,Mumbai Rajdhani Express,RAJ,KOTA,MTJ,324.0,195.0,19,3,11.3,0.86,0,199.49
TRIP-2328,12951,Mumbai Rajdhani Express,RAJ,MTJ,NDLS,143.0,110.0,22,3,15.5,0.82,0,105.66
TRIP-2329,12302,Howrah Rajdhani Express,RAJ,NDLS,CNB,440.0,285.0,15,3,0.6,0.8,0,277.03
TRIP-2329,12302,Howrah Rajdhani Express,RAJ,CNB,PRYJ,194.5,120.0,19,3,0.0,0.95,0,129.48
TRIP-2329,12302,Howrah Rajdhani Express,RAJ,PRYJ,DDU,153.0,105.0,21,3,9.5,0.97,0,108.21
TRIP-2329,12302,Howrah Rajdhani Express,RAJ,DDU,GAYA,205.0,130.0,23,3,12.4,0.67,0,124.06
TRIP-2329,12302,Howrah Rajdhani Express,RAJ,GAYA,DHN,201.0,140.0,1,3,5.8,0.43,0,124.44
TRIP-2329,12302,Howrah Rajdhani Express,RAJ,DHN,HWH,259.0,200.0,4,3,0.0,0.65,0,183.85
TRIP-2330,22436,Vande Bharat Express,VB,NDLS,CNB,440.0,240.0,19,3,58.8,0.98,0,254.74
TRIP-2330,22436,Vande Bharat Express,VB,CNB,PRYJ,194.5,100.0,23,3,74.3,0.7,0,101.06
TRIP-2330,22436,Vande Bharat Express,VB,PRYJ,DDU,153.0,90.0,1,3,76.4,0.71,0,94.42
TRIP-2330,22436,Vande Bharat Express,VB,DDU,BSB,18.0,25.0,2,3,81.8,0.88,0,33.36
TRIP-2331,12004,Lucknow Shatabdi Express,SF,NDLS,GZB,24.5,38.0,23,3,3.6,0.79,0,44.15
TRIP-2331,12004,Lucknow Shatabdi Express,SF,GZB,ALJN,106.3,60.0,23,3,10.6,0.69,0,65.29
TRIP-2331,12004,Lucknow Shatabdi Express,SF,ALJN,CNB,308.6,210.0,0,3,16.5,0.75,0,209.02
TRIP-2331,12004,Lucknow Shatabdi Express,SF,CNB,LKO,71.6,75.0,4,3,16.6,0.64,0,66.53
TRIP-2332,12802,Purushottam Express,EXP,NDLS,CNB,440.0,350.0,5,4,11.3,0.8,0,349.38
TRIP-2332,12802,Purushottam Express,EXP,CNB,PRYJ,194.5,150.0,10,4,12.2,0.92,0,159.51
TRIP-2332,12802,Purushottam Express,EXP,PRYJ,DDU,153.0,135.0,13,4,23.6,0.86,0,138.93
TRIP-2332,12802,Purushottam Express,EXP,DDU,GAYA,205.0,165.0,16,4,28.6,0.82,0,167.3
TRIP-2332,12802,Purushottam Express,EXP,GAYA,BKSC,149.0,135.0,18,4,31.9,0.62,0,145.22
TRIP-2332,12802,Purushottam Express,EXP,BKSC,PURI,612.0,520.0,21,4,42.4,0.77,0,541.92
TRIP-2333,12802,Purushottam Express,EXP,NDLS,CNB,440.0,350.0,11,4,27.2,0.95,0,366.13
TRIP-2333,12802,Purushottam Express,EXP,CNB,PRYJ,194.5,150.0,17,4,43.2,0.88,0,171.99
TRIP-2333,12802,Purushottam Express,EXP,PRYJ,DDU,153.0,135.0,20,4,67.1,0.98,0,157.22
TRIP-2333,12802,Purushottam Express,EXP,DDU,GAYA,205.0,165.0,22,4,90.6,0.83,0,175.36
TRIP-2333,12802,Purushottam Express,EXP,GAYA,BKSC,149.0,135.0,1,4,101.3,0.55,0,134.08
TRIP-2333,12802,Purushottam Express,EXP,BKSC,PURI,612.0,520.0,4,4,102.0,0.49,0,495.48
TRIP-2334,12802,Purushottam Express,EXP,NDLS,CNB,440.0,350.0,13,4,0.0,0.69,0,341.26
TRIP-2334,12802,Purushottam Express,EXP,CNB,PRYJ,194.5,150.0,18,4,0.0,0.86,0,163.96
TRIP-2334,12802,Purushottam Express,EXP,PRYJ,DDU,153.0,135.0,21,4,13.9,0.9,0,140.05
TRIP-2334,12802,Purushottam Express,EXP,DDU,GAYA,205.0,165.0,0,4,19.5,0.89,0,163.32
TRIP-2334,12802,Purushottam Express,EXP,GAYA,BKSC,149.0,135.0,2,4,18.7,0.36,0,123.64
TRIP-2334,12802,Purushottam Express,EXP,BKSC,PURI,612.0,520.0,4,4,8.5,0.47,0,484.26
TRIP-2335,12951,Mumbai Rajdhani Express,RAJ,BCT,ST,263.0,160.0,17,4,10.8,0.94,0,168.82
TRIP-2335,12951,Mumbai Rajdhani Express,RAJ,ST,BRC,129.0,80.0,19,4,19.1,0.98,0,86.15
TRIP-2335,12951,Mumbai Rajdhani Express,RAJ,BRC,RTM,261.0,195.0,21,4,26.0,0.98,0,207.08
TRIP-2335,12951,Mumbai Rajdhani Express,RAJ,RTM,KOTA,266.0,155.0,0,4,38.5,0.71,0,161.72
TRIP-2335,12951,Mumbai Rajdhani Express,RAJ,KOTA,MTJ,324.0,195.0,3,4,45.1,0.88,0,195.66
TRIP-2335,12951,Mumbai Rajdhani Express,RAJ,MTJ,NDLS,143.0,110.0,7,4,45.9,0.84,0,112.3
TRIP-2336,12004,Lucknow Shatabdi Express,SF,NDLS,GZB,24.5,38.0,20,4,5.7,0.98,0,45.64
TRIP-2336,12004,Lucknow Shatabdi Express,SF,GZB,ALJN,106.3,60.0,20,4,15.0,0.84,0,63.23
TRIP-2336,12004,Lucknow Shatabdi Express,SF,ALJN,CNB,308.6,210.0,21,4,17.5,0.92,0,225.47
TRIP-2336,12004,Lucknow Shatabdi Express,SF,CNB,LKO,71.6,75.0,1,4,34.7,0.74,0,73.72
TRIP-2337,12951,Mumbai Rajdhani Express,RAJ,BCT,ST,263.0,160.0,22,4,0.0,0.77,0,162.04
TRIP-2337,12951,Mumbai Rajdhani Express,RAJ,ST,BRC,129.0,80.0,0,4,2.5,0.63,0,84.98
TRIP-2337,12951,Mumbai Rajdhani Express,RAJ,BRC,RTM,261.0,195.0,2,4,8.5,0.67,0,180.49
TRIP-2337,12951,Mumbai Rajdhani Express,RAJ,RTM,KOTA,266.0,155.0,5,4,0.0,0.82,0,162.89
TRIP-2337,12951,Mumbai Rajdhani Express,RAJ,KOTA,MTJ,324.0,195.0,8,4,7.1,0.82,0,202.96
TRIP-2337,12951,Mumbai Rajdhani Express,RAJ,MTJ,NDLS,143.0,110.0,11,4,14.7,0.98,0,115.71
TRIP-2338,12302,Howrah Rajdhani Express,RAJ,NDLS,CNB,440.0,285.0,2,5,10.0,0.87,0,264.94
TRIP-2338,12302,Howrah Rajdhani Express,RAJ,CNB,PRYJ,194.5,120.0,6,5,0.0,0.76,0,118.01
TRIP-2338,12302,Howrah Rajdhani Express,RAJ,PRYJ,DDU,153.0,105.0,8,5,0.0,0.85,0,111.94
TRIP-2338,12302,Howrah Rajdhani Express,RAJ,DDU,GAYA,205.0,130.0,10,5,6.9,0.98,0,129.63
TRIP-2338,12302,Howrah Rajdhani Express,RAJ,GAYA,DHN,201.0,140.0,12,5,7.8,0.61,0,130.75
TRIP-2338,12302,Howrah Rajdhani Express,RAJ,DHN,HWH,259.0,200.0,15,5,0.0,0.57,0,191.17
TRIP-2339,22436,Vande Bharat Express,VB,NDLS,CNB,440.0,240.0,5,5,0.0,0.74,0,234.51
TRIP-2339,22436,Vande Bharat Express,VB,CNB,PRYJ,194.5,100.0,8,5,0.0,0.96,0,105.56
TRIP-2339,22436,Vande Bharat Express,VB,PRYJ,DDU,153.0,90.0,10,5,7.0,0.98,0,90.64
TRIP-2339,22436,Vande Bharat Express,VB,DDU,BSB,18.0,25.0,12,5,6.9,0.86,0,25.68
TRIP-2340,12951,Mumbai Rajdhani Express,RAJ,BCT,ST,263.0,160.0,7,5,2.1,0.82,0,153.14
TRIP-2340,12951,Mumbai Rajdhani Express,RAJ,ST,BRC,129.0,80.0,9,5,0.0,0.98,0,92.08
TRIP-2340,12951,Mumbai Rajdhani Express,RAJ,BRC,RTM,261.0,195.0,11,5,12.1,0.89,0,201.02
TRIP-2340,12951,Mumbai Rajdhani Express,RAJ,RTM,KOTA,266.0,155.0,14,5,17.8,0.86,0,154.72
TRIP-2340,12951,Mumbai Rajdhani Express,RAJ,KOTA,MTJ,324.0,195.0,17,5,18.1,0.97,0,201.48
TRIP-2340,12951,Mumbai Rajdhani Express,RAJ,MTJ,NDLS,143.0,110.0,20,5,25.4,0.98,0,118.93
TRIP-2341,12302,Howrah Rajdhani Express,RAJ,NDLS,CNB,440.0,285.0,11,5,0.0,0.9,0,291.75
TRIP-2341,12302,Howrah Rajdhani Express,RAJ,CNB,PRYJ,194.5,120.0,15,5,7.5,0.87,0,118.95
TRIP-2341,12302,Howrah Rajdhani Express,RAJ,PRYJ,DDU,153.0,105.0,18,5,6.1,0.91,0,110.57
TRIP-2341,12302,Howrah Rajdhani Express,RAJ,DDU,GAYA,205.0,130.0,19,5,12.4,0.84,0,135.95
TRIP-2341,12302,Howrah Rajdhani Express,RAJ,GAYA,DHN,201.0,140.0,22,5,18.2,0.41,0,134.61
TRIP-2341,12302,Howrah Rajdhani Express,RAJ,DHN,HWH,259.0,200.0,0,5,12.5,0.4,0,190.85
TRIP-2342,12302,Howrah Rajdhani Express,RAJ,NDLS,CNB,440.0,285.0,17,5,49.0,0.87,0,302.13
TRIP-2342,12302,Howrah Rajdhani Express,RAJ,CNB,PRYJ,194.5,120.0,22,5,65.5,0.8,0,124.29
TRIP-2342,12302,Howrah Rajdhani Express,RAJ,PRYJ,DDU,153.0,105.0,0,5,71.4,0.62,0,107.23
TRIP-2342,12302,Howrah Rajdhani Express,RAJ,DDU,GAYA,205.0,130.0,2,5,75.6,0.73,0,132.15
TRIP-2342,12302,Howrah Rajdhani Express,RAJ,GAYA,DHN,201.0,140.0,4,5,78.2,0.64,0,136.26
TRIP-2342,12302,Howrah Rajdhani Express,RAJ,DHN,HWH,259.0,200.0,6,5,74.7,0.46,0,202.37
TRIP-2343,12004,Lucknow Shatabdi Express,SF,NDLS,GZB,24.5,38.0,20,5,8.0,0.85,0,41.03
TRIP-2343,12004,Lucknow Shatabdi Express,SF,GZB,ALJN,106.3,60.0,20,5,11.4,0.98,0,64.5
TRIP-2343,12004,Lucknow Shatabdi Express,SF,ALJN,CNB,308.6,210.0,21,5,15.1,0.98,0,221.9
TRIP-2343,12004,Lucknow Shatabdi Express,SF,CNB,LKO,71.6,75.0,1,5,28.0,0.7,0,70.15
TRIP-2344,12802,Purushottam Express,EXP,NDLS,CNB,440.0,350.0,2,6,14.2,0.77,0,334.24
TRIP-2344,12802,Purushottam Express,EXP,CNB,PRYJ,194.5,150.0,7,6,0.0,0.64,0,152.63
TRIP-2344,12802,Purushottam Express,EXP,PRYJ,DDU,153.0,135.0,10,6,4.5,0.98,0,144.74
TRIP-2344,12802,Purushottam Express,EXP,DDU,GAYA,205.0,165.0,12,6,13.5,0.9,0,164.04
TRIP-2344,12802,Purushottam Express,EXP,GAYA,BKSC,149.0,135.0,15,6,13.4,0.53,0,127.95
TRIP-2344,12802,Purushottam Express,EXP,BKSC,PURI,612.0,520.0,17,6,6.0,0.71,0,532.58
TRIP-2345,12004,Lucknow Shatabdi Express,SF,NDLS,GZB,24.5,38.0,5,6,5.2,0.87,0,39.55
TRIP-2345,12004,Lucknow Shatabdi Express,SF,GZB,ALJN,106.3,60.0,5,6,6.1,0.77,0,61.91
TRIP-2345,12004,Lucknow Shatabdi Express,SF,ALJN,CNB,308.6,210.0,6,6,7.2,0.61,0,210.97
TRIP-2345,12004,Lucknow Shatabdi Express,SF,CNB,LKO,71.6,75.0,10,6,7.3,0.98,0,86.81
TRIP-2346,12004,Lucknow Shatabdi Express,SF,NDLS,GZB,24.5,38.0,8,6,2.2,0.91,0,42.12
TRIP-2346,12004,Lucknow Shatabdi Express,SF,GZB,ALJN,106.3,60.0,8,6,8.1,0.86,0,71.28
TRIP-2346,12004,Lucknow Shatabdi Express,SF,ALJN,CNB,308.6,210.0,10,6,21.4,0.98,0,218.73
TRIP-2346,12004,Lucknow Shatabdi Express,SF,CNB,LKO,71.6,75.0,13,6,29.2,0.7,0,77.06
TRIP-2347,12802,Purushottam Express,EXP,NDLS,CNB,440.0,350.0,11,6,0.0,0.98,0,370.32
TRIP-2347,12802,Purushottam Express,EXP,CNB,PRYJ,194.5,150.0,17,6,20.4,0.82,0,158.25
TRIP-2347,12802,Purushottam Express,EXP,PRYJ,DDU,153.0,135.0,19,6,30.0,0.84,0,147.85
TRIP-2347,12802,Purushottam Express,EXP,DDU,GAYA,205.0,165.0,22,6,44.4,0.66,0,169.66
TRIP-2347,12802,Purushottam Express,EXP,GAYA,BKSC,149.0,135.0,1,6,50.0,0.36,0,136.05
TRIP-2347,12802,Purushottam Express,EXP,BKSC,PURI,612.0,520.0,3,6,50.1,0.37,0,489.05
TRIP-2348,12004,Lucknow Shatabdi Express,SF,NDLS,GZB,24.5,38.0,15,6,4.9,0.62,0,42.3
TRIP-2348,12004,Lucknow Shatabdi Express,SF,GZB,ALJN,106.3,60.0,15,6,10.5,0.86,0,59.15
TRIP-2348,12004,Lucknow Shatabdi Express,SF,ALJN,CNB,308.6,210.0,16,6,10.0,0.88,0,212.92
TRIP-2348,12004,Lucknow Shatabdi Express,SF,CNB,LKO,71.6,75.0,20,6,14.7,0.93,0,82.03
TRIP-2349,12302,Howrah Rajdhani Express,RAJ,NDLS,CNB,440.0,285.0,18,6,2.4,0.98,0,303.92
TRIP-2349,12302,Howrah Rajdhani Express,RAJ,CNB,PRYJ,194.5,120.0,23,6,22.2,0.72,0,120.4
TRIP-2349,12302,Howrah Rajdhani Express,RAJ,PRYJ,DDU,153.0,105.0,1,6,23.1,0.9,0,103.55
TRIP-2349,12302,Howrah Rajdhani Express,RAJ,DDU,GAYA,205.0,130.0,3,6,23.2,0.86,0,129.84
TRIP-2349,12302,Howrah Rajdhani Express,RAJ,GAYA,DHN,201.0,140.0,5,6,24.3,0.63,0,137.32
TRIP-2349,12302,Howrah Rajdhani Express,RAJ,DHN,HWH,259.0,200.0,7,6,23.4,0.63,0,194.63
TRIP-2350,12951,Mumbai Rajdhani Express,RAJ,BCT,ST,263.0,160.0,0,0,0.0,0.87,0,155.69
TRIP-2350,12951,Mumbai Rajdhani Express,RAJ,ST,BRC,129.0,80.0,2,0,0.0,0.74,0,76.96
TRIP-2350,12951,Mumbai Rajdhani Express,RAJ,BRC,RTM,261.0,195.0,4,0,0.0,0.88,0,180.96
TRIP-2350,12951,Mumbai Rajdhani Express,RAJ,RTM,KOTA,266.0,155.0,7,0,0.0,0.74,0,152.22
TRIP-2350,12951,Mumbai Rajdhani Express,RAJ,KOTA,MTJ,324.0,195.0,9,0,0.0,0.98,0,207.41
TRIP-2350,12951,Mumbai Rajdhani Express,RAJ,MTJ,NDLS,143.0,110.0,13,0,12.0,0.85,0,109.03
TRIP-2351,12802,Purushottam Express,EXP,NDLS,CNB,440.0,350.0,2,0,23.7,0.71,0,322.94
TRIP-2351,12802,Purushottam Express,EXP,CNB,PRYJ,194.5,150.0,7,0,0.0,0.78,0,150.37
TRIP-2351,12802,Purushottam Express,EXP,PRYJ,DDU,153.0,135.0,10,0,2.2,0.98,0,142.35
TRIP-2351,12802,Purushottam Express,EXP,DDU,GAYA,205.0,165.0,12,0,10.8,0.89,0,165.74
TRIP-2351,12802,Purushottam Express,EXP,GAYA,BKSC,149.0,135.0,15,0,11.3,0.52,0,127.07
TRIP-2351,12802,Purushottam Express,EXP,BKSC,PURI,612.0,520.0,17,0,4.5,0.73,0,524.49
TRIP-2352,12951,Mumbai Rajdhani Express,RAJ,BCT,ST,263.0,160.0,4,0,3.5,0.78,0,146.43
TRIP-2352,12951,Mumbai Rajdhani Express,RAJ,ST,BRC,129.0,80.0,6,0,0.0,0.7,0,80.57
TRIP-2352,12951,Mumbai Rajdhani Express,RAJ,BRC,RTM,261.0,195.0,7,0,1.1,0.66,0,194.84
TRIP-2352,12951,Mumbai Rajdhani Express,RAJ,RTM,KOTA,266.0,155.0,11,0,1.3,0.98,0,161.67
TRIP-2352,12951,Mumbai Rajdhani Express,RAJ,KOTA,MTJ,324.0,195.0,14,0,7.7,0.88,0,193.21
TRIP-2352,12951,Mumbai Rajdhani Express,RAJ,MTJ,NDLS,143.0,110.0,17,0,5.4,0.88,0,113.35
TRIP-2353,12004,Lucknow Shatabdi Express,SF,NDLS,GZB,24.5,38.0,7,0,0.4,0.89,0,40.09
TRIP-2353,12004,Lucknow Shatabdi Express,SF,GZB,ALJN,106.3,60.0,7,0,1.7,0.75,0,63.29
TRIP-2353,12004,Lucknow Shatabdi Express,SF,ALJN,CNB,308.6,210.0,8,0,6.8,0.93,0,219.44
TRIP-2353,12004,Lucknow Shatabdi Express,SF,CNB,LKO,71.6,75.0,12,0,15.9,0.62,0,75.01
TRIP-2354,12302,Howrah Rajdhani Express,RAJ,NDLS,CNB,440.0,285.0,13,0,5.6,0.62,0,274.77
TRIP-2354,12302,Howrah Rajdhani Express,RAJ,CNB,PRYJ,194.5,120.0,17,0,0.0,0.98,0,128.54
TRIP-2354,12302,Howrah Rajdhani Express,RAJ,PRYJ,DDU,153.0,105.0,19,0,10.0,0.96,0,115.97
TRIP-2354,12302,Howrah Rajdhani Express,RAJ,DDU,GAYA,205.0,130.0,21,0,22.3,0.92,0,141.0
TRIP-2354,12302,Howrah Rajdhani Express,RAJ,GAYA,DHN,201.0,140.0,0,0,34.6,0.53,0,140.54
TRIP-2354,12302,Howrah Rajdhani Express,RAJ,DHN,HWH,259.0,200.0,2,0,34.9,0.62,0,185.22
TRIP-2355,12802,Purushottam Express,EXP,NDLS,CNB,440.0,350.0,19,0,0.0,0.81,0,354.65
TRIP-2355,12802,Purushottam Express,EXP,CNB,PRYJ,194.5,150.0,0,0,4.3,0.83,0,147.2
TRIP-2355,12802,Purushottam Express,EXP,PRYJ,DDU,153.0,135.0,3,0,1.7,0.89,0,126.78
TRIP-2355,12802,Purushottam Express,EXP,DDU,GAYA,205.0,165.0,5,0,0.0,0.72,0,163.88
TRIP-2355,12802,Purushottam Express,EXP,GAYA,BKSC,149.0,135.0,8,0,0.0,0.62,0,134.57
TRIP-2355,12802,Purushottam Express,EXP,BKSC,PURI,612.0,520.0,10,0,0.0,0.73,0,526.5
TRIP-2356,12004,Lucknow Shatabdi Express,SF,NDLS,GZB,24.5,38.0,1,1,1.3,0.88,0,41.21
TRIP-2356,12004,Lucknow Shatabdi Express,SF,GZB,ALJN,106.3,60.0,1,1,6.2,0.84,0,56.65
TRIP-2356,12004,Lucknow Shatabdi Express,SF,ALJN,CNB,308.6,210.0,2,1,2.2,0.74,0,195.38
TRIP-2356,12004,Lucknow Shatabdi Express,SF,CNB,LKO,71.6,75.0,6,1,0.0,0.75,0,72.61
TRIP-2357,12004,Lucknow Shatabdi Express,SF,NDLS,GZB,24.5,38.0,7,1,33.4,0.84,0,49.82
TRIP-2357,12004,Lucknow Shatabdi Express,SF,GZB,ALJN,106.3,60.0,7,1,46.4,0.72,0,65.57
TRIP-2357,12004,Lucknow Shatabdi Express,SF,ALJN,CNB,308.6,210.0,9,1,51.8,0.98,0,225.12
TRIP-2357,12004,Lucknow Shatabdi Express,SF,CNB,LKO,71.6,75.0,12,1,67.5,0.88,0,85.11
TRIP-2358,12004,Lucknow Shatabdi Express,SF,NDLS,GZB,24.5,38.0,10,1,2.5,0.85,0,44.74
TRIP-2358,12004,Lucknow Shatabdi Express,SF,GZB,ALJN,106.3,60.0,10,1,9.1,0.85,0,63.98
TRIP-2358,12004,Lucknow Shatabdi Express,SF,ALJN,CNB,308.6,210.0,11,1,12.4,0.98,0,219.54
TRIP-2358,12004,Lucknow Shatabdi Express,SF,CNB,LKO,71.6,75.0,15,1,23.7,0.6,0,73.43
TRIP-2359,22436,Vande Bharat Express,VB,NDLS,CNB,440.0,240.0,12,1,7.2,0.85,0,231.89
TRIP-2359,22436,Vande Bharat Express,VB,CNB,PRYJ,194.5,100.0,15,1,0.0,0.68,0,97.65
TRIP-2359,22436,Vande Bharat Express,VB,PRYJ,DDU,153.0,90.0,17,1,0.0,0.9,0,97.03
TRIP-2359,22436,Vande Bharat Express,VB,DDU,BSB,18.0,25.0,19,1,8.1,0.98,0,23.91
TRIP-2360,12302,Howrah Rajdhani Express,RAJ,NDLS,CNB,440.0,285.0,16,1,5.6,0.62,0,269.78
TRIP-2360,12302,Howrah Rajdhani Express,RAJ,CNB,PRYJ,194.5,120.0,20,1,0.0,0.94,0,137.07
TRIP-2360,12302,Howrah Rajdhani Express,RAJ,PRYJ,DDU,153.0,105.0,22,1,17.2,0.76,0,98.6
TRIP-2360,12302,Howrah Rajdhani Express,RAJ,DDU,GAYA,205.0,130.0,0,1,10.6,0.76,0,125.25
TRIP-2360,12302,Howrah Rajdhani Express,RAJ,GAYA,DHN,201.0,140.0,2,1,5.7,0.46,0,120.88
TRIP-2360,12302,Howrah Rajdhani Express,RAJ,DHN,HWH,259.0,200.0,4,1,0.0,0.58,0,187.32
TRIP-2361,22436,Vande Bharat Express,VB,NDLS,CNB,440.0,240.0,20,1,0.0,0.86,0,242.16
TRIP-2361,22436,Vande Bharat Express,VB,CNB,PRYJ,194.5,100.0,0,1,1.7,0.84,0,103.79
TRIP-2361,22436,Vande Bharat Express,VB,PRYJ,DDU,153.0,90.0,1,1,6.7,0.71,0,79.19
TRIP-2361,22436,Vande Bharat Express,VB,DDU,BSB,18.0,25.0,3,1,0.0,0.71,0,30.76
TRIP-2362,12302,Howrah Rajdhani Express,RAJ,NDLS,CNB,440.0,285.0,0,2,0.0,0.61,0,278.32
TRIP-2362,12302,Howrah Rajdhani Express,RAJ,CNB,PRYJ,194.5,120.0,4,2,0.0,0.64,0,112.66
TRIP-2362,12302,Howrah Rajdhani Express,RAJ,PRYJ,DDU,153.0,105.0,6,2,0.0,0.67,0,98.6
TRIP-2362,12302,Howrah Rajdhani Express,RAJ,DDU,GAYA,205.0,130.0,8,2,0.0,0.98,0,134.72
TRIP-2362,12302,Howrah Rajdhani Express,RAJ,GAYA,DHN,201.0,140.0,10,2,4.1,0.59,0,140.82
TRIP-2362,12302,Howrah Rajdhani Express,RAJ,DHN,HWH,259.0,200.0,13,2,4.3,0.42,0,193.8
TRIP-2363,12302,Howrah Rajdhani Express,RAJ,NDLS,CNB,440.0,285.0,6,2,2.1,0.66,0,279.96
TRIP-2363,12302,Howrah Rajdhani Express,RAJ,CNB,PRYJ,194.5,120.0,10,2,0.0,0.89,0,124.06
TRIP-2363,12302,Howrah Rajdhani Express,RAJ,PRYJ,DDU,153.0,105.0,12,2,4.2,0.61,0,106.51
TRIP-2363,12302,Howrah Rajdhani Express,RAJ,DDU,GAYA,205.0,130.0,14,2,5.7,0.67,0,122.69
TRIP-2363,12302,Howrah Rajdhani Express,RAJ,GAYA,DHN,201.0,140.0,16,2,0.0,0.49,0,137.01
TRIP-2363,12302,Howrah Rajdhani Express,RAJ,DHN,HWH,259.0,200.0,19,2,0.0,0.8,0,207.69
TRIP-2364,12802,Purushottam Express,EXP,NDLS,CNB,440.0,350.0,12,2,6.1,0.6,0,340.86
TRIP-2364,12802,Purushottam Express,EXP,CNB,PRYJ,194.5,150.0,17,2,0.0,0.89,0,153.5
TRIP-2364,12802,Purushottam Express,EXP,PRYJ,DDU,153.0,135.0,20,2,3.8,0.98,0,147.14
TRIP-2364,12802,Purushottam Express,EXP,DDU,GAYA,205.0,165.0,22,2,17.3,0.81,0,158.8
TRIP-2364,12802,Purushottam Express,EXP,GAYA,BKSC,149.0,135.0,1,2,11.2,0.47,0,118.31
TRIP-2364,12802,Purushottam Express,EXP,BKSC,PURI,612.0,520.0,3,2,0.0,0.39,0,472.11
TRIP-2365,12802,Purushottam Express,EXP,NDLS,CNB,440.0,350.0,14,2,10.0,0.61,0,339.62
TRIP-2365,12802,Purushottam Express,EXP,CNB,PRYJ,194.5,150.0,19,2,1.4,0.88,0,157.65
TRIP-2365,12802,Purushottam Express,EXP,PRYJ,DDU,153.0,135.0,22,2,8.2,0.83,0,133.46
TRIP-2365,12802,Purushottam Express,EXP,DDU,GAYA,205.0,165.0,0,2,8.5,0.61,0,165.7
TRIP-2365,12802,Purushottam Express,EXP,GAYA,BKSC,149.0,135.0,3,2,8.4,0.61,0,125.33
TRIP-2365,12802,Purushottam Express,EXP,BKSC,PURI,612.0,520.0,5,2,0.0,0.5,0,504.88
TRIP-2366,12802,Purushottam Express,EXP,NDLS,CNB,440.0,350.0,16,2,6.3,0.87,0,345.13
TRIP-2366,12802,Purushottam Express,EXP,CNB,PRYJ,194.5,150.0,21,2,1.2,0.98,0,157.23
TRIP-2366,12802,Purushottam Express,EXP,PRYJ,DDU,153.0,135.0,0,2,10.0,0.62,0,129.35
TRIP-2366,12802,Purushottam Express,EXP,DDU,GAYA,205.0,165.0,2,2,5.1,0.67,0,153.43
TRIP-2366,12802,Purushottam Express,EXP,GAYA,BKSC,149.0,135.0,5,2,0.0,0.61,0,129.18
TRIP-2366,12802,Purushottam Express,EXP,BKSC,PURI,612.0,520.0,7,2,0.0,0.6,0,501.3
TRIP-2367,12951,Mumbai Rajdhani Express,RAJ,BCT,ST,263.0,160.0,20,2,12.7,0.88,0,160.73
TRIP-2367,12951,Mumbai Rajdhani Express,RAJ,ST,BRC,129.0,80.0,22,2,12.7,0.88,0,79.16
TRIP-2367,12951,Mumbai Rajdhani Express,RAJ,BRC,RTM,261.0,195.0,0,2,13.3,0.61,0,192.99
TRIP-2367,12951,Mumbai Rajdhani Express,RAJ,RTM,KOTA,266.0,155.0,3,2,13.0,0.63,0,139.48
TRIP-2367,12951,Mumbai Rajdhani Express,RAJ,KOTA,MTJ,324.0,195.0,5,2,0.0,0.61,0,190.02
TRIP-2367,12951,Mumbai Rajdhani Express,RAJ,MTJ,NDLS,143.0,110.0,9,2,0.0,0.98,0,118.35
TRIP-2368,12802,Purushottam Express,EXP,NDLS,CNB,440.0,350.0,22,2,53.7,0.89,0,351.98
TRIP-2368,12802,Purushottam Express,EXP,CNB,PRYJ,194.5,150.0,3,2,57.7,0.71,0,153.18
TRIP-2368,12802,Purushottam Express,EXP,PRYJ,DDU,153.0,135.0,6,2,61.7,0.67,0,139.0
TRIP-2368,12802,Purushottam Express,EXP,DDU,GAYA,205.0,165.0,8,2,67.2,0.98,0,182.83
TRIP-2368,12802,Purushottam Express,EXP,GAYA,BKSC,149.0,135.0,12,2,85.3,0.49,0,141.47
TRIP-2368,12802,Purushottam Express,EXP,BKSC,PURI,612.0,520.0,14,2,93.7,0.53,0,509.97
TRIP-2369,12004,Lucknow Shatabdi Express,SF,NDLS,GZB,24.5,38.0,1,3,0.0,0.89,0,44.43
TRIP-2369,12004,Lucknow Shatabdi Express,SF,GZB,ALJN,106.3,60.0,1,3,6.8,0.61,0,57.58
TRIP-2369,12004,Lucknow Shatabdi Express,SF,ALJN,CNB,308.6,210.0,2,3,5.3,0.89,0,191.18
TRIP-2369,12004,Lucknow Shatabdi Express,SF,CNB,LKO,71.6,75.0,6,3,0.0,0.78,0,75.08
TRIP-2370,12004,Lucknow Shatabdi Express,SF,NDLS,GZB,24.5,38.0,3,3,1.9,0.6,0,35.18
TRIP-2370,12004,Lucknow Shatabdi Express,SF,GZB,ALJN,106.3,60.0,3,3,0.0,0.6,0,56.21
TRIP-2370,12004,Lucknow Shatabdi Express,SF,ALJN,CNB,308.6,210.0,4,3,0.0,0.85,0,193.5
TRIP-2370,12004,Lucknow Shatabdi Express,SF,CNB,LKO,71.6,75.0,7,3,0.0,0.63,0,71.7
TRIP-2371,12302,Howrah Rajdhani Express,RAJ,NDLS,CNB,440.0,285.0,7,3,2.6,0.73,0,278.32
TRIP-2371,12302,Howrah Rajdhani Express,RAJ,CNB,PRYJ,194.5,120.0,11,3,0.0,0.98,0,129.81
TRIP-2371,12302,Howrah Rajdhani Express,RAJ,PRYJ,DDU,153.0,105.0,13,3,9.7,0.64,0,94.11
TRIP-2371,12302,Howrah Rajdhani Express,RAJ,DDU,GAYA,205.0,130.0,15,3,0.4,0.82,0,129.26
TRIP-2371,12302,Howrah Rajdhani Express,RAJ,GAYA,DHN,201.0,140.0,17,3,0.9,0.62,0,137.7
TRIP-2371,12302,Howrah Rajdhani Express,RAJ,DHN,HWH,259.0,200.0,20,3,0.0,0.62,0,200.3
TRIP-2372,22436,Vande Bharat Express,VB,NDLS,CNB,440.0,240.0,13,3,1.2,0.65,0,233.24
TRIP-2372,22436,Vande Bharat Express,VB,CNB,PRYJ,194.5,100.0,16,3,0.0,0.82,0,104.23
TRIP-2372,22436,Vande Bharat Express,VB,PRYJ,DDU,153.0,90.0,18,3,3.2,0.84,0,96.67
TRIP-2372,22436,Vande Bharat Express,VB,DDU,BSB,18.0,25.0,20,3,11.9,0.98,0,26.19
TRIP-2373,12951,Mumbai Rajdhani Express,RAJ,BCT,ST,263.0,160.0,17,3,0.0,0.98,0,173.72
TRIP-2373,12951,Mumbai Rajdhani Express,RAJ,ST,BRC,129.0,80.0,19,3,13.3,0.93,0,80.76
TRIP-2373,12951,Mumbai Rajdhani Express,RAJ,BRC,RTM,261.0,195.0,21,3,15.9,0.98,0,198.8
TRIP-2373,12951,Mumbai Rajdhani Express,RAJ,RTM,KOTA,266.0,155.0,0,3,21.0,0.75,0,156.89
TRIP-2373,12951,Mumbai Rajdhani Express,RAJ,KOTA,MTJ,324.0,195.0,3,3,24.7,0.74,0,181.23
TRIP-2373,12951,Mumbai Rajdhani Express,RAJ,MTJ,NDLS,143.0,110.0,6,3,11.0,0.67,0,102.97
TRIP-2374,22436,Vande Bharat Express,VB,NDLS,CNB,440.0,240.0,23,3,2.5,0.84,0,240.91
TRIP-2374,22436,Vande Bharat Express,VB,CNB,PRYJ,194.5,100.0,3,3,3.8,0.71,0,91.44
TRIP-2374,22436,Vande Bharat Express,VB,PRYJ,DDU,153.0,90.0,4,3,0.0,0.87,0,88.88
TRIP-2374,22436,Vande Bharat Express,VB,DDU,BSB,18.0,25.0,6,3,0.8,0.79,0,29.18
TRIP-2375,22436,Vande Bharat Express,VB,NDLS,CNB,440.0,240.0,2,4,0.2,0.65,0,229.16
TRIP-2375,22436,Vande Bharat Express,VB,CNB,PRYJ,194.5,100.0,5,4,0.0,0.64,0,101.3
TRIP-2375,22436,Vande Bharat Express,VB,PRYJ,DDU,153.0,90.0,7,4,3.3,0.77,0,90.49
TRIP-2375,22436,Vande Bharat Express,VB,DDU,BSB,18.0,25.0,9,4,3.7,0.88,0,37.51
TRIP-2376,12302,Howrah Rajdhani Express,RAJ,NDLS,CNB,440.0,285.0,6,4,0.2,0.65,0,282.4
TRIP-2376,12302,Howrah Rajdhani Express,RAJ,CNB,PRYJ,194.5,120.0,10,4,0.0,0.81,0,128.83
TRIP-2376,12302,Howrah Rajdhani Express,RAJ,PRYJ,DDU,153.0,105.0,13,4,9.6,0.82,0,103.6
TRIP-2376,12302,Howrah Rajdhani Express,RAJ,DDU,GAYA,205.0,130.0,14,4,9.4,0.82,0,128.1
TRIP-2376,12302,Howrah Rajdhani Express,RAJ,GAYA,DHN,201.0,140.0,17,4,8.4,0.79,0,143.42
TRIP-2376,12302,Howrah Rajdhani Express,RAJ,DHN,HWH,259.0,200.0,19,4,12.4,0.84,0,205.33
TRIP-2377,12802,Purushottam Express,EXP,NDLS,CNB,440.0,350.0,12,4,0.0,0.65,0,343.51
TRIP-2377,12802,Purushottam Express,EXP,CNB,PRYJ,194.5,150.0,17,4,0.0,0.87,0,163.46
TRIP-2377,12802,Purushottam Express,EXP,PRYJ,DDU,153.0,135.0,20,4,14.0,0.87,0,143.2
TRIP-2377,12802,Purushottam Express,EXP,DDU,GAYA,205.0,165.0,23,4,21.4,0.6,0,167.46
TRIP-2377,12802,Purushottam Express,EXP,GAYA,BKSC,149.0,135.0,1,4,23.5,0.35,0,126.47
TRIP-2377,12802,Purushottam Express,EXP,BKSC,PURI,612.0,520.0,4,4,16.1,0.61,0,483.45
TRIP-2378,12302,Howrah Rajdhani Express,RAJ,NDLS,CNB,440.0,285.0,15,4,0.5,0.72,0,280.1
TRIP-2378,12302,Howrah Rajdhani Express,RAJ,CNB,PRYJ,194.5,120.0,19,4,0.0,0.96,0,137.5
TRIP-2378,12302,Howrah Rajdhani Express,RAJ,PRYJ,DDU,153.0,105.0,22,4,18.0,0.84,0,98.74
TRIP-2378,12302,Howrah Rajdhani Express,RAJ,DDU,GAYA,205.0,130.0,23,4,13.0,0.72,0,126.74
TRIP-2378,12302,Howrah Rajdhani Express,RAJ,GAYA,DHN,201.0,140.0,2,4,10.9,0.56,0,125.95
TRIP-2378,12302,Howrah Rajdhani Express,RAJ,DHN,HWH,259.0,200.0,4,4,0.0,0.63,0,183.84
TRIP-2379,12302,Howrah Rajdhani Express,RAJ,NDLS,CNB,440.0,285.0,18,4,10.7,0.98,0,296.83
TRIP-2379,12302,Howrah Rajdhani Express,RAJ,CNB,PRYJ,194.5,120.0,23,4,23.6,0.65,0,121.45
TRIP-2379,12302,Howrah Rajdhani Express,RAJ,PRYJ,DDU,153.0,105.0,1,4,26.7,0.61,0,103.05
TRIP-2379,12302,Howrah Rajdhani Express,RAJ,DDU,GAYA,205.0,130.0,2,4,26.6,0.86,0,123.17
TRIP-2379,12302,Howrah Rajdhani Express,RAJ,GAYA,DHN,201.0,140.0,5,4,20.3,0.53,0,135.66
TRIP-2379,12302,Howrah Rajdhani Express,RAJ,DHN,HWH,259.0,200.0,7,4,15.0,0.47,0,187.19
TRIP-2380,22436,Vande Bharat Express,VB,NDLS,CNB,440.0,240.0,22,4,1.2,0.84,0,238.28
TRIP-2380,22436,Vande Bharat Express,VB,CNB,PRYJ,194.5,100.0,2,4,0.0,0.75,0,88.76
TRIP-2380,22436,Vande Bharat Express,VB,PRYJ,DDU,153.0,90.0,3,4,0.0,0.74,0,86.97
TRIP-2380,22436,Vande Bharat Express,VB,DDU,BSB,18.0,25.0,5,4,0.0,0.77,0,31.69
TRIP-2381,12802,Purushottam Express,EXP,NDLS,CNB,440.0,350.0,2,5,0.0,0.71,0,323.62
TRIP-2381,12802,Purushottam Express,EXP,CNB,PRYJ,194.5,150.0,7,5,0.0,0.69,0,149.9
TRIP-2381,12802,Purushottam Express,EXP,PRYJ,DDU,153.0,135.0,10,5,1.6,0.97,0,140.88
TRIP-2381,12802,Purushottam Express,EXP,DDU,GAYA,205.0,165.0,12,5,7.8,0.76,0,165.18
TRIP-2381,12802,Purushottam Express,EXP,GAYA,BKSC,149.0,135.0,15,5,9.9,0.6,0,132.44
TRIP-2381,12802,Purushottam Express,EXP,BKSC,PURI,612.0,520.0,17,5,8.7,0.8,0,524.31
TRIP-2382,12802,Purushottam Express,EXP,NDLS,CNB,440.0,350.0,5,5,0.0,0.85,0,340.8
TRIP-2382,12802,Purushottam Express,EXP,CNB,PRYJ,194.5,150.0,10,5,0.0,0.87,0,155.38
TRIP-2382,12802,Purushottam Express,EXP,PRYJ,DDU,153.0,135.0,13,5,6.6,0.77,0,137.33
TRIP-2382,12802,Purushottam Express,EXP,DDU,GAYA,205.0,165.0,15,5,8.8,0.67,0,161.35
TRIP-2382,12802,Purushottam Express,EXP,GAYA,BKSC,149.0,135.0,18,5,4.4,0.67,0,132.59
TRIP-2382,12802,Purushottam Express,EXP,BKSC,PURI,612.0,520.0,20,5,3.5,0.67,0,519.4
TRIP-2383,12951,Mumbai Rajdhani Express,RAJ,BCT,ST,263.0,160.0,9,5,10.0,0.95,0,164.31
TRIP-2383,12951,Mumbai Rajdhani Express,RAJ,ST,BRC,129.0,80.0,11,5,13.4,0.94,0,85.91
TRIP-2383,12951,Mumbai Rajdhani Express,RAJ,BRC,RTM,261.0,195.0,13,5,20.9,0.8,0,194.02
TRIP-2383,12951,Mumbai Rajdhani Express,RAJ,RTM,KOTA,266.0,155.0,16,5,20.1,0.64,0,152.98
TRIP-2383,12951,Mumbai Rajdhani Express,RAJ,KOTA,MTJ,324.0,195.0,19,5,18.1,0.91,0,203.15
TRIP-2383,12951,Mumbai Rajdhani Express,RAJ,MTJ,NDLS,143.0,110.0,22,5,27.2,0.77,0,110.53
TRIP-2384,12951,Mumbai Rajdhani Express,RAJ,BCT,ST,263.0,160.0,13,5,5.3,0.87,0,158.74
TRIP-2384,12951,Mumbai Rajdhani Express,RAJ,ST,BRC,129.0,80.0,15,5,5.2,0.78,0,77.2
TRIP-2384,12951,Mumbai Rajdhani Express,RAJ,BRC,RTM,261.0,195.0,17,5,3.9,0.98,0,207.15
TRIP-2384,12951,Mumbai Rajdhani Express,RAJ,RTM,KOTA,266.0,155.0,20,5,15.6,0.98,0,161.27
TRIP-2384,12951,Mumbai Rajdhani Express,RAJ,KOTA,MTJ,324.0,195.0,23,5,21.6,0.77,0,194.55
TRIP-2384,12951,Mumbai Rajdhani Express,RAJ,MTJ,NDLS,143.0,110.0,2,5,22.7,0.69,0,96.18
TRIP-2385,12802,Purushottam Express,EXP,NDLS,CNB,440.0,350.0,15,5,0.0,0.8,0,339.89
TRIP-2385,12802,Purushottam Express,EXP,CNB,PRYJ,194.5,150.0,20,5,0.0,0.98,0,157.12
TRIP-2385,12802,Purushottam Express,EXP,PRYJ,DDU,153.0,135.0,23,5,8.8,0.64,0,133.51
TRIP-2385,12802,Purushottam Express,EXP,DDU,GAYA,205.0,165.0,1,5,7.3,0.8,0,154.82
TRIP-2385,12802,Purushottam Express,EXP,GAYA,BKSC,149.0,135.0,4,5,0.0,0.42,0,122.49
TRIP-2385,12802,Purushottam Express,EXP,BKSC,PURI,612.0,520.0,6,5,0.0,0.42,0,495.79
TRIP-2386,12302,Howrah Rajdhani Express,RAJ,NDLS,CNB,440.0,285.0,21,5,5.3,0.98,0,294.39
TRIP-2386,12302,Howrah Rajdhani Express,RAJ,CNB,PRYJ,194.5,120.0,1,5,14.7,0.67,0,107.83
TRIP-2386,12302,Howrah Rajdhani Express,RAJ,PRYJ,DDU,153.0,105.0,3,5,4.0,0.72,0,97.19
TRIP-2386,12302,Howrah Rajdhani Express,RAJ,DDU,GAYA,205.0,130.0,5,5,0.0,0.8,0,125.64
TRIP-2386,12302,Howrah Rajdhani Express,RAJ,GAYA,DHN,201.0,140.0,7,5,0.0,0.65,0,133.77
TRIP-2386,12302,Howrah Rajdhani Express,RAJ,DHN,HWH,259.0,200.0,10,5,0.0,0.56,0,192.63
TRIP-2387,22436,Vande Bharat Express,VB,NDLS,CNB,440.0,240.0,1,6,3.0,0.71,0,226.55
TRIP-2387,22436,Vande Bharat Express,VB,CNB,PRYJ,194.5,100.0,4,6,0.0,0.66,0,96.33
TRIP-2387,22436,Vande Bharat Express,VB,PRYJ,DDU,153.0,90.0,6,6,0.0,0.65,0,90.14
TRIP-2387,22436,Vande Bharat Express,VB,DDU,BSB,18.0,25.0,8,6,1.0,0.98,0,30.25
TRIP-2388,12302,Howrah Rajdhani Express,RAJ,NDLS,CNB,440.0,285.0,4,6,0.0,0.65,0,270.43
TRIP-2388,12302,Howrah Rajdhani Express,RAJ,CNB,PRYJ,194.5,120.0,8,6,0.0,0.98,0,130.59
TRIP-2388,12302,Howrah Rajdhani Express,RAJ,PRYJ,DDU,153.0,105.0,10,6,10.9,0.98,0,108.83
TRIP-2388,12302,Howrah Rajdhani Express,RAJ,DDU,GAYA,205.0,130.0,12,6,13.8,0.73,0,130.51
TRIP-2388,12302,Howrah Rajdhani Express,RAJ,GAYA,DHN,201.0,140.0,15,6,15.1,0.46,0,135.1
TRIP-2388,12302,Howrah Rajdhani Express,RAJ,DHN,HWH,259.0,200.0,17,6,11.1,0.61,0,199.16
TRIP-2389,12302,Howrah Rajdhani Express,RAJ,NDLS,CNB,440.0,285.0,7,6,2.6,0.77,0,278.31
TRIP-2389,12302,Howrah Rajdhani Express,RAJ,CNB,PRYJ,194.5,120.0,11,6,0.0,0.88,0,131.48
TRIP-2389,12302,Howrah Rajdhani Express,RAJ,PRYJ,DDU,153.0,105.0,13,6,12.0,0.82,0,104.7
TRIP-2389,12302,Howrah Rajdhani Express,RAJ,DDU,GAYA,205.0,130.0,15,6,12.7,0.74,0,123.58
TRIP-2389,12302,Howrah Rajdhani Express,RAJ,GAYA,DHN,201.0,140.0,17,6,6.3,0.6,0,135.59
TRIP-2389,12302,Howrah Rajdhani Express,RAJ,DHN,HWH,259.0,200.0,20,6,3.0,0.79,0,203.11
TRIP-2390,12951,Mumbai Rajdhani Express,RAJ,BCT,ST,263.0,160.0,10,6,0.0,0.91,0,166.05
TRIP-2390,12951,Mumbai Rajdhani Express,RAJ,ST,BRC,129.0,80.0,12,6,5.4,0.87,0,74.61
TRIP-2390,12951,Mumbai Rajdhani Express,RAJ,BRC,RTM,261.0,195.0,14,6,1.9,0.6,0,193.9
TRIP-2390,12951,Mumbai Rajdhani Express,RAJ,RTM,KOTA,266.0,155.0,17,6,2.5,0.81,0,167.58
TRIP-2390,12951,Mumbai Rajdhani Express,RAJ,KOTA,MTJ,324.0,195.0,20,6,15.7,0.98,0,206.46
TRIP-2390,12951,Mumbai Rajdhani Express,RAJ,MTJ,NDLS,143.0,110.0,23,6,26.8,0.62,0,109.44
TRIP-2391,12004,Lucknow Shatabdi Express,SF,NDLS,GZB,24.5,38.0,16,6,27.7,0.77,0,40.52
TRIP-2391,12004,Lucknow Shatabdi Express,SF,GZB,ALJN,106.3,60.0,16,6,30.0,0.74,0,71.62
TRIP-2391,12004,Lucknow Shatabdi Express,SF,ALJN,CNB,308.6,210.0,18,6,42.9,0.97,0,228.57
TRIP-2391,12004,Lucknow Shatabdi Express,SF,CNB,LKO,71.6,75.0,21,6,61.9,0.94,0,86.87
TRIP-2392,12302,Howrah Rajdhani Express,RAJ,NDLS,CNB,440.0,285.0,20,6,0.0,0.98,0,301.57
TRIP-2392,12302,Howrah Rajdhani Express,RAJ,CNB,PRYJ,194.5,120.0,1,6,18.1,0.79,0,107.07
TRIP-2392,12302,Howrah Rajdhani Express,RAJ,PRYJ,DDU,153.0,105.0,2,6,5.2,0.78,0,100.17
TRIP-2392,12302,Howrah Rajdhani Express,RAJ,DDU,GAYA,205.0,130.0,4,6,1.0,0.74,0,127.11
TRIP-2392,12302,Howrah Rajdhani Express,RAJ,GAYA,DHN,201.0,140.0,6,6,0.0,0.54,0,136.7
TRIP-2392,12302,Howrah Rajdhani Express,RAJ,DHN,HWH,259.0,200.0,9,6,0.0,0.62,0,207.41
TRIP-2393,12004,Lucknow Shatabdi Express,SF,NDLS,GZB,24.5,38.0,2,0,11.0,0.77,0,32.86
TRIP-2393,12004,Lucknow Shatabdi Express,SF,GZB,ALJN,106.3,60.0,2,0,6.8,0.9,0,58.55
TRIP-2393,12004,Lucknow Shatabdi Express,SF,ALJN,CNB,308.6,210.0,3,0,4.9,0.77,0,191.65
TRIP-2393,12004,Lucknow Shatabdi Express,SF,CNB,LKO,71.6,75.0,6,0,0.0,0.8,0,75.06
TRIP-2394,12004,Lucknow Shatabdi Express,SF,NDLS,GZB,24.5,38.0,4,0,0.0,0.67,0,37.14
TRIP-2394,12004,Lucknow Shatabdi Express,SF,GZB,ALJN,106.3,60.0,4,0,0.0,0.88,0,57.79
TRIP-2394,12004,Lucknow Shatabdi Express,SF,ALJN,CNB,308.6,210.0,5,0,0.0,0.61,0,206.1
TRIP-2394,12004,Lucknow Shatabdi Express,SF,CNB,LKO,71.6,75.0,9,0,0.0,0.87,0,80.47
TRIP-2395,22436,Vande Bharat Express,VB,NDLS,CNB,440.0,240.0,10,0,6.9,0.82,0,242.4
TRIP-2395,22436,Vande Bharat Express,VB,CNB,PRYJ,194.5,100.0,14,0,10.7,0.63,0,99.04
TRIP-2395,22436,Vande Bharat Express,VB,PRYJ,DDU,153.0,90.0,15,0,11.0,0.83,0,89.25
TRIP-2395,22436,Vande Bharat Express,VB,DDU,BSB,18.0,25.0,17,0,11.5,0.86,0,26.17
TRIP-2396,12802,Purushottam Express,EXP,NDLS,CNB,440.0,350.0,14,0,0.0,0.89,0,343.27
TRIP-2396,12802,Purushottam Express,EXP,CNB,PRYJ,194.5,150.0,19,0,0.0,0.84,0,155.65
TRIP-2396,12802,Purushottam Express,EXP,PRYJ,DDU,153.0,135.0,22,0,5.8,0.76,0,130.86
TRIP-2396,12802,Purushottam Express,EXP,DDU,GAYA,205.0,165.0,0,0,2.4,0.6,0,163.52
TRIP-2396,12802,Purushottam Express,EXP,GAYA,BKSC,149.0,135.0,3,0,1.3,0.43,0,123.98
TRIP-2396,12802,Purushottam Express,EXP,BKSC,PURI,612.0,520.0,5,0,0.0,0.63,0,499.92
TRIP-2397,12951,Mumbai Rajdhani Express,RAJ,BCT,ST,263.0,160.0,20,0,0.0,0.92,0,170.15
TRIP-2397,12951,Mumbai Rajdhani Express,RAJ,ST,BRC,129.0,80.0,22,0,12.0,0.74,0,75.94
TRIP-2397,12951,Mumbai Rajdhani Express,RAJ,BRC,RTM,261.0,195.0,0,0,9.8,0.66,0,185.59
TRIP-2397,12951,Mumbai Rajdhani Express,RAJ,RTM,KOTA,266.0,155.0,3,0,0.7,0.68,0,145.32
TRIP-2397,12951,Mumbai Rajdhani Express,RAJ,KOTA,MTJ,324.0,195.0,5,0,0.0,0.8,0,190.9
TRIP-2397,12951,Mumbai Rajdhani Express,RAJ,MTJ,NDLS,143.0,110.0,9,0,0.0,0.93,0,118.45
TRIP-2398,12004,Lucknow Shatabdi Express,SF,NDLS,GZB,24.5,38.0,0,1,21.5,0.83,0,40.49
TRIP-2398,12004,Lucknow Shatabdi Express,SF,GZB,ALJN,106.3,60.0,0,1,23.3,0.63,0,62.02
TRIP-2398,12004,Lucknow Shatabdi Express,SF,ALJN,CNB,308.6,210.0,1,1,25.3,0.8,0,192.85
TRIP-2398,12004,Lucknow Shatabdi Express,SF,CNB,LKO,71.6,75.0,5,1,7.9,0.86,0,79.37
TRIP-2399,12802,Purushottam Express,EXP,NDLS,CNB,440.0,350.0,2,1,0.8,0.65,0,321.77
TRIP-2399,12802,Purushottam Express,EXP,CNB,PRYJ,194.5,150.0,7,1,0.0,0.63,0,148.86
TRIP-2399,12802,Purushottam Express,EXP,PRYJ,DDU,153.0,135.0,10,1,0.0,0.89,0,145.71
TRIP-2399,12802,Purushottam Express,EXP,DDU,GAYA,205.0,165.0,12,1,11.0,0.86,0,164.0
TRIP-2399,12802,Purushottam Express,EXP,GAYA,BKSC,149.0,135.0,15,1,10.4,0.62,0,129.84
TRIP-2399,12802,Purushottam Express,EXP,BKSC,PURI,612.0,520.0,17,1,6.5,0.83,0,527.24
TRIP-2400,22436,Vande Bharat Express,VB,NDLS,CNB,440.0,240.0,8,1,0.0,0.97,0,249.76
TRIP-2400,22436,Vande Bharat Express,VB,CNB,PRYJ,194.5,100.0,12,1,11.1,0.77,0,93.14
TRIP-2400,22436,Vande Bharat Express,VB,PRYJ,DDU,153.0,90.0,13,1,3.5,0.89,0,89.79
TRIP-2400,22436,Vande Bharat Express,VB,DDU,BSB,18.0,25.0,15,1,5.1,0.83,0,26.25
TRIP-2401,12951,Mumbai Rajdhani Express,RAJ,BCT,ST,263.0,160.0,10,1,0.0,0.84,0,169.57
TRIP-2401,12951,Mumbai Rajdhani Express,RAJ,ST,BRC,129.0,80.0,12,1,9.9,0.67,0,72.22
TRIP-2401,12951,Mumbai Rajdhani Express,RAJ,BRC,RTM,261.0,195.0,14,1,3.3,0.65,0,192.75
TRIP-2401,12951,Mumbai Rajdhani Express,RAJ,RTM,KOTA,266.0,155.0,17,1,2.3,0.98,0,161.6
TRIP-2401,12951,Mumbai Rajdhani Express,RAJ,KOTA,MTJ,324.0,195.0,20,1,9.3,0.98,0,197.92
TRIP-2401,12951,Mumbai Rajdhani Express,RAJ,MTJ,NDLS,143.0,110.0,23,1,11.5,0.74,0,108.72
TRIP-2402,12802,Purushottam Express,EXP,NDLS,CNB,440.0,350.0,16,1,0.0,0.64,0,341.86
TRIP-2402,12802,Purushottam Express,EXP,CNB,PRYJ,194.5,150.0,21,1,0.0,0.98,0,157.73
TRIP-2402,12802,Purushottam Express,EXP,PRYJ,DDU,153.0,135.0,0,1,8.8,0.7,0,132.03
TRIP-2402,12802,Purushottam Express,EXP,DDU,GAYA,205.0,165.0,2,1,5.1,0.73,0,152.41
TRIP-2402,12802,Purushottam Express,EXP,GAYA,BKSC,149.0,135.0,5,1,0.0,0.59,0,138.15
TRIP-2402,12802,Purushottam Express,EXP,BKSC,PURI,612.0,520.0,7,1,4.6,0.43,0,495.56
TRIP-2403,12302,Howrah Rajdhani Express,RAJ,NDLS,CNB,440.0,285.0,22,1,5.8,0.61,0,270.85
TRIP-2403,12302,Howrah Rajdhani Express,RAJ,CNB,PRYJ,194.5,120.0,2,1,0.0,0.66,0,113.27
TRIP-2403,12302,Howrah Rajdhani Express,RAJ,PRYJ,DDU,153.0,105.0,4,1,0.0,0.86,0,96.51
TRIP-2403,12302,Howrah Rajdhani Express,RAJ,DDU,GAYA,205.0,130.0,6,1,0.0,0.64,0,124.31
TRIP-2403,12302,Howrah Rajdhani Express,RAJ,GAYA,DHN,201.0,140.0,8,1,0.0,0.59,0,136.27
TRIP-2403,12302,Howrah Rajdhani Express,RAJ,DHN,HWH,259.0,200.0,10,1,0.0,0.57,0,198.06
TRIP-2404,12302,Howrah Rajdhani Express,RAJ,NDLS,CNB,440.0,285.0,4,2,0.5,0.84,0,262.41
TRIP-2404,12302,Howrah Rajdhani Express,RAJ,CNB,PRYJ,194.5,120.0,8,2,0.0,0.98,0,127.3
TRIP-2404,12302,Howrah Rajdhani Express,RAJ,PRYJ,DDU,153.0,105.0,10,2,8.8,0.88,0,115.68
TRIP-2404,12302,Howrah Rajdhani Express,RAJ,DDU,GAYA,205.0,130.0,12,2,19.0,0.62,0,123.89
TRIP-2404,12302,Howrah Rajdhani Express,RAJ,GAYA,DHN,201.0,140.0,14,2,14.5,0.51,0,127.42
TRIP-2404,12302,Howrah Rajdhani Express,RAJ,DHN,HWH,259.0,200.0,17,2,2.6,0.81,0,199.6
TRIP-2405,12951,Mumbai Rajdhani Express,RAJ,BCT,ST,263.0,160.0,8,2,3.0,0.95,0,165.27
TRIP-2405,12951,Mumbai Rajdhani Express,RAJ,ST,BRC,129.0,80.0,10,2,9.0,0.96,0,77.78
TRIP-2405,12951,Mumbai Rajdhani Express,RAJ,BRC,RTM,261.0,195.0,12,2,7.9,0.66,0,188.77
TRIP-2405,12951,Mumbai Rajdhani Express,RAJ,RTM,KOTA,266.0,155.0,15,2,2.0,0.67,0,151.25
TRIP-2405,12951,Mumbai Rajdhani Express,RAJ,KOTA,MTJ,324.0,195.0,18,2,0.0,0.98,0,205.95
TRIP-2405,12951,Mumbai Rajdhani Express,RAJ,MTJ,NDLS,143.0,110.0,21,2,10.2,0.98,0,121.8
TRIP-2406,12951,Mumbai Rajdhani Express,RAJ,BCT,ST,263.0,160.0,12,2,0.0,0.65,0,158.59
TRIP-2406,12951,Mumbai Rajdhani Express,RAJ,ST,BRC,129.0,80.0,14,2,0.4,0.81,0,84.37
TRIP-2406,12951,Mumbai Rajdhani Express,RAJ,BRC,RTM,261.0,195.0,16,2,4.2,0.84,0,191.08
TRIP-2406,12951,Mumbai Rajdhani Express,RAJ,RTM,KOTA,266.0,155.0,19,2,0.3,0.81,0,162.0
TRIP-2406,12951,Mumbai Rajdhani Express,RAJ,KOTA,MTJ,324.0,195.0,22,2,8.3,0.87,0,190.0
TRIP-2406,12951,Mumbai Rajdhani Express,RAJ,MTJ,NDLS,143.0,110.0,1,2,3.8,0.78,0,102.64
TRIP-2407,12802,Purushottam Express,EXP,NDLS,CNB,440.0,350.0,15,2,0.0,0.86,0,339.89
TRIP-2407,12802,Purushottam Express,EXP,CNB,PRYJ,194.5,150.0,20,2,0.0,0.83,0,155.73
TRIP-2407,12802,Purushottam Express,EXP,PRYJ,DDU,153.0,135.0,23,2,6.3,0.87,0,136.12
TRIP-2407,12802,Purushottam Express,EXP,DDU,GAYA,205.0,165.0,1,2,7.2,0.82,0,152.27
TRIP-2407,12802,Purushottam Express,EXP,GAYA,BKSC,149.0,135.0,4,2,0.0,0.59,0,120.35
TRIP-2407,12802,Purushottam Express,EXP,BKSC,PURI,612.0,520.0,6,2,0.0,0.35,0,496.6
TRIP-2408,12802,Purushottam Express,EXP,NDLS,CNB,440.0,350.0,21,2,44.5,0.98,0,366.84
TRIP-2408,12802,Purushottam Express,EXP,CNB,PRYJ,194.5,150.0,3,2,60.9,0.89,0,146.66
TRIP-2408,12802,Purushottam Express,EXP,PRYJ,DDU,153.0,135.0,5,2,58.5,0.81,0,142.23
TRIP-2408,12802,Purushottam Express,EXP,DDU,GAYA,205.0,165.0,8,2,65.5,0.98,0,179.05
TRIP-2408,12802,Purushottam Express,EXP,GAYA,BKSC,149.0,135.0,11,2,80.4,0.65,0,147.29
TRIP-2408,12802,Purushottam Express,EXP,BKSC,PURI,612.0,520.0,13,2,93.3,0.63,0,512.65
TRIP-2409,12951,Mumbai Rajdhani Express,RAJ,BCT,ST,263.0,160.0,23,2,0.0,0.72,0,155.77
TRIP-2409,12951,Mumbai Rajdhani Express,RAJ,ST,BRC,129.0,80.0,1,2,0.0,0.68,0,78.6
TRIP-2409,12951,Mumbai Rajdhani Express,RAJ,BRC,RTM,261.0,195.0,3,2,0.0,0.73,0,188.92
TRIP-2409,12951,Mumbai Rajdhani Express,RAJ,RTM,KOTA,266.0,155.0,6,2,0.0,0.69,0,154.13
TRIP-2409,12951,Mumbai Rajdhani Express,RAJ,KOTA,MTJ,324.0,195.0,8,2,0.4,0.96,0,213.5
TRIP-2409,12951,Mumbai Rajdhani Express,RAJ,MTJ,NDLS,143.0,110.0,12,2,19.1,0.79,0,104.27
TRIP-2410,22436,Vande Bharat Express,VB,NDLS,CNB,440.0,240.0,1,3,0.0,0.63,0,218.13
TRIP-2410,22436,Vande Bharat Express,VB,CNB,PRYJ,194.5,100.0,4,3,0.0,0.83,0,95.54
TRIP-2410,22436,Vande Bharat Express,VB,PRYJ,DDU,153.0,90.0,6,3,0.0,0.83,0,92.49
TRIP-2410,22436,Vande Bharat Express,VB,DDU,BSB,18.0,25.0,8,3,2.0,0.88,0,36.03
TRIP-2411,12004,Lucknow Shatabdi Express,SF,NDLS,GZB,24.5,38.0,3,3,8.1,0.83,0,42.01
TRIP-2411,12004,Lucknow Shatabdi Express,SF,GZB,ALJN,106.3,60.0,3,3,13.1,0.75,0,61.22
TRIP-2411,12004,Lucknow Shatabdi Express,SF,ALJN,CNB,308.6,210.0,4,3,16.0,0.76,0,194.61
TRIP-2411,12004,Lucknow Shatabdi Express,SF,CNB,LKO,71.6,75.0,8,3,0.8,0.98,0,80.7
TRIP-2412,22436,Vande Bharat Express,VB,NDLS,CNB,440.0,240.0,6,3,4.5,0.68,0,243.17
TRIP-2412,22436,Vande Bharat Express,VB,CNB,PRYJ,194.5,100.0,10,3,8.5,0.87,0,102.18
TRIP-2412,22436,Vande Bharat Express,VB,PRYJ,DDU,153.0,90.0,11,3,10.2,0.88,0,90.72
TRIP-2412,22436,Vande Bharat Express,VB,DDU,BSB,18.0,25.0,13,3,10.8,0.9,0,25.52
TRIP-2413,12004,Lucknow Shatabdi Express,SF,NDLS,GZB,24.5,38.0,12,3,10.0,0.8,0,37.69
TRIP-2413,12004,Lucknow Shatabdi Express,SF,GZB,ALJN,106.3,60.0,12,3,10.2,0.71,0,59.65
TRIP-2413,12004,Lucknow Shatabdi Express,SF,ALJN,CNB,308.6,210.0,13,3,9.8,0.73,0,203.09
TRIP-2413,12004,Lucknow Shatabdi Express,SF,CNB,LKO,71.6,75.0,17,3,3.7,0.98,0,85.8
TRIP-2414,22436,Vande Bharat Express,VB,NDLS,CNB,440.0,240.0,18,3,1.0,0.98,0,250.4
TRIP-2414,22436,Vande Bharat Express,VB,CNB,PRYJ,194.5,100.0,22,3,10.7,0.9,0,93.01
TRIP-2414,22436,Vande Bharat Express,VB,PRYJ,DDU,153.0,90.0,23,3,4.2,0.86,0,92.35
TRIP-2414,22436,Vande Bharat Express,VB,DDU,BSB,18.0,25.0,1,3,7.4,0.85,0,21.64
TRIP-2415,12302,Howrah Rajdhani Express,RAJ,NDLS,CNB,440.0,285.0,21,3,31.6,0.98,0,297.63
TRIP-2415,12302,Howrah Rajdhani Express,RAJ,CNB,PRYJ,194.5,120.0,2,3,45.4,0.64,0,116.89
TRIP-2415,12302,Howrah Rajdhani Express,RAJ,PRYJ,DDU,153.0,105.0,4,3,44.0,0.83,0,107.37
TRIP-2415,12302,Howrah Rajdhani Express,RAJ,DDU,GAYA,205.0,130.0,5,3,48.3,0.63,0,138.07
TRIP-2415,12302,Howrah Rajdhani Express,RAJ,GAYA,DHN,201.0,140.0,8,3,57.1,0.77,0,147.99
TRIP-2415,12302,Howrah Rajdhani Express,RAJ,DHN,HWH,259.0,200.0,10,3,64.7,0.55,0,202.92
TRIP-2416,12951,Mumbai Rajdhani Express,RAJ,BCT,ST,263.0,160.0,0,4,12.9,0.83,0,158.1
TRIP-2416,12951,Mumbai Rajdhani Express,RAJ,ST,BRC,129.0,80.0,2,4,12.3,0.69,0,73.4
TRIP-2416,12951,Mumbai Rajdhani Express,RAJ,BRC,RTM,261.0,195.0,4,4,7.1,0.82,0,183.4
TRIP-2416,12951,Mumbai Rajdhani Express,RAJ,RTM,KOTA,266.0,155.0,7,4,0.0,0.73,0,154.16
TRIP-2416,12951,Mumbai Rajdhani Express,RAJ,KOTA,MTJ,324.0,195.0,9,4,0.1,0.98,0,205.83
TRIP-2416,12951,Mumbai Rajdhani Express,RAJ,MTJ,NDLS,143.0,110.0,13,4,12.7,0.67,0,112.83
TRIP-2417,12951,Mumbai Rajdhani Express,RAJ,BCT,ST,263.0,160.0,2,4,10.0,0.64,0,150.22
TRIP-2417,12951,Mumbai Rajdhani Express,RAJ,ST,BRC,129.0,80.0,4,4,1.1,0.81,0,78.68
TRIP-2417,12951,Mumbai Rajdhani Express,RAJ,BRC,RTM,261.0,195.0,5,4,0.4,0.72,0,195.85
TRIP-2417,12951,Mumbai Rajdhani Express,RAJ,RTM,KOTA,266.0,155.0,9,4,3.0,0.98,0,167.53
TRIP-2417,12951,Mumbai Rajdhani Express,RAJ,KOTA,MTJ,324.0,195.0,12,4,16.1,0.79,0,192.35
TRIP-2417,12951,Mumbai Rajdhani Express,RAJ,MTJ,NDLS,143.0,110.0,15,4,14.2,0.77,0,113.41
TRIP-2418,12951,Mumbai Rajdhani Express,RAJ,BCT,ST,263.0,160.0,6,4,2.2,0.88,0,163.79
TRIP-2418,12951,Mumbai Rajdhani Express,RAJ,ST,BRC,129.0,80.0,8,4,7.9,0.98,0,88.83
TRIP-2418,12951,Mumbai Rajdhani Express,RAJ,BRC,RTM,261.0,195.0,10,4,17.5,0.92,0,201.8
TRIP-2418,12951,Mumbai Rajdhani Express,RAJ,RTM,KOTA,266.0,155.0,13,4,23.3,0.63,0,152.7
TRIP-2418,12951,Mumbai Rajdhani Express,RAJ,KOTA,MTJ,324.0,195.0,16,4,22.4,0.71,0,189.43
TRIP-2418,12951,Mumbai Rajdhani Express,RAJ,MTJ,NDLS,143.0,110.0,19,4,17.3,0.98,0,113.14
TRIP-2419,22436,Vande Bharat Express,VB,NDLS,CNB,440.0,240.0,10,4,10.0,0.98,0,255.36
TRIP-2419,22436,Vande Bharat Express,VB,CNB,PRYJ,194.5,100.0,14,4,25.7,0.62,0,99.54
TRIP-2419,22436,Vande Bharat Express,VB,PRYJ,DDU,153.0,90.0,16,4,26.5,0.7,0,88.09
TRIP-2419,22436,Vande Bharat Express,VB,DDU,BSB,18.0,25.0,17,4,25.5,0.81,0,23.88
TRIP-2420,12302,Howrah Rajdhani Express,RAJ,NDLS,CNB,440.0,285.0,12,4,0.0,0.71,0,289.11
TRIP-2420,12302,Howrah Rajdhani Express,RAJ,CNB,PRYJ,194.5,120.0,16,4,3.6,0.62,0,118.03
TRIP-2420,12302,Howrah Rajdhani Express,RAJ,PRYJ,DDU,153.0,105.0,18,4,1.6,0.91,0,118.27
TRIP-2420,12302,Howrah Rajdhani Express,RAJ,DDU,GAYA,205.0,130.0,21,4,15.9,0.83,0,137.16
TRIP-2420,12302,Howrah Rajdhani Express,RAJ,GAYA,DHN,201.0,140.0,23,4,22.8,0.59,0,141.5
TRIP-2420,12302,Howrah Rajdhani Express,RAJ,DHN,HWH,259.0,200.0,1,4,23.8,0.51,0,183.96
TRIP-2421,12004,Lucknow Shatabdi Express,SF,NDLS,GZB,24.5,38.0,16,4,0.8,0.8,0,39.25
TRIP-2421,12004,Lucknow Shatabdi Express,SF,GZB,ALJN,106.3,60.0,16,4,1.6,0.87,0,63.04
TRIP-2421,12004,Lucknow Shatabdi Express,SF,ALJN,CNB,308.6,210.0,17,4,6.2,0.98,0,227.45
TRIP-2421,12004,Lucknow Shatabdi Express,SF,CNB,LKO,71.6,75.0,21,4,23.6,0.98,0,82.27
TRIP-2422,12302,Howrah Rajdhani Express,RAJ,NDLS,CNB,440.0,285.0,22,4,10.0,0.87,0,276.57
TRIP-2422,12302,Howrah Rajdhani Express,RAJ,CNB,PRYJ,194.5,120.0,2,4,2.8,0.7,0,117.13
TRIP-2422,12302,Howrah Rajdhani Express,RAJ,PRYJ,DDU,153.0,105.0,4,4,1.7,0.83,0,106.36
TRIP-2422,12302,Howrah Rajdhani Express,RAJ,DDU,GAYA,205.0,130.0,6,4,4.8,0.78,0,133.81
TRIP-2422,12302,Howrah Rajdhani Express,RAJ,GAYA,DHN,201.0,140.0,8,4,9.1,0.7,0,137.67
TRIP-2422,12302,Howrah Rajdhani Express,RAJ,DHN,HWH,259.0,200.0,11,4,8.2,0.65,0,198.43
TRIP-2423,22436,Vande Bharat Express,VB,NDLS,CNB,440.0,240.0,0,5,0.0,0.66,0,231.18
TRIP-2423,22436,Vande Bharat Express,VB,CNB,PRYJ,194.5,100.0,3,5,0.0,0.61,0,91.29
TRIP-2423,22436,Vande Bharat Express,VB,PRYJ,DDU,153.0,90.0,5,5,0.0,0.84,0,91.28
TRIP-2423,22436,Vande Bharat Express,VB,DDU,BSB,18.0,25.0,7,5,2.3,0.89,0,25.77
TRIP-2424,22436,Vande Bharat Express,VB,NDLS,CNB,440.0,240.0,3,5,10.0,0.71,0,219.79
TRIP-2424,22436,Vande Bharat Express,VB,CNB,PRYJ,194.5,100.0,6,5,0.0,0.8,0,99.35
TRIP-2424,22436,Vande Bharat Express,VB,PRYJ,DDU,153.0,90.0,8,5,0.3,0.94,0,99.56
TRIP-2424,22436,Vande Bharat Express,VB,DDU,BSB,18.0,25.0,10,5,10.2,0.97,0,20.38
TRIP-2425,12004,Lucknow Shatabdi Express,SF,NDLS,GZB,24.5,38.0,5,5,24.5,0.87,0,44.38
TRIP-2425,12004,Lucknow Shatabdi Express,SF,GZB,ALJN,106.3,60.0,5,5,31.4,0.66,0,64.87
TRIP-2425,12004,Lucknow Shatabdi Express,SF,ALJN,CNB,308.6,210.0,6,5,35.8,0.83,0,218.22
TRIP-2425,12004,Lucknow Shatabdi Express,SF,CNB,LKO,71.6,75.0,10,5,45.2,0.98,0,89.55
TRIP-2426,12302,Howrah Rajdhani Express,RAJ,NDLS,CNB,440.0,285.0,8,5,23.5,0.89,0,300.93
TRIP-2426,12302,Howrah Rajdhani Express,RAJ,CNB,PRYJ,194.5,120.0,13,5,39.5,0.64,0,128.62
TRIP-2426,12302,Howrah Rajdhani Express,RAJ,PRYJ,DDU,153.0,105.0,15,5,47.9,0.6,0,111.2
TRIP-2426,12302,Howrah Rajdhani Express,RAJ,DDU,GAYA,205.0,130.0,17,5,54.9,0.98,0,148.81
TRIP-2426,12302,Howrah Rajdhani Express,RAJ,GAYA,DHN,201.0,140.0,19,5,74.4,0.66,0,146.39
TRIP-2426,12302,Howrah Rajdhani Express,RAJ,DHN,HWH,259.0,200.0,22,5,82.3,0.53,0,198.5
TRIP-2427,12802,Purushottam Express,EXP,NDLS,CNB,440.0,350.0,14,5,0.0,0.7,0,344.42
TRIP-2427,12802,Purushottam Express,EXP,CNB,PRYJ,194.5,150.0,19,5,0.0,0.98,0,155.46
TRIP-2427,12802,Purushottam Express,EXP,PRYJ,DDU,153.0,135.0,22,5,4.8,0.8,0,137.96
TRIP-2427,12802,Purushottam Express,EXP,DDU,GAYA,205.0,165.0,0,5,8.0,0.81,0,167.38
TRIP-2427,12802,Purushottam Express,EXP,GAYA,BKSC,149.0,135.0,3,5,10.3,0.48,0,121.74
TRIP-2427,12802,Purushottam Express,EXP,BKSC,PURI,612.0,520.0,5,5,0.0,0.48,0,503.91
TRIP-2428,22436,Vande Bharat Express,VB,NDLS,CNB,440.0,240.0,16,5,0.0,0.69,0,233.14
TRIP-2428,22436,Vande Bharat Express,VB,CNB,PRYJ,194.5,100.0,19,5,0.0,0.98,0,103.22
TRIP-2428,22436,Vande Bharat Express,VB,PRYJ,DDU,153.0,90.0,21,5,3.0,0.98,0,98.89
TRIP-2428,22436,Vande Bharat Express,VB,DDU,BSB,18.0,25.0,23,5,11.2,0.78,0,24.63
TRIP-2429,12951,Mumbai Rajdhani Express,RAJ,BCT,ST,263.0,160.0,18,5,2.3,0.98,0,169.58
TRIP-2429,12951,Mumbai Rajdhani Express,RAJ,ST,BRC,129.0,80.0,20,5,11.9,0.84,0,78.81
TRIP-2429,12951,Mumbai Rajdhani Express,RAJ,BRC,RTM,261.0,195.0,22,5,12.5,0.84,0,188.46
TRIP-2429,12951,Mumbai Rajdhani Express,RAJ,RTM,KOTA,266.0,155.0,1,5,6.3,0.87,0,134.95
TRIP-2429,12951,Mumbai Rajdhani Express,RAJ,KOTA,MTJ,324.0,195.0,3,5,0.0,0.77,0,180.51
TRIP-2429,12951,Mumbai Rajdhani Express,RAJ,MTJ,NDLS,143.0,110.0,6,5,0.0,0.68,0,114.77
TRIP-2430,12004,Lucknow Shatabdi Express,SF,NDLS,GZB,24.5,38.0,21,5,2.9,0.98,0,43.28
TRIP-2430,12004,Lucknow Shatabdi Express,SF,GZB,ALJN,106.3,60.0,21,5,7.6,0.98,0,65.68
TRIP-2430,12004,Lucknow Shatabdi Express,SF,ALJN,CNB,308.6,210.0,22,5,13.6,0.84,0,204.27
TRIP-2430,12004,Lucknow Shatabdi Express,SF,CNB,LKO,71.6,75.0,2,5,9.1,0.81,0,74.22
TRIP-2431,12004,Lucknow Shatabdi Express,SF,NDLS,GZB,24.5,38.0,23,5,37.2,0.7,0,48.65
TRIP-2431,12004,Lucknow Shatabdi Express,SF,GZB,ALJN,106.3,60.0,23,5,48.0,0.86,0,69.13
TRIP-2431,12004,Lucknow Shatabdi Express,SF,ALJN,CNB,308.6,210.0,1,5,58.0,0.61,0,204.62
TRIP-2431,12004,Lucknow Shatabdi Express,SF,CNB,LKO,71.6,75.0,4,5,54.5,0.84,0,82.52
TRIP-2432,12302,Howrah Rajdhani Express,RAJ,NDLS,CNB,440.0,285.0,5,6,13.6,0.72,0,281.58
TRIP-2432,12302,Howrah Rajdhani Express,RAJ,CNB,PRYJ,194.5,120.0,9,6,11.4,0.98,0,130.59
TRIP-2432,12302,Howrah Rajdhani Express,RAJ,PRYJ,DDU,153.0,105.0,12,6,23.3,0.61,0,109.1
TRIP-2432,12302,Howrah Rajdhani Express,RAJ,DDU,GAYA,205.0,130.0,13,6,29.3,0.78,0,132.19
TRIP-2432,12302,Howrah Rajdhani Express,RAJ,GAYA,DHN,201.0,140.0,16,6,32.2,0.43,0,145.11
TRIP-2432,12302,Howrah Rajdhani Express,RAJ,DHN,HWH,259.0,200.0,18,6,37.8,0.69,0,208.21
TRIP-2433,22436,Vande Bharat Express,VB,NDLS,CNB,440.0,240.0,7,6,5.5,0.7,0,232.03
TRIP-2433,22436,Vande Bharat Express,VB,CNB,PRYJ,194.5,100.0,10,6,0.0,0.98,0,110.98
TRIP-2433,22436,Vande Bharat Express,VB,PRYJ,DDU,153.0,90.0,12,6,10.9,0.64,0,91.9
TRIP-2433,22436,Vande Bharat Express,VB,DDU,BSB,18.0,25.0,14,6,13.8,0.67,0,22.74
TRIP-2434,22436,Vande Bharat Express,VB,NDLS,CNB,440.0,240.0,11,6,3.9,0.96,0,249.46
TRIP-2434,22436,Vande Bharat Express,VB,CNB,PRYJ,194.5,100.0,15,6,14.8,0.67,0,92.29
TRIP-2434,22436,Vande Bharat Express,VB,PRYJ,DDU,153.0,90.0,16,6,8.2,0.69,0,88.07
TRIP-2434,22436,Vande Bharat Express,VB,DDU,BSB,18.0,25.0,18,6,5.7,0.81,0,23.64
TRIP-2435,12951,Mumbai Rajdhani Express,RAJ,BCT,ST,263.0,160.0,15,6,26.1,0.78,0,164.75
TRIP-2435,12951,Mumbai Rajdhani Express,RAJ,ST,BRC,129.0,80.0,17,6,30.0,0.92,0,91.61
TRIP-2435,12951,Mumbai Rajdhani Express,RAJ,BRC,RTM,261.0,195.0,19,6,41.9,0.98,0,213.78
TRIP-2435,12951,Mumbai Rajdhani Express,RAJ,RTM,KOTA,266.0,155.0,23,6,62.2,0.84,0,170.13
TRIP-2435,12951,Mumbai Rajdhani Express,RAJ,KOTA,MTJ,324.0,195.0,2,6,78.5,0.86,0,190.17
TRIP-2435,12951,Mumbai Rajdhani Express,RAJ,MTJ,NDLS,143.0,110.0,5,6,75.3,0.83,0,118.41
TRIP-2436,12302,Howrah Rajdhani Express,RAJ,NDLS,CNB,440.0,285.0,21,6,5.9,0.82,0,291.15
TRIP-2436,12302,Howrah Rajdhani Express,RAJ,CNB,PRYJ,194.5,120.0,1,6,13.4,0.87,0,107.64
TRIP-2436,12302,Howrah Rajdhani Express,RAJ,PRYJ,DDU,153.0,105.0,3,6,3.0,0.86,0,103.83
TRIP-2436,12302,Howrah Rajdhani Express,RAJ,DDU,GAYA,205.0,130.0,5,6,2.3,0.67,0,129.63
TRIP-2436,12302,Howrah Rajdhani Express,RAJ,GAYA,DHN,201.0,140.0,7,6,3.6,0.53,0,137.73
TRIP-2436,12302,Howrah Rajdhani Express,RAJ,DHN,HWH,259.0,200.0,10,6,3.3,0.56,0,203.65
TRIP-2437,12302,Howrah Rajdhani Express,RAJ,NDLS,CNB,440.0,285.0,0,0,4.1,0.87,0,281.97
TRIP-2437,12302,Howrah Rajdhani Express,RAJ,CNB,PRYJ,194.5,120.0,4,0,0.4,0.74,0,113.31
TRIP-2437,12302,Howrah Rajdhani Express,RAJ,PRYJ,DDU,153.0,105.0,6,0,0.0,0.68,0,106.45
TRIP-2437,12302,Howrah Rajdhani Express,RAJ,DDU,GAYA,205.0,130.0,8,0,2.5,0.88,0,142.49
TRIP-2437,12302,Howrah Rajdhani Express,RAJ,GAYA,DHN,201.0,140.0,11,0,15.3,0.85,0,137.06
TRIP-2437,12302,Howrah Rajdhani Express,RAJ,DHN,HWH,259.0,200.0,13,0,13.1,0.42,0,185.56
TRIP-2438,22436,Vande Bharat Express,VB,NDLS,CNB,440.0,240.0,2,0,0.0,0.67,0,217.01
TRIP-2438,22436,Vande Bharat Express,VB,CNB,PRYJ,194.5,100.0,5,0,0.0,0.8,0,98.85
TRIP-2438,22436,Vande Bharat Express,VB,PRYJ,DDU,153.0,90.0,7,0,0.0,0.68,0,94.4
TRIP-2438,22436,Vande Bharat Express,VB,DDU,BSB,18.0,25.0,9,0,5.0,0.85,0,23.26
TRIP-2439,12802,Purushottam Express,EXP,NDLS,CNB,440.0,350.0,5,0,3.3,0.84,0,342.64
TRIP-2439,12802,Purushottam Express,EXP,CNB,PRYJ,194.5,150.0,10,0,0.0,0.98,0,162.08
TRIP-2439,12802,Purushottam Express,EXP,PRYJ,DDU,153.0,135.0,13,0,11.4,0.62,0,136.64
TRIP-2439,12802,Purushottam Express,EXP,DDU,GAYA,205.0,165.0,15,0,12.4,0.88,0,166.13
TRIP-2439,12802,Purushottam Express,EXP,GAYA,BKSC,149.0,135.0,18,0,14.4,0.56,0,134.18
TRIP-2439,12802,Purushottam Express,EXP,BKSC,PURI,612.0,520.0,21,0,14.3,0.83,0,528.13
TRIP-2440,12004,Lucknow Shatabdi Express,SF,NDLS,GZB,24.5,38.0,9,0,2.5,0.81,0,41.79
TRIP-2440,12004,Lucknow Shatabdi Express,SF,GZB,ALJN,106.3,60.0,9,0,6.5,0.97,0,68.75
TRIP-2440,12004,Lucknow Shatabdi Express,SF,ALJN,CNB,308.6,210.0,11,0,16.8,0.98,0,221.4
TRIP-2440,12004,Lucknow Shatabdi Express,SF,CNB,LKO,71.6,75.0,14,0,29.7,0.67,0,80.61
TRIP-2441,12302,Howrah Rajdhani Express,RAJ,NDLS,CNB,440.0,285.0,12,0,15.1,0.8,0,276.38
TRIP-2441,12302,Howrah Rajdhani Express,RAJ,CNB,PRYJ,194.5,120.0,16,0,7.2,0.85,0,114.92
TRIP-2441,12302,Howrah Rajdhani Express,RAJ,PRYJ,DDU,153.0,105.0,18,0,1.8,0.81,0,106.68
TRIP-2441,12302,Howrah Rajdhani Express,RAJ,DDU,GAYA,205.0,130.0,20,0,3.7,0.93,0,136.48
TRIP-2441,12302,Howrah Rajdhani Express,RAJ,GAYA,DHN,201.0,140.0,22,0,9.7,0.49,0,129.62
TRIP-2441,12302,Howrah Rajdhani Express,RAJ,DHN,HWH,259.0,200.0,1,0,0.3,0.39,0,177.9
TRIP-2442,12004,Lucknow Shatabdi Express,SF,NDLS,GZB,24.5,38.0,18,0,10.0,0.89,0,36.05
TRIP-2442,12004,Lucknow Shatabdi Express,SF,GZB,ALJN,106.3,60.0,18,0,10.0,0.97,0,72.61
TRIP-2442,12004,Lucknow Shatabdi Express,SF,ALJN,CNB,308.6,210.0,19,0,22.5,0.98,0,218.41
TRIP-2442,12004,Lucknow Shatabdi Express,SF,CNB,LKO,71.6,75.0,23,0,32.3,0.68,0,82.17
TRIP-2443,12302,Howrah Rajdhani Express,RAJ,NDLS,CNB,440.0,285.0,20,0,0.3,0.86,0,291.66
TRIP-2443,12302,Howrah Rajdhani Express,RAJ,CNB,PRYJ,194.5,120.0,0,0,7.3,0.64,0,107.16
TRIP-2443,12302,Howrah Rajdhani Express,RAJ,PRYJ,DDU,153.0,105.0,2,0,0.0,0.8,0,99.29
TRIP-2443,12302,Howrah Rajdhani Express,RAJ,DDU,GAYA,205.0,130.0,4,0,0.0,0.68,0,124.8
TRIP-2443,12302,Howrah Rajdhani Express,RAJ,GAYA,DHN,201.0,140.0,6,0,0.0,0.46,0,133.65
TRIP-2443,12302,Howrah Rajdhani Express,RAJ,DHN,HWH,259.0,200.0,9,0,0.0,0.78,0,203.56
TRIP-2444,22436,Vande Bharat Express,VB,NDLS,CNB,440.0,240.0,23,0,1.4,0.64,0,237.92
TRIP-2444,22436,Vande Bharat Express,VB,CNB,PRYJ,194.5,100.0,3,0,0.0,0.71,0,96.86
TRIP-2444,22436,Vande Bharat Express,VB,PRYJ,DDU,153.0,90.0,4,0,0.0,0.78,0,82.19
TRIP-2444,22436,Vande Bharat Express,VB,DDU,BSB,18.0,25.0,6,0,0.0,0.86,0,29.16
TRIP-2445,22436,Vande Bharat Express,VB,NDLS,CNB,440.0,240.0,5,1,0.0,0.64,0,233.25
TRIP-2445,22436,Vande Bharat Express,VB,CNB,PRYJ,194.5,100.0,8,1,0.0,0.8,0,106.29
TRIP-2445,22436,Vande Bharat Express,VB,PRYJ,DDU,153.0,90.0,10,1,6.5,0.83,0,96.53
TRIP-2445,22436,Vande Bharat Express,VB,DDU,BSB,18.0,25.0,12,1,12.7,0.81,0,21.64
TRIP-2446,12951,Mumbai Rajdhani Express,RAJ,BCT,ST,263.0,160.0,11,1,8.4,0.98,0,157.07
TRIP-2446,12951,Mumbai Rajdhani Express,RAJ,ST,BRC,129.0,80.0,13,1,6.3,0.8,0,70.43
TRIP-2446,12951,Mumbai Rajdhani Express,RAJ,BRC,RTM,261.0,195.0,14,1,0.0,0.66,0,188.1
TRIP-2446,12951,Mumbai Rajdhani Express,RAJ,RTM,KOTA,266.0,155.0,18,1,0.0,0.9,0,163.66
TRIP-2446,12951,Mumbai Rajdhani Express,RAJ,KOTA,MTJ,324.0,195.0,20,1,7.8,0.82,0,201.32
TRIP-2446,12951,Mumbai Rajdhani Express,RAJ,MTJ,NDLS,143.0,110.0,0,1,15.0,0.78,0,112.06
TRIP-2447,12951,Mumbai Rajdhani Express,RAJ,BCT,ST,263.0,160.0,14,1,10.0,0.82,0,158.45
TRIP-2447,12951,Mumbai Rajdhani Express,RAJ,ST,BRC,129.0,80.0,16,1,8.5,0.63,0,71.31
TRIP-2447,12951,Mumbai Rajdhani Express,RAJ,BRC,RTM,261.0,195.0,17,1,1.5,0.92,0,209.28
TRIP-2447,12951,Mumbai Rajdhani Express,RAJ,RTM,KOTA,266.0,155.0,21,1,16.6,0.91,0,156.43
TRIP-2447,12951,Mumbai Rajdhani Express,RAJ,KOTA,MTJ,324.0,195.0,0,1,19.5,0.72,0,180.04
TRIP-2447,12951,Mumbai Rajdhani Express,RAJ,MTJ,NDLS,143.0,110.0,3,1,4.3,0.63,0,103.69
TRIP-2448,12302,Howrah Rajdhani Express,RAJ,NDLS,CNB,440.0,285.0,18,1,0.0,0.98,0,299.62
TRIP-2448,12302,Howrah Rajdhani Express,RAJ,CNB,PRYJ,194.5,120.0,23,1,13.8,0.67,0,121.95
TRIP-2448,12302,Howrah Rajdhani Express,RAJ,PRYJ,DDU,153.0,105.0,1,1,16.1,0.68,0,92.71
TRIP-2448,12302,Howrah Rajdhani Express,RAJ,DDU,GAYA,205.0,130.0,2,1,4.6,0.75,0,122.79
TRIP-2448,12302,Howrah Rajdhani Express,RAJ,GAYA,DHN,201.0,140.0,4,1,0.0,0.47,0,125.18
TRIP-2448,12302,Howrah Rajdhani Express,RAJ,DHN,HWH,259.0,200.0,7,1,0.0,0.59,0,192.51
TRIP-2449,22436,Vande Bharat Express,VB,NDLS,CNB,440.0,240.0,21,1,43.9,0.92,0,257.04
TRIP-2449,22436,Vande Bharat Express,VB,CNB,PRYJ,194.5,100.0,1,1,61.3,0.77,0,97.9
TRIP-2449,22436,Vande Bharat Express,VB,PRYJ,DDU,153.0,90.0,3,1,60.4,0.6,0,91.21
TRIP-2449,22436,Vande Bharat Express,VB,DDU,BSB,18.0,25.0,4,1,62.4,0.67,0,29.81
TRIP-2450,12802,Purushottam Express,EXP,NDLS,CNB,440.0,350.0,1,2,1.8,0.78,0,319.44
TRIP-2450,12802,Purushottam Express,EXP,CNB,PRYJ,194.5,150.0,6,2,0.0,0.75,0,147.69
TRIP-2450,12802,Purushottam Express,EXP,PRYJ,DDU,153.0,135.0,8,2,0.0,0.98,0,142.84
TRIP-2450,12802,Purushottam Express,EXP,DDU,GAYA,205.0,165.0,11,2,8.7,0.95,0,177.38
TRIP-2450,12802,Purushottam Express,EXP,GAYA,BKSC,149.0,135.0,14,2,20.7,0.45,0,129.43
TRIP-2450,12802,Purushottam Express,EXP,BKSC,PURI,612.0,520.0,16,2,16.4,0.59,0,501.48
TRIP-2451,22436,Vande Bharat Express,VB,NDLS,CNB,440.0,240.0,5,2,3.7,0.74,0,239.22
TRIP-2451,22436,Vande Bharat Express,VB,CNB,PRYJ,194.5,100.0,9,2,3.2,0.84,0,100.25
TRIP-2451,22436,Vande Bharat Express,VB,PRYJ,DDU,153.0,90.0,10,2,5.2,0.81,0,87.88
TRIP-2451,22436,Vande Bharat Express,VB,DDU,BSB,18.0,25.0,12,2,2.4,0.64,0,24.6
TRIP-2452,12302,Howrah Rajdhani Express,RAJ,NDLS,CNB,440.0,285.0,8,2,6.2,0.98,0,297.65
TRIP-2452,12302,Howrah Rajdhani Express,RAJ,CNB,PRYJ,194.5,120.0,13,2,19.8,0.71,0,113.97
TRIP-2452,12302,Howrah Rajdhani Express,RAJ,PRYJ,DDU,153.0,105.0,15,2,13.7,0.85,0,107.88
TRIP-2452,12302,Howrah Rajdhani Express,RAJ,DDU,GAYA,205.0,130.0,16,2,16.7,0.78,0,121.27
TRIP-2452,12302,Howrah Rajdhani Express,RAJ,GAYA,DHN,201.0,140.0,19,2,7.5,0.56,0,137.76
TRIP-2452,12302,Howrah Rajdhani Express,RAJ,DHN,HWH,259.0,200.0,21,2,5.1,0.69,0,197.03
TRIP-2453,12004,Lucknow Shatabdi Express,SF,NDLS,GZB,24.5,38.0,12,2,0.0,0.68,0,40.29
TRIP-2453,12004,Lucknow Shatabdi Express,SF,GZB,ALJN,106.3,60.0,12,2,3.6,0.64,0,62.14
TRIP-2453,12004,Lucknow Shatabdi Express,SF,ALJN,CNB,308.6,210.0,13,2,6.5,0.86,0,208.96
TRIP-2453,12004,Lucknow Shatabdi Express,SF,CNB,LKO,71.6,75.0,17,2,6.0,0.87,0,79.07
TRIP-2454,22436,Vande Bharat Express,VB,NDLS,CNB,440.0,240.0,15,2,56.2,0.75,0,239.91
TRIP-2454,22436,Vande Bharat Express,VB,CNB,PRYJ,194.5,100.0,19,2,57.3,0.88,0,106.72
TRIP-2454,22436,Vande Bharat Express,VB,PRYJ,DDU,153.0,90.0,20,2,65.8,0.88,0,101.67
TRIP-2454,22436,Vande Bharat Express,VB,DDU,BSB,18.0,25.0,22,2,78.1,0.63,0,33.33
TRIP-2455,12004,Lucknow Shatabdi Express,SF,NDLS,GZB,24.5,38.0,21,2,0.0,0.96,0,41.31
TRIP-2455,12004,Lucknow Shatabdi Express,SF,GZB,ALJN,106.3,60.0,21,2,3.4,0.96,0,63.57
TRIP-2455,12004,Lucknow Shatabdi Express,SF,ALJN,CNB,308.6,210.0,22,2,7.4,0.81,0,206.82
TRIP-2455,12004,Lucknow Shatabdi Express,SF,CNB,LKO,71.6,75.0,2,2,5.8,0.79,0,75.19
TRIP-2456,22436,Vande Bharat Express,VB,NDLS,CNB,440.0,240.0,0,3,46.5,0.77,0,242.34
TRIP-2456,22436,Vande Bharat Express,VB,CNB,PRYJ,194.5,100.0,4,3,49.6,0.73,0,100.93
TRIP-2456,22436,Vande Bharat Express,VB,PRYJ,DDU,153.0,90.0,5,3,50.6,0.65,0,95.06
TRIP-2456,22436,Vande Bharat Express,VB,DDU,BSB,18.0,25.0,7,3,56.7,0.84,0,27.65
TRIP-2457,12004,Lucknow Shatabdi Express,SF,NDLS,GZB,24.5,38.0,2,3,0.0,0.7,0,42.66
TRIP-2457,12004,Lucknow Shatabdi Express,SF,GZB,ALJN,106.3,60.0,2,3,5.5,0.7,0,57.94
TRIP-2457,12004,Lucknow Shatabdi Express,SF,ALJN,CNB,308.6,210.0,3,3,4.3,0.6,0,192.13
TRIP-2457,12004,Lucknow Shatabdi Express,SF,CNB,LKO,71.6,75.0,7,3,0.0,0.64,0,78.02
TRIP-2458,12802,Purushottam Express,EXP,NDLS,CNB,440.0,350.0,4,3,16.4,0.69,0,327.51
TRIP-2458,12802,Purushottam Express,EXP,CNB,PRYJ,194.5,150.0,9,3,0.0,0.94,0,161.29
TRIP-2458,12802,Purushottam Express,EXP,PRYJ,DDU,153.0,135.0,12,3,11.3,0.82,0,136.3
TRIP-2458,12802,Purushottam Express,EXP,DDU,GAYA,205.0,165.0,14,3,11.9,0.82,0,164.48
TRIP-2458,12802,Purushottam Express,EXP,GAYA,BKSC,149.0,135.0,17,3,13.3,0.79,0,141.34
TRIP-2458,12802,Purushottam Express,EXP,BKSC,PURI,612.0,520.0,19,3,20.8,0.55,0,516.72
TRIP-2459,12951,Mumbai Rajdhani Express,RAJ,BCT,ST,263.0,160.0,8,3,0.0,0.92,0,169.54
TRIP-2459,12951,Mumbai Rajdhani Express,RAJ,ST,BRC,129.0,80.0,10,3,11.3,0.83,0,85.77
TRIP-2459,12951,Mumbai Rajdhani Express,RAJ,BRC,RTM,261.0,195.0,12,3,16.8,0.76,0,189.74
TRIP-2459,12951,Mumbai Rajdhani Express,RAJ,RTM,KOTA,266.0,155.0,15,3,10.8,0.64,0,155.13
TRIP-2459,12951,Mumbai Rajdhani Express,RAJ,KOTA,MTJ,324.0,195.0,18,3,12.7,0.98,0,209.2
TRIP-2459,12951,Mumbai Rajdhani Express,RAJ,MTJ,NDLS,143.0,110.0,21,3,28.0,0.81,0,120.17
TRIP-2460,12302,Howrah Rajdhani Express,RAJ,NDLS,CNB,440.0,285.0,14,3,0.0,0.82,0,282.34
TRIP-2460,12302,Howrah Rajdhani Express,RAJ,CNB,PRYJ,194.5,120.0,18,3,0.0,0.84,0,123.91
TRIP-2460,12302,Howrah Rajdhani Express,RAJ,PRYJ,DDU,153.0,105.0,20,3,3.9,0.92,0,113.53
TRIP-2460,12302,Howrah Rajdhani Express,RAJ,DDU,GAYA,205.0,130.0,22,3,12.0,0.76,0,123.42
TRIP-2460,12302,Howrah Rajdhani Express,RAJ,GAYA,DHN,201.0,140.0,1,3,4.5,0.65,0,133.46
TRIP-2460,12302,Howrah Rajdhani Express,RAJ,DHN,HWH,259.0,200.0,3,3,0.0,0.61,0,181.47
TRIP-2461,12802,Purushottam Express,EXP,NDLS,CNB,440.0,350.0,20,3,0.0,0.82,0,363.44
TRIP-2461,12802,Purushottam Express,EXP,CNB,PRYJ,194.5,150.0,2,3,13.3,0.85,0,144.39
TRIP-2461,12802,Purushottam Express,EXP,PRYJ,DDU,153.0,135.0,4,3,8.6,0.81,0,124.42
TRIP-2461,12802,Purushottam Express,EXP,DDU,GAYA,205.0,165.0,6,3,0.0,0.88,0,162.51
TRIP-2461,12802,Purushottam Express,EXP,GAYA,BKSC,149.0,135.0,9,3,0.0,0.72,0,136.83
TRIP-2461,12802,Purushottam Express,EXP,BKSC,PURI,612.0,520.0,11,3,1.8,0.85,0,528.07
TRIP-2462,12951,Mumbai Rajdhani Express,RAJ,BCT,ST,263.0,160.0,23,3,12.8,0.67,0,152.85
TRIP-2462,12951,Mumbai Rajdhani Express,RAJ,ST,BRC,129.0,80.0,1,3,7.6,0.87,0,75.38
TRIP-2462,12951,Mumbai Rajdhani Express,RAJ,BRC,RTM,261.0,195.0,2,3,4.7,0.78,0,181.2
TRIP-2462,12951,Mumbai Rajdhani Express,RAJ,RTM,KOTA,266.0,155.0,6,3,0.0,0.68,0,154.56
TRIP-2462,12951,Mumbai Rajdhani Express,RAJ,KOTA,MTJ,324.0,195.0,8,3,1.5,0.87,0,201.49
TRIP-2462,12951,Mumbai Rajdhani Express,RAJ,MTJ,NDLS,143.0,110.0,12,3,9.0,0.87,0,109.67
TRIP-2463,12004,Lucknow Shatabdi Express,SF,NDLS,GZB,24.5,38.0,1,4,10.0,0.88,0,40.5
TRIP-2463,12004,Lucknow Shatabdi Express,SF,GZB,ALJN,106.3,60.0,1,4,13.8,0.82,0,55.82
TRIP-2463,12004,Lucknow Shatabdi Express,SF,ALJN,CNB,308.6,210.0,2,4,9.1,0.88,0,194.12
TRIP-2463,12004,Lucknow Shatabdi Express,SF,CNB,LKO,71.6,75.0,6,4,0.0,0.87,0,84.1
TRIP-2464,22436,Vande Bharat Express,VB,NDLS,CNB,440.0,240.0,3,4,4.9,0.7,0,226.35
TRIP-2464,22436,Vande Bharat Express,VB,CNB,PRYJ,194.5,100.0,6,4,0.0,0.76,0,106.82
TRIP-2464,22436,Vande Bharat Express,VB,PRYJ,DDU,153.0,90.0,8,4,6.9,0.85,0,92.91
TRIP-2464,22436,Vande Bharat Express,VB,DDU,BSB,18.0,25.0,10,4,10.3,0.98,0,22.0
TRIP-2465,22436,Vande Bharat Express,VB,NDLS,CNB,440.0,240.0,7,4,10.0,0.64,0,233.56
TRIP-2465,22436,Vande Bharat Express,VB,CNB,PRYJ,194.5,100.0,10,4,4.2,0.81,0,110.71
TRIP-2465,22436,Vande Bharat Express,VB,PRYJ,DDU,153.0,90.0,12,4,16.4,0.81,0,88.36
TRIP-2465,22436,Vande Bharat Express,VB,DDU,BSB,18.0,25.0,14,4,16.3,0.7,0,19.18
TRIP-2466,12302,Howrah Rajdhani Express,RAJ,NDLS,CNB,440.0,285.0,9,4,10.0,0.95,0,296.23
TRIP-2466,12302,Howrah Rajdhani Express,RAJ,CNB,PRYJ,194.5,120.0,14,4,21.9,0.67,0,120.48
TRIP-2466,12302,Howrah Rajdhani Express,RAJ,PRYJ,DDU,153.0,105.0,16,4,22.7,0.75,0,105.73
TRIP-2466,12302,Howrah Rajdhani Express,RAJ,DDU,GAYA,205.0,130.0,17,4,22.6,0.98,0,143.11
TRIP-2466,12302,Howrah Rajdhani Express,RAJ,GAYA,DHN,201.0,140.0,20,4,35.0,0.83,0,143.95
TRIP-2466,12302,Howrah Rajdhani Express,RAJ,DHN,HWH,259.0,200.0,22,4,38.1,0.4,0,197.79
TRIP-2467,22436,Vande Bharat Express,VB,NDLS,CNB,440.0,240.0,15,4,0.0,0.73,0,243.85
TRIP-2467,22436,Vande Bharat Express,VB,CNB,PRYJ,194.5,100.0,19,4,3.3,0.85,0,105.87
TRIP-2467,22436,Vande Bharat Express,VB,PRYJ,DDU,153.0,90.0,20,4,8.9,0.98,0,90.28
TRIP-2467,22436,Vande Bharat Express,VB,DDU,BSB,18.0,25.0,22,4,10.4,0.74,0,24.36
TRIP-2468,12802,Purushottam Express,EXP,NDLS,CNB,440.0,350.0,19,4,0.0,0.8,0,365.46
TRIP-2468,12802,Purushottam Express,EXP,CNB,PRYJ,194.5,150.0,1,4,15.8,0.6,0,139.29
TRIP-2468,12802,Purushottam Express,EXP,PRYJ,DDU,153.0,135.0,3,4,4.2,0.8,0,131.11
TRIP-2468,12802,Purushottam Express,EXP,DDU,GAYA,205.0,165.0,5,4,0.5,0.85,0,165.9
TRIP-2468,12802,Purushottam Express,EXP,GAYA,BKSC,149.0,135.0,8,4,2.1,0.63,0,138.7
TRIP-2468,12802,Purushottam Express,EXP,BKSC,PURI,612.0,520.0,11,4,6.7,0.68,0,531.27
TRIP-2469,12802,Purushottam Express,EXP,NDLS,CNB,440.0,350.0,1,5,1.2,0.79,0,323.28
TRIP-2469,12802,Purushottam Express,EXP,CNB,PRYJ,194.5,150.0,6,5,0.0,0.87,0,145.92
TRIP-2469,12802,Purushottam Express,EXP,PRYJ,DDU,153.0,135.0,8,5,0.0,0.84,0,139.53
TRIP-2469,12802,Purushottam Express,EXP,DDU,GAYA,205.0,165.0,11,5,6.4,0.98,0,172.69
TRIP-2469,12802,Purushottam Express,EXP,GAYA,BKSC,149.0,135.0,14,5,13.5,0.53,0,127.2
TRIP-2469,12802,Purushottam Express,EXP,BKSC,PURI,612.0,520.0,16,5,6.8,0.57,0,504.32
TRIP-2470,12004,Lucknow Shatabdi Express,SF,NDLS,GZB,24.5,38.0,7,5,0.0,0.68,0,40.21
TRIP-2470,12004,Lucknow Shatabdi Express,SF,GZB,ALJN,106.3,60.0,7,5,1.8,0.9,0,62.75
TRIP-2470,12004,Lucknow Shatabdi Express,SF,ALJN,CNB,308.6,210.0,8,5,4.6,0.98,0,216.09
TRIP-2470,12004,Lucknow Shatabdi Express,SF,CNB,LKO,71.6,75.0,12,5,12.1,0.73,0,79.2
TRIP-2471,22436,Vande Bharat Express,VB,NDLS,CNB,440.0,240.0,10,5,0.0,0.88,0,249.56
TRIP-2471,22436,Vande Bharat Express,VB,CNB,PRYJ,194.5,100.0,14,5,10.1,0.89,0,99.9
TRIP-2471,22436,Vande Bharat Express,VB,PRYJ,DDU,153.0,90.0,15,5,10.6,0.67,0,84.07
TRIP-2471,22436,Vande Bharat Express,VB,DDU,BSB,18.0,25.0,17,5,4.6,0.96,0,31.93
TRIP-2472,12951,Mumbai Rajdhani Express,RAJ,BCT,ST,263.0,160.0,12,5,5.2,0.85,0,160.07
TRIP-2472,12951,Mumbai Rajdhani Express,RAJ,ST,BRC,129.0,80.0,14,5,6.9,0.8,0,82.64
TRIP-2472,12951,Mumbai Rajdhani Express,RAJ,BRC,RTM,261.0,195.0,16,5,11.3,0.85,0,187.65
TRIP-2472,12951,Mumbai Rajdhani Express,RAJ,RTM,KOTA,266.0,155.0,19,5,5.1,0.98,0,160.81
TRIP-2472,12951,Mumbai Rajdhani Express,RAJ,KOTA,MTJ,324.0,195.0,22,5,11.3,0.89,0,188.19
TRIP-2472,12951,Mumbai Rajdhani Express,RAJ,MTJ,NDLS,143.0,110.0,1,5,6.5,0.63,0,95.26
TRIP-2473,12951,Mumbai Rajdhani Express,RAJ,BCT,ST,263.0,160.0,14,5,0.0,0.63,0,156.61
TRIP-2473,12951,Mumbai Rajdhani Express,RAJ,ST,BRC,129.0,80.0,16,5,0.0,0.86,0,80.05
TRIP-2473,12951,Mumbai Rajdhani Express,RAJ,BRC,RTM,261.0,195.0,18,5,0.0,0.89,0,203.93
TRIP-2473,12951,Mumbai Rajdhani Express,RAJ,RTM,KOTA,266.0,155.0,21,5,10.7,0.91,0,151.1
TRIP-2473,12951,Mumbai Rajdhani Express,RAJ,KOTA,MTJ,324.0,195.0,0,5,6.7,0.62,0,180.91
TRIP-2473,12951,Mumbai Rajdhani Express,RAJ,MTJ,NDLS,143.0,110.0,3,5,0.0,0.66,0,102.24
TRIP-2474,12802,Purushottam Express,EXP,NDLS,CNB,440.0,350.0,17,5,5.1,0.98,0,366.14
TRIP-2474,12802,Purushottam Express,EXP,CNB,PRYJ,194.5,150.0,23,5,20.6,0.62,0,146.88
TRIP-2474,12802,Purushottam Express,EXP,PRYJ,DDU,153.0,135.0,1,5,16.5,0.73,0,123.21
TRIP-2474,12802,Purushottam Express,EXP,DDU,GAYA,205.0,165.0,3,5,4.8,0.8,0,154.05
TRIP-2474,12802,Purushottam Express,EXP,GAYA,BKSC,149.0,135.0,6,5,0.0,0.54,0,134.17
TRIP-2474,12802,Purushottam Express,EXP,BKSC,PURI,612.0,520.0,8,5,0.0,0.57,0,513.32
TRIP-2475,12302,Howrah Rajdhani Express,RAJ,NDLS,CNB,440.0,285.0,21,5,7.6,0.84,0,293.31
TRIP-2475,12302,Howrah Rajdhani Express,RAJ,CNB,PRYJ,194.5,120.0,1,5,16.5,0.77,0,106.63
TRIP-2475,12302,Howrah Rajdhani Express,RAJ,PRYJ,DDU,153.0,105.0,3,5,4.5,0.67,0,96.42
TRIP-2475,12302,Howrah Rajdhani Express,RAJ,DDU,GAYA,205.0,130.0,5,5,0.0,0.68,0,125.21
TRIP-2475,12302,Howrah Rajdhani Express,RAJ,GAYA,DHN,201.0,140.0,7,5,0.0,0.46,0,133.23
TRIP-2475,12302,Howrah Rajdhani Express,RAJ,DHN,HWH,259.0,200.0,9,5,0.0,0.75,0,204.73
TRIP-2476,12004,Lucknow Shatabdi Express,SF,NDLS,GZB,24.5,38.0,23,5,5.1,0.82,0,37.13
TRIP-2476,12004,Lucknow Shatabdi Express,SF,GZB,ALJN,106.3,60.0,23,5,4.6,0.63,0,59.87
TRIP-2476,12004,Lucknow Shatabdi Express,SF,ALJN,CNB,308.6,210.0,0,5,5.4,0.87,0,205.81
TRIP-2476,12004,Lucknow Shatabdi Express,SF,CNB,LKO,71.6,75.0,4,5,0.9,0.62,0,77.22
TRIP-2477,12951,Mumbai Rajdhani Express,RAJ,BCT,ST,263.0,160.0,5,6,1.4,0.7,0,158.92
TRIP-2477,12951,Mumbai Rajdhani Express,RAJ,ST,BRC,129.0,80.0,7,6,0.3,0.84,0,86.61
TRIP-2477,12951,Mumbai Rajdhani Express,RAJ,BRC,RTM,261.0,195.0,9,6,5.9,0.98,0,200.89
TRIP-2477,12951,Mumbai Rajdhani Express,RAJ,RTM,KOTA,266.0,155.0,12,6,12.2,0.61,0,150.57
TRIP-2477,12951,Mumbai Rajdhani Express,RAJ,KOTA,MTJ,324.0,195.0,15,6,7.5,0.64,0,193.28
TRIP-2477,12951,Mumbai Rajdhani Express,RAJ,MTJ,NDLS,143.0,110.0,18,6,6.9,0.98,0,115.86
TRIP-2478,12302,Howrah Rajdhani Express,RAJ,NDLS,CNB,440.0,285.0,7,6,11.6,0.89,0,274.81
TRIP-2478,12302,Howrah Rajdhani Express,RAJ,CNB,PRYJ,194.5,120.0,11,6,2.0,0.89,0,130.08
TRIP-2478,12302,Howrah Rajdhani Express,RAJ,PRYJ,DDU,153.0,105.0,13,6,13.5,0.84,0,102.48
TRIP-2478,12302,Howrah Rajdhani Express,RAJ,DDU,GAYA,205.0,130.0,15,6,12.6,0.83,0,129.75
TRIP-2478,12302,Howrah Rajdhani Express,RAJ,GAYA,DHN,201.0,140.0,17,6,13.4,0.72,0,137.59
TRIP-2478,12302,Howrah Rajdhani Express,RAJ,DHN,HWH,259.0,200.0,20,6,12.3,0.56,0,195.48
TRIP-2479,12302,Howrah Rajdhani Express,RAJ,NDLS,CNB,440.0,285.0,9,6,118.5,0.98,0,308.7
TRIP-2479,12302,Howrah Rajdhani Express,RAJ,CNB,PRYJ,194.5,120.0,14,6,142.9,0.84,0,128.01
TRIP-2479,12302,Howrah Rajdhani Express,RAJ,PRYJ,DDU,153.0,105.0,16,6,151.6,0.87,0,115.3
TRIP-2479,12302,Howrah Rajdhani Express,RAJ,DDU,GAYA,205.0,130.0,18,6,162.0,0.94,0,151.69
TRIP-2479,12302,Howrah Rajdhani Express,RAJ,GAYA,DHN,201.0,140.0,21,6,183.4,0.7,0,152.92
TRIP-2479,12302,Howrah Rajdhani Express,RAJ,DHN,HWH,259.0,200.0,23,6,198.1,0.42,0,203.24
TRIP-2480,12004,Lucknow Shatabdi Express,SF,NDLS,GZB,24.5,38.0,11,6,10.1,0.93,0,43.29
TRIP-2480,12004,Lucknow Shatabdi Express,SF,GZB,ALJN,106.3,60.0,11,6,15.7,0.98,0,68.98
TRIP-2480,12004,Lucknow Shatabdi Express,SF,ALJN,CNB,308.6,210.0,13,6,25.7,0.64,0,209.98
TRIP-2480,12004,Lucknow Shatabdi Express,SF,CNB,LKO,71.6,75.0,16,6,24.8,0.61,0,78.02
TRIP-2481,12004,Lucknow Shatabdi Express,SF,NDLS,GZB,24.5,38.0,13,6,3.7,0.79,0,41.22
TRIP-2481,12004,Lucknow Shatabdi Express,SF,GZB,ALJN,106.3,60.0,13,6,8.4,0.66,0,63.24
TRIP-2481,12004,Lucknow Shatabdi Express,SF,ALJN,CNB,308.6,210.0,14,6,13.4,0.69,0,216.28
TRIP-2481,12004,Lucknow Shatabdi Express,SF,CNB,LKO,71.6,75.0,18,6,21.5,0.87,0,82.54
TRIP-2482,12951,Mumbai Rajdhani Express,RAJ,BCT,ST,263.0,160.0,16,6,2.1,0.78,0,162.51
TRIP-2482,12951,Mumbai Rajdhani Express,RAJ,ST,BRC,129.0,80.0,18,6,6.0,0.98,0,86.0
TRIP-2482,12951,Mumbai Rajdhani Express,RAJ,BRC,RTM,261.0,195.0,20,6,12.4,0.98,0,205.63
TRIP-2482,12951,Mumbai Rajdhani Express,RAJ,RTM,KOTA,266.0,155.0,23,6,24.5,0.8,0,154.82
TRIP-2482,12951,Mumbai Rajdhani Express,RAJ,KOTA,MTJ,324.0,195.0,2,6,25.8,0.82,0,187.58
TRIP-2482,12951,Mumbai Rajdhani Express,RAJ,MTJ,NDLS,143.0,110.0,5,6,19.5,0.66,0,104.9
TRIP-2483,22436,Vande Bharat Express,VB,NDLS,CNB,440.0,240.0,18,6,0.0,0.87,0,254.58
TRIP-2483,22436,Vande Bharat Express,VB,CNB,PRYJ,194.5,100.0,22,6,14.5,0.77,0,94.36
TRIP-2483,22436,Vande Bharat Express,VB,PRYJ,DDU,153.0,90.0,23,6,8.8,0.7,0,87.55
TRIP-2483,22436,Vande Bharat Express,VB,DDU,BSB,18.0,25.0,1,6,7.7,0.81,0,21.74
TRIP-2484,12302,Howrah Rajdhani Express,RAJ,NDLS,CNB,440.0,285.0,20,6,18.1,0.98,0,301.97
TRIP-2484,12302,Howrah Rajdhani Express,RAJ,CNB,PRYJ,194.5,120.0,1,6,35.1,0.86,0,124.92
TRIP-2484,12302,Howrah Rajdhani Express,RAJ,PRYJ,DDU,153.0,105.0,3,6,41.0,0.75,0,111.45
TRIP-2484,12302,Howrah Rajdhani Express,RAJ,DDU,GAYA,205.0,130.0,5,6,48.4,0.86,0,135.41
TRIP-2484,12302,Howrah Rajdhani Express,RAJ,GAYA,DHN,201.0,140.0,7,6,55.3,0.35,0,146.41
TRIP-2484,12302,Howrah Rajdhani Express,RAJ,DHN,HWH,259.0,200.0,10,6,62.5,0.71,0,212.48
TRIP-2485,12302,Howrah Rajdhani Express,RAJ,NDLS,CNB,440.0,285.0,2,0,0.0,0.7,0,266.01
TRIP-2485,12302,Howrah Rajdhani Express,RAJ,CNB,PRYJ,194.5,120.0,6,0,0.0,0.7,0,120.02
TRIP-2485,12302,Howrah Rajdhani Express,RAJ,PRYJ,DDU,153.0,105.0,8,0,1.1,0.9,0,106.58
TRIP-2485,12302,Howrah Rajdhani Express,RAJ,DDU,GAYA,205.0,130.0,10,0,2.3,0.84,0,136.6
TRIP-2485,12302,Howrah Rajdhani Express,RAJ,GAYA,DHN,201.0,140.0,12,0,8.0,0.53,0,128.15
TRIP-2485,12302,Howrah Rajdhani Express,RAJ,DHN,HWH,259.0,200.0,15,0,0.0,0.61,0,190.43
TRIP-2486,12951,Mumbai Rajdhani Express,RAJ,BCT,ST,263.0,160.0,6,0,1.8,0.64,0,155.64
TRIP-2486,12951,Mumbai Rajdhani Express,RAJ,ST,BRC,129.0,80.0,8,0,0.0,0.88,0,89.6
TRIP-2486,12951,Mumbai Rajdhani Express,RAJ,BRC,RTM,261.0,195.0,10,0,8.8,0.82,0,194.32
TRIP-2486,12951,Mumbai Rajdhani Express,RAJ,RTM,KOTA,266.0,155.0,13,0,7.3,0.63,0,152.23
TRIP-2486,12951,Mumbai Rajdhani Express,RAJ,KOTA,MTJ,324.0,195.0,16,0,3.6,0.61,0,191.67
TRIP-2486,12951,Mumbai Rajdhani Express,RAJ,MTJ,NDLS,143.0,110.0,19,0,2.3,0.98,0,112.73
TRIP-2487,12302,Howrah Rajdhani Express,RAJ,NDLS,CNB,440.0,285.0,10,0,0.0,0.84,0,292.39
TRIP-2487,12302,Howrah Rajdhani Express,RAJ,CNB,PRYJ,194.5,120.0,14,0,8.8,0.78,0,114.74
TRIP-2487,12302,Howrah Rajdhani Express,RAJ,PRYJ,DDU,153.0,105.0,16,0,4.0,0.79,0,110.96
TRIP-2487,12302,Howrah Rajdhani Express,RAJ,DDU,GAYA,205.0,130.0,18,0,10.8,0.96,0,135.36
TRIP-2487,12302,Howrah Rajdhani Express,RAJ,GAYA,DHN,201.0,140.0,21,0,17.3,0.68,0,136.31
TRIP-2487,12302,Howrah Rajdhani Express,RAJ,DHN,HWH,259.0,200.0,23,0,13.7,0.45,0,194.07
TRIP-2488,12302,Howrah Rajdhani Express,RAJ,NDLS,CNB,440.0,285.0,14,0,9.5,0.74,0,273.5
TRIP-2488,12302,Howrah Rajdhani Express,RAJ,CNB,PRYJ,194.5,120.0,18,0,0.0,0.88,0,124.57
TRIP-2488,12302,Howrah Rajdhani Express,RAJ,PRYJ,DDU,153.0,105.0,20,0,6.5,0.98,0,107.43
TRIP-2488,12302,Howrah Rajdhani Express,RAJ,DDU,GAYA,205.0,130.0,22,0,8.7,0.82,0,126.67
TRIP-2488,12302,Howrah Rajdhani Express,RAJ,GAYA,DHN,201.0,140.0,0,0,4.6,0.51,0,134.57
TRIP-2488,12302,Howrah Rajdhani Express,RAJ,DHN,HWH,259.0,200.0,3,0,0.0,0.43,0,183.32
TRIP-2489,22436,Vande Bharat Express,VB,NDLS,CNB,440.0,240.0,16,0,18.2,0.85,0,233.86
TRIP-2489,22436,Vande Bharat Express,VB,CNB,PRYJ,194.5,100.0,19,0,12.0,0.92,0,98.5
TRIP-2489,22436,Vande Bharat Express,VB,PRYJ,DDU,153.0,90.0,21,0,9.5,0.98,0,93.81
TRIP-2489,22436,Vande Bharat Express,VB,DDU,BSB,18.0,25.0,23,0,14.7,0.88,0,30.68
TRIP-2490,12951,Mumbai Rajdhani Express,RAJ,BCT,ST,263.0,160.0,22,0,14.3,0.85,0,151.91
TRIP-2490,12951,Mumbai Rajdhani Express,RAJ,ST,BRC,129.0,80.0,0,0,6.4,0.89,0,75.43
TRIP-2490,12951,Mumbai Rajdhani Express,RAJ,BRC,RTM,261.0,195.0,1,0,1.5,0.82,0,184.25
TRIP-2490,12951,Mumbai Rajdhani Express,RAJ,RTM,KOTA,266.0,155.0,5,0,0.0,0.88,0,153.11
TRIP-2490,12951,Mumbai Rajdhani Express,RAJ,KOTA,MTJ,324.0,195.0,7,0,0.0,0.84,0,191.43
TRIP-2490,12951,Mumbai Rajdhani Express,RAJ,MTJ,NDLS,143.0,110.0,11,0,0.0,0.98,0,115.13
TRIP-2491,12951,Mumbai Rajdhani Express,RAJ,BCT,ST,263.0,160.0,0,1,5.3,0.67,0,159.5
TRIP-2491,12951,Mumbai Rajdhani Express,RAJ,ST,BRC,129.0,80.0,2,1,6.6,0.82,0,72.37
TRIP-2491,12951,Mumbai Rajdhani Express,RAJ,BRC,RTM,261.0,195.0,4,1,0.6,0.88,0,184.78
TRIP-2491,12951,Mumbai Rajdhani Express,RAJ,RTM,KOTA,266.0,155.0,7,1,0.0,0.69,0,153.62
TRIP-2491,12951,Mumbai Rajdhani Express,RAJ,KOTA,MTJ,324.0,195.0,9,1,0.0,0.86,0,203.56
TRIP-2491,12951,Mumbai Rajdhani Express,RAJ,MTJ,NDLS,143.0,110.0,13,1,8.9,0.72,0,107.26
TRIP-2492,12951,Mumbai Rajdhani Express,RAJ,BCT,ST,263.0,160.0,2,1,12.9,0.89,0,146.57
TRIP-2492,12951,Mumbai Rajdhani Express,RAJ,ST,BRC,129.0,80.0,4,1,0.0,0.61,0,78.26
TRIP-2492,12951,Mumbai Rajdhani Express,RAJ,BRC,RTM,261.0,195.0,5,1,0.2,0.74,0,195.38
TRIP-2492,12951,Mumbai Rajdhani Express,RAJ,RTM,KOTA,266.0,155.0,9,1,0.0,0.98,0,166.34
TRIP-2492,12951,Mumbai Rajdhani Express,RAJ,KOTA,MTJ,324.0,195.0,12,1,12.0,0.64,0,186.65
TRIP-2492,12951,Mumbai Rajdhani Express,RAJ,MTJ,NDLS,143.0,110.0,15,1,4.4,0.7,0,110.9
TRIP-2493,12004,Lucknow Shatabdi Express,SF,NDLS,GZB,24.5,38.0,8,1,10.0,0.82,0,46.23
TRIP-2493,12004,Lucknow Shatabdi Express,SF,GZB,ALJN,106.3,60.0,8,1,17.4,0.93,0,70.23
TRIP-2493,12004,Lucknow Shatabdi Express,SF,ALJN,CNB,308.6,210.0,10,1,27.4,0.98,0,216.38
TRIP-2493,12004,Lucknow Shatabdi Express,SF,CNB,LKO,71.6,75.0,13,1,33.1,0.86,0,82.03
TRIP-2494,12802,Purushottam Express,EXP,NDLS,CNB,440.0,350.0,12,1,0.0,0.8,0,342.34
TRIP-2494,12802,Purushottam Express,EXP,CNB,PRYJ,194.5,150.0,17,1,0.0,0.98,0,159.17
TRIP-2494,12802,Purushottam Express,EXP,PRYJ,DDU,153.0,135.0,20,1,9.8,0.82,0,140.05
TRIP-2494,12802,Purushottam Express,EXP,DDU,GAYA,205.0,165.0,22,1,16.2,0.76,0,163.37
TRIP-2494,12802,Purushottam Express,EXP,GAYA,BKSC,149.0,135.0,1,1,15.6,0.57,0,122.87
TRIP-2494,12802,Purushottam Express,EXP,BKSC,PURI,612.0,520.0,3,1,4.8,0.38,0,469.64
TRIP-2495,22436,Vande Bharat Express,VB,NDLS,CNB,440.0,240.0,18,1,6.8,0.98,0,249.44
TRIP-2495,22436,Vande Bharat Express,VB,CNB,PRYJ,194.5,100.0,22,1,15.3,0.63,0,95.25
TRIP-2495,22436,Vande Bharat Express,VB,PRYJ,DDU,153.0,90.0,23,1,11.7,0.67,0,85.32
TRIP-2495,22436,Vande Bharat Express,VB,DDU,BSB,18.0,25.0,1,1,6.7,0.83,0,23.74
TRIP-2496,12802,Purushottam Express,EXP,NDLS,CNB,440.0,350.0,21,1,8.3,0.95,0,366.08
TRIP-2496,12802,Purushottam Express,EXP,CNB,PRYJ,194.5,150.0,3,1,26.2,0.76,0,142.67
TRIP-2496,12802,Purushottam Express,EXP,PRYJ,DDU,153.0,135.0,5,1,17.9,0.77,0,132.57
TRIP-2496,12802,Purushottam Express,EXP,DDU,GAYA,205.0,165.0,7,1,16.3,0.71,0,163.31
TRIP-2496,12802,Purushottam Express,EXP,GAYA,BKSC,149.0,135.0,10,1,16.1,0.63,0,133.98
TRIP-2496,12802,Purushottam Express,EXP,BKSC,PURI,612.0,520.0,13,1,14.2,0.5,0,499.32
TRIP-2497,12951,Mumbai Rajdhani Express,RAJ,BCT,ST,263.0,160.0,0,2,0.0,0.85,0,157.39
TRIP-2497,12951,Mumbai Rajdhani Express,RAJ,ST,BRC,129.0,80.0,2,2,0.0,0.89,0,81.87
TRIP-2497,12951,Mumbai Rajdhani Express,RAJ,BRC,RTM,261.0,195.0,4,2,2.6,0.82,0,181.89
TRIP-2497,12951,Mumbai Rajdhani Express,RAJ,RTM,KOTA,266.0,155.0,7,2,0.0,0.61,0,154.17
TRIP-2497,12951,Mumbai Rajdhani Express,RAJ,KOTA,MTJ,324.0,195.0,9,2,1.0,0.98,0,203.03
TRIP-2497,12951,Mumbai Rajdhani Express,RAJ,MTJ,NDLS,143.0,110.0,13,2,9.9,0.7,0,109.4
TRIP-2498,12951,Mumbai Rajdhani Express,RAJ,BCT,ST,263.0,160.0,2,2,0.7,0.73,0,145.28
TRIP-2498,12951,Mumbai Rajdhani Express,RAJ,ST,BRC,129.0,80.0,4,2,0.0,0.76,0,76.36
TRIP-2498,12951,Mumbai Rajdhani Express,RAJ,BRC,RTM,261.0,195.0,5,2,0.0,0.79,0,193.31
TRIP-2498,12951,Mumbai Rajdhani Express,RAJ,RTM,KOTA,266.0,155.0,9,2,0.0,0.89,0,164.54
TRIP-2498,12951,Mumbai Rajdhani Express,RAJ,KOTA,MTJ,324.0,195.0,11,2,9.1,0.89,0,193.36
TRIP-2498,12951,Mumbai Rajdhani Express,RAJ,MTJ,NDLS,143.0,110.0,15,2,8.1,0.82,0,105.08
TRIP-2499,12802,Purushottam Express,EXP,NDLS,CNB,440.0,350.0,4,2,3.4,0.82,0,324.87
TRIP-2499,12802,Purushottam Express,EXP,CNB,PRYJ,194.5,150.0,9,2,0.0,0.92,0,153.11
TRIP-2499,12802,Purushottam Express,EXP,PRYJ,DDU,153.0,135.0,12,2,4.1,0.78,0,131.82
TRIP-2499,12802,Purushottam Express,EXP,DDU,GAYA,205.0,165.0,14,2,2.2,0.66,0,166.38
TRIP-2499,12802,Purushottam Express,EXP,GAYA,BKSC,149.0,135.0,17,2,4.2,0.69,0,138.88
TRIP-2499,12802,Purushottam Express,EXP,BKSC,PURI,612.0,520.0,19,2,8.8,0.76,0,522.39
TRIP-2500,12302,Howrah Rajdhani Express,RAJ,NDLS,CNB,440.0,285.0,6,2,12.4,0.61,0,269.11
TRIP-2500,12302,Howrah Rajdhani Express,RAJ,CNB,PRYJ,194.5,120.0,10,2,0.0,0.98,0,128.54
TRIP-2500,12302,Howrah Rajdhani Express,RAJ,PRYJ,DDU,153.0,105.0,12,2,9.0,0.84,0,97.32
TRIP-2500,12302,Howrah Rajdhani Express,RAJ,DDU,GAYA,205.0,130.0,14,2,0.6,0.77,0,126.45
TRIP-2500,12302,Howrah Rajdhani Express,RAJ,GAYA,DHN,201.0,140.0,16,2,0.0,0.63,0,134.41
TRIP-2500,12302,Howrah Rajdhani Express,RAJ,DHN,HWH,259.0,200.0,19,2,0.0,0.64,0,196.62
TRIP-2501,22436,Vande Bharat Express,VB,NDLS,CNB,440.0,240.0,8,2,10.0,0.81,0,241.82
TRIP-2501,22436,Vande Bharat Express,VB,CNB,PRYJ,194.5,100.0,12,2,12.7,0.69,0,96.13
TRIP-2501,22436,Vande Bharat Express,VB,PRYJ,DDU,153.0,90.0,13,2,9.8,0.69,0,87.83
TRIP-2501,22436,Vande Bharat Express,VB,DDU,BSB,18.0,25.0,15,2,8.1,0.83,0,25.3
TRIP-2502,12302,Howrah Rajdhani Express,RAJ,NDLS,CNB,440.0,285.0,10,2,6.6,0.96,0,292.04
TRIP-2502,12302,Howrah Rajdhani Express,RAJ,CNB,PRYJ,194.5,120.0,14,2,13.3,0.65,0,111.75
TRIP-2502,12302,Howrah Rajdhani Express,RAJ,PRYJ,DDU,153.0,105.0,16,2,7.0,0.64,0,101.85
TRIP-2502,12302,Howrah Rajdhani Express,RAJ,DDU,GAYA,205.0,130.0,18,2,4.1,0.89,0,142.45
TRIP-2502,12302,Howrah Rajdhani Express,RAJ,GAYA,DHN,201.0,140.0,21,2,17.3,0.74,0,135.37
TRIP-2502,12302,Howrah Rajdhani Express,RAJ,DHN,HWH,259.0,200.0,23,2,14.3,0.57,0,190.23
TRIP-2503,12004,Lucknow Shatabdi Express,SF,NDLS,GZB,24.5,38.0,14,2,42.1,0.8,0,51.4
TRIP-2503,12004,Lucknow Shatabdi Express,SF,GZB,ALJN,106.3,60.0,14,2,55.5,0.82,0,66.4
TRIP-2503,12004,Lucknow Shatabdi Express,SF,ALJN,CNB,308.6,210.0,16,2,61.2,0.85,0,215.74
TRIP-2503,12004,Lucknow Shatabdi Express,SF,CNB,LKO,71.6,75.0,19,2,68.0,0.98,0,95.59
TRIP-2504,12004,Lucknow Shatabdi Express,SF,NDLS,GZB,24.5,38.0,17,2,1.7,0.93,0,37.09
TRIP-2504,12004,Lucknow Shatabdi Express,SF,GZB,ALJN,106.3,60.0,17,2,0.8,0.98,0,64.59
TRIP-2504,12004,Lucknow Shatabdi Express,SF,ALJN,CNB,308.6,210.0,18,2,5.1,0.91,0,219.39
TRIP-2504,12004,Lucknow Shatabdi Express,SF,CNB,LKO,71.6,75.0,22,2,16.3,0.67,0,75.7
TRIP-2505,12302,Howrah Rajdhani Express,RAJ,NDLS,CNB,440.0,285.0,19,2,0.0,0.98,0,300.42
TRIP-2505,12302,Howrah Rajdhani Express,RAJ,CNB,PRYJ,194.5,120.0,0,2,15.4,0.71,0,112.0
TRIP-2505,12302,Howrah Rajdhani Express,RAJ,PRYJ,DDU,153.0,105.0,2,2,8.4,0.82,0,96.54
TRIP-2505,12302,Howrah Rajdhani Express,RAJ,DDU,GAYA,205.0,130.0,3,2,0.6,0.68,0,120.16
TRIP-2505,12302,Howrah Rajdhani Express,RAJ,GAYA,DHN,201.0,140.0,5,2,0.0,0.57,0,136.74
TRIP-2505,12302,Howrah Rajdhani Express,RAJ,DHN,HWH,259.0,200.0,8,2,0.0,0.73,0,204.74
TRIP-2506,12802,Purushottam Express,EXP,NDLS,CNB,440.0,350.0,1,3,13.1,0.61,0,325.71
TRIP-2506,12802,Purushottam Express,EXP,CNB,PRYJ,194.5,150.0,6,3,0.0,0.71,0,144.68
TRIP-2506,12802,Purushottam Express,EXP,PRYJ,DDU,153.0,135.0,9,3,0.0,0.94,0,143.25
TRIP-2506,12802,Purushottam Express,EXP,DDU,GAYA,205.0,165.0,11,3,7.3,0.81,0,169.19
TRIP-2506,12802,Purushottam Express,EXP,GAYA,BKSC,149.0,135.0,14,3,12.0,0.4,0,130.99
TRIP-2506,12802,Purushottam Express,EXP,BKSC,PURI,612.0,520.0,16,3,7.1,0.57,0,499.1
TRIP-2507,12302,Howrah Rajdhani Express,RAJ,NDLS,CNB,440.0,285.0,5,3,2.2,0.7,0,276.01
TRIP-2507,12302,Howrah Rajdhani Express,RAJ,CNB,PRYJ,194.5,120.0,9,3,0.0,0.98,0,130.94
TRIP-2507,12302,Howrah Rajdhani Express,RAJ,PRYJ,DDU,153.0,105.0,11,3,11.8,0.98,0,109.27
TRIP-2507,12302,Howrah Rajdhani Express,RAJ,DDU,GAYA,205.0,130.0,13,3,15.4,0.76,0,128.2
TRIP-2507,12302,Howrah Rajdhani Express,RAJ,GAYA,DHN,201.0,140.0,16,3,15.4,0.51,0,128.37
TRIP-2507,12302,Howrah Rajdhani Express,RAJ,DHN,HWH,259.0,200.0,18,3,3.2,0.63,0,197.66
TRIP-2508,12302,Howrah Rajdhani Express,RAJ,NDLS,CNB,440.0,285.0,11,3,15.3,0.87,0,287.75
TRIP-2508,12302,Howrah Rajdhani Express,RAJ,CNB,PRYJ,194.5,120.0,15,3,19.3,0.84,0,112.44
TRIP-2508,12302,Howrah Rajdhani Express,RAJ,PRYJ,DDU,153.0,105.0,17,3,11.4,0.98,0,107.55
TRIP-2508,12302,Howrah Rajdhani Express,RAJ,DDU,GAYA,205.0,130.0,19,3,13.0,0.81,0,127.78
TRIP-2508,12302,Howrah Rajdhani Express,RAJ,GAYA,DHN,201.0,140.0,21,3,12.1,0.69,0,137.95
TRIP-2508,12302,Howrah Rajdhani Express,RAJ,DHN,HWH,259.0,200.0,0,3,11.6,0.56,0,188.52
TRIP-2509,12951,Mumbai Rajdhani Express,RAJ,BCT,ST,263.0,160.0,15,3,6.4,0.77,0,153.84
TRIP-2509,12951,Mumbai Rajdhani Express,RAJ,ST,BRC,129.0,80.0,17,3,1.5,0.8,0,86.91
TRIP-2509,12951,Mumbai Rajdhani Express,RAJ,BRC,RTM,261.0,195.0,19,3,9.2,0.97,0,198.71
TRIP-2509,12951,Mumbai Rajdhani Express,RAJ,RTM,KOTA,266.0,155.0,22,3,13.9,0.83,0,149.54
TRIP-2509,12951,Mumbai Rajdhani Express,RAJ,KOTA,MTJ,324.0,195.0,1,3,9.7,0.66,0,180.29
TRIP-2509,12951,Mumbai Rajdhani Express,RAJ,MTJ,NDLS,143.0,110.0,4,3,0.0,0.88,0,107.81
TRIP-2510,22436,Vande Bharat Express,VB,NDLS,CNB,440.0,240.0,19,3,10.0,0.98,0,249.3
TRIP-2510,22436,Vande Bharat Express,VB,CNB,PRYJ,194.5,100.0,23,3,18.9,0.86,0,94.49
TRIP-2510,22436,Vande Bharat Express,VB,PRYJ,DDU,153.0,90.0,0,3,13.4,0.75,0,84.09
TRIP-2510,22436,Vande Bharat Express,VB,DDU,BSB,18.0,25.0,2,3,6.5,0.63,0,16.17
TRIP-2511,22436,Vande Bharat Express,VB,NDLS,CNB,440.0,240.0,21,3,10.0,0.84,0,239.0
TRIP-2511,22436,Vande Bharat Express,VB,CNB,PRYJ,194.5,100.0,1,3,9.9,0.68,0,83.36
TRIP-2511,22436,Vande Bharat Express,VB,PRYJ,DDU,153.0,90.0,2,3,0.0,0.89,0,88.96
TRIP-2511,22436,Vande Bharat Express,VB,DDU,BSB,18.0,25.0,4,3,0.0,0.67,0,23.23
TRIP-2512,12302,Howrah Rajdhani Express,RAJ,NDLS,CNB,440.0,285.0,0,4,0.0,0.68,0,286.65
TRIP-2512,12302,Howrah Rajdhani Express,RAJ,CNB,PRYJ,194.5,120.0,4,4,2.6,0.88,0,115.84
TRIP-2512,12302,Howrah Rajdhani Express,RAJ,PRYJ,DDU,153.0,105.0,6,4,0.0,0.69,0,104.93
TRIP-2512,12302,Howrah Rajdhani Express,RAJ,DDU,GAYA,205.0,130.0,8,4,0.0,0.87,0,138.74
TRIP-2512,12302,Howrah Rajdhani Express,RAJ,GAYA,DHN,201.0,140.0,11,4,10.7,0.81,0,141.51
TRIP-2512,12302,Howrah Rajdhani Express,RAJ,DHN,HWH,259.0,200.0,13,4,13.7,0.6,0,197.55
TRIP-2513,12802,Purushottam Express,EXP,NDLS,CNB,440.0,350.0,2,4,5.7,0.71,0,329.1
TRIP-2513,12802,Purushottam Express,EXP,CNB,PRYJ,194.5,150.0,7,4,0.0,0.64,0,146.27
TRIP-2513,12802,Purushottam Express,EXP,PRYJ,DDU,153.0,135.0,10,4,0.0,0.98,0,150.6
TRIP-2513,12802,Purushottam Express,EXP,DDU,GAYA,205.0,165.0,12,4,16.2,0.82,0,167.9
TRIP-2513,12802,Purushottam Express,EXP,GAYA,BKSC,149.0,135.0,15,4,20.3,0.42,0,130.03
TRIP-2513,12802,Purushottam Express,EXP,BKSC,PURI,612.0,520.0,17,4,16.9,0.73,0,535.07
TRIP-2514,12004,Lucknow Shatabdi Express,SF,NDLS,GZB,24.5,38.0,4,4,0.0,0.85,0,42.33
TRIP-2514,12004,Lucknow Shatabdi Express,SF,GZB,ALJN,106.3,60.0,4,4,4.0,0.64,0,57.01
TRIP-2514,12004,Lucknow Shatabdi Express,SF,ALJN,CNB,308.6,210.0,5,4,0.8,0.72,0,210.16
TRIP-2514,12004,Lucknow Shatabdi Express,SF,CNB,LKO,71.6,75.0,9,4,2.1,0.89,0,80.02
TRIP-2515,12004,Lucknow Shatabdi Express,SF,NDLS,GZB,24.5,38.0,8,4,0.0,0.94,0,41.91
TRIP-2515,12004,Lucknow Shatabdi Express,SF,GZB,ALJN,106.3,60.0,8,4,4.3,0.98,0,69.68
TRIP-2515,12004,Lucknow Shatabdi Express,SF,ALJN,CNB,308.6,210.0,10,4,15.8,0.97,0,221.19
TRIP-2515,12004,Lucknow Shatabdi Express,SF,CNB,LKO,71.6,75.0,13,4,27.5,0.66,0,78.35
TRIP-2516,12951,Mumbai Rajdhani Express,RAJ,BCT,ST,263.0,160.0,12,4,10.0,0.8,0,158.26
TRIP-2516,12951,Mumbai Rajdhani Express,RAJ,ST,BRC,129.0,80.0,14,4,10.1,0.72,0,79.46
TRIP-2516,12951,Mumbai Rajdhani Express,RAJ,BRC,RTM,261.0,195.0,16,4,9.1,0.67,0,189.48
TRIP-2516,12951,Mumbai Rajdhani Express,RAJ,RTM,KOTA,266.0,155.0,19,4,4.5,0.93,0,167.95
TRIP-2516,12951,Mumbai Rajdhani Express,RAJ,KOTA,MTJ,324.0,195.0,22,4,16.6,0.62,0,189.49
TRIP-2516,12951,Mumbai Rajdhani Express,RAJ,MTJ,NDLS,143.0,110.0,1,4,12.5,0.75,0,94.98
TRIP-2517,22436,Vande Bharat Express,VB,NDLS,CNB,440.0,240.0,18,4,7.0,0.98,0,251.05
TRIP-2517,22436,Vande Bharat Express,VB,CNB,PRYJ,194.5,100.0,22,4,17.4,0.84,0,99.3
TRIP-2517,22436,Vande Bharat Express,VB,PRYJ,DDU,153.0,90.0,0,4,16.1,0.87,0,83.74
TRIP-2517,22436,Vande Bharat Express,VB,DDU,BSB,18.0,25.0,1,4,9.7,0.65,0,19.95
TRIP-2518,22436,Vande Bharat Express,VB,NDLS,CNB,440.0,240.0,22,4,3.1,0.71,0,243.58
TRIP-2518,22436,Vande Bharat Express,VB,CNB,PRYJ,194.5,100.0,2,4,6.2,0.76,0,93.55
TRIP-2518,22436,Vande Bharat Express,VB,PRYJ,DDU,153.0,90.0,3,4,0.0,0.68,0,91.3
TRIP-2518,22436,Vande Bharat Express,VB,DDU,BSB,18.0,25.0,5,4,3.0,0.66,0,29.29
TRIP-2519,12302,Howrah Rajdhani Express,RAJ,NDLS,CNB,440.0,285.0,2,5,27.8,0.78,0,257.78
TRIP-2519,12302,Howrah Rajdhani Express,RAJ,CNB,PRYJ,194.5,120.0,6,5,0.0,0.78,0,118.72
TRIP-2519,12302,Howrah Rajdhani Express,RAJ,PRYJ,DDU,153.0,105.0,8,5,0.0,0.93,0,116.67
TRIP-2519,12302,Howrah Rajdhani Express,RAJ,DDU,GAYA,205.0,130.0,10,5,13.1,0.81,0,129.94
TRIP-2519,12302,Howrah Rajdhani Express,RAJ,GAYA,DHN,201.0,140.0,12,5,13.8,0.51,0,126.6
TRIP-2519,12302,Howrah Rajdhani Express,RAJ,DHN,HWH,259.0,200.0,14,5,1.1,0.39,0,193.2
TRIP-2520,12802,Purushottam Express,EXP,NDLS,CNB,440.0,350.0,6,5,0.0,0.65,0,337.3
TRIP-2520,12802,Purushottam Express,EXP,CNB,PRYJ,194.5,150.0,11,5,0.0,0.98,0,156.95
TRIP-2520,12802,Purushottam Express,EXP,PRYJ,DDU,153.0,135.0,14,5,8.5,0.81,0,130.1
TRIP-2520,12802,Purushottam Express,EXP,DDU,GAYA,205.0,165.0,16,5,4.6,0.64,0,162.56
TRIP-2520,12802,Purushottam Express,EXP,GAYA,BKSC,149.0,135.0,19,5,2.8,0.57,0,132.95
TRIP-2520,12802,Purushottam Express,EXP,BKSC,PURI,612.0,520.0,21,5,1.2,0.81,0,523.8
TRIP-2521,12802,Purushottam Express,EXP,NDLS,CNB,440.0,350.0,9,5,0.0,0.98,0,361.48
TRIP-2521,12802,Purushottam Express,EXP,CNB,PRYJ,194.5,150.0,15,5,12.8,0.75,0,149.19
TRIP-2521,12802,Purushottam Express,EXP,PRYJ,DDU,153.0,135.0,17,5,12.0,0.8,0,143.91
TRIP-2521,12802,Purushottam Express,EXP,DDU,GAYA,205.0,165.0,20,5,21.1,0.86,0,174.09
TRIP-2521,12802,Purushottam Express,EXP,GAYA,BKSC,149.0,135.0,23,5,31.2,0.56,0,137.71
TRIP-2521,12802,Purushottam Express,EXP,BKSC,PURI,612.0,520.0,1,5,35.8,0.43,0,479.62
TRIP-2522,12004,Lucknow Shatabdi Express,SF,NDLS,GZB,24.5,38.0,13,5,0.0,0.74,0,44.85
TRIP-2522,12004,Lucknow Shatabdi Express,SF,GZB,ALJN,106.3,60.0,13,5,8.5,0.87,0,62.32
TRIP-2522,12004,Lucknow Shatabdi Express,SF,ALJN,CNB,308.6,210.0,14,5,10.4,0.63,0,206.42
TRIP-2522,12004,Lucknow Shatabdi Express,SF,CNB,LKO,71.6,75.0,18,5,7.3,0.81,0,81.22
TRIP-2523,12802,Purushottam Express,EXP,NDLS,CNB,440.0,350.0,19,5,1.5,0.98,0,364.55
TRIP-2523,12802,Purushottam Express,EXP,CNB,PRYJ,194.5,150.0,1,5,16.5,0.68,0,141.78
TRIP-2523,12802,Purushottam Express,EXP,PRYJ,DDU,153.0,135.0,3,5,10.0,0.74,0,126.76
TRIP-2523,12802,Purushottam Express,EXP,DDU,GAYA,205.0,165.0,5,5,2.7,0.62,0,159.74
TRIP-2523,12802,Purushottam Express,EXP,GAYA,BKSC,149.0,135.0,8,5,0.0,0.75,0,136.44
TRIP-2523,12802,Purushottam Express,EXP,BKSC,PURI,612.0,520.0,10,5,1.1,0.77,0,527.29
TRIP-2524,12302,Howrah Rajdhani Express,RAJ,NDLS,CNB,440.0,285.0,22,5,1.5,0.85,0,282.07
TRIP-2524,12302,Howrah Rajdhani Express,RAJ,CNB,PRYJ,194.5,120.0,2,5,0.0,0.73,0,110.99
TRIP-2524,12302,Howrah Rajdhani Express,RAJ,PRYJ,DDU,153.0,105.0,4,5,0.0,0.65,0,101.58
TRIP-2524,12302,Howrah Rajdhani Express,RAJ,DDU,GAYA,205.0,130.0,6,5,0.0,0.66,0,127.01
TRIP-2524,12302,Howrah Rajdhani Express,RAJ,GAYA,DHN,201.0,140.0,8,5,0.0,0.59,0,140.59
TRIP-2524,12302,Howrah Rajdhani Express,RAJ,DHN,HWH,259.0,200.0,11,5,0.0,0.84,0,201.83
TRIP-2525,12302,Howrah Rajdhani Express,RAJ,NDLS,CNB,440.0,285.0,0,6,3.8,0.63,0,280.26
TRIP-2525,12302,Howrah Rajdhani Express,RAJ,CNB,PRYJ,194.5,120.0,4,6,0.2,0.7,0,115.29
TRIP-2525,12302,Howrah Rajdhani Express,RAJ,PRYJ,DDU,153.0,105.0,6,6,0.0,0.8,0,110.88
TRIP-2525,12302,Howrah Rajdhani Express,RAJ,DDU,GAYA,205.0,130.0,8,6,6.0,0.98,0,138.32
TRIP-2525,12302,Howrah Rajdhani Express,RAJ,GAYA,DHN,201.0,140.0,11,6,14.8,0.78,0,136.01
TRIP-2525,12302,Howrah Rajdhani Express,RAJ,DHN,HWH,259.0,200.0,13,6,11.4,0.55,0,192.13
TRIP-2526,12004,Lucknow Shatabdi Express,SF,NDLS,GZB,24.5,38.0,2,6,4.6,0.63,0,37.25
TRIP-2526,12004,Lucknow Shatabdi Express,SF,GZB,ALJN,106.3,60.0,2,6,4.0,0.84,0,62.63
TRIP-2526,12004,Lucknow Shatabdi Express,SF,ALJN,CNB,308.6,210.0,3,6,7.4,0.75,0,195.65
TRIP-2526,12004,Lucknow Shatabdi Express,SF,CNB,LKO,71.6,75.0,7,6,0.0,0.67,0,76.03
TRIP-2527,12302,Howrah Rajdhani Express,RAJ,NDLS,CNB,440.0,285.0,6,6,8.2,0.65,0,275.84
TRIP-2527,12302,Howrah Rajdhani Express,RAJ,CNB,PRYJ,194.5,120.0,10,6,0.7,0.94,0,129.25
TRIP-2527,12302,Howrah Rajdhani Express,RAJ,PRYJ,DDU,153.0,105.0,12,6,10.0,0.64,0,102.72
TRIP-2527,12302,Howrah Rajdhani Express,RAJ,DDU,GAYA,205.0,130.0,14,6,8.3,0.8,0,127.93
TRIP-2527,12302,Howrah Rajdhani Express,RAJ,GAYA,DHN,201.0,140.0,16,6,7.0,0.61,0,129.91
TRIP-2527,12302,Howrah Rajdhani Express,RAJ,DHN,HWH,259.0,200.0,19,6,0.0,0.78,0,205.96
TRIP-2528,22436,Vande Bharat Express,VB,NDLS,CNB,440.0,240.0,10,6,0.0,0.98,0,253.06
TRIP-2528,22436,Vande Bharat Express,VB,CNB,PRYJ,194.5,100.0,14,6,12.6,0.74,0,103.72
TRIP-2528,22436,Vande Bharat Express,VB,PRYJ,DDU,153.0,90.0,16,6,16.3,0.8,0,92.15
TRIP-2528,22436,Vande Bharat Express,VB,DDU,BSB,18.0,25.0,17,6,20.4,0.81,0,28.87
TRIP-2529,22436,Vande Bharat Express,VB,NDLS,CNB,440.0,240.0,16,6,2.5,0.9,0,239.29
TRIP-2529,22436,Vande Bharat Express,VB,CNB,PRYJ,194.5,100.0,20,6,2.5,0.97,0,109.25
TRIP-2529,22436,Vande Bharat Express,VB,PRYJ,DDU,153.0,90.0,21,6,13.0,0.88,0,93.89
TRIP-2529,22436,Vande Bharat Express,VB,DDU,BSB,18.0,25.0,23,6,16.8,0.63,0,21.93
TRIP-2530,12951,Mumbai Rajdhani Express,RAJ,BCT,ST,263.0,160.0,18,6,0.0,0.95,0,170.77
TRIP-2530,12951,Mumbai Rajdhani Express,RAJ,ST,BRC,129.0,80.0,20,6,12.1,0.98,0,85.0
TRIP-2530,12951,Mumbai Rajdhani Express,RAJ,BRC,RTM,261.0,195.0,22,6,17.4,0.71,0,188.89
TRIP-2530,12951,Mumbai Rajdhani Express,RAJ,RTM,KOTA,266.0,155.0,1,6,10.8,0.75,0,147.46
TRIP-2530,12951,Mumbai Rajdhani Express,RAJ,KOTA,MTJ,324.0,195.0,4,6,4.7,0.71,0,188.51
TRIP-2530,12951,Mumbai Rajdhani Express,RAJ,MTJ,NDLS,143.0,110.0,7,6,0.0,0.85,0,119.48
TRIP-2531,12302,Howrah Rajdhani Express,RAJ,NDLS,CNB,440.0,285.0,21,6,9.2,0.98,0,298.87
TRIP-2531,12302,Howrah Rajdhani Express,RAJ,CNB,PRYJ,194.5,120.0,2,6,24.9,0.68,0,114.26
TRIP-2531,12302,Howrah Rajdhani Express,RAJ,PRYJ,DDU,153.0,105.0,4,6,20.1,0.63,0,104.79
TRIP-2531,12302,Howrah Rajdhani Express,RAJ,DDU,GAYA,205.0,130.0,5,6,19.0,0.73,0,126.06
TRIP-2531,12302,Howrah Rajdhani Express,RAJ,GAYA,DHN,201.0,140.0,8,6,15.0,0.64,0,134.95
TRIP-2531,12302,Howrah Rajdhani Express,RAJ,DHN,HWH,259.0,200.0,10,6,9.0,0.77,0,201.12
TRIP-2532,12004,Lucknow Shatabdi Express,SF,NDLS,GZB,24.5,38.0,3,0,5.2,0.89,0,42.85
TRIP-2532,12004,Lucknow Shatabdi Express,SF,GZB,ALJN,106.3,60.0,3,0,11.5,0.87,0,59.88
TRIP-2532,12004,Lucknow Shatabdi Express,SF,ALJN,CNB,308.6,210.0,4,0,12.9,0.87,0,193.56
TRIP-2532,12004,Lucknow Shatabdi Express,SF,CNB,LKO,71.6,75.0,8,0,0.0,0.98,0,83.22
TRIP-2533,22436,Vande Bharat Express,VB,NDLS,CNB,440.0,240.0,6,0,0.7,0.74,0,235.84
TRIP-2533,22436,Vande Bharat Express,VB,CNB,PRYJ,194.5,100.0,10,0,0.0,0.94,0,103.08
TRIP-2533,22436,Vande Bharat Express,VB,PRYJ,DDU,153.0,90.0,11,0,2.2,0.98,0,100.74
TRIP-2533,22436,Vande Bharat Express,VB,DDU,BSB,18.0,25.0,13,0,13.7,0.82,0,25.32
TRIP-2534,12951,Mumbai Rajdhani Express,RAJ,BCT,ST,263.0,160.0,8,0,7.8,0.98,0,167.51
TRIP-2534,12951,Mumbai Rajdhani Express,RAJ,ST,BRC,129.0,80.0,10,0,16.3,0.85,0,80.27
TRIP-2534,12951,Mumbai Rajdhani Express,RAJ,BRC,RTM,261.0,195.0,12,0,18.5,0.6,0,186.76
TRIP-2534,12951,Mumbai Rajdhani Express,RAJ,RTM,KOTA,266.0,155.0,15,0,11.4,0.89,0,148.03
TRIP-2534,12951,Mumbai Rajdhani Express,RAJ,KOTA,MTJ,324.0,195.0,18,0,4.8,0.98,0,205.64
TRIP-2534,12951,Mumbai Rajdhani Express,RAJ,MTJ,NDLS,143.0,110.0,21,0,17.2,0.98,0,112.08
TRIP-2535,22436,Vande Bharat Express,VB,NDLS,CNB,440.0,240.0,11,0,10.0,0.98,0,245.4
TRIP-2535,22436,Vande Bharat Express,VB,CNB,PRYJ,194.5,100.0,15,0,17.0,0.84,0,95.56
TRIP-2535,22436,Vande Bharat Express,VB,PRYJ,DDU,153.0,90.0,16,0,12.4,0.61,0,83.34
TRIP-2535,22436,Vande Bharat Express,VB,DDU,BSB,18.0,25.0,18,0,7.3,0.92,0,26.29
TRIP-2536,12802,Purushottam Express,EXP,NDLS,CNB,440.0,350.0,17,0,12.6,0.88,0,360.06
TRIP-2536,12802,Purushottam Express,EXP,CNB,PRYJ,194.5,150.0,23,0,21.9,0.62,0,146.94
TRIP-2536,12802,Purushottam Express,EXP,PRYJ,DDU,153.0,135.0,1,0,18.1,0.75,0,127.08
TRIP-2536,12802,Purushottam Express,EXP,DDU,GAYA,205.0,165.0,3,0,10.5,0.68,0,153.61
TRIP-2536,12802,Purushottam Express,EXP,GAYA,BKSC,149.0,135.0,6,0,0.0,0.53,0,129.49
TRIP-2536,12802,Purushottam Express,EXP,BKSC,PURI,612.0,520.0,8,0,0.0,0.84,0,526.57
TRIP-2537,12951,Mumbai Rajdhani Express,RAJ,BCT,ST,263.0,160.0,23,0,10.0,0.84,0,157.56
TRIP-2537,12951,Mumbai Rajdhani Express,RAJ,ST,BRC,129.0,80.0,1,0,9.5,0.83,0,73.99
TRIP-2537,12951,Mumbai Rajdhani Express,RAJ,BRC,RTM,261.0,195.0,3,0,3.9,0.64,0,183.85
TRIP-2537,12951,Mumbai Rajdhani Express,RAJ,RTM,KOTA,266.0,155.0,6,0,0.0,0.76,0,151.44
TRIP-2537,12951,Mumbai Rajdhani Express,RAJ,KOTA,MTJ,324.0,195.0,8,0,0.0,0.98,0,210.76
TRIP-2537,12951,Mumbai Rajdhani Express,RAJ,MTJ,NDLS,143.0,110.0,12,0,16.6,0.89,0,104.36
TRIP-2538,22436,Vande Bharat Express,VB,NDLS,CNB,440.0,240.0,1,1,1.9,0.79,0,216.45
TRIP-2538,22436,Vande Bharat Express,VB,CNB,PRYJ,194.5,100.0,4,1,0.0,0.81,0,95.41
TRIP-2538,22436,Vande Bharat Express,VB,PRYJ,DDU,153.0,90.0,6,1,0.0,0.64,0,90.07
TRIP-2538,22436,Vande Bharat Express,VB,DDU,BSB,18.0,25.0,7,1,0.0,0.71,0,25.88
TRIP-2539,12802,Purushottam Express,EXP,NDLS,CNB,440.0,350.0,4,1,51.3,0.86,0,329.38
TRIP-2539,12802,Purushottam Express,EXP,CNB,PRYJ,194.5,150.0,9,1,29.9,0.98,0,156.11
TRIP-2539,12802,Purushottam Express,EXP,PRYJ,DDU,153.0,135.0,12,1,37.0,0.84,0,141.29
TRIP-2539,12802,Purushottam Express,EXP,DDU,GAYA,205.0,165.0,14,1,43.0,0.68,0,171.47
TRIP-2539,12802,Purushottam Express,EXP,GAYA,BKSC,149.0,135.0,17,1,50.5,0.67,0,142.58
TRIP-2539,12802,Purushottam Express,EXP,BKSC,PURI,612.0,520.0,20,1,58.9,0.78,0,535.22
TRIP-2540,12004,Lucknow Shatabdi Express,SF,NDLS,GZB,24.5,38.0,6,1,37.3,0.69,0,38.83
TRIP-2540,12004,Lucknow Shatabdi Express,SF,GZB,ALJN,106.3,60.0,6,1,38.9,0.63,0,71.62
TRIP-2540,12004,Lucknow Shatabdi Express,SF,ALJN,CNB,308.6,210.0,8,1,50.7,0.98,0,223.63
TRIP-2540,12004,Lucknow Shatabdi Express,SF,CNB,LKO,71.6,75.0,11,1,64.5,0.98,0,89.4
TRIP-2541,12802,Purushottam Express,EXP,NDLS,CNB,440.0,350.0,8,1,0.6,0.98,0,362.52
TRIP-2541,12802,Purushottam Express,EXP,CNB,PRYJ,194.5,150.0,14,1,14.1,0.66,0,139.39
TRIP-2541,12802,Purushottam Express,EXP,PRYJ,DDU,153.0,135.0,16,1,3.4,0.83,0,132.49
TRIP-2541,12802,Purushottam Express,EXP,DDU,GAYA,205.0,165.0,18,1,2.0,0.98,0,173.96
TRIP-2541,12802,Purushottam Express,EXP,GAYA,BKSC,149.0,135.0,21,1,10.9,0.82,0,138.74
TRIP-2541,12802,Purushottam Express,EXP,BKSC,PURI,612.0,520.0,0,1,16.5,0.64,0,493.03
TRIP-2542,12004,Lucknow Shatabdi Express,SF,NDLS,GZB,24.5,38.0,11,1,15.6,0.89,0,47.34
TRIP-2542,12004,Lucknow Shatabdi Express,SF,GZB,ALJN,106.3,60.0,11,1,25.3,0.98,0,68.86
TRIP-2542,12004,Lucknow Shatabdi Express,SF,ALJN,CNB,308.6,210.0,13,1,33.9,0.6,0,217.56
TRIP-2542,12004,Lucknow Shatabdi Express,SF,CNB,LKO,71.6,75.0,16,1,42.9,0.88,0,84.64
TRIP-2543,12302,Howrah Rajdhani Express,RAJ,NDLS,CNB,440.0,285.0,15,1,84.2,0.84,0,281.07
TRIP-2543,12302,Howrah Rajdhani Express,RAJ,CNB,PRYJ,194.5,120.0,19,1,80.8,0.82,0,132.37
TRIP-2543,12302,Howrah Rajdhani Express,RAJ,PRYJ,DDU,153.0,105.0,22,1,95.0,0.82,0,109.37
TRIP-2543,12302,Howrah Rajdhani Express,RAJ,DDU,GAYA,205.0,130.0,23,1,100.4,0.69,0,135.13
TRIP-2543,12302,Howrah Rajdhani Express,RAJ,GAYA,DHN,201.0,140.0,2,1,106.6,0.49,0,138.26
TRIP-2543,12302,Howrah Rajdhani Express,RAJ,DHN,HWH,259.0,200.0,4,1,104.4,0.44,0,187.8
TRIP-2544,12951,Mumbai Rajdhani Express,RAJ,BCT,ST,263.0,160.0,19,1,65.9,0.98,0,175.98
TRIP-2544,12951,Mumbai Rajdhani Express,RAJ,ST,BRC,129.0,80.0,22,1,82.3,0.78,0,84.67
TRIP-2544,12951,Mumbai Rajdhani Express,RAJ,BRC,RTM,261.0,195.0,23,1,86.8,0.79,0,193.14
TRIP-2544,12951,Mumbai Rajdhani Express,RAJ,RTM,KOTA,266.0,155.0,2,1,86.4,0.75,0,150.23
TRIP-2544,12951,Mumbai Rajdhani Express,RAJ,KOTA,MTJ,324.0,195.0,5,1,81.7,0.86,0,193.67
TRIP-2544,12951,Mumbai Rajdhani Express,RAJ,MTJ,NDLS,143.0,110.0,8,1,79.8,0.83,0,123.56
TRIP-2545,12004,Lucknow Shatabdi Express,SF,NDLS,GZB,24.5,38.0,23,1,10.0,0.8,0,41.56
TRIP-2545,12004,Lucknow Shatabdi Express,SF,GZB,ALJN,106.3,60.0,23,1,12.7,0.9,0,64.98
TRIP-2545,12004,Lucknow Shatabdi Express,SF,ALJN,CNB,308.6,210.0,0,1,18.9,0.81,0,211.11
TRIP-2545,12004,Lucknow Shatabdi Express,SF,CNB,LKO,71.6,75.0,4,1,20.1,0.89,0,71.05
TRIP-2546,12951,Mumbai Rajdhani Express,RAJ,BCT,ST,263.0,160.0,5,2,48.1,0.67,0,161.61
TRIP-2546,12951,Mumbai Rajdhani Express,RAJ,ST,BRC,129.0,80.0,7,2,50.8,0.72,0,85.86
TRIP-2546,12951,Mumbai Rajdhani Express,RAJ,BRC,RTM,261.0,195.0,9,2,56.0,0.81,0,208.66
TRIP-2546,12951,Mumbai Rajdhani Express,RAJ,RTM,KOTA,266.0,155.0,12,2,70.5,0.64,0,156.76
TRIP-2546,12951,Mumbai Rajdhani Express,RAJ,KOTA,MTJ,324.0,195.0,15,2,71.3,0.64,0,205.34
TRIP-2546,12951,Mumbai Rajdhani Express,RAJ,MTJ,NDLS,143.0,110.0,19,2,83.2,0.98,0,121.16
TRIP-2547,12951,Mumbai Rajdhani Express,RAJ,BCT,ST,263.0,160.0,8,2,1.6,0.91,0,171.43
TRIP-2547,12951,Mumbai Rajdhani Express,RAJ,ST,BRC,129.0,80.0,10,2,12.4,0.81,0,78.95
TRIP-2547,12951,Mumbai Rajdhani Express,RAJ,BRC,RTM,261.0,195.0,12,2,12.6,0.67,0,184.15
TRIP-2547,12951,Mumbai Rajdhani Express,RAJ,RTM,KOTA,266.0,155.0,15,2,3.5,0.82,0,157.86
TRIP-2547,12951,Mumbai Rajdhani Express,RAJ,KOTA,MTJ,324.0,195.0,18,2,8.0,0.98,0,203.65
TRIP-2547,12951,Mumbai Rajdhani Express,RAJ,MTJ,NDLS,143.0,110.0,21,2,16.0,0.98,0,113.97
TRIP-2548,22436,Vande Bharat Express,VB,NDLS,CNB,440.0,240.0,11,2,5.2,0.97,0,244.57
TRIP-2548,22436,Vande Bharat Express,VB,CNB,PRYJ,194.5,100.0,15,2,9.0,0.72,0,98.74
TRIP-2548,22436,Vande Bharat Express,VB,PRYJ,DDU,153.0,90.0,16,2,7.4,0.87,0,88.73
TRIP-2548,22436,Vande Bharat Express,VB,DDU,BSB,18.0,25.0,18,2,7.6,0.98,0,28.53
TRIP-2549,12302,Howrah Rajdhani Express,RAJ,NDLS,CNB,440.0,285.0,13,2,0.0,0.84,0,276.54
TRIP-2549,12302,Howrah Rajdhani Express,RAJ,CNB,PRYJ,194.5,120.0,17,2,0.0,0.94,0,124.1
TRIP-2549,12302,Howrah Rajdhani Express,RAJ,PRYJ,DDU,153.0,105.0,19,2,4.4,0.93,0,111.25
TRIP-2549,12302,Howrah Rajdhani Express,RAJ,DDU,GAYA,205.0,130.0,21,2,12.5,0.95,0,136.86
TRIP-2549,12302,Howrah Rajdhani Express,RAJ,GAYA,DHN,201.0,140.0,0,2,20.3,0.36,0,129.59
TRIP-2549,12302,Howrah Rajdhani Express,RAJ,DHN,HWH,259.0,200.0,2,2,10.1,0.65,0,174.87
TRIP-2550,12302,Howrah Rajdhani Express,RAJ,NDLS,CNB,440.0,285.0,15,2,0.0,0.66,0,279.37
TRIP-2550,12302,Howrah Rajdhani Express,RAJ,CNB,PRYJ,194.5,120.0,19,2,0.0,0.81,0,119.13
TRIP-2550,12302,Howrah Rajdhani Express,RAJ,PRYJ,DDU,153.0,105.0,21,2,0.0,0.86,0,106.23
TRIP-2550,12302,Howrah Rajdhani Express,RAJ,DDU,GAYA,205.0,130.0,23,2,2.7,0.75,0,126.03
TRIP-2550,12302,Howrah Rajdhani Express,RAJ,GAYA,DHN,201.0,140.0,1,2,0.0,0.64,0,127.64
TRIP-2550,12302,Howrah Rajdhani Express,RAJ,DHN,HWH,259.0,200.0,4,2,0.0,0.47,0,179.21
TRIP-2551,12302,Howrah Rajdhani Express,RAJ,NDLS,CNB,440.0,285.0,21,2,2.7,0.98,0,292.31
TRIP-2551,12302,Howrah Rajdhani Express,RAJ,CNB,PRYJ,194.5,120.0,1,2,11.1,0.73,0,112.51
TRIP-2551,12302,Howrah Rajdhani Express,RAJ,PRYJ,DDU,153.0,105.0,3,2,4.0,0.62,0,96.22
TRIP-2551,12302,Howrah Rajdhani Express,RAJ,DDU,GAYA,205.0,130.0,5,2,0.0,0.63,0,129.69
TRIP-2551,12302,Howrah Rajdhani Express,RAJ,GAYA,DHN,201.0,140.0,7,2,0.0,0.48,0,134.64
TRIP-2551,12302,Howrah Rajdhani Express,RAJ,DHN,HWH,259.0,200.0,10,2,0.0,0.69,0,197.11
TRIP-2552,12004,Lucknow Shatabdi Express,SF,NDLS,GZB,24.5,38.0,1,3,8.8,0.82,0,38.63
TRIP-2552,12004,Lucknow Shatabdi Express,SF,GZB,ALJN,106.3,60.0,1,3,8.6,0.66,0,58.86
TRIP-2552,12004,Lucknow Shatabdi Express,SF,ALJN,CNB,308.6,210.0,2,3,8.2,0.84,0,191.81
TRIP-2552,12004,Lucknow Shatabdi Express,SF,CNB,LKO,71.6,75.0,6,3,0.0,0.76,0,72.61
TRIP-2553,12004,Lucknow Shatabdi Express,SF,NDLS,GZB,24.5,38.0,3,3,0.0,0.68,0,35.09
TRIP-2553,12004,Lucknow Shatabdi Express,SF,GZB,ALJN,106.3,60.0,3,3,0.0,0.66,0,52.43
TRIP-2553,12004,Lucknow Shatabdi Express,SF,ALJN,CNB,308.6,210.0,4,3,0.0,0.7,0,194.27
TRIP-2553,12004,Lucknow Shatabdi Express,SF,CNB,LKO,71.6,75.0,7,3,0.0,0.74,0,72.66
TRIP-2554,12802,Purushottam Express,EXP,NDLS,CNB,440.0,350.0,7,3,10.0,0.88,0,344.4
TRIP-2554,12802,Purushottam Express,EXP,CNB,PRYJ,194.5,150.0,12,3,5.9,0.86,0,146.27
TRIP-2554,12802,Purushottam Express,EXP,PRYJ,DDU,153.0,135.0,15,3,3.7,0.68,0,130.51
TRIP-2554,12802,Purushottam Express,EXP,DDU,GAYA,205.0,165.0,17,3,0.2,0.83,0,172.61
TRIP-2554,12802,Purushottam Express,EXP,GAYA,BKSC,149.0,135.0,20,3,8.3,0.74,0,134.66
TRIP-2554,12802,Purushottam Express,EXP,BKSC,PURI,612.0,520.0,22,3,7.4,0.63,0,503.18
TRIP-2555,12302,Howrah Rajdhani Express,RAJ,NDLS,CNB,440.0,285.0,13,3,0.0,0.75,0,279.47
TRIP-2555,12302,Howrah Rajdhani Express,RAJ,CNB,PRYJ,194.5,120.0,17,3,0.0,0.98,0,128.0
TRIP-2555,12302,Howrah Rajdhani Express,RAJ,PRYJ,DDU,153.0,105.0,19,3,8.3,0.96,0,105.31
TRIP-2555,12302,Howrah Rajdhani Express,RAJ,DDU,GAYA,205.0,130.0,21,3,10.3,0.91,0,130.78
TRIP-2555,12302,Howrah Rajdhani Express,RAJ,GAYA,DHN,201.0,140.0,0,3,12.3,0.52,0,132.13
TRIP-2555,12302,Howrah Rajdhani Express,RAJ,DHN,HWH,259.0,200.0,2,3,5.1,0.6,0,179.33
TRIP-2556,12951,Mumbai Rajdhani Express,RAJ,BCT,ST,263.0,160.0,19,3,10.0,0.88,0,163.86
TRIP-2556,12951,Mumbai Rajdhani Express,RAJ,ST,BRC,129.0,80.0,21,3,15.8,0.82,0,80.01
TRIP-2556,12951,Mumbai Rajdhani Express,RAJ,BRC,RTM,261.0,195.0,23,3,14.9,0.79,0,188.68
TRIP-2556,12951,Mumbai Rajdhani Express,RAJ,RTM,KOTA,266.0,155.0,2,3,10.3,0.68,0,137.76
TRIP-2556,12951,Mumbai Rajdhani Express,RAJ,KOTA,MTJ,324.0,195.0,4,3,0.0,0.88,0,190.41
TRIP-2556,12951,Mumbai Rajdhani Express,RAJ,MTJ,NDLS,143.0,110.0,8,3,0.0,0.98,0,113.53
TRIP-2557,12951,Mumbai Rajdhani Express,RAJ,BCT,ST,263.0,160.0,21,3,0.0,0.97,0,166.38
TRIP-2557,12951,Mumbai Rajdhani Express,RAJ,ST,BRC,129.0,80.0,23,3,5.8,0.67,0,73.62
TRIP-2557,12951,Mumbai Rajdhani Express,RAJ,BRC,RTM,261.0,195.0,1,3,0.1,0.84,0,181.95
TRIP-2557,12951,Mumbai Rajdhani Express,RAJ,RTM,KOTA,266.0,155.0,4,3,0.0,0.63,0,154.25
TRIP-2557,12951,Mumbai Rajdhani Express,RAJ,KOTA,MTJ,324.0,195.0,6,3,0.0,0.7,0,192.85
TRIP-2557,12951,Mumbai Rajdhani Express,RAJ,MTJ,NDLS,143.0,110.0,10,3,0.0,0.81,0,113.62
TRIP-2558,22436,Vande Bharat Express,VB,NDLS,CNB,440.0,240.0,0,4,7.3,0.62,0,234.25
TRIP-2558,22436,Vande Bharat Express,VB,CNB,PRYJ,194.5,100.0,3,4,1.0,0.75,0,92.6
TRIP-2558,22436,Vande Bharat Express,VB,PRYJ,DDU,153.0,90.0,5,4,0.0,0.85,0,94.86
TRIP-2558,22436,Vande Bharat Express,VB,DDU,BSB,18.0,25.0,7,4,5.6,0.87,0,28.88
TRIP-2559,12951,Mumbai Rajdhani Express,RAJ,BCT,ST,263.0,160.0,2,4,6.5,0.8,0,149.51
TRIP-2559,12951,Mumbai Rajdhani Express,RAJ,ST,BRC,129.0,80.0,4,4,0.0,0.88,0,79.2
TRIP-2559,12951,Mumbai Rajdhani Express,RAJ,BRC,RTM,261.0,195.0,5,4,0.0,0.84,0,198.41
TRIP-2559,12951,Mumbai Rajdhani Express,RAJ,RTM,KOTA,266.0,155.0,9,4,2.6,0.92,0,170.2
TRIP-2559,12951,Mumbai Rajdhani Express,RAJ,KOTA,MTJ,324.0,195.0,12,4,18.6,0.65,0,186.54
TRIP-2559,12951,Mumbai Rajdhani Express,RAJ,MTJ,NDLS,143.0,110.0,15,4,9.6,0.75,0,108.02
TRIP-2560,12302,Howrah Rajdhani Express,RAJ,NDLS,CNB,440.0,285.0,6,4,7.4,0.64,0,275.68
TRIP-2560,12302,Howrah Rajdhani Express,RAJ,CNB,PRYJ,194.5,120.0,10,4,0.0,0.9,0,123.51
TRIP-2560,12302,Howrah Rajdhani Express,RAJ,PRYJ,DDU,153.0,105.0,12,4,4.0,0.87,0,106.02
TRIP-2560,12302,Howrah Rajdhani Express,RAJ,DDU,GAYA,205.0,130.0,14,4,6.3,0.7,0,127.03
TRIP-2560,12302,Howrah Rajdhani Express,RAJ,GAYA,DHN,201.0,140.0,16,4,3.8,0.38,0,136.31
TRIP-2560,12302,Howrah Rajdhani Express,RAJ,DHN,HWH,259.0,200.0,19,4,0.4,0.55,0,206.03
TRIP-2561,12302,Howrah Rajdhani Express,RAJ,NDLS,CNB,440.0,285.0,8,4,8.2,0.82,0,292.54
TRIP-2561,12302,Howrah Rajdhani Express,RAJ,CNB,PRYJ,194.5,120.0,12,4,16.1,0.65,0,118.41
TRIP-2561,12302,Howrah Rajdhani Express,RAJ,PRYJ,DDU,153.0,105.0,15,4,14.7,0.73,0,101.47
TRIP-2561,12302,Howrah Rajdhani Express,RAJ,DDU,GAYA,205.0,130.0,16,4,12.0,0.61,0,126.81
TRIP-2561,12302,Howrah Rajdhani Express,RAJ,GAYA,DHN,201.0,140.0,18,4,10.1,0.73,0,137.2
TRIP-2561,12302,Howrah Rajdhani Express,RAJ,DHN,HWH,259.0,200.0,21,4,8.3,0.58,0,194.74
TRIP-2562,12302,Howrah Rajdhani Express,RAJ,NDLS,CNB,440.0,285.0,12,4,27.5,0.7,0,284.82
TRIP-2562,12302,Howrah Rajdhani Express,RAJ,CNB,PRYJ,194.5,120.0,16,4,28.3,0.6,0,117.86
TRIP-2562,12302,Howrah Rajdhani Express,RAJ,PRYJ,DDU,153.0,105.0,18,4,25.9,0.98,0,112.77
TRIP-2562,12302,Howrah Rajdhani Express,RAJ,DDU,GAYA,205.0,130.0,20,4,35.2,0.86,0,146.83
TRIP-2562,12302,Howrah Rajdhani Express,RAJ,GAYA,DHN,201.0,140.0,23,4,51.2,0.62,0,142.42
TRIP-2562,12302,Howrah Rajdhani Express,RAJ,DHN,HWH,259.0,200.0,1,4,53.1,0.56,0,190.43
TRIP-2563,12004,Lucknow Shatabdi Express,SF,NDLS,GZB,24.5,38.0,14,4,6.7,0.67,0,42.27
TRIP-2563,12004,Lucknow Shatabdi Express,SF,GZB,ALJN,106.3,60.0,14,4,11.3,0.64,0,66.7
TRIP-2563,12004,Lucknow Shatabdi Express,SF,ALJN,CNB,308.6,210.0,15,4,17.8,0.68,0,207.2
TRIP-2563,12004,Lucknow Shatabdi Express,SF,CNB,LKO,71.6,75.0,19,4,15.8,0.81,0,79.37
TRIP-2564,12951,Mumbai Rajdhani Express,RAJ,BCT,ST,263.0,160.0,18,4,0.0,0.91,0,171.27
TRIP-2564,12951,Mumbai Rajdhani Express,RAJ,ST,BRC,129.0,80.0,20,4,12.3,0.98,0,85.98
TRIP-2564,12951,Mumbai Rajdhani Express,RAJ,BRC,RTM,261.0,195.0,22,4,19.8,0.66,0,190.18
TRIP-2564,12951,Mumbai Rajdhani Express,RAJ,RTM,KOTA,266.0,155.0,1,4,14.4,0.79,0,149.47
TRIP-2564,12951,Mumbai Rajdhani Express,RAJ,KOTA,MTJ,324.0,195.0,4,4,9.5,0.68,0,182.41
TRIP-2564,12951,Mumbai Rajdhani Express,RAJ,MTJ,NDLS,143.0,110.0,7,4,0.0,0.71,0,118.35
TRIP-2565,12302,Howrah Rajdhani Express,RAJ,NDLS,CNB,440.0,285.0,20,4,10.0,0.98,0,301.46
TRIP-2565,12302,Howrah Rajdhani Express,RAJ,CNB,PRYJ,194.5,120.0,1,4,26.4,0.81,0,116.08
TRIP-2565,12302,Howrah Rajdhani Express,RAJ,PRYJ,DDU,153.0,105.0,3,4,24.2,0.62,0,98.18
TRIP-2565,12302,Howrah Rajdhani Express,RAJ,DDU,GAYA,205.0,130.0,4,4,18.2,0.8,0,117.59
TRIP-2565,12302,Howrah Rajdhani Express,RAJ,GAYA,DHN,201.0,140.0,6,4,5.0,0.44,0,134.3
TRIP-2565,12302,Howrah Rajdhani Express,RAJ,DHN,HWH,259.0,200.0,9,4,1.0,0.58,0,198.2
TRIP-2566,12004,Lucknow Shatabdi Express,SF,NDLS,GZB,24.5,38.0,2,5,3.4,0.88,0,33.16
TRIP-2566,12004,Lucknow Shatabdi Express,SF,GZB,ALJN,106.3,60.0,2,5,0.0,0.86,0,60.81
TRIP-2566,12004,Lucknow Shatabdi Express,SF,ALJN,CNB,308.6,210.0,3,5,1.0,0.84,0,191.48
TRIP-2566,12004,Lucknow Shatabdi Express,SF,CNB,LKO,71.6,75.0,7,5,0.0,0.84,0,72.37
TRIP-2567,12802,Purushottam Express,EXP,NDLS,CNB,440.0,350.0,5,5,8.3,0.87,0,345.26
TRIP-2567,12802,Purushottam Express,EXP,CNB,PRYJ,194.5,150.0,10,5,3.9,0.98,0,157.88
TRIP-2567,12802,Purushottam Express,EXP,PRYJ,DDU,153.0,135.0,13,5,13.3,0.87,0,134.33
TRIP-2567,12802,Purushottam Express,EXP,DDU,GAYA,205.0,165.0,15,5,13.7,0.83,0,166.11
TRIP-2567,12802,Purushottam Express,EXP,GAYA,BKSC,149.0,135.0,18,5,15.3,0.85,0,142.13
TRIP-2567,12802,Purushottam Express,EXP,BKSC,PURI,612.0,520.0,21,5,22.4,0.58,0,515.09
TRIP-2568,22436,Vande Bharat Express,VB,NDLS,CNB,440.0,240.0,11,5,4.7,0.98,0,251.15
TRIP-2568,22436,Vande Bharat Express,VB,CNB,PRYJ,194.5,100.0,15,5,17.8,0.69,0,97.25
TRIP-2568,22436,Vande Bharat Express,VB,PRYJ,DDU,153.0,90.0,16,5,17.0,0.62,0,90.66
TRIP-2568,22436,Vande Bharat Express,VB,DDU,BSB,18.0,25.0,18,5,17.4,0.98,0,30.04
TRIP-2569,22436,Vande Bharat Express,VB,NDLS,CNB,440.0,240.0,14,5,37.5,0.73,0,242.54
TRIP-2569,22436,Vande Bharat Express,VB,CNB,PRYJ,194.5,100.0,18,5,42.0,0.98,0,111.78
TRIP-2569,22436,Vande Bharat Express,VB,PRYJ,DDU,153.0,90.0,20,5,55.8,0.98,0,99.72
TRIP-2569,22436,Vande Bharat Express,VB,DDU,BSB,18.0,25.0,21,5,65.5,0.98,0,34.14
TRIP-2570,22436,Vande Bharat Express,VB,NDLS,CNB,440.0,240.0,16,5,13.6,0.77,0,233.22
TRIP-2570,22436,Vande Bharat Express,VB,CNB,PRYJ,194.5,100.0,19,5,6.0,0.83,0,104.83
TRIP-2570,22436,Vande Bharat Express,VB,PRYJ,DDU,153.0,90.0,21,5,10.0,0.82,0,89.74
TRIP-2570,22436,Vande Bharat Express,VB,DDU,BSB,18.0,25.0,23,5,8.9,0.74,0,21.09
TRIP-2571,22436,Vande Bharat Express,VB,NDLS,CNB,440.0,240.0,19,5,51.2,0.98,0,258.72
TRIP-2571,22436,Vande Bharat Express,VB,CNB,PRYJ,194.5,100.0,23,5,70.5,0.86,0,106.68
TRIP-2571,22436,Vande Bharat Express,VB,PRYJ,DDU,153.0,90.0,1,5,77.0,0.89,0,87.01
TRIP-2571,22436,Vande Bharat Express,VB,DDU,BSB,18.0,25.0,2,5,75.7,0.63,0,26.53
TRIP-2572,12302,Howrah Rajdhani Express,RAJ,NDLS,CNB,440.0,285.0,22,5,5.7,0.77,0,269.44
TRIP-2572,12302,Howrah Rajdhani Express,RAJ,CNB,PRYJ,194.5,120.0,2,5,0.0,0.64,0,106.07
TRIP-2572,12302,Howrah Rajdhani Express,RAJ,PRYJ,DDU,153.0,105.0,4,5,0.0,0.68,0,92.6
TRIP-2572,12302,Howrah Rajdhani Express,RAJ,DDU,GAYA,205.0,130.0,6,5,0.0,0.6,0,129.24
TRIP-2572,12302,Howrah Rajdhani Express,RAJ,GAYA,DHN,201.0,140.0,8,5,0.2,0.66,0,138.27
TRIP-2572,12302,Howrah Rajdhani Express,RAJ,DHN,HWH,259.0,200.0,10,5,0.0,0.57,0,196.77
TRIP-2573,12004,Lucknow Shatabdi Express,SF,NDLS,GZB,24.5,38.0,2,6,2.2,0.87,0,35.97
TRIP-2573,12004,Lucknow Shatabdi Express,SF,GZB,ALJN,106.3,60.0,2,6,1.5,0.78,0,62.54
TRIP-2573,12004,Lucknow Shatabdi Express,SF,ALJN,CNB,308.6,210.0,3,6,4.6,0.77,0,199.01
TRIP-2573,12004,Lucknow Shatabdi Express,SF,CNB,LKO,71.6,75.0,7,6,0.0,0.67,0,72.83
TRIP-2574,22436,Vande Bharat Express,VB,NDLS,CNB,440.0,240.0,6,6,16.7,0.63,0,239.29
TRIP-2574,22436,Vande Bharat Express,VB,CNB,PRYJ,194.5,100.0,10,6,16.7,0.95,0,104.67
TRIP-2574,22436,Vande Bharat Express,VB,PRYJ,DDU,153.0,90.0,11,6,21.2,0.98,0,98.09
TRIP-2574,22436,Vande Bharat Express,VB,DDU,BSB,18.0,25.0,13,6,30.8,0.76,0,32.76
TRIP-2575,22436,Vande Bharat Express,VB,NDLS,CNB,440.0,240.0,8,6,0.0,0.95,0,257.84
TRIP-2575,22436,Vande Bharat Express,VB,CNB,PRYJ,194.5,100.0,12,6,19.1,0.64,0,94.37
TRIP-2575,22436,Vande Bharat Express,VB,PRYJ,DDU,153.0,90.0,14,6,15.4,0.71,0,90.08
TRIP-2575,22436,Vande Bharat Express,VB,DDU,BSB,18.0,25.0,15,6,15.9,0.78,0,18.28
TRIP-2576,22436,Vande Bharat Express,VB,NDLS,CNB,440.0,240.0,11,6,2.8,0.9,0,259.92
TRIP-2576,22436,Vande Bharat Express,VB,CNB,PRYJ,194.5,100.0,15,6,22.5,0.88,0,98.66
TRIP-2576,22436,Vande Bharat Express,VB,PRYJ,DDU,153.0,90.0,17,6,20.2,0.88,0,94.8
TRIP-2576,22436,Vande Bharat Express,VB,DDU,BSB,18.0,25.0,18,6,26.9,0.98,0,29.83
TRIP-2577,12004,Lucknow Shatabdi Express,SF,NDLS,GZB,24.5,38.0,14,6,14.1,0.8,0,39.08
TRIP-2577,12004,Lucknow Shatabdi Express,SF,GZB,ALJN,106.3,60.0,14,6,16.1,0.67,0,62.04
TRIP-2577,12004,Lucknow Shatabdi Express,SF,ALJN,CNB,308.6,210.0,15,6,18.5,0.83,0,208.1
TRIP-2577,12004,Lucknow Shatabdi Express,SF,CNB,LKO,71.6,75.0,19,6,16.9,0.85,0,83.55
TRIP-2578,22436,Vande Bharat Express,VB,NDLS,CNB,440.0,240.0,18,6,29.6,0.89,0,253.52
TRIP-2578,22436,Vande Bharat Express,VB,CNB,PRYJ,194.5,100.0,22,6,43.4,0.9,0,106.17
TRIP-2578,22436,Vande Bharat Express,VB,PRYJ,DDU,153.0,90.0,0,6,50.7,0.84,0,103.15
TRIP-2578,22436,Vande Bharat Express,VB,DDU,BSB,18.0,25.0,1,6,65.3,0.8,0,32.32
TRIP-2579,22436,Vande Bharat Express,VB,NDLS,CNB,440.0,240.0,20,6,6.0,0.97,0,248.58
TRIP-2579,22436,Vande Bharat Express,VB,CNB,PRYJ,194.5,100.0,0,6,14.5,0.71,0,94.95
TRIP-2579,22436,Vande Bharat Express,VB,PRYJ,DDU,153.0,90.0,1,6,11.0,0.77,0,84.57
TRIP-2579,22436,Vande Bharat Express,VB,DDU,BSB,18.0,25.0,3,6,5.8,0.75,0,24.48
TRIP-2580,12004,Lucknow Shatabdi Express,SF,NDLS,GZB,24.5,38.0,22,6,10.0,0.74,0,44.46
TRIP-2580,12004,Lucknow Shatabdi Express,SF,GZB,ALJN,106.3,60.0,22,6,15.7,0.61,0,63.15
TRIP-2580,12004,Lucknow Shatabdi Express,SF,ALJN,CNB,308.6,210.0,23,6,19.5,0.76,0,209.66
TRIP-2580,12004,Lucknow Shatabdi Express,SF,CNB,LKO,71.6,75.0,3,6,18.7,0.85,0,76.4
TRIP-2581,12302,Howrah Rajdhani Express,RAJ,NDLS,CNB,440.0,285.0,4,0,0.0,0.8,0,261.25
TRIP-2581,12302,Howrah Rajdhani Express,RAJ,CNB,PRYJ,194.5,120.0,8,0,0.0,0.98,0,132.95
TRIP-2581,12302,Howrah Rajdhani Express,RAJ,PRYJ,DDU,153.0,105.0,10,0,12.3,0.98,0,106.94
TRIP-2581,12302,Howrah Rajdhani Express,RAJ,DDU,GAYA,205.0,130.0,12,0,16.1,0.77,0,126.45
TRIP-2581,12302,Howrah Rajdhani Express,RAJ,GAYA,DHN,201.0,140.0,14,0,11.7,0.49,0,129.74
TRIP-2581,12302,Howrah Rajdhani Express,RAJ,DHN,HWH,259.0,200.0,17,0,3.4,0.61,0,198.04
TRIP-2582,12004,Lucknow Shatabdi Express,SF,NDLS,GZB,24.5,38.0,10,0,5.0,0.92,0,44.03
TRIP-2582,12004,Lucknow Shatabdi Express,SF,GZB,ALJN,106.3,60.0,10,0,12.7,0.98,0,65.58
TRIP-2582,12004,Lucknow Shatabdi Express,SF,ALJN,CNB,308.6,210.0,11,0,19.7,0.98,0,223.13
TRIP-2582,12004,Lucknow Shatabdi Express,SF,CNB,LKO,71.6,75.0,15,0,32.8,0.9,0,80.24
TRIP-2583,22436,Vande Bharat Express,VB,NDLS,CNB,440.0,240.0,16,0,0.0,0.61,0,230.29
TRIP-2583,22436,Vande Bharat Express,VB,CNB,PRYJ,194.5,100.0,19,0,0.0,0.91,0,104.42
TRIP-2583,22436,Vande Bharat Express,VB,PRYJ,DDU,153.0,90.0,21,0,4.3,0.89,0,99.99
TRIP-2583,22436,Vande Bharat Express,VB,DDU,BSB,18.0,25.0,23,0,14.2,0.79,0,27.24
TRIP-2584,12004,Lucknow Shatabdi Express,SF,NDLS,GZB,24.5,38.0,19,0,0.4,0.94,0,44.42
TRIP-2584,12004,Lucknow Shatabdi Express,SF,GZB,ALJN,106.3,60.0,19,0,6.0,0.98,0,64.63
TRIP-2584,12004,Lucknow Shatabdi Express,SF,ALJN,CNB,308.6,210.0,20,0,12.1,0.82,0,214.64
TRIP-2584,12004,Lucknow Shatabdi Express,SF,CNB,LKO,71.6,75.0,0,0,16.0,0.65,0,78.82
TRIP-2585,12951,Mumbai Rajdhani Express,RAJ,BCT,ST,263.0,160.0,22,0,6.0,0.9,0,155.76
TRIP-2585,12951,Mumbai Rajdhani Express,RAJ,ST,BRC,129.0,80.0,0,0,2.1,0.87,0,80.33
TRIP-2585,12951,Mumbai Rajdhani Express,RAJ,BRC,RTM,261.0,195.0,2,0,3.9,0.69,0,180.96
TRIP-2585,12951,Mumbai Rajdhani Express,RAJ,RTM,KOTA,266.0,155.0,5,0,0.0,0.6,0,150.63
TRIP-2585,12951,Mumbai Rajdhani Express,RAJ,KOTA,MTJ,324.0,195.0,7,0,0.0,0.64,0,191.02
TRIP-2585,12951,Mumbai Rajdhani Express,RAJ,MTJ,NDLS,143.0,110.0,11,0,0.0,0.98,0,118.76
TRIP-2586,12302,Howrah Rajdhani Express,RAJ,NDLS,CNB,440.0,285.0,2,1,0.0,0.76,0,262.03
TRIP-2586,12302,Howrah Rajdhani Express,RAJ,CNB,PRYJ,194.5,120.0,6,1,0.0,0.63,0,120.27
TRIP-2586,12302,Howrah Rajdhani Express,RAJ,PRYJ,DDU,153.0,105.0,8,1,1.7,0.83,0,107.36
TRIP-2586,12302,Howrah Rajdhani Express,RAJ,DDU,GAYA,205.0,130.0,10,1,5.3,0.98,0,135.07
TRIP-2586,12302,Howrah Rajdhani Express,RAJ,GAYA,DHN,201.0,140.0,12,1,10.9,0.43,0,130.67
TRIP-2586,12302,Howrah Rajdhani Express,RAJ,DHN,HWH,259.0,200.0,15,1,3.5,0.62,0,192.22
TRIP-2587,12951,Mumbai Rajdhani Express,RAJ,BCT,ST,263.0,160.0,8,1,3.8,0.98,0,169.26
TRIP-2587,12951,Mumbai Rajdhani Express,RAJ,ST,BRC,129.0,80.0,10,1,14.6,0.97,0,85.07
TRIP-2587,12951,Mumbai Rajdhani Express,RAJ,BRC,RTM,261.0,195.0,12,1,20.0,0.78,0,187.08
TRIP-2587,12951,Mumbai Rajdhani Express,RAJ,RTM,KOTA,266.0,155.0,15,1,12.5,0.77,0,149.71
TRIP-2587,12951,Mumbai Rajdhani Express,RAJ,KOTA,MTJ,324.0,195.0,18,1,7.4,0.98,0,198.57
TRIP-2587,12951,Mumbai Rajdhani Express,RAJ,MTJ,NDLS,143.0,110.0,21,1,12.3,0.8,0,114.77
TRIP-2588,12302,Howrah Rajdhani Express,RAJ,NDLS,CNB,440.0,285.0,10,1,5.7,0.91,0,293.49
TRIP-2588,12302,Howrah Rajdhani Express,RAJ,CNB,PRYJ,194.5,120.0,14,1,15.9,0.74,0,115.95
TRIP-2588,12302,Howrah Rajdhani Express,RAJ,PRYJ,DDU,153.0,105.0,16,1,13.4,0.64,0,103.99
TRIP-2588,12302,Howrah Rajdhani Express,RAJ,DDU,GAYA,205.0,130.0,18,1,12.7,0.95,0,131.92
TRIP-2588,12302,Howrah Rajdhani Express,RAJ,GAYA,DHN,201.0,140.0,21,1,14.5,0.76,0,135.19
TRIP-2588,12302,Howrah Rajdhani Express,RAJ,DHN,HWH,259.0,200.0,23,1,10.9,0.51,0,189.62
TRIP-2589,12802,Purushottam Express,EXP,NDLS,CNB,440.0,350.0,13,1,2.7,0.69,0,339.72
TRIP-2589,12802,Purushottam Express,EXP,CNB,PRYJ,194.5,150.0,18,1,0.0,0.98,0,157.02
TRIP-2589,12802,Purushottam Express,EXP,PRYJ,DDU,153.0,135.0,21,1,8.2,0.85,0,141.33
TRIP-2589,12802,Purushottam Express,EXP,DDU,GAYA,205.0,165.0,23,1,14.4,0.68,0,165.07
TRIP-2589,12802,Purushottam Express,EXP,GAYA,BKSC,149.0,135.0,2,1,14.9,0.44,0,123.35
TRIP-2589,12802,Purushottam Express,EXP,BKSC,PURI,612.0,520.0,4,1,4.9,0.37,0,475.77
TRIP-2590,12951,Mumbai Rajdhani Express,RAJ,BCT,ST,263.0,160.0,19,1,4.6,0.98,0,165.88
TRIP-2590,12951,Mumbai Rajdhani Express,RAJ,ST,BRC,129.0,80.0,21,1,11.4,0.98,0,80.28
TRIP-2590,12951,Mumbai Rajdhani Express,RAJ,BRC,RTM,261.0,195.0,23,1,12.3,0.79,0,188.69
TRIP-2590,12951,Mumbai Rajdhani Express,RAJ,RTM,KOTA,266.0,155.0,2,1,7.7,0.7,0,140.15
TRIP-2590,12951,Mumbai Rajdhani Express,RAJ,KOTA,MTJ,324.0,195.0,4,1,0.0,0.79,0,186.77
TRIP-2590,12951,Mumbai Rajdhani Express,RAJ,MTJ,NDLS,143.0,110.0,8,1,0.0,0.94,0,118.71
TRIP-2591,12004,Lucknow Shatabdi Express,SF,NDLS,GZB,24.5,38.0,1,2,0.0,0.73,0,37.83
TRIP-2591,12004,Lucknow Shatabdi Express,SF,GZB,ALJN,106.3,60.0,1,2,1.0,0.7,0,60.73
TRIP-2591,12004,Lucknow Shatabdi Express,SF,ALJN,CNB,308.6,210.0,2,2,2.1,0.66,0,195.85
TRIP-2591,12004,Lucknow Shatabdi Express,SF,CNB,LKO,71.6,75.0,6,2,0.0,0.74,0,76.61
TRIP-2592,22436,Vande Bharat Express,VB,NDLS,CNB,440.0,240.0,3,2,25.2,0.82,0,227.73
TRIP-2592,22436,Vande Bharat Express,VB,CNB,PRYJ,194.5,100.0,6,2,13.0,0.6,0,98.44
TRIP-2592,22436,Vande Bharat Express,VB,PRYJ,DDU,153.0,90.0,8,2,11.6,0.96,0,95.59
TRIP-2592,22436,Vande Bharat Express,VB,DDU,BSB,18.0,25.0,10,2,16.5,0.96,0,26.27
TRIP-2593,12951,Mumbai Rajdhani Express,RAJ,BCT,ST,263.0,160.0,9,2,0.0,0.92,0,168.35
TRIP-2593,12951,Mumbai Rajdhani Express,RAJ,ST,BRC,129.0,80.0,11,2,8.0,0.88,0,77.1
TRIP-2593,12951,Mumbai Rajdhani Express,RAJ,BRC,RTM,261.0,195.0,13,2,5.3,0.79,0,189.15
TRIP-2593,12951,Mumbai Rajdhani Express,RAJ,RTM,KOTA,266.0,155.0,16,2,0.0,0.65,0,157.0
TRIP-2593,12951,Mumbai Rajdhani Express,RAJ,KOTA,MTJ,324.0,195.0,19,2,3.1,0.95,0,208.36
TRIP-2593,12951,Mumbai Rajdhani Express,RAJ,MTJ,NDLS,143.0,110.0,22,2,18.1,0.77,0,105.2
TRIP-2594,12302,Howrah Rajdhani Express,RAJ,NDLS,CNB,440.0,285.0,15,2,1.7,0.81,0,275.15
TRIP-2594,12302,Howrah Rajdhani Express,RAJ,CNB,PRYJ,194.5,120.0,19,2,0.0,0.97,0,128.11
TRIP-2594,12302,Howrah Rajdhani Express,RAJ,PRYJ,DDU,153.0,105.0,21,2,8.2,0.98,0,110.3
TRIP-2594,12302,Howrah Rajdhani Express,RAJ,DDU,GAYA,205.0,130.0,23,2,14.4,0.71,0,124.04
TRIP-2594,12302,Howrah Rajdhani Express,RAJ,GAYA,DHN,201.0,140.0,1,2,8.6,0.54,0,123.11
TRIP-2594,12302,Howrah Rajdhani Express,RAJ,DHN,HWH,259.0,200.0,4,2,0.0,0.57,0,179.0
TRIP-2595,12302,Howrah Rajdhani Express,RAJ,NDLS,CNB,440.0,285.0,18,2,43.2,0.85,0,298.44
TRIP-2595,12302,Howrah Rajdhani Express,RAJ,CNB,PRYJ,194.5,120.0,23,2,58.5,0.66,0,122.94
TRIP-2595,12302,Howrah Rajdhani Express,RAJ,PRYJ,DDU,153.0,105.0,1,2,61.6,0.64,0,104.39
TRIP-2595,12302,Howrah Rajdhani Express,RAJ,DDU,GAYA,205.0,130.0,3,2,60.2,0.87,0,128.28
TRIP-2595,12302,Howrah Rajdhani Express,RAJ,GAYA,DHN,201.0,140.0,5,2,59.8,0.4,0,137.89
TRIP-2595,12302,Howrah Rajdhani Express,RAJ,DHN,HWH,259.0,200.0,7,2,57.4,0.64,0,200.22
TRIP-2596,12802,Purushottam Express,EXP,NDLS,CNB,440.0,350.0,20,2,3.8,0.94,0,359.71
TRIP-2596,12802,Purushottam Express,EXP,CNB,PRYJ,194.5,150.0,2,2,13.8,0.66,0,141.57
TRIP-2596,12802,Purushottam Express,EXP,PRYJ,DDU,153.0,135.0,4,2,5.2,0.73,0,127.32
TRIP-2596,12802,Purushottam Express,EXP,DDU,GAYA,205.0,165.0,6,2,0.0,0.62,0,163.34
TRIP-2596,12802,Purushottam Express,EXP,GAYA,BKSC,149.0,135.0,9,2,0.0,0.63,0,133.78
TRIP-2596,12802,Purushottam Express,EXP,BKSC,PURI,612.0,520.0,11,2,0.7,0.56,0,516.86
TRIP-2597,12004,Lucknow Shatabdi Express,SF,NDLS,GZB,24.5,38.0,0,3,0.0,0.82,0,40.21
TRIP-2597,12004,Lucknow Shatabdi Express,SF,GZB,ALJN,106.3,60.0,0,3,1.3,0.86,0,67.59
TRIP-2597,12004,Lucknow Shatabdi Express,SF,ALJN,CNB,308.6,210.0,1,3,8.3,0.68,0,195.38
TRIP-2597,12004,Lucknow Shatabdi Express,SF,CNB,LKO,71.6,75.0,5,3,0.0,0.75,0,73.18
TRIP-2598,12004,Lucknow Shatabdi Express,SF,NDLS,GZB,24.5,38.0,6,3,0.0,0.63,0,37.9
TRIP-2598,12004,Lucknow Shatabdi Express,SF,GZB,ALJN,106.3,60.0,6,3,1.1,0.65,0,63.62
TRIP-2598,12004,Lucknow Shatabdi Express,SF,ALJN,CNB,308.6,210.0,7,3,6.2,0.7,0,205.25
TRIP-2598,12004,Lucknow Shatabdi Express,SF,CNB,LKO,71.6,75.0,11,3,0.5,0.98,0,80.41
TRIP-2599,12951,Mumbai Rajdhani Express,RAJ,BCT,ST,263.0,160.0,10,3,12.0,0.92,0,159.65
TRIP-2599,12951,Mumbai Rajdhani Express,RAJ,ST,BRC,129.0,80.0,12,3,11.0,0.84,0,77.25
TRIP-2599,12951,Mumbai Rajdhani Express,RAJ,BRC,RTM,261.0,195.0,14,3,7.7,0.77,0,188.52
TRIP-2599,12951,Mumbai Rajdhani Express,RAJ,RTM,KOTA,266.0,155.0,17,3,2.1,0.98,0,160.35
TRIP-2599,12951,Mumbai Rajdhani Express,RAJ,KOTA,MTJ,324.0,195.0,20,3,6.7,0.98,0,201.94
TRIP-2599,12951,Mumbai Rajdhani Express,RAJ,MTJ,NDLS,143.0,110.0,23,3,14.6,0.85,0,108.1
TRIP-2600,12004,Lucknow Shatabdi Express,SF,NDLS,GZB,24.5,38.0,14,3,0.0,0.67,0,39.71
TRIP-2600,12004,Lucknow Shatabdi Express,SF,GZB,ALJN,106.3,60.0,14,3,2.6,0.7,0,64.39
TRIP-2600,12004,Lucknow Shatabdi Express,SF,ALJN,CNB,308.6,210.0,15,3,7.4,0.7,0,205.38
TRIP-2600,12004,Lucknow Shatabdi Express,SF,CNB,LKO,71.6,75.0,19,3,2.4,0.98,0,82.92
