timestamp,train_number,train_type,train_type_encoded,from_station,to_station,section_distance_km,scheduled_section_minutes,historical_avg_running_minutes,historical_p90_running_minutes,current_delay_minutes,current_speed_kmph,departure_hour,day_of_week,actual_running_minutes,source
2026-01-01T00:00:00,12951,Rajdhani,1,BRC,RTM,261.0,197.0,193.0,215.0,7.553803204334335,86.57732797786998,0,3,185.36,SYNTHETIC
2026-01-01T00:15:00,12951,Rajdhani,1,BCT,ST,263.0,162.0,158.0,172.0,-0.9822507772259224,102.66383064352037,0,3,161.03,SYNTHETIC
2026-01-01T00:30:00,12951,Rajdhani,1,RTM,KOTA,266.0,157.0,154.0,170.0,4.314183076465318,104.43468175852068,0,3,153.52,SYNTHETIC
2026-01-01T00:45:00,12951,Rajdhani,1,ST,BRC,129.0,81.0,79.0,90.0,-1.9953255845800506,98.19690181042363,0,3,77.72,SYNTHETIC
2026-01-01T01:00:00,12951,Rajdhani,1,MTJ,NDLS,143.0,110.0,108.0,125.0,-1.7132623324173695,81.66523346009187,1,3,101.38,SYNTHETIC
2026-01-01T01:15:00,12951,Rajdhani,1,BRC,RTM,261.0,197.0,193.0,215.0,22.52929915275817,92.48328902808244,1,3,179.18,SYNTHETIC
2026-01-01T01:30:00,12951,Rajdhani,1,BRC,RTM,261.0,197.0,193.0,215.0,-0.8782324881355015,75.13350947386895,1,3,184.4,SYNTHETIC
2026-01-01T01:45:00,12004,Shatabdi,0,CNB,LKO,71.6,75.0,72.0,85.0,-0.34527767464506565,69.15509524385682,1,3,82.27,SYNTHETIC
2026-01-01T02:00:00,12004,Shatabdi,0,ALJN,CNB,308.6,209.0,205.0,228.0,12.402537324358143,98.54740034054409,2,3,205.8,SYNTHETIC
2026-01-01T02:15:00,12951,Rajdhani,1,ST,BRC,129.0,81.0,79.0,90.0,-0.601278608686298,93.36002636256197,2,3,76.04,SYNTHETIC
2026-01-01T02:30:00,12004,Shatabdi,0,GZB,ALJN,106.3,59.0,57.0,68.0,6.953472262828845,119.27940264205937,2,3,58.14,SYNTHETIC
2026-01-01T02:45:00,12951,Rajdhani,1,BRC,RTM,261.0,197.0,193.0,215.0,2.4142523736852866,83.7747567753591,2,3,190.21,SYNTHETIC
2026-01-01T03:00:00,12951,Rajdhani,1,RTM,KOTA,266.0,157.0,154.0,170.0,0.647361997179221,107.07254653204824,3,3,142.55,SYNTHETIC
2026-01-01T03:15:00,12951,Rajdhani,1,KOTA,MTJ,324.0,195.0,190.0,212.0,0.10819300438770041,83.55902175161904,3,3,178.3,SYNTHETIC
2026-01-01T03:30:00,12951,Rajdhani,1,RTM,KOTA,266.0,157.0,154.0,170.0,-1.966775477744387,109.45759158349402,3,3,150.5,SYNTHETIC
2026-01-01T03:45:00,12004,Shatabdi,0,ALJN,CNB,308.6,209.0,205.0,228.0,7.3689040307286415,97.30635381162182,3,3,213.32,SYNTHETIC
2026-01-01T04:00:00,12951,Rajdhani,1,BRC,RTM,261.0,197.0,193.0,215.0,9.384263219374072,72.17654454176397,4,3,179.15,SYNTHETIC
2026-01-01T04:15:00,12951,Rajdhani,1,BRC,RTM,261.0,197.0,193.0,215.0,0.2349301024621222,92.93705982006401,4,3,182.59,SYNTHETIC
2026-01-01T04:30:00,12951,Rajdhani,1,RTM,KOTA,266.0,157.0,154.0,170.0,-0.07280021643414969,83.19213341816447,4,3,151.05,SYNTHETIC
2026-01-01T04:45:00,12004,Shatabdi,0,ALJN,CNB,308.6,209.0,205.0,228.0,6.582356518461184,105.27629374834694,4,3,212.27,SYNTHETIC
2026-01-01T05:00:00,12951,Rajdhani,1,KOTA,MTJ,324.0,195.0,190.0,212.0,5.440976793962322,100.81045089108639,5,3,173.8,SYNTHETIC
2026-01-01T05:15:00,12004,Shatabdi,0,ALJN,CNB,308.6,209.0,205.0,228.0,-1.8083979122416771,76.13444663359817,5,3,220.68,SYNTHETIC
2026-01-01T05:30:00,12951,Rajdhani,1,BCT,ST,263.0,162.0,158.0,172.0,-0.27956706210021,114.65235816893416,5,3,150.13,SYNTHETIC
2026-01-01T05:45:00,12004,Shatabdi,0,CNB,LKO,71.6,75.0,72.0,85.0,15.172830205888793,75.8958716600804,5,3,78.0,SYNTHETIC
2026-01-01T06:00:00,12951,Rajdhani,1,MTJ,NDLS,143.0,110.0,108.0,125.0,7.905322482907417,88.59846562146518,6,3,105.75,SYNTHETIC
2026-01-01T06:15:00,12004,Shatabdi,0,CNB,LKO,71.6,75.0,72.0,85.0,11.384880431413366,73.38528800216443,6,3,79.35,SYNTHETIC
2026-01-01T06:30:00,12951,Rajdhani,1,BRC,RTM,261.0,197.0,193.0,215.0,12.239876623980344,89.63910841368049,6,3,183.28,SYNTHETIC
2026-01-01T06:45:00,12951,Rajdhani,1,KOTA,MTJ,324.0,195.0,190.0,212.0,8.22297835983367,75.76402899804953,6,3,185.34,SYNTHETIC
2026-01-01T07:00:00,12951,Rajdhani,1,BCT,ST,263.0,162.0,158.0,172.0,5.07443314148981,90.80354546747019,7,3,150.81,SYNTHETIC
2026-01-01T07:15:00,12951,Rajdhani,1,ST,BRC,129.0,81.0,79.0,90.0,-0.5187303250958188,77.05868684743116,7,3,82.79,SYNTHETIC
2026-01-01T07:30:00,12004,Shatabdi,0,NDLS,GZB,24.5,38.0,36.0,42.0,-0.2425022056453492,49.012068455498984,7,3,37.0,SYNTHETIC
2026-01-01T07:45:00,12951,Rajdhani,1,BCT,ST,263.0,162.0,158.0,172.0,0.01149805828649031,100.89689454701566,7,3,156.7,SYNTHETIC
2026-01-01T08:00:00,12004,Shatabdi,0,GZB,ALJN,106.3,59.0,57.0,68.0,1.1763516295173195,111.09386348858037,8,3,67.56,SYNTHETIC
2026-01-01T08:15:00,12951,Rajdhani,1,BCT,ST,263.0,162.0,158.0,172.0,2.0336326568418173,111.30164586666919,8,3,169.66,SYNTHETIC
2026-01-01T08:30:00,12951,Rajdhani,1,ST,BRC,129.0,81.0,79.0,90.0,0.7511367955858241,112.02673660308568,8,3,88.82,SYNTHETIC
2026-01-01T08:45:00,12004,Shatabdi,0,NDLS,GZB,24.5,38.0,36.0,42.0,-1.0198192677170987,60.17173134261452,8,3,43.04,SYNTHETIC
2026-01-01T09:00:00,12004,Shatabdi,0,CNB,LKO,71.6,75.0,72.0,85.0,-1.8996383146491762,44.16003235600534,9,3,84.54,SYNTHETIC
2026-01-01T09:15:00,12004,Shatabdi,0,NDLS,GZB,24.5,38.0,36.0,42.0,1.0407229470230699,53.32274032473244,9,3,43.5,SYNTHETIC
2026-01-01T09:30:00,12004,Shatabdi,0,GZB,ALJN,106.3,59.0,57.0,68.0,13.517142382904343,108.32728658442332,9,3,68.73,SYNTHETIC
2026-01-01T09:45:00,12951,Rajdhani,1,KOTA,MTJ,324.0,195.0,190.0,212.0,2.36191036618178,102.94403547101605,9,3,207.71,SYNTHETIC
2026-01-01T10:00:00,12951,Rajdhani,1,BRC,RTM,261.0,197.0,193.0,215.0,0.4842790588679433,94.13386451570187,10,3,206.97,SYNTHETIC
2026-01-01T10:15:00,12951,Rajdhani,1,RTM,KOTA,266.0,157.0,154.0,170.0,1.1102052270415825,112.17634150131263,10,3,169.36,SYNTHETIC
2026-01-01T10:30:00,12951,Rajdhani,1,KOTA,MTJ,324.0,195.0,190.0,212.0,4.534974323741446,120.97353458513179,10,3,205.88,SYNTHETIC
2026-01-01T10:45:00,12951,Rajdhani,1,KOTA,MTJ,324.0,195.0,190.0,212.0,-0.8390357575003522,102.26722002717392,10,3,199.71,SYNTHETIC
2026-01-01T11:00:00,12951,Rajdhani,1,RTM,KOTA,266.0,157.0,154.0,170.0,4.292642885816608,107.88122607692813,11,3,168.02,SYNTHETIC
2026-01-01T11:15:00,12004,Shatabdi,0,ALJN,CNB,308.6,209.0,205.0,228.0,4.0690936919651755,95.71804323534886,11,3,242.08,SYNTHETIC
2026-01-01T11:30:00,12951,Rajdhani,1,RTM,KOTA,266.0,157.0,154.0,170.0,3.984006314418899,103.7663825551427,11,3,169.61,SYNTHETIC
2026-01-01T11:45:00,12004,Shatabdi,0,NDLS,GZB,24.5,38.0,36.0,42.0,-0.6967106280485691,31.20317707267207,11,3,45.01,SYNTHETIC
2026-01-01T12:00:00,12004,Shatabdi,0,NDLS,GZB,24.5,38.0,36.0,42.0,29.27340039389282,30.0,12,3,39.74,SYNTHETIC
2026-01-01T12:15:00,12951,Rajdhani,1,KOTA,MTJ,324.0,195.0,190.0,212.0,16.354825041694646,108.37708310467507,12,3,178.47,SYNTHETIC
2026-01-01T12:30:00,12004,Shatabdi,0,ALJN,CNB,308.6,209.0,205.0,228.0,21.57244698466393,88.14738145047195,12,3,215.78,SYNTHETIC
2026-01-01T12:45:00,12004,Shatabdi,0,NDLS,GZB,24.5,38.0,36.0,42.0,0.28687738858430256,42.97427077463538,12,3,36.83,SYNTHETIC
2026-01-01T13:00:00,12951,Rajdhani,1,MTJ,NDLS,143.0,110.0,108.0,125.0,13.957003378926933,67.96724471619444,13,3,108.93,SYNTHETIC
2026-01-01T13:15:00,12951,Rajdhani,1,MTJ,NDLS,143.0,110.0,108.0,125.0,10.591651827404768,88.16891602104897,13,3,107.96,SYNTHETIC
2026-01-01T13:30:00,12951,Rajdhani,1,ST,BRC,129.0,81.0,79.0,90.0,0.6729540538896948,107.0259031438694,13,3,77.19,SYNTHETIC
2026-01-01T13:45:00,12004,Shatabdi,0,ALJN,CNB,308.6,209.0,205.0,228.0,-0.22404540300511844,82.99243986907497,13,3,222.04,SYNTHETIC
2026-01-01T14:00:00,12004,Shatabdi,0,CNB,LKO,71.6,75.0,72.0,85.0,7.605699593850925,72.97547994638752,14,3,81.43,SYNTHETIC
2026-01-01T14:15:00,12004,Shatabdi,0,ALJN,CNB,308.6,209.0,205.0,228.0,0.4748944428259252,82.59369907413648,14,3,226.62,SYNTHETIC
2026-01-01T14:30:00,12951,Rajdhani,1,ST,BRC,129.0,81.0,79.0,90.0,0.38634488806770184,99.47302070769979,14,3,79.42,SYNTHETIC
2026-01-01T14:45:00,12004,Shatabdi,0,NDLS,GZB,24.5,38.0,36.0,42.0,-1.7716190043032638,36.114014675439,14,3,42.38,SYNTHETIC
2026-01-01T15:00:00,12004,Shatabdi,0,NDLS,GZB,24.5,38.0,36.0,42.0,8.556996916942982,52.93731966469972,15,3,37.7,SYNTHETIC
2026-01-01T15:15:00,12004,Shatabdi,0,ALJN,CNB,308.6,209.0,205.0,228.0,4.087224689227695,70.07052535293613,15,3,230.11,SYNTHETIC
2026-01-01T15:30:00,12004,Shatabdi,0,ALJN,CNB,308.6,209.0,205.0,228.0,1.4679005876398081,82.60376044194464,15,3,228.16,SYNTHETIC
2026-01-01T15:45:00,12004,Shatabdi,0,NDLS,GZB,24.5,38.0,36.0,42.0,1.5041665119486822,37.639782555185555,15,3,38.6,SYNTHETIC
2026-01-01T16:00:00,12951,Rajdhani,1,BCT,ST,263.0,162.0,158.0,172.0,4.101153060857427,121.21983020159307,16,3,158.68,SYNTHETIC
2026-01-01T16:15:00,12951,Rajdhani,1,BCT,ST,263.0,162.0,158.0,172.0,3.67618283222461,84.67971806197886,16,3,156.55,SYNTHETIC
2026-01-01T16:30:00,12004,Shatabdi,0,ALJN,CNB,308.6,209.0,205.0,228.0,6.509091086540279,94.76014550097449,16,3,222.43,SYNTHETIC
2026-01-01T16:45:00,12951,Rajdhani,1,MTJ,NDLS,143.0,110.0,108.0,125.0,6.64740382629553,73.95191537080143,16,3,108.05,SYNTHETIC
2026-01-01T17:00:00,12951,Rajdhani,1,BCT,ST,263.0,162.0,158.0,172.0,1.0500196874992413,115.30409424010983,17,3,170.16,SYNTHETIC
2026-01-01T17:15:00,12951,Rajdhani,1,MTJ,NDLS,143.0,110.0,108.0,125.0,3.8987499686963716,91.07608196599404,17,3,116.28,SYNTHETIC
2026-01-01T17:30:00,12004,Shatabdi,0,CNB,LKO,71.6,75.0,72.0,85.0,3.7403512525268283,63.10734798068689,17,3,89.56,SYNTHETIC
2026-01-01T17:45:00,12004,Shatabdi,0,ALJN,CNB,308.6,209.0,205.0,228.0,4.1849629470698915,111.65228496607487,17,3,239.26,SYNTHETIC
2026-01-01T18:00:00,12004,Shatabdi,0,NDLS,GZB,24.5,38.0,36.0,42.0,4.324440120932988,34.14358506016649,18,3,39.27,SYNTHETIC
2026-01-01T18:15:00,12004,Shatabdi,0,ALJN,CNB,308.6,209.0,205.0,228.0,3.777997060108304,102.62406475595598,18,3,239.45,SYNTHETIC
2026-01-01T18:30:00,12004,Shatabdi,0,GZB,ALJN,106.3,59.0,57.0,68.0,-0.18773548898325565,130.0,18,3,68.22,SYNTHETIC
2026-01-01T18:45:00,12951,Rajdhani,1,RTM,KOTA,266.0,157.0,154.0,170.0,5.969761472586402,97.3393550637125,18,3,160.8,SYNTHETIC
2026-01-01T19:00:00,12951,Rajdhani,1,KOTA,MTJ,324.0,195.0,190.0,212.0,3.043208662571873,118.42399256760925,19,3,202.05,SYNTHETIC
2026-01-01T19:15:00,12004,Shatabdi,0,NDLS,GZB,24.5,38.0,36.0,42.0,6.987727020061522,46.30430714503371,19,3,41.31,SYNTHETIC
2026-01-01T19:30:00,12951,Rajdhani,1,BRC,RTM,261.0,197.0,193.0,215.0,6.427797921130104,94.19468444460028,19,3,199.39,SYNTHETIC
2026-01-01T19:45:00,12004,Shatabdi,0,ALJN,CNB,308.6,209.0,205.0,228.0,0.9579307243610273,87.61154659662678,19,3,249.65,SYNTHETIC
2026-01-01T20:00:00,12004,Shatabdi,0,ALJN,CNB,308.6,209.0,205.0,228.0,2.075769302299083,101.55736903642736,20,3,251.05,SYNTHETIC
2026-01-01T20:15:00,12951,Rajdhani,1,KOTA,MTJ,324.0,195.0,190.0,212.0,-1.2773946546638146,105.56097263742977,20,3,209.89,SYNTHETIC
2026-01-01T20:30:00,12951,Rajdhani,1,KOTA,MTJ,324.0,195.0,190.0,212.0,6.600583282474563,94.0935855180199,20,3,195.17,SYNTHETIC
2026-01-01T20:45:00,12951,Rajdhani,1,RTM,KOTA,266.0,157.0,154.0,170.0,-1.5467234628452171,109.2274556625089,20,3,164.82,SYNTHETIC
2026-01-01T21:00:00,12951,Rajdhani,1,BCT,ST,263.0,162.0,158.0,172.0,-0.40660473008131115,110.480342353322,21,3,172.18,SYNTHETIC
2026-01-01T21:15:00,12004,Shatabdi,0,NDLS,GZB,24.5,38.0,36.0,42.0,15.652987227779462,33.648891120808976,21,3,41.4,SYNTHETIC
2026-01-01T21:30:00,12951,Rajdhani,1,MTJ,NDLS,143.0,110.0,108.0,125.0,12.209426052868544,79.25428236541755,21,3,107.2,SYNTHETIC
2026-01-01T21:45:00,12951,Rajdhani,1,MTJ,NDLS,143.0,110.0,108.0,125.0,6.104957795500976,85.92002553458158,21,3,114.98,SYNTHETIC
2026-01-01T22:00:00,12004,Shatabdi,0,ALJN,CNB,308.6,209.0,205.0,228.0,3.2533226632172116,89.23434973494362,22,3,225.53,SYNTHETIC
2026-01-01T22:15:00,12951,Rajdhani,1,RTM,KOTA,266.0,157.0,154.0,170.0,2.509364537787155,117.22452996969092,22,3,153.14,SYNTHETIC
2026-01-01T22:30:00,12951,Rajdhani,1,BCT,ST,263.0,162.0,158.0,172.0,-1.7337754005685082,108.30915794932243,22,3,154.8,SYNTHETIC
2026-01-01T22:45:00,12951,Rajdhani,1,KOTA,MTJ,324.0,195.0,190.0,212.0,2.4426635990862637,116.82722555163464,22,3,192.88,SYNTHETIC
2026-01-01T23:00:00,12004,Shatabdi,0,NDLS,GZB,24.5,38.0,36.0,42.0,3.926045038048132,49.556539700540114,23,3,39.51,SYNTHETIC
2026-01-01T23:15:00,12951,Rajdhani,1,MTJ,NDLS,143.0,110.0,108.0,125.0,16.02397603516559,78.33512508814934,23,3,107.69,SYNTHETIC
2026-01-01T23:30:00,12951,Rajdhani,1,BCT,ST,263.0,162.0,158.0,172.0,-0.05075948062921931,98.29617813897795,23,3,153.93,SYNTHETIC
2026-01-01T23:45:00,12951,Rajdhani,1,MTJ,NDLS,143.0,110.0,108.0,125.0,-0.43652582980042953,71.46209226412911,23,3,103.99,SYNTHETIC
2026-01-02T00:00:00,12004,Shatabdi,0,CNB,LKO,71.6,75.0,72.0,85.0,23.70319345331523,63.084226424438256,0,4,82.34,SYNTHETIC
2026-01-02T00:15:00,12004,Shatabdi,0,CNB,LKO,71.6,75.0,72.0,85.0,3.5396184016598413,53.20367167365917,0,4,76.82,SYNTHETIC
2026-01-02T00:30:00,12951,Rajdhani,1,ST,BRC,129.0,81.0,79.0,90.0,15.950431150200615,105.39431370959845,0,4,81.06,SYNTHETIC
2026-01-02T00:45:00,12004,Shatabdi,0,GZB,ALJN,106.3,59.0,57.0,68.0,-1.4817590405208876,113.31523776128094,0,4,65.14,SYNTHETIC
2026-01-02T01:00:00,12951,Rajdhani,1,RTM,KOTA,266.0,157.0,154.0,170.0,0.8340865694995774,106.59113888059547,1,4,144.55,SYNTHETIC
2026-01-02T01:15:00,12951,Rajdhani,1,KOTA,MTJ,324.0,195.0,190.0,212.0,19.022251326255777,105.0721410525583,1,4,177.54,SYNTHETIC
2026-01-02T01:30:00,12004,Shatabdi,0,GZB,ALJN,106.3,59.0,57.0,68.0,-1.774898553225463,114.08156776486666,1,4,59.11,SYNTHETIC
2026-01-02T01:45:00,12951,Rajdhani,1,BCT,ST,263.0,162.0,158.0,172.0,32.169240404465995,115.03575095085796,1,4,152.62,SYNTHETIC
2026-01-02T02:00:00,12951,Rajdhani,1,BCT,ST,263.0,162.0,158.0,172.0,6.490168337625102,86.36619819210392,2,4,145.03,SYNTHETIC
2026-01-02T02:15:00,12951,Rajdhani,1,KOTA,MTJ,324.0,195.0,190.0,212.0,-1.1702219341214681,103.51874579080321,2,4,183.94,SYNTHETIC
2026-01-02T02:30:00,12004,Shatabdi,0,NDLS,GZB,24.5,38.0,36.0,42.0,4.682977235039502,30.0,2,4,41.35,SYNTHETIC
2026-01-02T02:45:00,12951,Rajdhani,1,MTJ,NDLS,143.0,110.0,108.0,125.0,2.136905623030568,92.19907693098064,2,4,103.41,SYNTHETIC
2026-01-02T03:00:00,12004,Shatabdi,0,GZB,ALJN,106.3,59.0,57.0,68.0,9.470620667850904,130.0,3,4,65.05,SYNTHETIC
2026-01-02T03:15:00,12951,Rajdhani,1,KOTA,MTJ,324.0,195.0,190.0,212.0,3.348943342670897,76.22790937684046,3,4,180.43,SYNTHETIC
2026-01-02T03:30:00,12951,Rajdhani,1,BCT,ST,263.0,162.0,158.0,172.0,3.8103938023640778,90.22418311571795,3,4,153.74,SYNTHETIC
2026-01-02T03:45:00,12951,Rajdhani,1,ST,BRC,129.0,81.0,79.0,90.0,3.7624544217477185,98.51539228690866,3,4,76.56,SYNTHETIC
2026-01-02T04:00:00,12004,Shatabdi,0,GZB,ALJN,106.3,59.0,57.0,68.0,0.9878912053669042,120.75537244456679,4,4,59.64,SYNTHETIC
2026-01-02T04:15:00,12951,Rajdhani,1,ST,BRC,129.0,81.0,79.0,90.0,1.5969623878869479,95.3422664185842,4,4,77.44,SYNTHETIC
2026-01-02T04:30:00,12951,Rajdhani,1,MTJ,NDLS,143.0,110.0,108.0,125.0,9.89884386210584,79.29726185809507,4,4,102.83,SYNTHETIC
2026-01-02T04:45:00,12004,Shatabdi,0,CNB,LKO,71.6,75.0,72.0,85.0,1.6875218042241853,59.60467526992794,4,4,77.0,SYNTHETIC
2026-01-02T05:00:00,12004,Shatabdi,0,ALJN,CNB,308.6,209.0,205.0,228.0,2.62358392832933,113.74170324464215,5,4,213.18,SYNTHETIC
2026-01-02T05:15:00,12951,Rajdhani,1,RTM,KOTA,266.0,157.0,154.0,170.0,-0.8088021107622674,96.11189663309494,5,4,152.86,SYNTHETIC
2026-01-02T05:30:00,12004,Shatabdi,0,ALJN,CNB,308.6,209.0,205.0,228.0,2.344559305522939,91.08243161847605,5,4,215.81,SYNTHETIC
2026-01-02T05:45:00,12951,Rajdhani,1,BCT,ST,263.0,162.0,158.0,172.0,-0.8897159356065147,91.7184269886341,5,4,150.0,SYNTHETIC
2026-01-02T06:00:00,12951,Rajdhani,1,BCT,ST,263.0,162.0,158.0,172.0,2.7739413711234633,78.41485012301958,6,4,159.54,SYNTHETIC
2026-01-02T06:15:00,12004,Shatabdi,0,GZB,ALJN,106.3,59.0,57.0,68.0,-1.1730531289065729,99.7098404292394,6,4,58.34,SYNTHETIC
2026-01-02T06:30:00,12951,Rajdhani,1,KOTA,MTJ,324.0,195.0,190.0,212.0,4.984373918873199,90.05525943170319,6,4,190.12,SYNTHETIC
2026-01-02T06:45:00,12004,Shatabdi,0,NDLS,GZB,24.5,38.0,36.0,42.0,-0.05493894122809517,46.97500033376759,6,4,41.48,SYNTHETIC
2026-01-02T07:00:00,12951,Rajdhani,1,RTM,KOTA,266.0,157.0,154.0,170.0,1.9759753880116864,88.4844530143781,7,4,158.1,SYNTHETIC
2026-01-02T07:15:00,12951,Rajdhani,1,RTM,KOTA,266.0,157.0,154.0,170.0,5.648862716596623,107.638553340434,7,4,147.03,SYNTHETIC
2026-01-02T07:30:00,12951,Rajdhani,1,BRC,RTM,261.0,197.0,193.0,215.0,2.3006746732504055,71.41721089581628,7,4,193.24,SYNTHETIC
2026-01-02T07:45:00,12951,Rajdhani,1,MTJ,NDLS,143.0,110.0,108.0,125.0,0.6230970732967451,70.73197563329515,7,4,107.32,SYNTHETIC
2026-01-02T08:00:00,12951,Rajdhani,1,BRC,RTM,261.0,197.0,193.0,215.0,0.8419899088148322,74.67416753063173,8,4,200.33,SYNTHETIC
2026-01-02T08:15:00,12004,Shatabdi,0,NDLS,GZB,24.5,38.0,36.0,42.0,0.519759694022675,30.0,8,4,41.59,SYNTHETIC
2026-01-02T08:30:00,12004,Shatabdi,0,CNB,LKO,71.6,75.0,72.0,85.0,2.621550179768935,74.89790743936324,8,4,85.1,SYNTHETIC
2026-01-02T08:45:00,12951,Rajdhani,1,KOTA,MTJ,324.0,195.0,190.0,212.0,0.4699268414938649,104.57576221462452,8,4,203.88,SYNTHETIC
2026-01-02T09:00:00,12951,Rajdhani,1,ST,BRC,129.0,81.0,79.0,90.0,3.5849980508032555,94.36045515003403,9,4,82.72,SYNTHETIC
2026-01-02T09:15:00,12951,Rajdhani,1,BRC,RTM,261.0,197.0,193.0,215.0,2.0143554407790747,89.11473841784014,9,4,203.13,SYNTHETIC
2026-01-02T09:30:00,12951,Rajdhani,1,ST,BRC,129.0,81.0,79.0,90.0,-0.21034949879897225,102.98385542054761,9,4,82.95,SYNTHETIC
2026-01-02T09:45:00,12951,Rajdhani,1,RTM,KOTA,266.0,157.0,154.0,170.0,1.884679093909745,99.32843975713746,9,4,169.15,SYNTHETIC
2026-01-02T10:00:00,12004,Shatabdi,0,CNB,LKO,71.6,75.0,72.0,85.0,1.3248673004189833,43.39124228783504,10,4,84.47,SYNTHETIC
2026-01-02T10:15:00,12951,Rajdhani,1,ST,BRC,129.0,81.0,79.0,90.0,3.2227184097546617,97.31388555783063,10,4,81.0,SYNTHETIC
2026-01-02T10:30:00,12004,Shatabdi,0,NDLS,GZB,24.5,38.0,36.0,42.0,0.7648884822915143,61.50377335084713,10,4,36.23,SYNTHETIC
2026-01-02T10:45:00,12951,Rajdhani,1,RTM,KOTA,266.0,157.0,154.0,170.0,7.960423682619393,111.99328475701505,10,4,158.37,SYNTHETIC
2026-01-02T11:00:00,12951,Rajdhani,1,RTM,KOTA,266.0,157.0,154.0,170.0,3.589977906892744,101.50429236731199,11,4,167.42,SYNTHETIC
2026-01-02T11:15:00,12004,Shatabdi,0,GZB,ALJN,106.3,59.0,57.0,68.0,-1.2036287489833666,113.592029686009,11,4,65.55,SYNTHETIC
2026-01-02T11:30:00,12951,Rajdhani,1,RTM,KOTA,266.0,157.0,154.0,170.0,5.672103766334775,108.95553255855208,11,4,164.09,SYNTHETIC
2026-01-02T11:45:00,12004,Shatabdi,0,ALJN,CNB,308.6,209.0,205.0,228.0,-0.9233320606402957,95.75678274914998,11,4,244.15,SYNTHETIC
2026-01-02T12:00:00,12951,Rajdhani,1,MTJ,NDLS,143.0,110.0,108.0,125.0,0.9898764981846697,76.94321843369933,12,4,111.9,SYNTHETIC
2026-01-02T12:15:00,12004,Shatabdi,0,ALJN,CNB,308.6,209.0,205.0,228.0,3.870617418277445,67.05843408451443,12,4,231.85,SYNTHETIC
2026-01-02T12:30:00,12004,Shatabdi,0,NDLS,GZB,24.5,38.0,36.0,42.0,11.790039097303502,49.12738914516823,12,4,32.8,SYNTHETIC
2026-01-02T12:45:00,12004,Shatabdi,0,ALJN,CNB,308.6,209.0,205.0,228.0,2.6964532381793997,71.64843295582111,12,4,226.59,SYNTHETIC
2026-01-02T13:00:00,12951,Rajdhani,1,MTJ,NDLS,143.0,110.0,108.0,125.0,-1.1001390763014451,84.5382256078055,13,4,111.74,SYNTHETIC
2026-01-02T13:15:00,12004,Shatabdi,0,CNB,LKO,71.6,75.0,72.0,85.0,6.116250293818375,67.94820157056772,13,4,81.43,SYNTHETIC
2026-01-02T13:30:00,12004,Shatabdi,0,NDLS,GZB,24.5,38.0,36.0,42.0,-1.7953547608529723,55.93104645792957,13,4,41.66,SYNTHETIC
2026-01-02T13:45:00,12004,Shatabdi,0,NDLS,GZB,24.5,38.0,36.0,42.0,-1.3483651394356628,30.0,13,4,41.73,SYNTHETIC
2026-01-02T14:00:00,12004,Shatabdi,0,CNB,LKO,71.6,75.0,72.0,85.0,1.0378877872591858,55.22373406590555,14,4,79.72,SYNTHETIC
2026-01-02T14:15:00,12004,Shatabdi,0,GZB,ALJN,106.3,59.0,57.0,68.0,-1.9263311531377658,125.19912247479608,14,4,69.6,SYNTHETIC
2026-01-02T14:30:00,12951,Rajdhani,1,BCT,ST,263.0,162.0,158.0,172.0,8.519809090184415,98.75369251557282,14,4,154.24,SYNTHETIC
2026-01-02T14:45:00,12951,Rajdhani,1,ST,BRC,129.0,81.0,79.0,90.0,1.073473956874134,104.51834010784438,14,4,78.83,SYNTHETIC
2026-01-02T15:00:00,12951,Rajdhani,1,MTJ,NDLS,143.0,110.0,108.0,125.0,3.294667654651324,103.9019642406127,15,4,108.39,SYNTHETIC
2026-01-02T15:15:00,12951,Rajdhani,1,RTM,KOTA,266.0,157.0,154.0,170.0,10.34016113524418,104.73031158241255,15,4,151.56,SYNTHETIC
2026-01-02T15:30:00,12004,Shatabdi,0,CNB,LKO,71.6,75.0,72.0,85.0,7.366305180573352,53.64018861361351,15,4,79.75,SYNTHETIC
2026-01-02T15:45:00,12004,Shatabdi,0,ALJN,CNB,308.6,209.0,205.0,228.0,6.0009418233003515,80.4259030169264,15,4,224.97,SYNTHETIC
2026-01-02T16:00:00,12004,Shatabdi,0,CNB,LKO,71.6,75.0,72.0,85.0,-1.2011242416976198,85.05357768404153,16,4,80.77,SYNTHETIC
2026-01-02T16:15:00,12951,Rajdhani,1,KOTA,MTJ,324.0,195.0,190.0,212.0,6.181321077008583,108.47794764336483,16,4,182.41,SYNTHETIC
2026-01-02T16:30:00,12951,Rajdhani,1,MTJ,NDLS,143.0,110.0,108.0,125.0,0.43428337954101215,87.96690933474713,16,4,101.04,SYNTHETIC
2026-01-02T16:45:00,12951,Rajdhani,1,ST,BRC,129.0,81.0,79.0,90.0,0.5510626653447406,110.67593901006096,16,4,76.54,SYNTHETIC
2026-01-02T17:00:00,12004,Shatabdi,0,NDLS,GZB,24.5,38.0,36.0,42.0,3.306837347684236,45.55021438531175,17,4,36.56,SYNTHETIC
2026-01-02T17:15:00,12004,Shatabdi,0,NDLS,GZB,24.5,38.0,36.0,42.0,0.7002074982383695,59.32289428278679,17,4,45.48,SYNTHETIC
2026-01-02T17:30:00,12951,Rajdhani,1,BRC,RTM,261.0,197.0,193.0,215.0,20.26461963595492,103.90641263704538,17,4,198.62,SYNTHETIC
2026-01-02T17:45:00,12951,Rajdhani,1,RTM,KOTA,266.0,157.0,154.0,170.0,2.185281193949357,96.86070150902655,17,4,166.77,SYNTHETIC
2026-01-02T18:00:00,12951,Rajdhani,1,RTM,KOTA,266.0,157.0,154.0,170.0,11.699889140869782,97.89974356756126,18,4,155.66,SYNTHETIC
2026-01-02T18:15:00,12951,Rajdhani,1,RTM,KOTA,266.0,157.0,154.0,170.0,3.312439629688786,114.03628803466192,18,4,161.95,SYNTHETIC
2026-01-02T18:30:00,12951,Rajdhani,1,ST,BRC,129.0,81.0,79.0,90.0,1.4870888307254817,110.4355354692801,18,4,77.22,SYNTHETIC
2026-01-02T18:45:00,12004,Shatabdi,0,NDLS,GZB,24.5,38.0,36.0,42.0,0.4420631116346758,41.930659725211264,18,4,42.41,SYNTHETIC
2026-01-02T19:00:00,12004,Shatabdi,0,GZB,ALJN,106.3,59.0,57.0,68.0,1.1529374056434776,121.25152077357987,19,4,69.18,SYNTHETIC
2026-01-02T19:15:00,12951,Rajdhani,1,RTM,KOTA,266.0,157.0,154.0,170.0,-0.6902198542471167,129.35008723325146,19,4,164.24,SYNTHETIC
2026-01-02T19:30:00,12951,Rajdhani,1,BCT,ST,263.0,162.0,158.0,172.0,-0.8199337432892879,87.65213963259954,19,4,168.67,SYNTHETIC
2026-01-02T19:45:00,12951,Rajdhani,1,RTM,KOTA,266.0,157.0,154.0,170.0,5.686568878582191,105.98288368791448,19,4,160.28,SYNTHETIC
2026-01-02T20:00:00,12951,Rajdhani,1,BCT,ST,263.0,162.0,158.0,172.0,-1.0875101280192832,82.9407559744211,20,4,163.75,SYNTHETIC
2026-01-02T20:15:00,12951,Rajdhani,1,MTJ,NDLS,143.0,110.0,108.0,125.0,-1.4636771622173053,82.70577466686562,20,4,111.47,SYNTHETIC
2026-01-02T20:30:00,12004,Shatabdi,0,GZB,ALJN,106.3,59.0,57.0,68.0,12.489418772984322,96.90814282703572,20,4,69.5,SYNTHETIC
2026-01-02T20:45:00,12951,Rajdhani,1,BRC,RTM,261.0,197.0,193.0,215.0,-0.1276297411083629,68.33560284809417,20,4,212.18,SYNTHETIC
2026-01-02T21:00:00,12004,Shatabdi,0,GZB,ALJN,106.3,59.0,57.0,68.0,9.84262490775701,108.34441356563802,21,4,68.11,SYNTHETIC
2026-01-02T21:15:00,12951,Rajdhani,1,BRC,RTM,261.0,197.0,193.0,215.0,7.652286723579401,77.50377425091844,21,4,198.76,SYNTHETIC
2026-01-02T21:30:00,12951,Rajdhani,1,RTM,KOTA,266.0,157.0,154.0,170.0,5.20079817745164,90.0528864435021,21,4,159.65,SYNTHETIC
2026-01-02T21:45:00,12004,Shatabdi,0,CNB,LKO,71.6,75.0,72.0,85.0,-1.1487090167282803,62.639736455164886,21,4,88.83,SYNTHETIC
2026-01-02T22:00:00,12951,Rajdhani,1,BCT,ST,263.0,162.0,158.0,172.0,8.126162228633214,92.27702391673677,22,4,153.25,SYNTHETIC
2026-01-02T22:15:00,12951,Rajdhani,1,BCT,ST,263.0,162.0,158.0,172.0,4.323331803916162,95.18194051956965,22,4,159.58,SYNTHETIC
2026-01-02T22:30:00,12951,Rajdhani,1,MTJ,NDLS,143.0,110.0,108.0,125.0,-1.094933320706915,70.4564453620198,22,4,105.27,SYNTHETIC
2026-01-02T22:45:00,12951,Rajdhani,1,RTM,KOTA,266.0,157.0,154.0,170.0,-0.26805943166670687,102.64773486591147,22,4,160.89,SYNTHETIC
2026-01-02T23:00:00,12951,Rajdhani,1,MTJ,NDLS,143.0,110.0,108.0,125.0,12.749257364627809,61.03570213112799,23,4,100.92,SYNTHETIC
2026-01-02T23:15:00,12951,Rajdhani,1,MTJ,NDLS,143.0,110.0,108.0,125.0,1.2894627941307393,83.1603827493097,23,4,107.64,SYNTHETIC
2026-01-02T23:30:00,12004,Shatabdi,0,NDLS,GZB,24.5,38.0,36.0,42.0,-1.4814303459689384,30.0,23,4,41.32,SYNTHETIC
2026-01-02T23:45:00,12951,Rajdhani,1,RTM,KOTA,266.0,157.0,154.0,170.0,1.4489153215557393,105.94123578239865,23,4,155.3,SYNTHETIC
2026-01-03T00:00:00,12951,Rajdhani,1,RTM,KOTA,266.0,157.0,154.0,170.0,3.013861184234213,124.44951020401504,0,5,153.09,SYNTHETIC
2026-01-03T00:15:00,12951,Rajdhani,1,ST,BRC,129.0,81.0,79.0,90.0,-1.1298365069667762,80.42681513855146,0,5,78.63,SYNTHETIC
2026-01-03T00:30:00,12004,Shatabdi,0,CNB,LKO,71.6,75.0,72.0,85.0,-0.9394775637980062,62.02666423343997,0,5,81.9,SYNTHETIC
2026-01-03T00:45:00,12004,Shatabdi,0,GZB,ALJN,106.3,59.0,57.0,68.0,3.8583554722157833,90.70116316171884,0,5,61.51,SYNTHETIC
2026-01-03T01:00:00,12004,Shatabdi,0,NDLS,GZB,24.5,38.0,36.0,42.0,2.1050213599784113,34.56366275545566,1,5,43.19,SYNTHETIC
2026-01-03T01:15:00,12004,Shatabdi,0,ALJN,CNB,308.6,209.0,205.0,228.0,-1.5142665181968176,100.17917838774784,1,5,220.23,SYNTHETIC
2026-01-03T01:30:00,12004,Shatabdi,0,NDLS,GZB,24.5,38.0,36.0,42.0,16.002943918736577,30.0,1,5,36.5,SYNTHETIC
2026-01-03T01:45:00,12951,Rajdhani,1,RTM,KOTA,266.0,157.0,154.0,170.0,6.5226424850978315,116.48169397570257,1,5,145.29,SYNTHETIC
2026-01-03T02:00:00,12951,Rajdhani,1,BCT,ST,263.0,162.0,158.0,172.0,5.071323016849194,95.33597463615457,2,5,148.84,SYNTHETIC
2026-01-03T02:15:00,12951,Rajdhani,1,KOTA,MTJ,324.0,195.0,190.0,212.0,4.242030607969266,99.48263631535809,2,5,182.77,SYNTHETIC
2026-01-03T02:30:00,12951,Rajdhani,1,MTJ,NDLS,143.0,110.0,108.0,125.0,-1.7586493927677256,83.7406266357703,2,5,104.3,SYNTHETIC
2026-01-03T02:45:00,12951,Rajdhani,1,BRC,RTM,261.0,197.0,193.0,215.0,2.86897110408543,61.615027642950174,2,5,184.44,SYNTHETIC
2026-01-03T03:00:00,12951,Rajdhani,1,BCT,ST,263.0,162.0,158.0,172.0,5.87879140743115,97.94561984913291,3,5,146.48,SYNTHETIC
2026-01-03T03:15:00,12951,Rajdhani,1,BRC,RTM,261.0,197.0,193.0,215.0,7.518485163475333,94.70623019489155,3,5,171.35,SYNTHETIC
2026-01-03T03:30:00,12951,Rajdhani,1,BRC,RTM,261.0,197.0,193.0,215.0,-1.7737412283865417,67.0882971494124,3,5,186.78,SYNTHETIC
2026-01-03T03:45:00,12004,Shatabdi,0,GZB,ALJN,106.3,59.0,57.0,68.0,10.9768531577146,86.60136244285866,3,5,62.39,SYNTHETIC
2026-01-03T04:00:00,12951,Rajdhani,1,BRC,RTM,261.0,197.0,193.0,215.0,0.27256228850606945,95.60967521659433,4,5,185.87,SYNTHETIC
2026-01-03T04:15:00,12951,Rajdhani,1,KOTA,MTJ,324.0,195.0,190.0,212.0,6.033162512227673,75.84326067470913,4,5,178.89,SYNTHETIC
2026-01-03T04:30:00,12004,Shatabdi,0,GZB,ALJN,106.3,59.0,57.0,68.0,-1.8517795175350686,112.7175767348595,4,5,64.86,SYNTHETIC
2026-01-03T04:45:00,12004,Shatabdi,0,ALJN,CNB,308.6,209.0,205.0,228.0,-1.5643841899464286,116.29899765185604,4,5,213.27,SYNTHETIC
2026-01-03T05:00:00,12951,Rajdhani,1,KOTA,MTJ,324.0,195.0,190.0,212.0,6.7731826620353495,85.49758622235193,5,5,171.42,SYNTHETIC
2026-01-03T05:15:00,12951,Rajdhani,1,BCT,ST,263.0,162.0,158.0,172.0,5.906698114233754,99.78477749495522,5,5,146.54,SYNTHETIC
2026-01-03T05:30:00,12951,Rajdhani,1,RTM,KOTA,266.0,157.0,154.0,170.0,0.03165463850695582,93.59495596884295,5,5,145.54,SYNTHETIC
2026-01-03T05:45:00,12951,Rajdhani,1,KOTA,MTJ,324.0,195.0,190.0,212.0,-0.051718725361075135,99.86509329052086,5,5,179.75,SYNTHETIC
2026-01-03T06:00:00,12004,Shatabdi,0,CNB,LKO,71.6,75.0,72.0,85.0,-0.5226484643544,58.00943613520051,6,5,78.45,SYNTHETIC
2026-01-03T06:15:00,12951,Rajdhani,1,RTM,KOTA,266.0,157.0,154.0,170.0,1.779924658608354,92.40914342074063,6,5,155.15,SYNTHETIC
2026-01-03T06:30:00,12004,Shatabdi,0,CNB,LKO,71.6,75.0,72.0,85.0,-1.5968347130799567,71.04837406804472,6,5,77.6,SYNTHETIC
2026-01-03T06:45:00,12004,Shatabdi,0,ALJN,CNB,308.6,209.0,205.0,228.0,2.313110515554647,83.94455137699904,6,5,222.07,SYNTHETIC
2026-01-03T07:00:00,12004,Shatabdi,0,NDLS,GZB,24.5,38.0,36.0,42.0,16.917161103287185,45.518968267048564,7,5,40.46,SYNTHETIC
2026-01-03T07:15:00,12951,Rajdhani,1,BRC,RTM,261.0,197.0,193.0,215.0,10.913925820156003,77.4059036892913,7,5,183.69,SYNTHETIC
2026-01-03T07:30:00,12004,Shatabdi,0,GZB,ALJN,106.3,59.0,57.0,68.0,2.054040529236974,130.0,7,5,61.69,SYNTHETIC
2026-01-03T07:45:00,12951,Rajdhani,1,KOTA,MTJ,324.0,195.0,190.0,212.0,3.392767145121514,93.91468868785084,7,5,190.49,SYNTHETIC
2026-01-03T08:00:00,12951,Rajdhani,1,KOTA,MTJ,324.0,195.0,190.0,212.0,0.9772948730220832,100.50588208428698,8,5,194.55,SYNTHETIC
2026-01-03T08:15:00,12004,Shatabdi,0,GZB,ALJN,106.3,59.0,57.0,68.0,9.888560706849773,117.32972786999868,8,5,67.8,SYNTHETIC
2026-01-03T08:30:00,12951,Rajdhani,1,RTM,KOTA,266.0,157.0,154.0,170.0,-0.2526772975081464,104.09228528106412,8,5,165.73,SYNTHETIC
2026-01-03T08:45:00,12951,Rajdhani,1,BCT,ST,263.0,162.0,158.0,172.0,26.588749418724824,108.94836540569155,8,5,169.62,SYNTHETIC
2026-01-03T09:00:00,12951,Rajdhani,1,RTM,KOTA,266.0,157.0,154.0,170.0,4.799523387537106,87.24240095972306,9,5,168.5,SYNTHETIC
2026-01-03T09:15:00,12004,Shatabdi,0,ALJN,CNB,308.6,209.0,205.0,228.0,10.157033869189146,83.94342025221779,9,5,229.93,SYNTHETIC
2026-01-03T09:30:00,12951,Rajdhani,1,KOTA,MTJ,324.0,195.0,190.0,212.0,13.963309553194087,105.49384116570306,9,5,193.35,SYNTHETIC
2026-01-03T09:45:00,12951,Rajdhani,1,BCT,ST,263.0,162.0,158.0,172.0,10.76527790831292,98.20223691835045,9,5,163.72,SYNTHETIC
2026-01-03T10:00:00,12951,Rajdhani,1,BRC,RTM,261.0,197.0,193.0,215.0,-0.9484493916226209,85.32242192091701,10,5,207.77,SYNTHETIC
2026-01-03T10:15:00,12951,Rajdhani,1,BRC,RTM,261.0,197.0,193.0,215.0,-0.7124224136011057,78.65726736520584,10,5,205.19,SYNTHETIC
2026-01-03T10:30:00,12951,Rajdhani,1,RTM,KOTA,266.0,157.0,154.0,170.0,-0.1949618179392978,110.09120544777439,10,5,172.99,SYNTHETIC
2026-01-03T10:45:00,12951,Rajdhani,1,ST,BRC,129.0,81.0,79.0,90.0,-0.0010528231815887246,97.5104798368898,10,5,84.62,SYNTHETIC
2026-01-03T11:00:00,12951,Rajdhani,1,BCT,ST,263.0,162.0,158.0,172.0,-1.3510820140083524,101.62887602042407,11,5,167.55,SYNTHETIC
2026-01-03T11:15:00,12004,Shatabdi,0,NDLS,GZB,24.5,38.0,36.0,42.0,6.8437881173047845,38.49342666431169,11,5,45.52,SYNTHETIC
2026-01-03T11:30:00,12004,Shatabdi,0,GZB,ALJN,106.3,59.0,57.0,68.0,10.312677069261476,106.30551836938938,11,5,66.0,SYNTHETIC
2026-01-03T11:45:00,12004,Shatabdi,0,NDLS,GZB,24.5,38.0,36.0,42.0,0.34591462130338124,56.48857362567674,11,5,42.55,SYNTHETIC
2026-01-03T12:00:00,12004,Shatabdi,0,GZB,ALJN,106.3,59.0,57.0,68.0,33.109172569941876,97.41459783794282,12,5,55.43,SYNTHETIC
2026-01-03T12:15:00,12951,Rajdhani,1,BRC,RTM,261.0,197.0,193.0,215.0,8.489468286702877,89.48075355914003,12,5,185.73,SYNTHETIC
2026-01-03T12:30:00,12004,Shatabdi,0,CNB,LKO,71.6,75.0,72.0,85.0,4.376770566538858,57.44253888211101,12,5,77.72,SYNTHETIC
2026-01-03T12:45:00,12951,Rajdhani,1,BCT,ST,263.0,162.0,158.0,172.0,4.105390106380616,84.6181660122716,12,5,155.92,SYNTHETIC
2026-01-03T13:00:00,12004,Shatabdi,0,ALJN,CNB,308.6,209.0,205.0,228.0,0.24337997335788542,101.95680579982479,13,5,226.26,SYNTHETIC
2026-01-03T13:15:00,12004,Shatabdi,0,ALJN,CNB,308.6,209.0,205.0,228.0,-1.81022570542667,77.80655697760776,13,5,234.59,SYNTHETIC
2026-01-03T13:30:00,12951,Rajdhani,1,RTM,KOTA,266.0,157.0,154.0,170.0,-0.95926484345967,102.04980867767776,13,5,150.44,SYNTHETIC
2026-01-03T13:45:00,12004,Shatabdi,0,GZB,ALJN,106.3,59.0,57.0,68.0,6.588352675622362,102.45104906667473,13,5,60.91,SYNTHETIC
2026-01-03T14:00:00,12951,Rajdhani,1,MTJ,NDLS,143.0,110.0,108.0,125.0,3.7528461365846812,78.54708750157218,14,5,112.32,SYNTHETIC
2026-01-03T14:15:00,12951,Rajdhani,1,BRC,RTM,261.0,197.0,193.0,215.0,-1.1975375053019697,74.3759733524643,14,5,198.4,SYNTHETIC
2026-01-03T14:30:00,12951,Rajdhani,1,ST,BRC,129.0,81.0,79.0,90.0,-0.4664632963469826,102.42123540097339,14,5,76.01,SYNTHETIC
2026-01-03T14:45:00,12951,Rajdhani,1,BCT,ST,263.0,162.0,158.0,172.0,-0.12000322032525568,93.52736736858543,14,5,160.99,SYNTHETIC
2026-01-03T15:00:00,12004,Shatabdi,0,NDLS,GZB,24.5,38.0,36.0,42.0,-1.9298684836944147,39.102984546364155,15,5,37.68,SYNTHETIC
2026-01-03T15:15:00,12951,Rajdhani,1,ST,BRC,129.0,81.0,79.0,90.0,0.06900829044674905,105.83268513081212,15,5,80.28,SYNTHETIC
2026-01-03T15:30:00,12951,Rajdhani,1,ST,BRC,129.0,81.0,79.0,90.0,12.303984873493949,107.37316457960068,15,5,79.17,SYNTHETIC
2026-01-03T15:45:00,12951,Rajdhani,1,KOTA,MTJ,324.0,195.0,190.0,212.0,-0.3372123032916907,126.33605229203879,15,5,189.93,SYNTHETIC
2026-01-03T16:00:00,12004,Shatabdi,0,CNB,LKO,71.6,75.0,72.0,85.0,0.5480395638165607,60.291693999161424,16,5,78.6,SYNTHETIC
2026-01-03T16:15:00,12004,Shatabdi,0,NDLS,GZB,24.5,38.0,36.0,42.0,8.441177671466383,30.0,16,5,36.24,SYNTHETIC
2026-01-03T16:30:00,12951,Rajdhani,1,MTJ,NDLS,143.0,110.0,108.0,125.0,5.0167513789506035,73.73265454661647,16,5,106.48,SYNTHETIC
2026-01-03T16:45:00,12951,Rajdhani,1,BRC,RTM,261.0,197.0,193.0,215.0,4.65898817709812,83.24557614934285,16,5,195.64,SYNTHETIC
2026-01-03T17:00:00,12951,Rajdhani,1,KOTA,MTJ,324.0,195.0,190.0,212.0,-1.6797770859259518,120.43559071503293,17,5,207.19,SYNTHETIC
2026-01-03T17:15:00,12004,Shatabdi,0,GZB,ALJN,106.3,59.0,57.0,68.0,3.8898520626806894,117.07540628055618,17,5,71.77,SYNTHETIC
2026-01-03T17:30:00,12004,Shatabdi,0,CNB,LKO,71.6,75.0,72.0,85.0,3.4600012918314507,58.65843676481459,17,5,86.89,SYNTHETIC
2026-01-03T17:45:00,12004,Shatabdi,0,GZB,ALJN,106.3,59.0,57.0,68.0,-1.6264998120859095,105.38055680596078,17,5,66.01,SYNTHETIC
2026-01-03T18:00:00,12951,Rajdhani,1,BRC,RTM,261.0,197.0,193.0,215.0,1.8113370779004443,86.85183557873663,18,5,207.12,SYNTHETIC
2026-01-03T18:15:00,12004,Shatabdi,0,ALJN,CNB,308.6,209.0,205.0,228.0,-0.9419210236899038,95.38186231910754,18,5,231.74,SYNTHETIC
2026-01-03T18:30:00,12004,Shatabdi,0,ALJN,CNB,308.6,209.0,205.0,228.0,4.840886771652212,87.74818584527875,18,5,243.24,SYNTHETIC
2026-01-03T18:45:00,12951,Rajdhani,1,RTM,KOTA,266.0,157.0,154.0,170.0,1.3254614764444832,91.37870700634022,18,5,163.39,SYNTHETIC
2026-01-03T19:00:00,12951,Rajdhani,1,RTM,KOTA,266.0,157.0,154.0,170.0,2.702378228555137,129.57207867495225,19,5,163.12,SYNTHETIC
2026-01-03T19:15:00,12004,Shatabdi,0,GZB,ALJN,106.3,59.0,57.0,68.0,2.0010058215952844,95.56521403668543,19,5,67.17,SYNTHETIC
2026-01-03T19:30:00,12004,Shatabdi,0,ALJN,CNB,308.6,209.0,205.0,228.0,3.8525287461974536,104.08998614830149,19,5,243.71,SYNTHETIC
2026-01-03T19:45:00,12951,Rajdhani,1,BRC,RTM,261.0,197.0,193.0,215.0,4.006853565432883,83.44630547570065,19,5,198.86,SYNTHETIC
2026-01-03T20:00:00,12951,Rajdhani,1,ST,BRC,129.0,81.0,79.0,90.0,2.0669256553212945,103.41068509024812,20,5,83.25,SYNTHETIC
2026-01-03T20:15:00,12951,Rajdhani,1,RTM,KOTA,266.0,157.0,154.0,170.0,3.196650642175724,96.77898776848018,20,5,166.54,SYNTHETIC
2026-01-03T20:30:00,12951,Rajdhani,1,KOTA,MTJ,324.0,195.0,190.0,212.0,18.922948250926865,110.38872072179507,20,5,192.53,SYNTHETIC
2026-01-03T20:45:00,12951,Rajdhani,1,RTM,KOTA,266.0,157.0,154.0,170.0,3.4784850360760666,89.5735173505308,20,5,161.49,SYNTHETIC
2026-01-03T21:00:00,12951,Rajdhani,1,MTJ,NDLS,143.0,110.0,108.0,125.0,-1.5419736646643776,80.212663355047,21,5,111.01,SYNTHETIC
2026-01-03T21:15:00,12951,Rajdhani,1,KOTA,MTJ,324.0,195.0,190.0,212.0,1.3820631441135545,108.80503157875418,21,5,200.7,SYNTHETIC
2026-01-03T21:30:00,12951,Rajdhani,1,ST,BRC,129.0,81.0,79.0,90.0,-0.8992083792154357,94.75833303212997,21,5,91.85,SYNTHETIC
2026-01-03T21:45:00,12951,Rajdhani,1,RTM,KOTA,266.0,157.0,154.0,170.0,3.2819860818155293,100.60327901700414,21,5,163.53,SYNTHETIC
2026-01-03T22:00:00,12004,Shatabdi,0,GZB,ALJN,106.3,59.0,57.0,68.0,23.916781541760315,108.67850548164563,22,5,58.64,SYNTHETIC
2026-01-03T22:15:00,12004,Shatabdi,0,NDLS,GZB,24.5,38.0,36.0,42.0,-1.2185967201012995,48.15973410548913,22,5,39.21,SYNTHETIC
2026-01-03T22:30:00,12004,Shatabdi,0,NDLS,GZB,24.5,38.0,36.0,42.0,3.2721014829464545,32.02226183806872,22,5,44.59,SYNTHETIC
2026-01-03T22:45:00,12004,Shatabdi,0,GZB,ALJN,106.3,59.0,57.0,68.0,0.34166211334616525,112.57227256972689,22,5,63.48,SYNTHETIC
2026-01-03T23:00:00,12004,Shatabdi,0,GZB,ALJN,106.3,59.0,57.0,68.0,0.5172639051462471,101.23909959345501,23,5,62.21,SYNTHETIC
2026-01-03T23:15:00,12004,Shatabdi,0,CNB,LKO,71.6,75.0,72.0,85.0,5.318190085245036,65.79440571729236,23,5,75.93,SYNTHETIC
2026-01-03T23:30:00,12004,Shatabdi,0,NDLS,GZB,24.5,38.0,36.0,42.0,5.87446106686682,36.24896393146416,23,5,37.75,SYNTHETIC
2026-01-03T23:45:00,12004,Shatabdi,0,GZB,ALJN,106.3,59.0,57.0,68.0,4.501733523060007,111.37845211918257,23,5,62.2,SYNTHETIC
2026-01-04T00:00:00,12004,Shatabdi,0,GZB,ALJN,106.3,59.0,57.0,68.0,3.771609133305649,113.90572730925494,0,6,64.8,SYNTHETIC
2026-01-04T00:15:00,12951,Rajdhani,1,RTM,KOTA,266.0,157.0,154.0,170.0,7.523428132763639,105.44281827911803,0,6,151.64,SYNTHETIC
2026-01-04T00:30:00,12951,Rajdhani,1,BCT,ST,263.0,162.0,158.0,172.0,4.597163548586352,81.3640141425663,0,6,160.83,SYNTHETIC
2026-01-04T00:45:00,12004,Shatabdi,0,GZB,ALJN,106.3,59.0,57.0,68.0,42.65033745822643,121.94616257488543,0,6,65.88,SYNTHETIC
2026-01-04T01:00:00,12951,Rajdhani,1,KOTA,MTJ,324.0,195.0,190.0,212.0,-1.306796584460373,114.5476905279508,1,6,184.48,SYNTHETIC
2026-01-04T01:15:00,12004,Shatabdi,0,CNB,LKO,71.6,75.0,72.0,85.0,4.608377903033841,65.64066736516524,1,6,79.51,SYNTHETIC
2026-01-04T01:30:00,12004,Shatabdi,0,ALJN,CNB,308.6,209.0,205.0,228.0,10.190797958202282,75.63115561315011,1,6,210.08,SYNTHETIC
2026-01-04T01:45:00,12951,Rajdhani,1,BCT,ST,263.0,162.0,158.0,172.0,0.35457514565912707,87.09319188715523,1,6,146.75,SYNTHETIC
2026-01-04T02:00:00,12951,Rajdhani,1,BCT,ST,263.0,162.0,158.0,172.0,0.8722778348971945,121.99533081536585,2,6,155.02,SYNTHETIC
2026-01-04T02:15:00,12004,Shatabdi,0,NDLS,GZB,24.5,38.0,36.0,42.0,1.5264500851964722,41.25022370465275,2,6,36.92,SYNTHETIC
2026-01-04T02:30:00,12951,Rajdhani,1,MTJ,NDLS,143.0,110.0,108.0,125.0,6.5463286821459175,110.86411421732242,2,6,100.54,SYNTHETIC
2026-01-04T02:45:00,12951,Rajdhani,1,RTM,KOTA,266.0,157.0,154.0,170.0,2.392348328809561,99.09392088483101,2,6,147.78,SYNTHETIC
2026-01-04T03:00:00,12951,Rajdhani,1,MTJ,NDLS,143.0,110.0,108.0,125.0,-1.3080847522896348,80.34052604372053,3,6,100.14,SYNTHETIC
2026-01-04T03:15:00,12004,Shatabdi,0,CNB,LKO,71.6,75.0,72.0,85.0,3.617508149648918,66.46639742183422,3,6,78.86,SYNTHETIC
2026-01-04T03:30:00,12951,Rajdhani,1,BCT,ST,263.0,162.0,158.0,172.0,-0.6927205357249222,97.34656084150934,3,6,152.86,SYNTHETIC
2026-01-04T03:45:00,12004,Shatabdi,0,ALJN,CNB,308.6,209.0,205.0,228.0,-1.6270405883676762,88.43298434166745,3,6,215.2,SYNTHETIC
2026-01-04T04:00:00,12004,Shatabdi,0,CNB,LKO,71.6,75.0,72.0,85.0,-0.21944862153096878,49.78075559515749,4,6,74.11,SYNTHETIC
2026-01-04T04:15:00,12004,Shatabdi,0,ALJN,CNB,308.6,209.0,205.0,228.0,3.218333248939393,92.86444326086149,4,6,215.04,SYNTHETIC
2026-01-04T04:30:00,12004,Shatabdi,0,CNB,LKO,71.6,75.0,72.0,85.0,8.39553501378961,49.080273172695854,4,6,75.65,SYNTHETIC
2026-01-04T04:45:00,12951,Rajdhani,1,BRC,RTM,261.0,197.0,193.0,215.0,2.4687069983925998,75.12621993354486,4,6,186.24,SYNTHETIC
2026-01-04T05:00:00,12951,Rajdhani,1,MTJ,NDLS,143.0,110.0,108.0,125.0,-0.7709149547268486,78.00598673532481,5,6,106.07,SYNTHETIC
2026-01-04T05:15:00,12951,Rajdhani,1,ST,BRC,129.0,81.0,79.0,90.0,7.8391523046121545,92.1850509923621,5,6,73.66,SYNTHETIC
2026-01-04T05:30:00,12951,Rajdhani,1,MTJ,NDLS,143.0,110.0,108.0,125.0,-1.285242050430819,104.9049277784892,5,6,104.92,SYNTHETIC
2026-01-04T05:45:00,12951,Rajdhani,1,MTJ,NDLS,143.0,110.0,108.0,125.0,-0.5701154349190656,65.41839172644751,5,6,108.93,SYNTHETIC
2026-01-04T06:00:00,12951,Rajdhani,1,MTJ,NDLS,143.0,110.0,108.0,125.0,11.816898122277134,67.00581209053159,6,6,102.68,SYNTHETIC
2026-01-04T06:15:00,12951,Rajdhani,1,BCT,ST,263.0,162.0,158.0,172.0,0.15773715293802448,106.80041098146111,6,6,159.37,SYNTHETIC
2026-01-04T06:30:00,12951,Rajdhani,1,BRC,RTM,261.0,197.0,193.0,215.0,4.607593019232221,83.53467099011597,6,6,190.65,SYNTHETIC
2026-01-04T06:45:00,12004,Shatabdi,0,NDLS,GZB,24.5,38.0,36.0,42.0,1.309310871768472,36.3618687094942,6,6,38.69,SYNTHETIC
2026-01-04T07:00:00,12004,Shatabdi,0,NDLS,GZB,24.5,38.0,36.0,42.0,-0.5342580398687637,53.07917770959477,7,6,44.73,SYNTHETIC
2026-01-04T07:15:00,12951,Rajdhani,1,MTJ,NDLS,143.0,110.0,108.0,125.0,-0.21858249435651445,73.97349147057344,7,6,108.49,SYNTHETIC
2026-01-04T07:30:00,12951,Rajdhani,1,KOTA,MTJ,324.0,195.0,190.0,212.0,24.43079898028796,106.4612076174821,7,6,181.98,SYNTHETIC
2026-01-04T07:45:00,12004,Shatabdi,0,ALJN,CNB,308.6,209.0,205.0,228.0,1.5080921768630526,107.40741491718106,7,6,220.32,SYNTHETIC
2026-01-04T08:00:00,12951,Rajdhani,1,RTM,KOTA,266.0,157.0,154.0,170.0,-1.1754912551805012,106.66321712632349,8,6,163.66,SYNTHETIC
2026-01-04T08:15:00,12951,Rajdhani,1,BRC,RTM,261.0,197.0,193.0,215.0,6.8868678848122435,89.23528909311608,8,6,197.53,SYNTHETIC
2026-01-04T08:30:00,12951,Rajdhani,1,KOTA,MTJ,324.0,195.0,190.0,212.0,0.34379795768548504,95.82301402302414,8,6,196.36,SYNTHETIC
2026-01-04T08:45:00,12004,Shatabdi,0,NDLS,GZB,24.5,38.0,36.0,42.0,8.697860975650082,35.62419513996649,8,6,41.88,SYNTHETIC
2026-01-04T09:00:00,12951,Rajdhani,1,RTM,KOTA,266.0,157.0,154.0,170.0,4.313992242461584,83.69900721064907,9,6,164.87,SYNTHETIC
2026-01-04T09:15:00,12951,Rajdhani,1,ST,BRC,129.0,81.0,79.0,90.0,-1.6774501727456763,82.97880898227447,9,6,82.11,SYNTHETIC
2026-01-04T09:30:00,12951,Rajdhani,1,BRC,RTM,261.0,197.0,193.0,215.0,1.7552375678944534,82.1042335609919,9,6,208.0,SYNTHETIC
2026-01-04T09:45:00,12951,Rajdhani,1,KOTA,MTJ,324.0,195.0,190.0,212.0,-0.8785665609802529,86.75572214594739,9,6,200.28,SYNTHETIC
2026-01-04T10:00:00,12004,Shatabdi,0,NDLS,GZB,24.5,38.0,36.0,42.0,0.1473664804504442,40.63314433988905,10,6,42.8,SYNTHETIC
2026-01-04T10:15:00,12004,Shatabdi,0,ALJN,CNB,308.6,209.0,205.0,228.0,-1.0078079280655832,102.45292821930403,10,6,244.35,SYNTHETIC
2026-01-04T10:30:00,12004,Shatabdi,0,GZB,ALJN,106.3,59.0,57.0,68.0,7.30424075062415,114.87525894317702,10,6,67.67,SYNTHETIC
2026-01-04T10:45:00,12004,Shatabdi,0,CNB,LKO,71.6,75.0,72.0,85.0,0.1669242403093012,51.80677206158717,10,6,81.48,SYNTHETIC
2026-01-04T11:00:00,12951,Rajdhani,1,KOTA,MTJ,324.0,195.0,190.0,212.0,2.2767237066234136,96.80851923279785,11,6,209.1,SYNTHETIC
2026-01-04T11:15:00,12004,Shatabdi,0,GZB,ALJN,106.3,59.0,57.0,68.0,2.350049512272638,111.83402772670632,11,6,72.24,SYNTHETIC
2026-01-04T11:30:00,12951,Rajdhani,1,MTJ,NDLS,143.0,110.0,108.0,125.0,2.1727350509965326,88.30892641460704,11,6,109.23,SYNTHETIC
2026-01-04T11:45:00,12951,Rajdhani,1,RTM,KOTA,266.0,157.0,154.0,170.0,2.561894207459101,96.60573465635218,11,6,164.31,SYNTHETIC
2026-01-04T12:00:00,12951,Rajdhani,1,KOTA,MTJ,324.0,195.0,190.0,212.0,0.3363221367714311,109.438504368743,12,6,190.36,SYNTHETIC
2026-01-04T12:15:00,12004,Shatabdi,0,GZB,ALJN,106.3,59.0,57.0,68.0,-1.1469907474006433,130.0,12,6,62.84,SYNTHETIC
2026-01-04T12:30:00,12004,Shatabdi,0,CNB,LKO,71.6,75.0,72.0,85.0,2.1897552892983674,49.01553003591294,12,6,78.17,SYNTHETIC
2026-01-04T12:45:00,12951,Rajdhani,1,RTM,KOTA,266.0,157.0,154.0,170.0,1.9032166698425605,87.82378792716882,12,6,154.11,SYNTHETIC
2026-01-04T13:00:00,12004,Shatabdi,0,CNB,LKO,71.6,75.0,72.0,85.0,1.4736813437592904,62.499660851068235,13,6,76.16,SYNTHETIC
2026-01-04T13:15:00,12004,Shatabdi,0,GZB,ALJN,106.3,59.0,57.0,68.0,4.302381035947718,109.76030813280317,13,6,66.2,SYNTHETIC
2026-01-04T13:30:00,12004,Shatabdi,0,GZB,ALJN,106.3,59.0,57.0,68.0,-1.6428975114534579,106.25824656784184,13,6,60.67,SYNTHETIC
2026-01-04T13:45:00,12004,Shatabdi,0,ALJN,CNB,308.6,209.0,205.0,228.0,-0.8256156523478295,99.69453211515159,13,6,232.45,SYNTHETIC
2026-01-04T14:00:00,12951,Rajdhani,1,RTM,KOTA,266.0,157.0,154.0,170.0,8.091092660060292,88.29337737251905,14,6,152.12,SYNTHETIC
2026-01-04T14:15:00,12004,Shatabdi,0,CNB,LKO,71.6,75.0,72.0,85.0,4.3978639997580675,64.37269267441711,14,6,82.8,SYNTHETIC
2026-01-04T14:30:00,12004,Shatabdi,0,ALJN,CNB,308.6,209.0,205.0,228.0,0.7509111002976114,102.40004430412222,14,6,227.97,SYNTHETIC
2026-01-04T14:45:00,12951,Rajdhani,1,ST,BRC,129.0,81.0,79.0,90.0,17.91587016621437,92.30275935617702,14,6,75.46,SYNTHETIC
2026-01-04T15:00:00,12951,Rajdhani,1,BCT,ST,263.0,162.0,158.0,172.0,-1.8837269632013223,108.5044199832253,15,6,155.61,SYNTHETIC
2026-01-04T15:15:00,12951,Rajdhani,1,MTJ,NDLS,143.0,110.0,108.0,125.0,-0.7379337703263253,64.11709075548684,15,6,111.1,SYNTHETIC
2026-01-04T15:30:00,12951,Rajdhani,1,MTJ,NDLS,143.0,110.0,108.0,125.0,-0.34388622889820386,79.2913459527145,15,6,109.74,SYNTHETIC
2026-01-04T15:45:00,12004,Shatabdi,0,ALJN,CNB,308.6,209.0,205.0,228.0,-0.14573924099992208,90.22079210482309,15,6,230.78,SYNTHETIC
2026-01-04T16:00:00,12951,Rajdhani,1,BCT,ST,263.0,162.0,158.0,172.0,2.0194104137790774,95.44059520960388,16,6,155.35,SYNTHETIC
2026-01-04T16:15:00,12004,Shatabdi,0,GZB,ALJN,106.3,59.0,57.0,68.0,1.8777891597497067,98.17572541279169,16,6,58.03,SYNTHETIC
2026-01-04T16:30:00,12951,Rajdhani,1,BCT,ST,263.0,162.0,158.0,172.0,16.771769354822595,104.52387233167082,16,6,153.76,SYNTHETIC
2026-01-04T16:45:00,12004,Shatabdi,0,GZB,ALJN,106.3,59.0,57.0,68.0,1.4532849601893632,118.67399555549795,16,6,60.21,SYNTHETIC
2026-01-04T17:00:00,12951,Rajdhani,1,RTM,KOTA,266.0,157.0,154.0,170.0,1.7135556090356774,117.74204368641522,17,6,170.86,SYNTHETIC
2026-01-04T17:15:00,12951,Rajdhani,1,RTM,KOTA,266.0,157.0,154.0,170.0,-0.45541665252221897,102.39846775825443,17,6,170.06,SYNTHETIC
2026-01-04T17:30:00,12951,Rajdhani,1,BCT,ST,263.0,162.0,158.0,172.0,6.0235115148564695,120.00729019678522,17,6,161.83,SYNTHETIC
2026-01-04T17:45:00,12951,Rajdhani,1,KOTA,MTJ,324.0,195.0,190.0,212.0,6.227423916338886,113.24647533981633,17,6,196.33,SYNTHETIC
2026-01-04T18:00:00,12004,Shatabdi,0,NDLS,GZB,24.5,38.0,36.0,42.0,16.810158917318734,32.808406001216866,18,6,44.77,SYNTHETIC
2026-01-04T18:15:00,12004,Shatabdi,0,ALJN,CNB,308.6,209.0,205.0,228.0,4.497094105771019,85.8078546435058,18,6,239.17,SYNTHETIC
2026-01-04T18:30:00,12951,Rajdhani,1,RTM,KOTA,266.0,157.0,154.0,170.0,-0.1523123026784583,109.70767464419981,18,6,167.99,SYNTHETIC
2026-01-04T18:45:00,12004,Shatabdi,0,GZB,ALJN,106.3,59.0,57.0,68.0,-1.9371053072348683,103.28089981853782,18,6,65.05,SYNTHETIC
2026-01-04T19:00:00,12951,Rajdhani,1,BRC,RTM,261.0,197.0,193.0,215.0,-1.7428604761453457,95.69608327386817,19,6,213.82,SYNTHETIC
2026-01-04T19:15:00,12004,Shatabdi,0,GZB,ALJN,106.3,59.0,57.0,68.0,-1.1775460281176904,117.46294524985524,19,6,65.68,SYNTHETIC
2026-01-04T19:30:00,12951,Rajdhani,1,MTJ,NDLS,143.0,110.0,108.0,125.0,3.695046883313391,77.23190820858672,19,6,116.4,SYNTHETIC
2026-01-04T19:45:00,12951,Rajdhani,1,RTM,KOTA,266.0,157.0,154.0,170.0,27.289812806616695,91.51179084787135,19,6,170.52,SYNTHETIC
2026-01-04T20:00:00,12951,Rajdhani,1,KOTA,MTJ,324.0,195.0,190.0,212.0,2.711792967913752,89.90259948940674,20,6,208.75,SYNTHETIC
2026-01-04T20:15:00,12951,Rajdhani,1,RTM,KOTA,266.0,157.0,154.0,170.0,2.8961375166614456,114.88435008229554,20,6,160.96,SYNTHETIC
2026-01-04T20:30:00,12004,Shatabdi,0,GZB,ALJN,106.3,59.0,57.0,68.0,-1.3146437106755924,105.87368331429268,20,6,69.35,SYNTHETIC
2026-01-04T20:45:00,12951,Rajdhani,1,BRC,RTM,261.0,197.0,193.0,215.0,9.021910422866823,84.22822649904664,20,6,206.52,SYNTHETIC
2026-01-04T21:00:00,12951,Rajdhani,1,RTM,KOTA,266.0,157.0,154.0,170.0,3.67957968612572,105.26306362633895,21,6,164.53,SYNTHETIC
2026-01-04T21:15:00,12951,Rajdhani,1,BCT,ST,263.0,162.0,158.0,172.0,-0.9533679770652572,97.36873733159989,21,6,167.4,SYNTHETIC
2026-01-04T21:30:00,12951,Rajdhani,1,BCT,ST,263.0,162.0,158.0,172.0,10.794562259520344,91.31830414173646,21,6,164.86,SYNTHETIC
2026-01-04T21:45:00,12004,Shatabdi,0,GZB,ALJN,106.3,59.0,57.0,68.0,-0.6307948324306176,128.59378188561934,21,6,67.91,SYNTHETIC
2026-01-04T22:00:00,12951,Rajdhani,1,KOTA,MTJ,324.0,195.0,190.0,212.0,0.8225173770543313,118.70519774712612,22,6,197.88,SYNTHETIC
2026-01-04T22:15:00,12951,Rajdhani,1,MTJ,NDLS,143.0,110.0,108.0,125.0,6.587518400965742,64.94587878963539,22,6,101.44,SYNTHETIC
2026-01-04T22:30:00,12004,Shatabdi,0,ALJN,CNB,308.6,209.0,205.0,228.0,9.069836448175154,92.63707861246792,22,6,206.47,SYNTHETIC
2026-01-04T22:45:00,12004,Shatabdi,0,CNB,LKO,71.6,75.0,72.0,85.0,5.682336227469458,61.91351392418552,22,6,79.81,SYNTHETIC
2026-01-04T23:00:00,12951,Rajdhani,1,BCT,ST,263.0,162.0,158.0,172.0,-1.9887100836586988,95.93360408849477,23,6,156.76,SYNTHETIC
2026-01-04T23:15:00,12004,Shatabdi,0,CNB,LKO,71.6,75.0,72.0,85.0,1.0882702357366458,59.95713439048411,23,6,83.59,SYNTHETIC
2026-01-04T23:30:00,12951,Rajdhani,1,BCT,ST,263.0,162.0,158.0,172.0,3.2047718025288656,118.48657369388293,23,6,163.66,SYNTHETIC
2026-01-04T23:45:00,12951,Rajdhani,1,RTM,KOTA,266.0,157.0,154.0,170.0,4.770742346942525,97.3884681670231,23,6,156.48,SYNTHETIC
2026-01-05T00:00:00,12004,Shatabdi,0,ALJN,CNB,308.6,209.0,205.0,228.0,2.137987697557657,101.48097175316582,0,0,226.71,SYNTHETIC
2026-01-05T00:15:00,12004,Shatabdi,0,CNB,LKO,71.6,75.0,72.0,85.0,2.3697749992911286,48.249775525331614,0,0,78.36,SYNTHETIC
2026-01-05T00:30:00,12951,Rajdhani,1,BRC,RTM,261.0,197.0,193.0,215.0,-0.38599328822946877,75.31352763006248,0,0,192.49,SYNTHETIC
2026-01-05T00:45:00,12951,Rajdhani,1,KOTA,MTJ,324.0,195.0,190.0,212.0,14.228533626425893,92.07392123039217,0,0,189.86,SYNTHETIC
2026-01-05T01:00:00,12004,Shatabdi,0,CNB,LKO,71.6,75.0,72.0,85.0,2.1130551557411197,65.11788414255598,1,0,75.24,SYNTHETIC
2026-01-05T01:15:00,12951,Rajdhani,1,BRC,RTM,261.0,197.0,193.0,215.0,3.0900021772602706,68.60641444183814,1,0,186.33,SYNTHETIC
2026-01-05T01:30:00,12951,Rajdhani,1,MTJ,NDLS,143.0,110.0,108.0,125.0,0.44340162453181,74.16667580198505,1,0,105.99,SYNTHETIC
2026-01-05T01:45:00,12004,Shatabdi,0,NDLS,GZB,24.5,38.0,36.0,42.0,13.922814558828062,36.719123606739636,1,0,38.48,SYNTHETIC
2026-01-05T02:00:00,12951,Rajdhani,1,BCT,ST,263.0,162.0,158.0,172.0,1.9340217767984118,106.8119753515982,2,0,151.37,SYNTHETIC
2026-01-05T02:15:00,12004,Shatabdi,0,CNB,LKO,71.6,75.0,72.0,85.0,-1.140379658612584,61.723530416273505,2,0,75.23,SYNTHETIC
2026-01-05T02:30:00,12004,Shatabdi,0,NDLS,GZB,24.5,38.0,36.0,42.0,7.0905800322208865,36.190129888358676,2,0,35.9,SYNTHETIC
2026-01-05T02:45:00,12004,Shatabdi,0,CNB,LKO,71.6,75.0,72.0,85.0,4.419364603695664,58.665125901867135,2,0,74.94,SYNTHETIC
2026-01-05T03:00:00,12004,Shatabdi,0,ALJN,CNB,308.6,209.0,205.0,228.0,-0.06542848350981134,79.62944527999062,3,0,215.05,SYNTHETIC
2026-01-05T03:15:00,12951,Rajdhani,1,ST,BRC,129.0,81.0,79.0,90.0,-1.594397367428449,92.71390322218421,3,0,75.8,SYNTHETIC
2026-01-05T03:30:00,12004,Shatabdi,0,CNB,LKO,71.6,75.0,72.0,85.0,3.8007603523100633,40.187800294031945,3,0,78.09,SYNTHETIC
2026-01-05T03:45:00,12951,Rajdhani,1,BRC,RTM,261.0,197.0,193.0,215.0,-1.4576637279893845,89.00959202860695,3,0,182.61,SYNTHETIC
2026-01-05T04:00:00,12004,Shatabdi,0,CNB,LKO,71.6,75.0,72.0,85.0,-1.1782860029557136,57.08265946459498,4,0,80.29,SYNTHETIC
2026-01-05T04:15:00,12951,Rajdhani,1,RTM,KOTA,266.0,157.0,154.0,170.0,-0.19208992069586772,111.5790104325819,4,0,144.08,SYNTHETIC
2026-01-05T04:30:00,12951,Rajdhani,1,MTJ,NDLS,143.0,110.0,108.0,125.0,-0.7268473121797636,66.74754457371337,4,0,100.46,SYNTHETIC
2026-01-05T04:45:00,12951,Rajdhani,1,BCT,ST,263.0,162.0,158.0,172.0,3.6270365682263996,91.78921947628513,4,0,150.73,SYNTHETIC
2026-01-05T05:00:00,12004,Shatabdi,0,GZB,ALJN,106.3,59.0,57.0,68.0,5.637966335845976,103.66355622862446,5,0,58.77,SYNTHETIC
2026-01-05T05:15:00,12004,Shatabdi,0,NDLS,GZB,24.5,38.0,36.0,42.0,2.446351868712661,37.87792093186785,5,0,39.0,SYNTHETIC
2026-01-05T05:30:00,12004,Shatabdi,0,NDLS,GZB,24.5,38.0,36.0,42.0,3.694435821731161,46.34653058094376,5,0,36.76,SYNTHETIC
2026-01-05T05:45:00,12951,Rajdhani,1,BCT,ST,263.0,162.0,158.0,172.0,15.479181564396974,104.23901576309567,5,0,149.65,SYNTHETIC
2026-01-05T06:00:00,12004,Shatabdi,0,GZB,ALJN,106.3,59.0,57.0,68.0,9.882440390132674,128.22126181907657,6,0,59.9,SYNTHETIC
2026-01-05T06:15:00,12951,Rajdhani,1,RTM,KOTA,266.0,157.0,154.0,170.0,-1.2877316939724404,104.36013949917397,6,0,153.93,SYNTHETIC
2026-01-05T06:30:00,12004,Shatabdi,0,ALJN,CNB,308.6,209.0,205.0,228.0,7.258480640867422,83.86230942826685,6,0,214.54,SYNTHETIC
2026-01-05T06:45:00,12004,Shatabdi,0,CNB,LKO,71.6,75.0,72.0,85.0,6.482030486899097,45.205386341065044,6,0,79.05,SYNTHETIC
2026-01-05T07:00:00,12951,Rajdhani,1,ST,BRC,129.0,81.0,79.0,90.0,-0.9422984265922127,113.80062319911973,7,0,80.14,SYNTHETIC
2026-01-05T07:15:00,12004,Shatabdi,0,NDLS,GZB,24.5,38.0,36.0,42.0,-1.834740328178711,40.22289907863338,7,0,38.31,SYNTHETIC
2026-01-05T07:30:00,12004,Shatabdi,0,NDLS,GZB,24.5,38.0,36.0,42.0,0.9729464634425087,35.649304339178116,7,0,43.32,SYNTHETIC
2026-01-05T07:45:00,12004,Shatabdi,0,GZB,ALJN,106.3,59.0,57.0,68.0,-1.411623597317455,98.32070724424315,7,0,61.3,SYNTHETIC
2026-01-05T08:00:00,12951,Rajdhani,1,RTM,KOTA,266.0,157.0,154.0,170.0,0.030804201334323267,107.26207178662848,8,0,169.71,SYNTHETIC
2026-01-05T08:15:00,12951,Rajdhani,1,BRC,RTM,261.0,197.0,193.0,215.0,4.174651534952786,53.54392238032816,8,0,210.15,SYNTHETIC
2026-01-05T08:30:00,12004,Shatabdi,0,GZB,ALJN,106.3,59.0,57.0,68.0,0.28546926877426193,108.54698352103985,8,0,66.57,SYNTHETIC
2026-01-05T08:45:00,12951,Rajdhani,1,BCT,ST,263.0,162.0,158.0,172.0,1.4823771693392316,92.5153785710907,8,0,172.09,SYNTHETIC
2026-01-05T09:00:00,12951,Rajdhani,1,BRC,RTM,261.0,197.0,193.0,215.0,18.490551538300526,83.79045682146013,9,0,201.88,SYNTHETIC
2026-01-05T09:15:00,12004,Shatabdi,0,GZB,ALJN,106.3,59.0,57.0,68.0,-0.9111932257601913,110.02329419205977,9,0,68.03,SYNTHETIC
2026-01-05T09:30:00,12951,Rajdhani,1,KOTA,MTJ,324.0,195.0,190.0,212.0,-1.4141213489210374,97.07582373913066,9,0,203.13,SYNTHETIC
2026-01-05T09:45:00,12951,Rajdhani,1,KOTA,MTJ,324.0,195.0,190.0,212.0,8.257655287666026,120.39455106167613,9,0,197.24,SYNTHETIC
2026-01-05T10:00:00,12004,Shatabdi,0,GZB,ALJN,106.3,59.0,57.0,68.0,8.343603435753776,90.67618785201931,10,0,64.85,SYNTHETIC
2026-01-05T10:15:00,12951,Rajdhani,1,MTJ,NDLS,143.0,110.0,108.0,125.0,-0.3190180336781592,73.46076634214225,10,0,122.23,SYNTHETIC
2026-01-05T10:30:00,12004,Shatabdi,0,ALJN,CNB,308.6,209.0,205.0,228.0,1.5908520875212728,97.95786222571076,10,0,245.62,SYNTHETIC
2026-01-05T10:45:00,12951,Rajdhani,1,BCT,ST,263.0,162.0,158.0,172.0,7.845443955405534,95.10339392238939,10,0,163.36,SYNTHETIC
2026-01-05T11:00:00,12004,Shatabdi,0,GZB,ALJN,106.3,59.0,57.0,68.0,0.3591801815176616,107.24856386912133,11,0,68.25,SYNTHETIC
2026-01-05T11:15:00,12004,Shatabdi,0,NDLS,GZB,24.5,38.0,36.0,42.0,8.88554447267699,49.54630630790578,11,0,37.78,SYNTHETIC
2026-01-05T11:30:00,12951,Rajdhani,1,ST,BRC,129.0,81.0,79.0,90.0,0.6812657235460282,112.55423587996071,11,0,84.26,SYNTHETIC
2026-01-05T11:45:00,12004,Shatabdi,0,NDLS,GZB,24.5,38.0,36.0,42.0,6.716266148484268,47.180548018951036,11,0,45.21,SYNTHETIC
2026-01-05T12:00:00,12951,Rajdhani,1,BRC,RTM,261.0,197.0,193.0,215.0,-0.8886617211549286,65.53098734551635,12,0,188.72,SYNTHETIC
2026-01-05T12:15:00,12004,Shatabdi,0,CNB,LKO,71.6,75.0,72.0,85.0,0.883834537431432,57.28388205967083,12,0,77.61,SYNTHETIC
2026-01-05T12:30:00,12004,Shatabdi,0,CNB,LKO,71.6,75.0,72.0,85.0,-1.8910156327804963,55.610416754546,12,0,81.04,SYNTHETIC
2026-01-05T12:45:00,12951,Rajdhani,1,ST,BRC,129.0,81.0,79.0,90.0,9.726023773076978,103.10574152606463,12,0,75.85,SYNTHETIC
2026-01-05T13:00:00,12951,Rajdhani,1,MTJ,NDLS,143.0,110.0,108.0,125.0,5.210159928457829,89.47657644183468,13,0,110.93,SYNTHETIC
2026-01-05T13:15:00,12951,Rajdhani,1,BRC,RTM,261.0,197.0,193.0,215.0,2.5643933764720384,73.37507829246057,13,0,199.27,SYNTHETIC
2026-01-05T13:30:00,12951,Rajdhani,1,RTM,KOTA,266.0,157.0,154.0,170.0,5.2980130002651205,94.5293254057163,13,0,149.66,SYNTHETIC
2026-01-05T13:45:00,12951,Rajdhani,1,KOTA,MTJ,324.0,195.0,190.0,212.0,-1.9251103491498318,83.46378895347304,13,0,189.11,SYNTHETIC
2026-01-05T14:00:00,12951,Rajdhani,1,BCT,ST,263.0,162.0,158.0,172.0,0.11642031967142019,110.37452368260813,14,0,155.41,SYNTHETIC
2026-01-05T14:15:00,12004,Shatabdi,0,CNB,LKO,71.6,75.0,72.0,85.0,-1.6000111835675257,47.68562603402449,14,0,77.5,SYNTHETIC
2026-01-05T14:30:00,12951,Rajdhani,1,BRC,RTM,261.0,197.0,193.0,215.0,2.54696573387778,76.0915907246075,14,0,195.39,SYNTHETIC
2026-01-05T14:45:00,12004,Shatabdi,0,ALJN,CNB,308.6,209.0,205.0,228.0,-0.12998165947967233,93.85587959548128,14,0,232.33,SYNTHETIC
2026-01-05T15:00:00,12004,Shatabdi,0,CNB,LKO,71.6,75.0,72.0,85.0,-0.5074985063436221,76.88517829610998,15,0,79.4,SYNTHETIC
2026-01-05T15:15:00,12951,Rajdhani,1,KOTA,MTJ,324.0,195.0,190.0,212.0,4.637452664128307,108.8486212061796,15,0,198.06,SYNTHETIC
2026-01-05T15:30:00,12951,Rajdhani,1,RTM,KOTA,266.0,157.0,154.0,170.0,0.2870933206802988,118.37692416124443,15,0,152.94,SYNTHETIC
2026-01-05T15:45:00,12951,Rajdhani,1,KOTA,MTJ,324.0,195.0,190.0,212.0,0.5005127025955773,98.82594250744836,15,0,188.93,SYNTHETIC
2026-01-05T16:00:00,12951,Rajdhani,1,BCT,ST,263.0,162.0,158.0,172.0,3.9867547581455582,116.27306301523292,16,0,160.23,SYNTHETIC
2026-01-05T16:15:00,12004,Shatabdi,0,CNB,LKO,71.6,75.0,72.0,85.0,4.769971377600127,56.03928753182218,16,0,79.08,SYNTHETIC
2026-01-05T16:30:00,12004,Shatabdi,0,ALJN,CNB,308.6,209.0,205.0,228.0,4.33718458551573,91.55399928735706,16,0,230.68,SYNTHETIC
2026-01-05T16:45:00,12004,Shatabdi,0,NDLS,GZB,24.5,38.0,36.0,42.0,-0.12028604510437235,49.901910284590684,16,0,38.24,SYNTHETIC
2026-01-05T17:00:00,12951,Rajdhani,1,ST,BRC,129.0,81.0,79.0,90.0,-1.7196590959859528,93.6816612991312,17,0,83.94,SYNTHETIC
2026-01-05T17:15:00,12004,Shatabdi,0,NDLS,GZB,24.5,38.0,36.0,42.0,3.845421314636228,30.0,17,0,38.35,SYNTHETIC
2026-01-05T17:30:00,12951,Rajdhani,1,ST,BRC,129.0,81.0,79.0,90.0,9.550483492826759,93.12501316931409,17,0,84.37,SYNTHETIC
2026-01-05T17:45:00,12951,Rajdhani,1,BCT,ST,263.0,162.0,158.0,172.0,3.092474455547876,81.12169302506155,17,0,172.13,SYNTHETIC
2026-01-05T18:00:00,12951,Rajdhani,1,KOTA,MTJ,324.0,195.0,190.0,212.0,8.179203318217024,110.81295703773033,18,0,196.11,SYNTHETIC
2026-01-05T18:15:00,12951,Rajdhani,1,BRC,RTM,261.0,197.0,193.0,215.0,3.1308852921128647,80.49919337177202,18,0,208.05,SYNTHETIC
2026-01-05T18:30:00,12004,Shatabdi,0,NDLS,GZB,24.5,38.0,36.0,42.0,0.9645225173991561,46.62511352625048,18,0,43.41,SYNTHETIC
2026-01-05T18:45:00,12004,Shatabdi,0,NDLS,GZB,24.5,38.0,36.0,42.0,8.416485963266268,42.28200997990889,18,0,39.19,SYNTHETIC
2026-01-05T19:00:00,12004,Shatabdi,0,NDLS,GZB,24.5,38.0,36.0,42.0,1.6554453146247354,31.95185437605957,19,0,42.0,SYNTHETIC
2026-01-05T19:15:00,12004,Shatabdi,0,NDLS,GZB,24.5,38.0,36.0,42.0,1.1075015426800787,52.17813853417652,19,0,40.27,SYNTHETIC
2026-01-05T19:30:00,12951,Rajdhani,1,MTJ,NDLS,143.0,110.0,108.0,125.0,0.6957495837388334,78.45856312160183,19,0,116.2,SYNTHETIC
2026-01-05T19:45:00,12951,Rajdhani,1,ST,BRC,129.0,81.0,79.0,90.0,-1.2619913878145792,94.96213119103578,19,0,84.01,SYNTHETIC
2026-01-05T20:00:00,12951,Rajdhani,1,BCT,ST,263.0,162.0,158.0,172.0,11.964544695890645,100.45692776437376,20,0,159.82,SYNTHETIC
2026-01-05T20:15:00,12004,Shatabdi,0,NDLS,GZB,24.5,38.0,36.0,42.0,5.122347499861819,30.0,20,0,45.31,SYNTHETIC
2026-01-05T20:30:00,12951,Rajdhani,1,BCT,ST,263.0,162.0,158.0,172.0,-1.2124877366919111,80.27951546061155,20,0,172.71,SYNTHETIC
2026-01-05T20:45:00,12951,Rajdhani,1,KOTA,MTJ,324.0,195.0,190.0,212.0,-1.5814260002696008,112.79521009120565,20,0,201.56,SYNTHETIC
2026-01-05T21:00:00,12951,Rajdhani,1,BRC,RTM,261.0,197.0,193.0,215.0,2.6923211173795725,83.76352017629362,21,0,207.55,SYNTHETIC
2026-01-05T21:15:00,12004,Shatabdi,0,ALJN,CNB,308.6,209.0,205.0,228.0,1.5883679138267728,105.28202334668399,21,0,244.33,SYNTHETIC
2026-01-05T21:30:00,12951,Rajdhani,1,MTJ,NDLS,143.0,110.0,108.0,125.0,0.7727112037519253,78.6617378064103,21,0,114.63,SYNTHETIC
2026-01-05T21:45:00,12004,Shatabdi,0,GZB,ALJN,106.3,59.0,57.0,68.0,-0.9046770451711017,100.8376901572459,21,0,67.26,SYNTHETIC
2026-01-05T22:00:00,12004,Shatabdi,0,CNB,LKO,71.6,75.0,72.0,85.0,0.4909914603807808,36.17138359674801,22,0,78.79,SYNTHETIC
2026-01-05T22:15:00,12004,Shatabdi,0,NDLS,GZB,24.5,38.0,36.0,42.0,-1.3594315905895624,41.904935611155764,22,0,43.99,SYNTHETIC
2026-01-05T22:30:00,12951,Rajdhani,1,RTM,KOTA,266.0,157.0,154.0,170.0,24.55510185618718,122.55024213186701,22,0,147.99,SYNTHETIC
2026-01-05T22:45:00,12004,Shatabdi,0,GZB,ALJN,106.3,59.0,57.0,68.0,1.9884044936135234,111.94966234453919,22,0,62.88,SYNTHETIC
2026-01-05T23:00:00,12004,Shatabdi,0,CNB,LKO,71.6,75.0,72.0,85.0,-1.372487085215607,41.9936931355609,23,0,74.53,SYNTHETIC
2026-01-05T23:15:00,12951,Rajdhani,1,BCT,ST,263.0,162.0,158.0,172.0,0.048563036976013496,98.93907701234899,23,0,158.69,SYNTHETIC
2026-01-05T23:30:00,12951,Rajdhani,1,BRC,RTM,261.0,197.0,193.0,215.0,1.5233002663301694,81.283128955163,23,0,193.47,SYNTHETIC
2026-01-05T23:45:00,12004,Shatabdi,0,CNB,LKO,71.6,75.0,72.0,85.0,-1.811442085764218,59.48363182645177,23,0,80.87,SYNTHETIC
2026-01-06T00:00:00,12951,Rajdhani,1,ST,BRC,129.0,81.0,79.0,90.0,-0.29859728368285765,93.64208470942836,0,1,82.06,SYNTHETIC
2026-01-06T00:15:00,12004,Shatabdi,0,GZB,ALJN,106.3,59.0,57.0,68.0,-0.19875974574717614,99.28018850555416,0,1,61.72,SYNTHETIC
2026-01-06T00:30:00,12951,Rajdhani,1,BRC,RTM,261.0,197.0,193.0,215.0,2.7224749427333386,84.07251740552496,0,1,189.45,SYNTHETIC
2026-01-06T00:45:00,12004,Shatabdi,0,ALJN,CNB,308.6,209.0,205.0,228.0,-1.0212041757082635,85.10293307768065,0,1,231.11,SYNTHETIC
2026-01-06T01:00:00,12004,Shatabdi,0,ALJN,CNB,308.6,209.0,205.0,228.0,10.737340001480781,101.33154756949791,1,1,218.38,SYNTHETIC
2026-01-06T01:15:00,12951,Rajdhani,1,BCT,ST,263.0,162.0,158.0,172.0,5.874205929369092,100.72124636795857,1,1,146.69,SYNTHETIC
2026-01-06T01:30:00,12951,Rajdhani,1,BCT,ST,263.0,162.0,158.0,172.0,2.6987541025178476,102.41081433646472,1,1,153.08,SYNTHETIC
2026-01-06T01:45:00,12951,Rajdhani,1,ST,BRC,129.0,81.0,79.0,90.0,-1.1599269855426144,94.35705285593566,1,1,76.68,SYNTHETIC
2026-01-06T02:00:00,12004,Shatabdi,0,NDLS,GZB,24.5,38.0,36.0,42.0,4.8507954580245976,35.59788952046476,2,1,38.89,SYNTHETIC
2026-01-06T02:15:00,12004,Shatabdi,0,ALJN,CNB,308.6,209.0,205.0,228.0,1.7269196767546995,90.18723300286062,2,1,222.21,SYNTHETIC
2026-01-06T02:30:00,12951,Rajdhani,1,BRC,RTM,261.0,197.0,193.0,215.0,0.8231897276821849,72.08257336443081,2,1,183.32,SYNTHETIC
2026-01-06T02:45:00,12951,Rajdhani,1,RTM,KOTA,266.0,157.0,154.0,170.0,1.4920365354926104,111.05719333505698,2,1,148.4,SYNTHETIC
2026-01-06T03:00:00,12004,Shatabdi,0,ALJN,CNB,308.6,209.0,205.0,228.0,3.1662577670413006,102.26151381939498,3,1,219.06,SYNTHETIC
2026-01-06T03:15:00,12004,Shatabdi,0,CNB,LKO,71.6,75.0,72.0,85.0,7.8576375435104975,61.297277340960825,3,1,72.67,SYNTHETIC
2026-01-06T03:30:00,12004,Shatabdi,0,NDLS,GZB,24.5,38.0,36.0,42.0,4.133213588544957,30.601055671900355,3,1,35.48,SYNTHETIC
2026-01-06T03:45:00,12004,Shatabdi,0,ALJN,CNB,308.6,209.0,205.0,228.0,1.5687123920105481,113.65439526236521,3,1,222.24,SYNTHETIC
2026-01-06T04:00:00,12004,Shatabdi,0,GZB,ALJN,106.3,59.0,57.0,68.0,1.8872473836269394,123.13586404196539,4,1,63.83,SYNTHETIC
2026-01-06T04:15:00,12951,Rajdhani,1,MTJ,NDLS,143.0,110.0,108.0,125.0,4.006911967905854,90.28971490939533,4,1,105.15,SYNTHETIC
2026-01-06T04:30:00,12951,Rajdhani,1,KOTA,MTJ,324.0,195.0,190.0,212.0,-0.03930110494020811,111.84703992744508,4,1,183.94,SYNTHETIC
2026-01-06T04:45:00,12951,Rajdhani,1,BRC,RTM,261.0,197.0,193.0,215.0,-1.9860785745476606,79.90261301038527,4,1,184.21,SYNTHETIC
2026-01-06T05:00:00,12951,Rajdhani,1,BCT,ST,263.0,162.0,158.0,172.0,6.093439621288564,104.08721583249982,5,1,145.16,SYNTHETIC
2026-01-06T05:15:00,12951,Rajdhani,1,BCT,ST,263.0,162.0,158.0,172.0,8.35335793577702,101.67924978760261,5,1,147.38,SYNTHETIC
2026-01-06T05:30:00,12004,Shatabdi,0,ALJN,CNB,308.6,209.0,205.0,228.0,3.7053569458775826,90.0567386270216,5,1,210.66,SYNTHETIC
2026-01-06T05:45:00,12004,Shatabdi,0,CNB,LKO,71.6,75.0,72.0,85.0,1.1364428383037866,57.75618976719637,5,1,73.39,SYNTHETIC
2026-01-06T06:00:00,12004,Shatabdi,0,GZB,ALJN,106.3,59.0,57.0,68.0,-1.9633558384693302,104.73556833451994,6,1,64.97,SYNTHETIC
2026-01-06T06:15:00,12951,Rajdhani,1,ST,BRC,129.0,81.0,79.0,90.0,-1.6908126230237213,96.3610398142085,6,1,76.87,SYNTHETIC
2026-01-06T06:30:00,12004,Shatabdi,0,GZB,ALJN,106.3,59.0,57.0,68.0,-0.020598929266930188,120.18948526142275,6,1,61.89,SYNTHETIC
2026-01-06T06:45:00,12951,Rajdhani,1,BCT,ST,263.0,162.0,158.0,172.0,9.079730399836762,85.10013731245759,6,1,154.03,SYNTHETIC
2026-01-06T07:00:00,12951,Rajdhani,1,BCT,ST,263.0,162.0,158.0,172.0,-0.5504127117396271,114.68580320740702,7,1,156.56,SYNTHETIC
2026-01-06T07:15:00,12004,Shatabdi,0,NDLS,GZB,24.5,38.0,36.0,42.0,5.633326861589475,39.46550058363905,7,1,42.55,SYNTHETIC
2026-01-06T07:30:00,12951,Rajdhani,1,ST,BRC,129.0,81.0,79.0,90.0,-1.5531080764660101,86.92115036877588,7,1,81.35,SYNTHETIC
2026-01-06T07:45:00,12004,Shatabdi,0,CNB,LKO,71.6,75.0,72.0,85.0,0.16748996813466688,64.9043777649956,7,1,72.98,SYNTHETIC
2026-01-06T08:00:00,12951,Rajdhani,1,BRC,RTM,261.0,197.0,193.0,215.0,5.6518493320934935,69.90929077161148,8,1,202.7,SYNTHETIC
2026-01-06T08:15:00,12951,Rajdhani,1,RTM,KOTA,266.0,157.0,154.0,170.0,3.9583454408555347,97.37446331414796,8,1,163.45,SYNTHETIC
2026-01-06T08:30:00,12951,Rajdhani,1,ST,BRC,129.0,81.0,79.0,90.0,11.56444114428174,88.3040011095831,8,1,88.97,SYNTHETIC
2026-01-06T08:45:00,12951,Rajdhani,1,KOTA,MTJ,324.0,195.0,190.0,212.0,-1.4819746275172399,104.164797642974,8,1,202.93,SYNTHETIC
2026-01-06T09:00:00,12004,Shatabdi,0,CNB,LKO,71.6,75.0,72.0,85.0,7.333462946388103,58.07072104841671,9,1,86.63,SYNTHETIC
2026-01-06T09:15:00,12004,Shatabdi,0,ALJN,CNB,308.6,209.0,205.0,228.0,-1.438818549125831,89.66647515170216,9,1,248.76,SYNTHETIC
2026-01-06T09:30:00,12951,Rajdhani,1,RTM,KOTA,266.0,157.0,154.0,170.0,4.759251731481369,99.49178261866037,9,1,165.27,SYNTHETIC
2026-01-06T09:45:00,12951,Rajdhani,1,BCT,ST,263.0,162.0,158.0,172.0,18.296757646243247,89.31954755059411,9,1,165.0,SYNTHETIC
2026-01-06T10:00:00,12004,Shatabdi,0,ALJN,CNB,308.6,209.0,205.0,228.0,4.036303763495159,66.06980844078619,10,1,245.34,SYNTHETIC
2026-01-06T10:15:00,12004,Shatabdi,0,GZB,ALJN,106.3,59.0,57.0,68.0,4.0376889069368875,109.03081810713749,10,1,68.25,SYNTHETIC
2026-01-06T10:30:00,12004,Shatabdi,0,GZB,ALJN,106.3,59.0,57.0,68.0,-0.5705021338756251,108.18883161138073,10,1,73.78,SYNTHETIC
2026-01-06T10:45:00,12951,Rajdhani,1,BRC,RTM,261.0,197.0,193.0,215.0,3.6151677870585406,73.7198350164806,10,1,206.43,SYNTHETIC
2026-01-06T11:00:00,12004,Shatabdi,0,GZB,ALJN,106.3,59.0,57.0,68.0,6.0158105566923155,108.46062584622558,11,1,70.51,SYNTHETIC
2026-01-06T11:15:00,12004,Shatabdi,0,ALJN,CNB,308.6,209.0,205.0,228.0,4.595274702291356,95.46596058521658,11,1,240.15,SYNTHETIC
2026-01-06T11:30:00,12951,Rajdhani,1,MTJ,NDLS,143.0,110.0,108.0,125.0,-1.9111855658333496,64.19125354210989,11,1,110.08,SYNTHETIC
2026-01-06T11:45:00,12004,Shatabdi,0,CNB,LKO,71.6,75.0,72.0,85.0,15.837482348949571,66.25698015539069,11,1,82.26,SYNTHETIC
2026-01-06T12:00:00,12951,Rajdhani,1,KOTA,MTJ,324.0,195.0,190.0,212.0,17.86253332605783,122.4948691120166,12,1,184.95,SYNTHETIC
2026-01-06T12:15:00,12004,Shatabdi,0,CNB,LKO,71.6,75.0,72.0,85.0,1.6409240128053288,51.00800229537607,12,1,76.08,SYNTHETIC
2026-01-06T12:30:00,12951,Rajdhani,1,ST,BRC,129.0,81.0,79.0,90.0,-1.8974424796491969,104.70329590397199,12,1,80.78,SYNTHETIC
2026-01-06T12:45:00,12004,Shatabdi,0,GZB,ALJN,106.3,59.0,57.0,68.0,-0.7965550673968669,93.01648844960174,12,1,60.36,SYNTHETIC
2026-01-06T13:00:00,12951,Rajdhani,1,BRC,RTM,261.0,197.0,193.0,215.0,2.3783756534324203,68.74882561651799,13,1,188.6,SYNTHETIC
2026-01-06T13:15:00,12951,Rajdhani,1,BCT,ST,263.0,162.0,158.0,172.0,4.238530519363104,106.57561669429238,13,1,160.03,SYNTHETIC
2026-01-06T13:30:00,12951,Rajdhani,1,RTM,KOTA,266.0,157.0,154.0,170.0,-0.6076894426175825,106.7570596143133,13,1,154.45,SYNTHETIC
2026-01-06T13:45:00,12004,Shatabdi,0,GZB,ALJN,106.3,59.0,57.0,68.0,1.9707873073562014,110.13619279778455,13,1,66.71,SYNTHETIC
2026-01-06T14:00:00,12951,Rajdhani,1,MTJ,NDLS,143.0,110.0,108.0,125.0,25.75768488569269,81.32246992335533,14,1,103.22,SYNTHETIC
2026-01-06T14:15:00,12004,Shatabdi,0,CNB,LKO,71.6,75.0,72.0,85.0,2.7179246598777382,47.06501901494086,14,1,76.62,SYNTHETIC
2026-01-06T14:30:00,12951,Rajdhani,1,MTJ,NDLS,143.0,110.0,108.0,125.0,11.584521217405584,74.84037828805202,14,1,107.35,SYNTHETIC
2026-01-06T14:45:00,12004,Shatabdi,0,ALJN,CNB,308.6,209.0,205.0,228.0,-1.046287905993049,95.30416870448005,14,1,228.8,SYNTHETIC
2026-01-06T15:00:00,12004,Shatabdi,0,NDLS,GZB,24.5,38.0,36.0,42.0,0.540481206963777,38.49313474226352,15,1,41.13,SYNTHETIC
2026-01-06T15:15:00,12951,Rajdhani,1,KOTA,MTJ,324.0,195.0,190.0,212.0,5.027092804676792,106.81187977440251,15,1,184.9,SYNTHETIC
2026-01-06T15:30:00,12004,Shatabdi,0,CNB,LKO,71.6,75.0,72.0,85.0,3.980480240808949,48.77586550518862,15,1,80.74,SYNTHETIC
2026-01-06T15:45:00,12004,Shatabdi,0,GZB,ALJN,106.3,59.0,57.0,68.0,-0.33841321814477165,130.0,15,1,61.8,SYNTHETIC
2026-01-06T16:00:00,12951,Rajdhani,1,ST,BRC,129.0,81.0,79.0,90.0,13.841812733539658,100.79203418259755,16,1,81.34,SYNTHETIC
2026-01-06T16:15:00,12004,Shatabdi,0,ALJN,CNB,308.6,209.0,205.0,228.0,-0.9126686154488381,76.08237969501074,16,1,221.11,SYNTHETIC
2026-01-06T16:30:00,12004,Shatabdi,0,NDLS,GZB,24.5,38.0,36.0,42.0,-1.1159629867154164,40.93508404074764,16,1,40.14,SYNTHETIC
2026-01-06T16:45:00,12951,Rajdhani,1,ST,BRC,129.0,81.0,79.0,90.0,-1.3082532722944427,97.6803362352089,16,1,85.83,SYNTHETIC
2026-01-06T17:00:00,12951,Rajdhani,1,RTM,KOTA,266.0,157.0,154.0,170.0,5.462996690108092,104.11597809617909,17,1,159.67,SYNTHETIC
2026-01-06T17:15:00,12951,Rajdhani,1,KOTA,MTJ,324.0,195.0,190.0,212.0,13.108602225208315,97.2592258743098,17,1,192.18,SYNTHETIC
2026-01-06T17:30:00,12951,Rajdhani,1,ST,BRC,129.0,81.0,79.0,90.0,-0.7348763533079978,102.23355560623416,17,1,85.4,SYNTHETIC
2026-01-06T17:45:00,12951,Rajdhani,1,MTJ,NDLS,143.0,110.0,108.0,125.0,1.8878969928299218,69.82956074788906,17,1,118.66,SYNTHETIC
2026-01-06T18:00:00,12951,Rajdhani,1,BRC,RTM,261.0,197.0,193.0,215.0,7.121666191989096,84.20004035323596,18,1,206.47,SYNTHETIC
2026-01-06T18:15:00,12004,Shatabdi,0,CNB,LKO,71.6,75.0,72.0,85.0,0.6499371509206404,47.16258932696949,18,1,87.71,SYNTHETIC
2026-01-06T18:30:00,12951,Rajdhani,1,RTM,KOTA,266.0,157.0,154.0,170.0,7.910173107828458,95.18919901880267,18,1,157.11,SYNTHETIC
2026-01-06T18:45:00,12951,Rajdhani,1,MTJ,NDLS,143.0,110.0,108.0,125.0,11.899075590489048,79.37244398654107,18,1,114.22,SYNTHETIC
2026-01-06T19:00:00,12951,Rajdhani,1,BRC,RTM,261.0,197.0,193.0,215.0,0.7886549458329339,95.33592641819337,19,1,207.94,SYNTHETIC
2026-01-06T19:15:00,12004,Shatabdi,0,NDLS,GZB,24.5,38.0,36.0,42.0,1.525865822024115,48.66170498071226,19,1,38.81,SYNTHETIC
2026-01-06T19:30:00,12951,Rajdhani,1,BCT,ST,263.0,162.0,158.0,172.0,0.6644104712599215,87.76169842871118,19,1,169.3,SYNTHETIC
2026-01-06T19:45:00,12004,Shatabdi,0,CNB,LKO,71.6,75.0,72.0,85.0,-1.3558002877772493,44.40395669944454,19,1,82.0,SYNTHETIC
2026-01-06T20:00:00,12004,Shatabdi,0,NDLS,GZB,24.5,38.0,36.0,42.0,-1.0377343405236494,30.0,20,1,45.0,SYNTHETIC
2026-01-06T20:15:00,12951,Rajdhani,1,RTM,KOTA,266.0,157.0,154.0,170.0,3.2062726071646193,119.80848938604987,20,1,163.75,SYNTHETIC
2026-01-06T20:30:00,12951,Rajdhani,1,BRC,RTM,261.0,197.0,193.0,215.0,11.471237364283123,95.25040538364924,20,1,199.32,SYNTHETIC
2026-01-06T20:45:00,12004,Shatabdi,0,GZB,ALJN,106.3,59.0,57.0,68.0,-0.6259347997037294,99.37080239797407,20,1,69.14,SYNTHETIC
2026-01-06T21:00:00,12951,Rajdhani,1,KOTA,MTJ,324.0,195.0,190.0,212.0,0.7186830968379501,109.08738659434209,21,1,201.9,SYNTHETIC
2026-01-06T21:15:00,12951,Rajdhani,1,RTM,KOTA,266.0,157.0,154.0,170.0,8.518005916689814,97.10678372378551,21,1,165.8,SYNTHETIC
2026-01-06T21:30:00,12004,Shatabdi,0,GZB,ALJN,106.3,59.0,57.0,68.0,10.519187696451688,94.10886100204009,21,1,65.05,SYNTHETIC
2026-01-06T21:45:00,12951,Rajdhani,1,BCT,ST,263.0,162.0,158.0,172.0,6.702994441072843,93.11633692990287,21,1,167.41,SYNTHETIC
2026-01-06T22:00:00,12951,Rajdhani,1,BRC,RTM,261.0,197.0,193.0,215.0,-0.6342406584949196,80.85899323897678,22,1,192.34,SYNTHETIC
2026-01-06T22:15:00,12004,Shatabdi,0,ALJN,CNB,308.6,209.0,205.0,228.0,-1.6802222462060097,84.38399799694896,22,1,226.0,SYNTHETIC
2026-01-06T22:30:00,12004,Shatabdi,0,CNB,LKO,71.6,75.0,72.0,85.0,6.126363647683744,57.14935984674161,22,1,80.09,SYNTHETIC
2026-01-06T22:45:00,12951,Rajdhani,1,BCT,ST,263.0,162.0,158.0,172.0,5.481727215954539,95.22937509842511,22,1,154.65,SYNTHETIC
2026-01-06T23:00:00,12951,Rajdhani,1,ST,BRC,129.0,81.0,79.0,90.0,1.122742835689135,105.02833564658832,23,1,76.75,SYNTHETIC
2026-01-06T23:15:00,12951,Rajdhani,1,ST,BRC,129.0,81.0,79.0,90.0,3.3589301397997477,91.9904241908682,23,1,79.69,SYNTHETIC
2026-01-06T23:30:00,12951,Rajdhani,1,MTJ,NDLS,143.0,110.0,108.0,125.0,5.413210740140967,84.24749097457743,23,1,103.05,SYNTHETIC
2026-01-06T23:45:00,12951,Rajdhani,1,KOTA,MTJ,324.0,195.0,190.0,212.0,-0.12120688064270202,99.06805474089246,23,1,196.9,SYNTHETIC
2026-01-07T00:00:00,12004,Shatabdi,0,NDLS,GZB,24.5,38.0,36.0,42.0,3.5210979709734627,51.35280951056252,0,2,37.25,SYNTHETIC
2026-01-07T00:15:00,12951,Rajdhani,1,ST,BRC,129.0,81.0,79.0,90.0,7.10475930125277,89.50038662312434,0,2,78.25,SYNTHETIC
2026-01-07T00:30:00,12004,Shatabdi,0,NDLS,GZB,24.5,38.0,36.0,42.0,14.211651002603052,46.17838981813884,0,2,41.75,SYNTHETIC
2026-01-07T00:45:00,12951,Rajdhani,1,ST,BRC,129.0,81.0,79.0,90.0,13.229428454272227,108.84932528461877,0,2,79.4,SYNTHETIC
2026-01-07T01:00:00,12951,Rajdhani,1,KOTA,MTJ,324.0,195.0,190.0,212.0,-0.07817673842735307,96.9561980195913,1,2,184.02,SYNTHETIC
2026-01-07T01:15:00,12951,Rajdhani,1,ST,BRC,129.0,81.0,79.0,90.0,0.4533198176213671,108.55675401374288,1,2,78.65,SYNTHETIC
2026-01-07T01:30:00,12951,Rajdhani,1,BRC,RTM,261.0,197.0,193.0,215.0,2.781850181171804,79.31087980190482,1,2,179.38,SYNTHETIC
2026-01-07T01:45:00,12004,Shatabdi,0,CNB,LKO,71.6,75.0,72.0,85.0,7.256444307298718,52.541724738584286,1,2,76.91,SYNTHETIC
2026-01-07T02:00:00,12004,Shatabdi,0,CNB,LKO,71.6,75.0,72.0,85.0,-1.2030421668040532,64.52794356753982,2,2,81.31,SYNTHETIC
2026-01-07T02:15:00,12951,Rajdhani,1,BRC,RTM,261.0,197.0,193.0,215.0,-0.3929319137077587,90.04372800825486,2,2,187.01,SYNTHETIC
2026-01-07T02:30:00,12951,Rajdhani,1,KOTA,MTJ,324.0,195.0,190.0,212.0,2.5851600473944316,78.98741146844173,2,2,186.45,SYNTHETIC
2026-01-07T02:45:00,12951,Rajdhani,1,BCT,ST,263.0,162.0,158.0,172.0,5.604755484098669,97.49398224804824,2,2,147.75,SYNTHETIC
2026-01-07T03:00:00,12004,Shatabdi,0,ALJN,CNB,308.6,209.0,205.0,228.0,16.278001163206753,94.5274023117934,3,2,213.44,SYNTHETIC
2026-01-07T03:15:00,12004,Shatabdi,0,CNB,LKO,71.6,75.0,72.0,85.0,3.8854425136069137,69.34154415905306,3,2,74.7,SYNTHETIC
2026-01-07T03:30:00,12951,Rajdhani,1,RTM,KOTA,266.0,157.0,154.0,170.0,-0.27016320684064254,114.75215020768331,3,2,153.64,SYNTHETIC
2026-01-07T03:45:00,12951,Rajdhani,1,BRC,RTM,261.0,197.0,193.0,215.0,12.192322607260445,81.83736486146749,3,2,177.57,SYNTHETIC
2026-01-07T04:00:00,12951,Rajdhani,1,BCT,ST,263.0,162.0,158.0,172.0,0.19841778717677094,112.37122473555506,4,2,147.13,SYNTHETIC
2026-01-07T04:15:00,12004,Shatabdi,0,NDLS,GZB,24.5,38.0,36.0,42.0,1.3784026211005846,43.47977338454623,4,2,40.6,SYNTHETIC
2026-01-07T04:30:00,12004,Shatabdi,0,NDLS,GZB,24.5,38.0,36.0,42.0,0.01920335771028281,58.96677285316109,4,2,35.93,SYNTHETIC
2026-01-07T04:45:00,12004,Shatabdi,0,GZB,ALJN,106.3,59.0,57.0,68.0,-0.6204907510067486,113.54217471674912,4,2,61.12,SYNTHETIC
2026-01-07T05:00:00,12951,Rajdhani,1,BRC,RTM,261.0,197.0,193.0,215.0,4.002636140416831,77.54220991516614,5,2,181.3,SYNTHETIC
2026-01-07T05:15:00,12951,Rajdhani,1,ST,BRC,129.0,81.0,79.0,90.0,3.51430766642771,97.70178414790679,5,2,75.04,SYNTHETIC
2026-01-07T05:30:00,12951,Rajdhani,1,MTJ,NDLS,143.0,110.0,108.0,125.0,-0.813941235946932,94.58042419097222,5,2,101.84,SYNTHETIC
2026-01-07T05:45:00,12951,Rajdhani,1,MTJ,NDLS,143.0,110.0,108.0,125.0,3.236273752386479,80.40705220847826,5,2,99.35,SYNTHETIC
2026-01-07T06:00:00,12951,Rajdhani,1,BRC,RTM,261.0,197.0,193.0,215.0,-0.15859647037976377,80.30551667515338,6,2,188.65,SYNTHETIC
2026-01-07T06:15:00,12004,Shatabdi,0,GZB,ALJN,106.3,59.0,57.0,68.0,0.03352938780228287,113.9674101360947,6,2,63.49,SYNTHETIC
2026-01-07T06:30:00,12951,Rajdhani,1,BRC,RTM,261.0,197.0,193.0,215.0,-0.866745729154218,98.79698903756103,6,2,191.12,SYNTHETIC
2026-01-07T06:45:00,12004,Shatabdi,0,ALJN,CNB,308.6,209.0,205.0,228.0,3.8633948278035035,77.32613885023622,6,2,224.04,SYNTHETIC
2026-01-07T07:00:00,12004,Shatabdi,0,ALJN,CNB,308.6,209.0,205.0,228.0,0.8033392081643935,73.77132129618033,7,2,234.7,SYNTHETIC
2026-01-07T07:15:00,12951,Rajdhani,1,ST,BRC,129.0,81.0,79.0,90.0,0.2517171909045355,104.53069781979887,7,2,74.39,SYNTHETIC
2026-01-07T07:30:00,12004,Shatabdi,0,CNB,LKO,71.6,75.0,72.0,85.0,15.59471176565538,57.517563115165885,7,2,78.55,SYNTHETIC
2026-01-07T07:45:00,12004,Shatabdi,0,GZB,ALJN,106.3,59.0,57.0,68.0,0.8061638812959724,113.31529495804526,7,2,61.16,SYNTHETIC
2026-01-07T08:00:00,12951,Rajdhani,1,BRC,RTM,261.0,197.0,193.0,215.0,-0.24904380572891283,86.86047079019843,8,2,205.54,SYNTHETIC
2026-01-07T08:15:00,12951,Rajdhani,1,MTJ,NDLS,143.0,110.0,108.0,125.0,6.068801170658521,85.90741813848017,8,2,108.96,SYNTHETIC
2026-01-07T08:30:00,12951,Rajdhani,1,ST,BRC,129.0,81.0,79.0,90.0,0.37645772543879064,101.47810133658777,8,2,86.43,SYNTHETIC
2026-01-07T08:45:00,12951,Rajdhani,1,KOTA,MTJ,324.0,195.0,190.0,212.0,1.4616320900122304,121.96920409090507,8,2,206.45,SYNTHETIC
2026-01-07T09:00:00,12951,Rajdhani,1,RTM,KOTA,266.0,157.0,154.0,170.0,4.3677965794465035,93.90521003415043,9,2,157.39,SYNTHETIC
2026-01-07T09:15:00,12004,Shatabdi,0,NDLS,GZB,24.5,38.0,36.0,42.0,4.704416405818882,44.91210115708655,9,2,45.28,SYNTHETIC
2026-01-07T09:30:00,12951,Rajdhani,1,RTM,KOTA,266.0,157.0,154.0,170.0,-0.6590231852039177,117.8065677661799,9,2,168.29,SYNTHETIC
2026-01-07T09:45:00,12951,Rajdhani,1,RTM,KOTA,266.0,157.0,154.0,170.0,-1.5745113584777775,110.46965356447431,9,2,164.67,SYNTHETIC
2026-01-07T10:00:00,12951,Rajdhani,1,KOTA,MTJ,324.0,195.0,190.0,212.0,0.435252254800063,98.11183825006795,10,2,210.23,SYNTHETIC
2026-01-07T10:15:00,12951,Rajdhani,1,ST,BRC,129.0,81.0,79.0,90.0,1.3475173679341736,117.89983707598499,10,2,83.61,SYNTHETIC
2026-01-07T10:30:00,12004,Shatabdi,0,GZB,ALJN,106.3,59.0,57.0,68.0,8.44901899124291,107.10422626848772,10,2,58.56,SYNTHETIC
2026-01-07T10:45:00,12951,Rajdhani,1,BRC,RTM,261.0,197.0,193.0,215.0,-1.6531060829122701,89.07159004098799,10,2,203.41,SYNTHETIC
2026-01-07T11:00:00,12951,Rajdhani,1,BRC,RTM,261.0,197.0,193.0,215.0,5.4888023649429325,80.85281047093471,11,2,203.53,SYNTHETIC
2026-01-07T11:15:00,12951,Rajdhani,1,BCT,ST,263.0,162.0,158.0,172.0,-0.9505743792306864,107.7771366820361,11,2,172.07,SYNTHETIC
2026-01-07T11:30:00,12004,Shatabdi,0,CNB,LKO,71.6,75.0,72.0,85.0,1.5457232378453227,58.62542512442144,11,2,86.69,SYNTHETIC
2026-01-07T11:45:00,12951,Rajdhani,1,MTJ,NDLS,143.0,110.0,108.0,125.0,8.580977505862524,72.76373792346673,11,2,117.12,SYNTHETIC
2026-01-07T12:00:00,12951,Rajdhani,1,BCT,ST,263.0,162.0,158.0,172.0,0.3737648187267415,100.7323477844523,12,2,151.34,SYNTHETIC
2026-01-07T12:15:00,12951,Rajdhani,1,BRC,RTM,261.0,197.0,193.0,215.0,-0.41789718769661777,87.51886375472529,12,2,192.14,SYNTHETIC
2026-01-07T12:30:00,12951,Rajdhani,1,ST,BRC,129.0,81.0,79.0,90.0,2.8361645888090425,83.96794363311817,12,2,79.04,SYNTHETIC
2026-01-07T12:45:00,12951,Rajdhani,1,ST,BRC,129.0,81.0,79.0,90.0,7.4934360294177935,94.7323234358218,12,2,79.04,SYNTHETIC
2026-01-07T13:00:00,12004,Shatabdi,0,ALJN,CNB,308.6,209.0,205.0,228.0,1.2118992045699066,67.10564715251304,13,2,225.6,SYNTHETIC
2026-01-07T13:15:00,12004,Shatabdi,0,CNB,LKO,71.6,75.0,72.0,85.0,-0.43494181333961235,60.78771613491183,13,2,83.57,SYNTHETIC
2026-01-07T13:30:00,12004,Shatabdi,0,NDLS,GZB,24.5,38.0,36.0,42.0,0.540827075759188,56.55575499852986,13,2,38.73,SYNTHETIC
2026-01-07T13:45:00,12951,Rajdhani,1,MTJ,NDLS,143.0,110.0,108.0,125.0,0.6242552476065626,77.27427394020074,13,2,107.07,SYNTHETIC
2026-01-07T14:00:00,12951,Rajdhani,1,KOTA,MTJ,324.0,195.0,190.0,212.0,-0.571261401869656,93.33285201536118,14,2,188.47,SYNTHETIC
2026-01-07T14:15:00,12951,Rajdhani,1,ST,BRC,129.0,81.0,79.0,90.0,-0.1314226584351732,109.96303651141736,14,2,76.63,SYNTHETIC
2026-01-07T14:30:00,12951,Rajdhani,1,RTM,KOTA,266.0,157.0,154.0,170.0,3.7473732889059805,82.71529134011138,14,2,158.24,SYNTHETIC
2026-01-07T14:45:00,12004,Shatabdi,0,NDLS,GZB,24.5,38.0,36.0,42.0,2.670988762118898,51.69260029656131,14,2,42.35,SYNTHETIC
2026-01-07T15:00:00,12004,Shatabdi,0,GZB,ALJN,106.3,59.0,57.0,68.0,0.3809844373351936,130.0,15,2,65.78,SYNTHETIC
2026-01-07T15:15:00,12004,Shatabdi,0,NDLS,GZB,24.5,38.0,36.0,42.0,2.107548318621438,39.81469938967676,15,2,42.82,SYNTHETIC
2026-01-07T15:30:00,12004,Shatabdi,0,NDLS,GZB,24.5,38.0,36.0,42.0,-0.6140636487233215,49.417844499899985,15,2,38.54,SYNTHETIC
2026-01-07T15:45:00,12004,Shatabdi,0,NDLS,GZB,24.5,38.0,36.0,42.0,16.149981464891958,46.206489908775374,15,2,43.35,SYNTHETIC
2026-01-07T16:00:00,12004,Shatabdi,0,ALJN,CNB,308.6,209.0,205.0,228.0,2.9351399255959167,104.96372360703657,16,2,226.99,SYNTHETIC
2026-01-07T16:15:00,12951,Rajdhani,1,KOTA,MTJ,324.0,195.0,190.0,212.0,5.885327472113541,112.82674068067752,16,2,186.76,SYNTHETIC
2026-01-07T16:30:00,12951,Rajdhani,1,KOTA,MTJ,324.0,195.0,190.0,212.0,10.436973463912022,98.86185792698375,16,2,183.48,SYNTHETIC
2026-01-07T16:45:00,12951,Rajdhani,1,ST,BRC,129.0,81.0,79.0,90.0,7.408572554991576,84.78221159831612,16,2,76.02,SYNTHETIC
2026-01-07T17:00:00,12004,Shatabdi,0,GZB,ALJN,106.3,59.0,57.0,68.0,1.1108151331820513,108.63562371510332,17,2,67.58,SYNTHETIC
2026-01-07T17:15:00,12004,Shatabdi,0,GZB,ALJN,106.3,59.0,57.0,68.0,11.922907740998602,109.1377149128966,17,2,70.04,SYNTHETIC
2026-01-07T17:30:00,12004,Shatabdi,0,CNB,LKO,71.6,75.0,72.0,85.0,4.270167651908498,57.72717266224013,17,2,83.85,SYNTHETIC
2026-01-07T17:45:00,12951,Rajdhani,1,MTJ,NDLS,143.0,110.0,108.0,125.0,0.32423794536788453,73.09082055618815,17,2,111.44,SYNTHETIC
2026-01-07T18:00:00,12951,Rajdhani,1,BRC,RTM,261.0,197.0,193.0,215.0,0.7681588838243285,98.75678568097892,18,2,206.87,SYNTHETIC
2026-01-07T18:15:00,12004,Shatabdi,0,GZB,ALJN,106.3,59.0,57.0,68.0,4.502654568827422,109.87982150263008,18,2,68.98,SYNTHETIC
2026-01-07T18:30:00,12951,Rajdhani,1,KOTA,MTJ,324.0,195.0,190.0,212.0,3.2195222925027016,116.67014733207773,18,2,196.83,SYNTHETIC
2026-01-07T18:45:00,12951,Rajdhani,1,BRC,RTM,261.0,197.0,193.0,215.0,4.7894182689277685,87.82639497466292,18,2,202.88,SYNTHETIC
2026-01-07T19:00:00,12951,Rajdhani,1,KOTA,MTJ,324.0,195.0,190.0,212.0,0.5567258121894452,91.32350697010278,19,2,200.41,SYNTHETIC
2026-01-07T19:15:00,12004,Shatabdi,0,ALJN,CNB,308.6,209.0,205.0,228.0,1.40610214550654,95.62075818337865,19,2,246.83,SYNTHETIC
2026-01-07T19:30:00,12951,Rajdhani,1,MTJ,NDLS,143.0,110.0,108.0,125.0,1.2165653710988122,71.3938705210104,19,2,120.46,SYNTHETIC
2026-01-07T19:45:00,12951,Rajdhani,1,KOTA,MTJ,324.0,195.0,190.0,212.0,-0.34152015119392587,98.61070848778392,19,2,202.18,SYNTHETIC
2026-01-07T20:00:00,12004,Shatabdi,0,NDLS,GZB,24.5,38.0,36.0,42.0,3.272063774045625,39.17562135731879,20,2,40.12,SYNTHETIC
2026-01-07T20:15:00,12004,Shatabdi,0,NDLS,GZB,24.5,38.0,36.0,42.0,-0.09571932887376855,30.0,20,2,46.2,SYNTHETIC
2026-01-07T20:30:00,12004,Shatabdi,0,NDLS,GZB,24.5,38.0,36.0,42.0,2.5138735516776824,39.37296727591535,20,2,46.38,SYNTHETIC
2026-01-07T20:45:00,12951,Rajdhani,1,BRC,RTM,261.0,197.0,193.0,215.0,-0.15566995394540584,91.5850362354916,20,2,210.27,SYNTHETIC
2026-01-07T21:00:00,12951,Rajdhani,1,BRC,RTM,261.0,197.0,193.0,215.0,22.55611209152022,87.79573604249893,21,2,204.73,SYNTHETIC
2026-01-07T21:15:00,12004,Shatabdi,0,NDLS,GZB,24.5,38.0,36.0,42.0,1.3974615978477134,44.32983380633027,21,2,37.45,SYNTHETIC
2026-01-07T21:30:00,12951,Rajdhani,1,ST,BRC,129.0,81.0,79.0,90.0,1.3620380836244075,98.65459262011547,21,2,80.98,SYNTHETIC
2026-01-07T21:45:00,12951,Rajdhani,1,BRC,RTM,261.0,197.0,193.0,215.0,31.370063416890233,84.49047666389818,21,2,205.52,SYNTHETIC
2026-01-07T22:00:00,12951,Rajdhani,1,ST,BRC,129.0,81.0,79.0,90.0,5.362176578741004,103.9993445013128,22,2,79.76,SYNTHETIC
2026-01-07T22:15:00,12004,Shatabdi,0,ALJN,CNB,308.6,209.0,205.0,228.0,34.264883116259405,80.15511993374723,22,2,220.9,SYNTHETIC
2026-01-07T22:30:00,12951,Rajdhani,1,BCT,ST,263.0,162.0,158.0,172.0,7.187594826148366,81.7530287102228,22,2,155.18,SYNTHETIC
2026-01-07T22:45:00,12951,Rajdhani,1,BCT,ST,263.0,162.0,158.0,172.0,-0.4160646896494704,113.22245019995343,22,2,159.89,SYNTHETIC
2026-01-07T23:00:00,12951,Rajdhani,1,BRC,RTM,261.0,197.0,193.0,215.0,8.888435564157401,91.85400939193191,23,2,193.27,SYNTHETIC
2026-01-07T23:15:00,12951,Rajdhani,1,BCT,ST,263.0,162.0,158.0,172.0,9.98974670159932,116.21289955675547,23,2,158.52,SYNTHETIC
2026-01-07T23:30:00,12004,Shatabdi,0,ALJN,CNB,308.6,209.0,205.0,228.0,1.5035379300075356,82.13766456009219,23,2,228.34,SYNTHETIC
2026-01-07T23:45:00,12004,Shatabdi,0,ALJN,CNB,308.6,209.0,205.0,228.0,10.168421432137237,75.45259149424102,23,2,217.39,SYNTHETIC
2026-01-08T00:00:00,12951,Rajdhani,1,BCT,ST,263.0,162.0,158.0,172.0,30.599477152088895,106.12849788982935,0,3,160.66,SYNTHETIC
2026-01-08T00:15:00,12951,Rajdhani,1,KOTA,MTJ,324.0,195.0,190.0,212.0,2.2071216410908985,111.69800945024154,0,3,188.94,SYNTHETIC
2026-01-08T00:30:00,12951,Rajdhani,1,RTM,KOTA,266.0,157.0,154.0,170.0,15.052094469709289,103.65016014644348,0,3,145.55,SYNTHETIC
2026-01-08T00:45:00,12951,Rajdhani,1,KOTA,MTJ,324.0,195.0,190.0,212.0,4.20127565273673,118.39968258725614,0,3,191.06,SYNTHETIC
2026-01-08T01:00:00,12951,Rajdhani,1,BRC,RTM,261.0,197.0,193.0,215.0,3.4872852547638455,86.76870497480054,1,3,182.64,SYNTHETIC
2026-01-08T01:15:00,12951,Rajdhani,1,ST,BRC,129.0,81.0,79.0,90.0,3.2010926395450756,104.34840332018175,1,3,75.64,SYNTHETIC
2026-01-08T01:30:00,12004,Shatabdi,0,GZB,ALJN,106.3,59.0,57.0,68.0,-1.8840169752761537,117.12552688212921,1,3,65.0,SYNTHETIC
2026-01-08T01:45:00,12951,Rajdhani,1,RTM,KOTA,266.0,157.0,154.0,170.0,7.741553732677211,104.07151032279829,1,3,144.89,SYNTHETIC
2026-01-08T02:00:00,12951,Rajdhani,1,RTM,KOTA,266.0,157.0,154.0,170.0,16.414348263362047,105.78203767009877,2,3,146.13,SYNTHETIC
2026-01-08T02:15:00,12004,Shatabdi,0,NDLS,GZB,24.5,38.0,36.0,42.0,-0.05381972184434902,42.34443770618141,2,3,40.65,SYNTHETIC
2026-01-08T02:30:00,12951,Rajdhani,1,RTM,KOTA,266.0,157.0,154.0,170.0,3.409636199189574,99.83789434724454,2,3,148.37,SYNTHETIC
2026-01-08T02:45:00,12951,Rajdhani,1,MTJ,NDLS,143.0,110.0,108.0,125.0,-1.469862020799459,88.76015713125508,2,3,104.46,SYNTHETIC
2026-01-08T03:00:00,12951,Rajdhani,1,BRC,RTM,261.0,197.0,193.0,215.0,2.1778213390812766,93.26810622337567,3,3,183.77,SYNTHETIC
2026-01-08T03:15:00,12951,Rajdhani,1,KOTA,MTJ,324.0,195.0,190.0,212.0,33.35058390461411,105.20232878175906,3,3,182.62,SYNTHETIC
2026-01-08T03:30:00,12951,Rajdhani,1,RTM,KOTA,266.0,157.0,154.0,170.0,14.958296920072819,99.1948100600359,3,3,144.21,SYNTHETIC
2026-01-08T03:45:00,12951,Rajdhani,1,BRC,RTM,261.0,197.0,193.0,215.0,1.429759057313229,97.5081532741815,3,3,182.26,SYNTHETIC
2026-01-08T04:00:00,12951,Rajdhani,1,MTJ,NDLS,143.0,110.0,108.0,125.0,14.680361606757803,77.38585013564104,4,3,98.2,SYNTHETIC
2026-01-08T04:15:00,12004,Shatabdi,0,GZB,ALJN,106.3,59.0,57.0,68.0,1.2293665258872757,110.93446278891173,4,3,55.43,SYNTHETIC
2026-01-08T04:30:00,12951,Rajdhani,1,RTM,KOTA,266.0,157.0,154.0,170.0,-1.3613126480581201,101.07456611140982,4,3,147.12,SYNTHETIC
2026-01-08T04:45:00,12004,Shatabdi,0,ALJN,CNB,308.6,209.0,205.0,228.0,23.32101111400533,95.75491786033511,4,3,204.9,SYNTHETIC
2026-01-08T05:00:00,12951,Rajdhani,1,RTM,KOTA,266.0,157.0,154.0,170.0,-1.1666411309184699,95.93640297438905,5,3,143.95,SYNTHETIC
2026-01-08T05:15:00,12004,Shatabdi,0,CNB,LKO,71.6,75.0,72.0,85.0,-0.5818145883509509,55.872621676808244,5,3,76.83,SYNTHETIC
2026-01-08T05:30:00,12951,Rajdhani,1,RTM,KOTA,266.0,157.0,154.0,170.0,-0.9900184018898075,103.32197193261587,5,3,145.29,SYNTHETIC
2026-01-08T05:45:00,12951,Rajdhani,1,BRC,RTM,261.0,197.0,193.0,215.0,5.358855334489524,70.4476797201594,5,3,180.58,SYNTHETIC
2026-01-08T06:00:00,12951,Rajdhani,1,ST,BRC,129.0,81.0,79.0,90.0,7.099949960955453,87.1762920064186,6,3,73.25,SYNTHETIC
2026-01-08T06:15:00,12951,Rajdhani,1,BRC,RTM,261.0,197.0,193.0,215.0,-1.484872508539352,62.28222718551458,6,3,191.82,SYNTHETIC
2026-01-08T06:30:00,12951,Rajdhani,1,KOTA,MTJ,324.0,195.0,190.0,212.0,5.535523240675859,93.67619830533208,6,3,180.15,SYNTHETIC
2026-01-08T06:45:00,12951,Rajdhani,1,ST,BRC,129.0,81.0,79.0,90.0,5.74603766315702,116.30025397909581,6,3,79.07,SYNTHETIC
2026-01-08T07:00:00,12951,Rajdhani,1,RTM,KOTA,266.0,157.0,154.0,170.0,4.547467814897372,105.3759751332207,7,3,150.88,SYNTHETIC
2026-01-08T07:15:00,12951,Rajdhani,1,KOTA,MTJ,324.0,195.0,190.0,212.0,14.922532161986659,102.48128346277535,7,3,183.24,SYNTHETIC
2026-01-08T07:30:00,12951,Rajdhani,1,KOTA,MTJ,324.0,195.0,190.0,212.0,2.0703680640108324,114.78470662903142,7,3,189.81,SYNTHETIC
2026-01-08T07:45:00,12951,Rajdhani,1,BRC,RTM,261.0,197.0,193.0,215.0,-1.2533398585930615,78.09579890967888,7,3,193.73,SYNTHETIC
2026-01-08T08:00:00,12951,Rajdhani,1,BRC,RTM,261.0,197.0,193.0,215.0,1.6307069545102775,76.22428478707616,8,3,205.2,SYNTHETIC
2026-01-08T08:15:00,12004,Shatabdi,0,NDLS,GZB,24.5,38.0,36.0,42.0,8.217756244310367,58.124481014028675,8,3,42.44,SYNTHETIC
2026-01-08T08:30:00,12951,Rajdhani,1,ST,BRC,129.0,81.0,79.0,90.0,-0.43316145188889266,77.00792655860585,8,3,87.63,SYNTHETIC
2026-01-08T08:45:00,12951,Rajdhani,1,ST,BRC,129.0,81.0,79.0,90.0,-1.1530126838869268,95.80713337944208,8,3,86.34,SYNTHETIC
2026-01-08T09:00:00,12004,Shatabdi,0,ALJN,CNB,308.6,209.0,205.0,228.0,-0.7884941121222957,84.83926327026143,9,3,253.99,SYNTHETIC
2026-01-08T09:15:00,12951,Rajdhani,1,RTM,KOTA,266.0,157.0,154.0,170.0,0.7833613565772053,96.70652166304863,9,3,169.89,SYNTHETIC
2026-01-08T09:30:00,12004,Shatabdi,0,NDLS,GZB,24.5,38.0,36.0,42.0,5.844095511332375,30.0,9,3,43.84,SYNTHETIC
2026-01-08T09:45:00,12951,Rajdhani,1,BCT,ST,263.0,162.0,158.0,172.0,10.432258982424147,91.48755973704668,9,3,158.5,SYNTHETIC
2026-01-08T10:00:00,12951,Rajdhani,1,MTJ,NDLS,143.0,110.0,108.0,125.0,7.438485849187501,92.98463586815967,10,3,112.88,SYNTHETIC
2026-01-08T10:15:00,12004,Shatabdi,0,NDLS,GZB,24.5,38.0,36.0,42.0,2.849159693830212,34.47043787655252,10,3,40.22,SYNTHETIC
2026-01-08T10:30:00,12951,Rajdhani,1,BRC,RTM,261.0,197.0,193.0,215.0,0.0673003204231537,74.57793682417257,10,3,207.46,SYNTHETIC
2026-01-08T10:45:00,12951,Rajdhani,1,BRC,RTM,261.0,197.0,193.0,215.0,-1.9612639596031864,88.56142441682157,10,3,210.4,SYNTHETIC
2026-01-08T11:00:00,12951,Rajdhani,1,ST,BRC,129.0,81.0,79.0,90.0,1.3725578701089347,92.7122049791296,11,3,89.73,SYNTHETIC
2026-01-08T11:15:00,12951,Rajdhani,1,BCT,ST,263.0,162.0,158.0,172.0,6.635471068852052,101.1876111619325,11,3,161.37,SYNTHETIC
2026-01-08T11:30:00,12951,Rajdhani,1,KOTA,MTJ,324.0,195.0,190.0,212.0,1.7903957954507148,97.98678128583275,11,3,205.2,SYNTHETIC
2026-01-08T11:45:00,12004,Shatabdi,0,NDLS,GZB,24.5,38.0,36.0,42.0,9.503201313755675,47.325621236384315,11,3,42.99,SYNTHETIC
2026-01-08T12:00:00,12004,Shatabdi,0,NDLS,GZB,24.5,38.0,36.0,42.0,6.906911779366331,43.08182149378972,12,3,40.36,SYNTHETIC
2026-01-08T12:15:00,12951,Rajdhani,1,MTJ,NDLS,143.0,110.0,108.0,125.0,0.9864059094625324,74.09109357428221,12,3,109.08,SYNTHETIC
2026-01-08T12:30:00,12004,Shatabdi,0,NDLS,GZB,24.5,38.0,36.0,42.0,-0.5797280031365064,52.11045341528213,12,3,40.92,SYNTHETIC
2026-01-08T12:45:00,12951,Rajdhani,1,RTM,KOTA,266.0,157.0,154.0,170.0,0.939499671799382,104.61703903175307,12,3,157.89,SYNTHETIC
2026-01-08T13:00:00,12951,Rajdhani,1,KOTA,MTJ,324.0,195.0,190.0,212.0,-0.005587317446271278,85.58094147692307,13,3,188.03,SYNTHETIC
2026-01-08T13:15:00,12951,Rajdhani,1,BCT,ST,263.0,162.0,158.0,172.0,17.541386175081588,104.92746045582896,13,3,153.85,SYNTHETIC
2026-01-08T13:30:00,12004,Shatabdi,0,NDLS,GZB,24.5,38.0,36.0,42.0,4.35721775881575,34.74449395522995,13,3,37.24,SYNTHETIC
2026-01-08T13:45:00,12951,Rajdhani,1,BCT,ST,263.0,162.0,158.0,172.0,10.969384584624354,90.98100943923575,13,3,156.13,SYNTHETIC
2026-01-08T14:00:00,12004,Shatabdi,0,CNB,LKO,71.6,75.0,72.0,85.0,17.839740910074582,68.4271345919646,14,3,83.58,SYNTHETIC
2026-01-08T14:15:00,12951,Rajdhani,1,MTJ,NDLS,143.0,110.0,108.0,125.0,-0.04454574915920917,75.15944439622359,14,3,105.54,SYNTHETIC
2026-01-08T14:30:00,12004,Shatabdi,0,NDLS,GZB,24.5,38.0,36.0,42.0,-1.4407934489792948,41.024882483911924,14,3,41.34,SYNTHETIC
2026-01-08T14:45:00,12951,Rajdhani,1,RTM,KOTA,266.0,157.0,154.0,170.0,0.7961550497730165,92.68235460627126,14,3,154.9,SYNTHETIC
2026-01-08T15:00:00,12951,Rajdhani,1,KOTA,MTJ,324.0,195.0,190.0,212.0,12.667151384572321,89.17963801289356,15,3,186.86,SYNTHETIC
2026-01-08T15:15:00,12004,Shatabdi,0,ALJN,CNB,308.6,209.0,205.0,228.0,12.08297070255044,95.98281104695434,15,3,217.92,SYNTHETIC
2026-01-08T15:30:00,12004,Shatabdi,0,ALJN,CNB,308.6,209.0,205.0,228.0,-0.5670502344180637,80.83278601126383,15,3,230.77,SYNTHETIC
2026-01-08T15:45:00,12004,Shatabdi,0,GZB,ALJN,106.3,59.0,57.0,68.0,11.555018836185372,109.19313691827863,15,3,63.6,SYNTHETIC
2026-01-08T16:00:00,12004,Shatabdi,0,NDLS,GZB,24.5,38.0,36.0,42.0,1.4795329306390492,42.30874245198662,16,3,40.2,SYNTHETIC
2026-01-08T16:15:00,12004,Shatabdi,0,CNB,LKO,71.6,75.0,72.0,85.0,8.665335077748539,63.19171635023546,16,3,75.8,SYNTHETIC
2026-01-08T16:30:00,12951,Rajdhani,1,ST,BRC,129.0,81.0,79.0,90.0,4.877113914152514,105.73235571833557,16,3,83.12,SYNTHETIC
2026-01-08T16:45:00,12951,Rajdhani,1,RTM,KOTA,266.0,157.0,154.0,170.0,-1.2562518765865862,112.74999085811085,16,3,154.32,SYNTHETIC
2026-01-08T17:00:00,12951,Rajdhani,1,BRC,RTM,261.0,197.0,193.0,215.0,4.449281202831845,100.23408289599193,17,3,212.02,SYNTHETIC
2026-01-08T17:15:00,12004,Shatabdi,0,GZB,ALJN,106.3,59.0,57.0,68.0,2.9337950127551116,120.03643167542877,17,3,62.96,SYNTHETIC
2026-01-08T17:30:00,12951,Rajdhani,1,BCT,ST,263.0,162.0,158.0,172.0,-1.2417949430641582,101.36251847998271,17,3,168.53,SYNTHETIC
2026-01-08T17:45:00,12004,Shatabdi,0,ALJN,CNB,308.6,209.0,205.0,228.0,4.450270632460184,80.80276661928984,17,3,240.38,SYNTHETIC
2026-01-08T18:00:00,12951,Rajdhani,1,ST,BRC,129.0,81.0,79.0,90.0,1.3051783483869719,90.99594585814494,18,3,85.68,SYNTHETIC
2026-01-08T18:15:00,12004,Shatabdi,0,CNB,LKO,71.6,75.0,72.0,85.0,-1.834230923581569,44.617906738375396,18,3,87.36,SYNTHETIC
2026-01-08T18:30:00,12951,Rajdhani,1,KOTA,MTJ,324.0,195.0,190.0,212.0,3.1712663525243867,113.14270001255495,18,3,204.32,SYNTHETIC
2026-01-08T18:45:00,12951,Rajdhani,1,ST,BRC,129.0,81.0,79.0,90.0,11.573508142613012,93.09076623613348,18,3,82.0,SYNTHETIC
2026-01-08T19:00:00,12951,Rajdhani,1,ST,BRC,129.0,81.0,79.0,90.0,-0.5928057463517895,97.29190731791041,19,3,81.92,SYNTHETIC
2026-01-08T19:15:00,12951,Rajdhani,1,ST,BRC,129.0,81.0,79.0,90.0,3.0039550330386504,94.95686967380628,19,3,83.97,SYNTHETIC
2026-01-08T19:30:00,12004,Shatabdi,0,NDLS,GZB,24.5,38.0,36.0,42.0,-0.06422680409880788,35.500285999054626,19,3,43.31,SYNTHETIC
2026-01-08T19:45:00,12951,Rajdhani,1,BCT,ST,263.0,162.0,158.0,172.0,0.24207334456769836,107.52040106816573,19,3,166.09,SYNTHETIC
2026-01-08T20:00:00,12004,Shatabdi,0,CNB,LKO,71.6,75.0,72.0,85.0,2.9558052222113407,56.241174658089015,20,3,83.91,SYNTHETIC
2026-01-08T20:15:00,12004,Shatabdi,0,ALJN,CNB,308.6,209.0,205.0,228.0,6.9119722880423975,91.08433349632794,20,3,234.07,SYNTHETIC
2026-01-08T20:30:00,12004,Shatabdi,0,ALJN,CNB,308.6,209.0,205.0,228.0,1.0971173582732048,94.35495512196502,20,3,243.28,SYNTHETIC
2026-01-08T20:45:00,12004,Shatabdi,0,GZB,ALJN,106.3,59.0,57.0,68.0,-1.328546419787834,101.20186828791701,20,3,62.96,SYNTHETIC
2026-01-08T21:00:00,12004,Shatabdi,0,CNB,LKO,71.6,75.0,72.0,85.0,2.8760184678845775,55.284075492881044,21,3,84.38,SYNTHETIC
2026-01-08T21:15:00,12004,Shatabdi,0,ALJN,CNB,308.6,209.0,205.0,228.0,-0.4210435531995129,107.87128193598461,21,3,243.47,SYNTHETIC
2026-01-08T21:30:00,12951,Rajdhani,1,RTM,KOTA,266.0,157.0,154.0,170.0,-1.6908857753930286,81.07504056143418,21,3,161.66,SYNTHETIC
2026-01-08T21:45:00,12004,Shatabdi,0,ALJN,CNB,308.6,209.0,205.0,228.0,-1.4250690438837246,88.12771196027713,21,3,243.53,SYNTHETIC
2026-01-08T22:00:00,12004,Shatabdi,0,GZB,ALJN,106.3,59.0,57.0,68.0,8.439723738356227,114.23498138563674,22,3,60.64,SYNTHETIC
2026-01-08T22:15:00,12951,Rajdhani,1,MTJ,NDLS,143.0,110.0,108.0,125.0,-0.37588036973011874,81.9870272418544,22,3,106.88,SYNTHETIC
2026-01-08T22:30:00,12951,Rajdhani,1,ST,BRC,129.0,81.0,79.0,90.0,-0.26454612565278524,97.40879865530485,22,3,82.66,SYNTHETIC
2026-01-08T22:45:00,12951,Rajdhani,1,KOTA,MTJ,324.0,195.0,190.0,212.0,0.21307755873389844,84.13599721981267,22,3,192.28,SYNTHETIC
2026-01-08T23:00:00,12004,Shatabdi,0,ALJN,CNB,308.6,209.0,205.0,228.0,8.578616947926733,100.34611580623228,23,3,221.83,SYNTHETIC
2026-01-08T23:15:00,12004,Shatabdi,0,NDLS,GZB,24.5,38.0,36.0,42.0,5.819905468490113,53.91345248995111,23,3,35.71,SYNTHETIC
2026-01-08T23:30:00,12951,Rajdhani,1,ST,BRC,129.0,81.0,79.0,90.0,-1.147821094507305,112.85703671299856,23,3,74.59,SYNTHETIC
2026-01-08T23:45:00,12951,Rajdhani,1,MTJ,NDLS,143.0,110.0,108.0,125.0,-1.8433552895787608,95.93925338768365,23,3,111.21,SYNTHETIC
2026-01-09T00:00:00,12004,Shatabdi,0,NDLS,GZB,24.5,38.0,36.0,42.0,1.3830793202617988,31.1985579559814,0,4,37.13,SYNTHETIC
2026-01-09T00:15:00,12951,Rajdhani,1,BCT,ST,263.0,162.0,158.0,172.0,0.20222571183350446,77.39198885359735,0,4,161.78,SYNTHETIC
2026-01-09T00:30:00,12004,Shatabdi,0,GZB,ALJN,106.3,59.0,57.0,68.0,-0.8752495353734706,126.85575917636086,0,4,62.69,SYNTHETIC
2026-01-09T00:45:00,12951,Rajdhani,1,KOTA,MTJ,324.0,195.0,190.0,212.0,5.03495571437357,113.14852190834638,0,4,182.6,SYNTHETIC
2026-01-09T01:00:00,12951,Rajdhani,1,KOTA,MTJ,324.0,195.0,190.0,212.0,4.503264578791837,90.98909895491526,1,4,183.43,SYNTHETIC
2026-01-09T01:15:00,12004,Shatabdi,0,ALJN,CNB,308.6,209.0,205.0,228.0,-0.39276821097937686,79.53658049439224,1,4,212.61,SYNTHETIC
2026-01-09T01:30:00,12004,Shatabdi,0,GZB,ALJN,106.3,59.0,57.0,68.0,13.659864695259492,105.95570512190224,1,4,57.18,SYNTHETIC
2026-01-09T01:45:00,12004,Shatabdi,0,NDLS,GZB,24.5,38.0,36.0,42.0,-1.9415953652007962,45.17218813334976,1,4,40.98,SYNTHETIC
2026-01-09T02:00:00,12951,Rajdhani,1,KOTA,MTJ,324.0,195.0,190.0,212.0,7.289265533153108,101.42344793146972,2,4,176.59,SYNTHETIC
2026-01-09T02:15:00,12004,Shatabdi,0,CNB,LKO,71.6,75.0,72.0,85.0,19.8520698719799,42.328403121829986,2,4,75.96,SYNTHETIC
2026-01-09T02:30:00,12951,Rajdhani,1,RTM,KOTA,266.0,157.0,154.0,170.0,12.07566753848296,112.10407138852857,2,4,136.84,SYNTHETIC
2026-01-09T02:45:00,12951,Rajdhani,1,RTM,KOTA,266.0,157.0,154.0,170.0,-1.4130255134411835,92.01703871980118,2,4,146.91,SYNTHETIC
2026-01-09T03:00:00,12004,Shatabdi,0,NDLS,GZB,24.5,38.0,36.0,42.0,-0.46228658276381474,39.726679647760044,3,4,35.22,SYNTHETIC
2026-01-09T03:15:00,12951,Rajdhani,1,BCT,ST,263.0,162.0,158.0,172.0,-1.4766776200071918,106.64701293838321,3,4,149.35,SYNTHETIC
2026-01-09T03:30:00,12004,Shatabdi,0,CNB,LKO,71.6,75.0,72.0,85.0,2.0699697171377647,40.344995041406165,3,4,73.99,SYNTHETIC
2026-01-09T03:45:00,12004,Shatabdi,0,CNB,LKO,71.6,75.0,72.0,85.0,-0.9441048735900901,72.95307494914897,3,4,78.22,SYNTHETIC
2026-01-09T04:00:00,12004,Shatabdi,0,CNB,LKO,71.6,75.0,72.0,85.0,2.756676012960006,51.30671825070383,4,4,79.88,SYNTHETIC
2026-01-09T04:15:00,12004,Shatabdi,0,GZB,ALJN,106.3,59.0,57.0,68.0,-1.6498989828717248,110.92850014195636,4,4,59.76,SYNTHETIC
2026-01-09T04:30:00,12951,Rajdhani,1,ST,BRC,129.0,81.0,79.0,90.0,-0.19476275766660311,87.95251335503656,4,4,73.58,SYNTHETIC
2026-01-09T04:45:00,12004,Shatabdi,0,ALJN,CNB,308.6,209.0,205.0,228.0,4.266535248850647,93.12587093064535,4,4,215.02,SYNTHETIC
2026-01-09T05:00:00,12004,Shatabdi,0,CNB,LKO,71.6,75.0,72.0,85.0,-1.3304436532810084,60.95220590056732,5,4,75.38,SYNTHETIC
2026-01-09T05:15:00,12951,Rajdhani,1,ST,BRC,129.0,81.0,79.0,90.0,4.675126265207414,94.20767924526815,5,4,75.22,SYNTHETIC
2026-01-09T05:30:00,12951,Rajdhani,1,MTJ,NDLS,143.0,110.0,108.0,125.0,1.527625190633442,69.10629974263693,5,4,103.72,SYNTHETIC
2026-01-09T05:45:00,12951,Rajdhani,1,MTJ,NDLS,143.0,110.0,108.0,125.0,7.473979054371258,88.37398314553214,5,4,105.93,SYNTHETIC
2026-01-09T06:00:00,12004,Shatabdi,0,ALJN,CNB,308.6,209.0,205.0,228.0,23.268461942809576,86.65367456044142,6,4,224.32,SYNTHETIC
2026-01-09T06:15:00,12004,Shatabdi,0,GZB,ALJN,106.3,59.0,57.0,68.0,0.405415202509956,123.34079966260616,6,4,62.76,SYNTHETIC
2026-01-09T06:30:00,12951,Rajdhani,1,BCT,ST,263.0,162.0,158.0,172.0,1.3687449679363537,93.29051530892679,6,4,156.82,SYNTHETIC
2026-01-09T06:45:00,12951,Rajdhani,1,BCT,ST,263.0,162.0,158.0,172.0,7.071599982302217,106.5078950130341,6,4,151.09,SYNTHETIC
2026-01-09T07:00:00,12004,Shatabdi,0,GZB,ALJN,106.3,59.0,57.0,68.0,3.5349067009987403,104.69244596691574,7,4,62.44,SYNTHETIC
2026-01-09T07:15:00,12004,Shatabdi,0,GZB,ALJN,106.3,59.0,57.0,68.0,4.722183055569023,107.36367816229813,7,4,66.17,SYNTHETIC
2026-01-09T07:30:00,12004,Shatabdi,0,NDLS,GZB,24.5,38.0,36.0,42.0,15.286742532258799,47.67005754750251,7,4,38.22,SYNTHETIC
2026-01-09T07:45:00,12951,Rajdhani,1,RTM,KOTA,266.0,157.0,154.0,170.0,6.248051166138104,106.47387387297864,7,4,146.42,SYNTHETIC
2026-01-09T08:00:00,12004,Shatabdi,0,CNB,LKO,71.6,75.0,72.0,85.0,5.251566516527049,63.338368269001,8,4,77.55,SYNTHETIC
2026-01-09T08:15:00,12951,Rajdhani,1,MTJ,NDLS,143.0,110.0,108.0,125.0,-1.9173387099343049,77.58826976526524,8,4,112.56,SYNTHETIC
2026-01-09T08:30:00,12004,Shatabdi,0,GZB,ALJN,106.3,59.0,57.0,68.0,1.3349207499374316,99.09018113208059,8,4,67.94,SYNTHETIC
2026-01-09T08:45:00,12004,Shatabdi,0,GZB,ALJN,106.3,59.0,57.0,68.0,-1.6896074017791214,113.74184158991609,8,4,70.37,SYNTHETIC
2026-01-09T09:00:00,12951,Rajdhani,1,MTJ,NDLS,143.0,110.0,108.0,125.0,2.7471581267574683,83.20766221475627,9,4,114.98,SYNTHETIC
2026-01-09T09:15:00,12951,Rajdhani,1,ST,BRC,129.0,81.0,79.0,90.0,5.525680215505458,100.26464746889721,9,4,77.21,SYNTHETIC
2026-01-09T09:30:00,12004,Shatabdi,0,CNB,LKO,71.6,75.0,72.0,85.0,3.5805316758500414,68.4032634356096,9,4,84.32,SYNTHETIC
2026-01-09T09:45:00,12951,Rajdhani,1,BRC,RTM,261.0,197.0,193.0,215.0,-1.9933237218093027,72.32921300644408,9,4,205.62,SYNTHETIC
2026-01-09T10:00:00,12951,Rajdhani,1,RTM,KOTA,266.0,157.0,154.0,170.0,-1.1797552234413529,97.99259149617842,10,4,165.7,SYNTHETIC
2026-01-09T10:15:00,12004,Shatabdi,0,NDLS,GZB,24.5,38.0,36.0,42.0,4.562751354928906,30.0,10,4,43.34,SYNTHETIC
2026-01-09T10:30:00,12951,Rajdhani,1,KOTA,MTJ,324.0,195.0,190.0,212.0,1.704564010036206,82.19620919868608,10,4,206.26,SYNTHETIC
2026-01-09T10:45:00,12951,Rajdhani,1,BRC,RTM,261.0,197.0,193.0,215.0,5.832472776462942,77.3643498089674,10,4,197.69,SYNTHETIC
2026-01-09T11:00:00,12004,Shatabdi,0,ALJN,CNB,308.6,209.0,205.0,228.0,0.6458963244872904,102.02393831147823,11,4,247.66,SYNTHETIC
2026-01-09T11:15:00,12951,Rajdhani,1,KOTA,MTJ,324.0,195.0,190.0,212.0,2.8326832617118543,97.87843432507931,11,4,208.15,SYNTHETIC
2026-01-09T11:30:00,12951,Rajdhani,1,BCT,ST,263.0,162.0,158.0,172.0,0.9532632655670734,96.5722167818545,11,4,167.26,SYNTHETIC
2026-01-09T11:45:00,12951,Rajdhani,1,BRC,RTM,261.0,197.0,193.0,215.0,-1.4929329735634254,73.18299874310424,11,4,202.61,SYNTHETIC
2026-01-09T12:00:00,12004,Shatabdi,0,CNB,LKO,71.6,75.0,72.0,85.0,3.2439071066808554,54.04720418971565,12,4,81.9,SYNTHETIC
2026-01-09T12:15:00,12004,Shatabdi,0,NDLS,GZB,24.5,38.0,36.0,42.0,2.0287342096960357,43.54724314331031,12,4,43.3,SYNTHETIC
2026-01-09T12:30:00,12004,Shatabdi,0,NDLS,GZB,24.5,38.0,36.0,42.0,4.004498229010757,42.99958308737953,12,4,37.05,SYNTHETIC
2026-01-09T12:45:00,12004,Shatabdi,0,CNB,LKO,71.6,75.0,72.0,85.0,6.401680903354075,59.66547518107573,12,4,81.48,SYNTHETIC
2026-01-09T13:00:00,12951,Rajdhani,1,KOTA,MTJ,324.0,195.0,190.0,212.0,0.008989139652884504,123.17625996905535,13,4,186.96,SYNTHETIC
2026-01-09T13:15:00,12951,Rajdhani,1,ST,BRC,129.0,81.0,79.0,90.0,-0.4119760805263981,100.77578615476965,13,4,74.49,SYNTHETIC
2026-01-09T13:30:00,12951,Rajdhani,1,MTJ,NDLS,143.0,110.0,108.0,125.0,-1.313965387353508,104.9913077034656,13,4,106.07,SYNTHETIC
2026-01-09T13:45:00,12951,Rajdhani,1,KOTA,MTJ,324.0,195.0,190.0,212.0,-1.4602406546221682,114.12069825341383,13,4,196.84,SYNTHETIC
2026-01-09T14:00:00,12951,Rajdhani,1,MTJ,NDLS,143.0,110.0,108.0,125.0,0.1030074369410543,79.85042920600743,14,4,110.27,SYNTHETIC
2026-01-09T14:15:00,12004,Shatabdi,0,ALJN,CNB,308.6,209.0,205.0,228.0,5.013765849405953,81.9448569005625,14,4,218.3,SYNTHETIC
2026-01-09T14:30:00,12004,Shatabdi,0,NDLS,GZB,24.5,38.0,36.0,42.0,20.64183552049475,30.0,14,4,39.82,SYNTHETIC
2026-01-09T14:45:00,12951,Rajdhani,1,BRC,RTM,261.0,197.0,193.0,215.0,4.146021238567869,67.48165481890261,14,4,192.55,SYNTHETIC
2026-01-09T15:00:00,12951,Rajdhani,1,MTJ,NDLS,143.0,110.0,108.0,125.0,6.829733814325499,84.06457754373729,15,4,104.25,SYNTHETIC
2026-01-09T15:15:00,12951,Rajdhani,1,BCT,ST,263.0,162.0,158.0,172.0,-1.8730619399618438,96.13161496161716,15,4,157.53,SYNTHETIC
2026-01-09T15:30:00,12951,Rajdhani,1,KOTA,MTJ,324.0,195.0,190.0,212.0,8.745915448502126,108.58412604396551,15,4,184.86,SYNTHETIC
2026-01-09T15:45:00,12951,Rajdhani,1,BRC,RTM,261.0,197.0,193.0,215.0,1.6328364307832341,87.92920927364978,15,4,192.59,SYNTHETIC
2026-01-09T16:00:00,12951,Rajdhani,1,BRC,RTM,261.0,197.0,193.0,215.0,7.364310549141255,88.84836914714279,16,4,181.93,SYNTHETIC
2026-01-09T16:15:00,12951,Rajdhani,1,KOTA,MTJ,324.0,195.0,190.0,212.0,0.8473403249028046,100.50193544259136,16,4,188.52,SYNTHETIC
2026-01-09T16:30:00,12004,Shatabdi,0,CNB,LKO,71.6,75.0,72.0,85.0,-0.9104908759763028,59.65519877591203,16,4,75.98,SYNTHETIC
2026-01-09T16:45:00,12004,Shatabdi,0,CNB,LKO,71.6,75.0,72.0,85.0,1.071999546267528,41.72774168798776,16,4,76.07,SYNTHETIC
2026-01-09T17:00:00,12951,Rajdhani,1,ST,BRC,129.0,81.0,79.0,90.0,4.268725522596059,99.6999513735347,17,4,87.5,SYNTHETIC
2026-01-09T17:15:00,12951,Rajdhani,1,KOTA,MTJ,324.0,195.0,190.0,212.0,-0.8055012538670563,104.13343630568185,17,4,195.22,SYNTHETIC
2026-01-09T17:30:00,12004,Shatabdi,0,CNB,LKO,71.6,75.0,72.0,85.0,0.11747673243919188,64.4936071828282,17,4,81.33,SYNTHETIC
2026-01-09T17:45:00,12951,Rajdhani,1,ST,BRC,129.0,81.0,79.0,90.0,-1.6378982221283946,119.62524422236983,17,4,89.28,SYNTHETIC
2026-01-09T18:00:00,12004,Shatabdi,0,ALJN,CNB,308.6,209.0,205.0,228.0,-1.256966501446675,81.76627885527941,18,4,241.53,SYNTHETIC
2026-01-09T18:15:00,12951,Rajdhani,1,KOTA,MTJ,324.0,195.0,190.0,212.0,1.0281928415722712,94.6084188766756,18,4,199.33,SYNTHETIC
2026-01-09T18:30:00,12004,Shatabdi,0,CNB,LKO,71.6,75.0,72.0,85.0,3.717728413107112,39.75344619286456,18,4,85.82,SYNTHETIC
2026-01-09T18:45:00,12951,Rajdhani,1,ST,BRC,129.0,81.0,79.0,90.0,1.8871947351639178,108.92628766150612,18,4,86.73,SYNTHETIC
2026-01-09T19:00:00,12951,Rajdhani,1,BCT,ST,263.0,162.0,158.0,172.0,-0.697052261020404,88.19615084541638,19,4,175.68,SYNTHETIC
2026-01-09T19:15:00,12951,Rajdhani,1,MTJ,NDLS,143.0,110.0,108.0,125.0,-0.8300861799125439,83.8041983394449,19,4,108.31,SYNTHETIC
2026-01-09T19:30:00,12951,Rajdhani,1,BCT,ST,263.0,162.0,158.0,172.0,-1.936705474258546,105.15859656546824,19,4,171.9,SYNTHETIC
2026-01-09T19:45:00,12951,Rajdhani,1,ST,BRC,129.0,81.0,79.0,90.0,-1.4595842584441747,92.07559056564624,19,4,85.9,SYNTHETIC
2026-01-09T20:00:00,12004,Shatabdi,0,GZB,ALJN,106.3,59.0,57.0,68.0,4.196215526342783,106.39358401273986,20,4,68.44,SYNTHETIC
2026-01-09T20:15:00,12951,Rajdhani,1,ST,BRC,129.0,81.0,79.0,90.0,-0.5373751399716746,91.90113921218169,20,4,85.31,SYNTHETIC
2026-01-09T20:30:00,12004,Shatabdi,0,CNB,LKO,71.6,75.0,72.0,85.0,-0.6655500868279374,59.92794139602455,20,4,77.48,SYNTHETIC
2026-01-09T20:45:00,12951,Rajdhani,1,ST,BRC,129.0,81.0,79.0,90.0,1.7654634415162893,94.94237430387513,20,4,83.63,SYNTHETIC
2026-01-09T21:00:00,12951,Rajdhani,1,BRC,RTM,261.0,197.0,193.0,215.0,3.5745770138910977,86.87734058310113,21,4,203.23,SYNTHETIC
2026-01-09T21:15:00,12951,Rajdhani,1,ST,BRC,129.0,81.0,79.0,90.0,-1.6313825478275206,111.97868149225663,21,4,86.27,SYNTHETIC
2026-01-09T21:30:00,12951,Rajdhani,1,MTJ,NDLS,143.0,110.0,108.0,125.0,2.698406811360214,93.77316875711526,21,4,109.13,SYNTHETIC
2026-01-09T21:45:00,12004,Shatabdi,0,ALJN,CNB,308.6,209.0,205.0,228.0,-0.7765781306653279,85.54549539347215,21,4,233.45,SYNTHETIC
2026-01-09T22:00:00,12004,Shatabdi,0,ALJN,CNB,308.6,209.0,205.0,228.0,10.902518612270196,82.03267508946325,22,4,218.25,SYNTHETIC
2026-01-09T22:15:00,12004,Shatabdi,0,ALJN,CNB,308.6,209.0,205.0,228.0,-1.6157030870680578,91.58718326969276,22,4,225.0,SYNTHETIC
2026-01-09T22:30:00,12951,Rajdhani,1,KOTA,MTJ,324.0,195.0,190.0,212.0,2.8969578163834884,104.06865726302345,22,4,185.99,SYNTHETIC
2026-01-09T22:45:00,12951,Rajdhani,1,BCT,ST,263.0,162.0,158.0,172.0,1.6000527783924223,108.99107094993902,22,4,152.8,SYNTHETIC
2026-01-09T23:00:00,12951,Rajdhani,1,RTM,KOTA,266.0,157.0,154.0,170.0,0.11108382736275857,87.26031446179691,23,4,154.36,SYNTHETIC
2026-01-09T23:15:00,12951,Rajdhani,1,KOTA,MTJ,324.0,195.0,190.0,212.0,-1.634452391082679,113.37210638892493,23,4,192.77,SYNTHETIC
2026-01-09T23:30:00,12951,Rajdhani,1,KOTA,MTJ,324.0,195.0,190.0,212.0,-1.0771996669492936,112.09394497054622,23,4,183.68,SYNTHETIC
2026-01-09T23:45:00,12004,Shatabdi,0,GZB,ALJN,106.3,59.0,57.0,68.0,4.69558498614194,123.3701289780442,23,4,60.55,SYNTHETIC
2026-01-10T00:00:00,12004,Shatabdi,0,CNB,LKO,71.6,75.0,72.0,85.0,3.1995644040326816,64.95682966558775,0,5,78.34,SYNTHETIC
2026-01-10T00:15:00,12951,Rajdhani,1,BCT,ST,263.0,162.0,158.0,172.0,-1.3880317421709132,104.83540959515216,0,5,156.39,SYNTHETIC
2026-01-10T00:30:00,12004,Shatabdi,0,GZB,ALJN,106.3,59.0,57.0,68.0,3.3159808443713734,108.63019795159842,0,5,61.53,SYNTHETIC
2026-01-10T00:45:00,12004,Shatabdi,0,GZB,ALJN,106.3,59.0,57.0,68.0,3.929063741360885,121.79668440700372,0,5,63.76,SYNTHETIC
2026-01-10T01:00:00,12951,Rajdhani,1,MTJ,NDLS,143.0,110.0,108.0,125.0,10.443493068671174,74.483921319047,1,5,102.23,SYNTHETIC
2026-01-10T01:15:00,12951,Rajdhani,1,KOTA,MTJ,324.0,195.0,190.0,212.0,3.9771591692884565,109.08226886667704,1,5,186.73,SYNTHETIC
2026-01-10T01:30:00,12951,Rajdhani,1,RTM,KOTA,266.0,157.0,154.0,170.0,7.631419634915005,115.84457662449411,1,5,140.59,SYNTHETIC
2026-01-10T01:45:00,12004,Shatabdi,0,NDLS,GZB,24.5,38.0,36.0,42.0,8.724636723415859,44.23057192708091,1,5,37.19,SYNTHETIC
2026-01-10T02:00:00,12951,Rajdhani,1,MTJ,NDLS,143.0,110.0,108.0,125.0,11.251184396420108,73.93825917842314,2,5,106.67,SYNTHETIC
2026-01-10T02:15:00,12951,Rajdhani,1,ST,BRC,129.0,81.0,79.0,90.0,1.0924113208873232,99.54726791215678,2,5,75.86,SYNTHETIC
2026-01-10T02:30:00,12004,Shatabdi,0,ALJN,CNB,308.6,209.0,205.0,228.0,1.0250960861487175,84.50413088559166,2,5,215.61,SYNTHETIC
2026-01-10T02:45:00,12951,Rajdhani,1,BRC,RTM,261.0,197.0,193.0,215.0,3.3352656930757494,79.36051462313762,2,5,186.84,SYNTHETIC
2026-01-10T03:00:00,12004,Shatabdi,0,NDLS,GZB,24.5,38.0,36.0,42.0,4.400995567156773,34.66880988032287,3,5,34.7,SYNTHETIC
2026-01-10T03:15:00,12951,Rajdhani,1,RTM,KOTA,266.0,157.0,154.0,170.0,6.135088933951483,103.14607022798326,3,5,142.74,SYNTHETIC
2026-01-10T03:30:00,12004,Shatabdi,0,GZB,ALJN,106.3,59.0,57.0,68.0,-1.7343117143396696,101.4701206727929,3,5,64.81,SYNTHETIC
2026-01-10T03:45:00,12951,Rajdhani,1,KOTA,MTJ,324.0,195.0,190.0,212.0,7.544980976330777,109.18644743227338,3,5,181.1,SYNTHETIC
2026-01-10T04:00:00,12004,Shatabdi,0,NDLS,GZB,24.5,38.0,36.0,42.0,-1.1424416691485972,35.518787819741185,4,5,33.66,SYNTHETIC
2026-01-10T04:15:00,12951,Rajdhani,1,KOTA,MTJ,324.0,195.0,190.0,212.0,-0.7891300394032035,94.21014237743057,4,5,177.19,SYNTHETIC
2026-01-10T04:30:00,12951,Rajdhani,1,KOTA,MTJ,324.0,195.0,190.0,212.0,-0.3329895890824641,99.60373754107697,4,5,180.57,SYNTHETIC
2026-01-10T04:45:00,12004,Shatabdi,0,GZB,ALJN,106.3,59.0,57.0,68.0,15.02972942304054,110.76345631694785,4,5,53.74,SYNTHETIC
2026-01-10T05:00:00,12004,Shatabdi,0,GZB,ALJN,106.3,59.0,57.0,68.0,5.519274547794334,103.00024934970978,5,5,57.1,SYNTHETIC
2026-01-10T05:15:00,12004,Shatabdi,0,NDLS,GZB,24.5,38.0,36.0,42.0,-0.6888672532067219,50.19542342913284,5,5,38.91,SYNTHETIC
2026-01-10T05:30:00,12004,Shatabdi,0,ALJN,CNB,308.6,209.0,205.0,228.0,7.913912220934348,74.97714990545923,5,5,211.43,SYNTHETIC
2026-01-10T05:45:00,12951,Rajdhani,1,MTJ,NDLS,143.0,110.0,108.0,125.0,-0.8035466113623588,71.12489526949993,5,5,101.77,SYNTHETIC
2026-01-10T06:00:00,12951,Rajdhani,1,BRC,RTM,261.0,197.0,193.0,215.0,0.9141896244501604,101.25815633748327,6,5,188.89,SYNTHETIC
2026-01-10T06:15:00,12951,Rajdhani,1,BCT,ST,263.0,162.0,158.0,172.0,1.3359814101022525,92.62245051177722,6,5,158.6,SYNTHETIC
2026-01-10T06:30:00,12951,Rajdhani,1,BRC,RTM,261.0,197.0,193.0,215.0,5.703978520833164,88.61691752437346,6,5,190.06,SYNTHETIC
2026-01-10T06:45:00,12004,Shatabdi,0,GZB,ALJN,106.3,59.0,57.0,68.0,-0.0015429520237315586,124.29057690652087,6,5,60.41,SYNTHETIC
2026-01-10T07:00:00,12951,Rajdhani,1,RTM,KOTA,266.0,157.0,154.0,170.0,4.631583730930132,102.56281572922346,7,5,157.0,SYNTHETIC
2026-01-10T07:15:00,12004,Shatabdi,0,CNB,LKO,71.6,75.0,72.0,85.0,7.892747789750258,60.27894275136839,7,5,75.89,SYNTHETIC
2026-01-10T07:30:00,12951,Rajdhani,1,MTJ,NDLS,143.0,110.0,108.0,125.0,-0.5978088402731461,82.9210969085187,7,5,105.24,SYNTHETIC
2026-01-10T07:45:00,12951,Rajdhani,1,KOTA,MTJ,324.0,195.0,190.0,212.0,-1.1115766514954006,84.18345661365376,7,5,186.82,SYNTHETIC
2026-01-10T08:00:00,12951,Rajdhani,1,RTM,KOTA,266.0,157.0,154.0,170.0,-1.7532618502068713,123.75670494596973,8,5,167.85,SYNTHETIC
2026-01-10T08:15:00,12951,Rajdhani,1,BRC,RTM,261.0,197.0,193.0,215.0,20.52012983408089,86.73690109717123,8,5,199.76,SYNTHETIC
2026-01-10T08:30:00,12004,Shatabdi,0,ALJN,CNB,308.6,209.0,205.0,228.0,11.044529478656358,88.60477555355,8,5,229.31,SYNTHETIC
2026-01-10T08:45:00,12004,Shatabdi,0,GZB,ALJN,106.3,59.0,57.0,68.0,18.150489401619605,130.0,8,5,62.7,SYNTHETIC
2026-01-10T09:00:00,12004,Shatabdi,0,ALJN,CNB,308.6,209.0,205.0,228.0,1.3461044750705877,103.22456250997284,9,5,241.22,SYNTHETIC
2026-01-10T09:15:00,12004,Shatabdi,0,ALJN,CNB,308.6,209.0,205.0,228.0,2.446556740646461,95.16452688545522,9,5,245.28,SYNTHETIC
2026-01-10T09:30:00,12004,Shatabdi,0,NDLS,GZB,24.5,38.0,36.0,42.0,4.432689444616777,38.93175389594605,9,5,43.98,SYNTHETIC
2026-01-10T09:45:00,12951,Rajdhani,1,ST,BRC,129.0,81.0,79.0,90.0,-1.3074432024137699,89.86467490801536,9,5,82.16,SYNTHETIC
2026-01-10T10:00:00,12951,Rajdhani,1,MTJ,NDLS,143.0,110.0,108.0,125.0,2.736937997731186,72.4379179009989,10,5,119.99,SYNTHETIC
2026-01-10T10:15:00,12004,Shatabdi,0,GZB,ALJN,106.3,59.0,57.0,68.0,15.405158363954765,100.55077301504036,10,5,69.82,SYNTHETIC
2026-01-10T10:30:00,12951,Rajdhani,1,MTJ,NDLS,143.0,110.0,108.0,125.0,-0.32511938106159954,75.52123441931703,10,5,113.64,SYNTHETIC
2026-01-10T10:45:00,12004,Shatabdi,0,ALJN,CNB,308.6,209.0,205.0,228.0,16.267865473089447,102.24930287367634,10,5,238.19,SYNTHETIC
2026-01-10T11:00:00,12004,Shatabdi,0,CNB,LKO,71.6,75.0,72.0,85.0,0.050218881785877745,65.9788386716186,11,5,88.83,SYNTHETIC
2026-01-10T11:15:00,12951,Rajdhani,1,RTM,KOTA,266.0,157.0,154.0,170.0,4.794067619326137,109.16999932408986,11,5,161.64,SYNTHETIC
2026-01-10T11:30:00,12951,Rajdhani,1,RTM,KOTA,266.0,157.0,154.0,170.0,9.78296076045687,109.02780481586512,11,5,163.93,SYNTHETIC
2026-01-10T11:45:00,12004,Shatabdi,0,CNB,LKO,71.6,75.0,72.0,85.0,3.1740543853969587,57.37009397938237,11,5,82.13,SYNTHETIC
2026-01-10T12:00:00,12004,Shatabdi,0,ALJN,CNB,308.6,209.0,205.0,228.0,5.414614376422659,102.50389833705476,12,5,222.14,SYNTHETIC
2026-01-10T12:15:00,12004,Shatabdi,0,NDLS,GZB,24.5,38.0,36.0,42.0,0.17651910724353792,43.97364957687004,12,5,36.4,SYNTHETIC
2026-01-10T12:30:00,12004,Shatabdi,0,GZB,ALJN,106.3,59.0,57.0,68.0,-1.7099192044854084,112.62198311613814,12,5,63.92,SYNTHETIC
2026-01-10T12:45:00,12951,Rajdhani,1,RTM,KOTA,266.0,157.0,154.0,170.0,5.128350007942321,113.2235579196036,12,5,150.41,SYNTHETIC
2026-01-10T13:00:00,12004,Shatabdi,0,GZB,ALJN,106.3,59.0,57.0,68.0,6.963418992887632,101.66888333938435,13,5,58.97,SYNTHETIC
2026-01-10T13:15:00,12004,Shatabdi,0,NDLS,GZB,24.5,38.0,36.0,42.0,-0.4975491538693251,30.0,13,5,39.51,SYNTHETIC
2026-01-10T13:30:00,12951,Rajdhani,1,BRC,RTM,261.0,197.0,193.0,215.0,10.7173140712889,113.57082606900433,13,5,194.13,SYNTHETIC
2026-01-10T13:45:00,12951,Rajdhani,1,ST,BRC,129.0,81.0,79.0,90.0,-1.6087360992750654,91.90176169482538,13,5,71.76,SYNTHETIC
2026-01-10T14:00:00,12951,Rajdhani,1,BCT,ST,263.0,162.0,158.0,172.0,4.52863849626166,84.33913973685105,14,5,163.24,SYNTHETIC
2026-01-10T14:15:00,12951,Rajdhani,1,BCT,ST,263.0,162.0,158.0,172.0,1.173013456182999,104.1879560614666,14,5,160.63,SYNTHETIC
2026-01-10T14:30:00,12004,Shatabdi,0,NDLS,GZB,24.5,38.0,36.0,42.0,-0.05500265338748189,53.03044083223527,14,5,41.83,SYNTHETIC
2026-01-10T14:45:00,12951,Rajdhani,1,KOTA,MTJ,324.0,195.0,190.0,212.0,1.4283632043811165,100.0324061206898,14,5,191.86,SYNTHETIC
2026-01-10T15:00:00,12951,Rajdhani,1,KOTA,MTJ,324.0,195.0,190.0,212.0,3.0744551567082334,113.62809039027435,15,5,189.8,SYNTHETIC
2026-01-10T15:15:00,12004,Shatabdi,0,GZB,ALJN,106.3,59.0,57.0,68.0,-1.998637616027999,104.74793007220094,15,5,63.47,SYNTHETIC
2026-01-10T15:30:00,12004,Shatabdi,0,NDLS,GZB,24.5,38.0,36.0,42.0,5.7247610516873175,39.63392059706861,15,5,40.24,SYNTHETIC
2026-01-10T15:45:00,12004,Shatabdi,0,CNB,LKO,71.6,75.0,72.0,85.0,-0.33618602409513976,60.942090610371764,15,5,79.65,SYNTHETIC
2026-01-10T16:00:00,12951,Rajdhani,1,MTJ,NDLS,143.0,110.0,108.0,125.0,-1.2967265160838974,91.97287078871928,16,5,106.66,SYNTHETIC
2026-01-10T16:15:00,12004,Shatabdi,0,NDLS,GZB,24.5,38.0,36.0,42.0,1.5239014458184132,41.8677146264144,16,5,46.56,SYNTHETIC
2026-01-10T16:30:00,12951,Rajdhani,1,BRC,RTM,261.0,197.0,193.0,215.0,4.680913471169692,81.51300811967862,16,5,191.5,SYNTHETIC
2026-01-10T16:45:00,12004,Shatabdi,0,CNB,LKO,71.6,75.0,72.0,85.0,24.972806962706713,62.887489774336515,16,5,78.28,SYNTHETIC
2026-01-10T17:00:00,12951,Rajdhani,1,ST,BRC,129.0,81.0,79.0,90.0,7.153342553626363,95.57240488157932,17,5,86.05,SYNTHETIC
2026-01-10T17:15:00,12951,Rajdhani,1,BCT,ST,263.0,162.0,158.0,172.0,2.589933648659164,95.72024890016677,17,5,174.5,SYNTHETIC
2026-01-10T17:30:00,12951,Rajdhani,1,RTM,KOTA,266.0,157.0,154.0,170.0,8.251217476626266,113.654612173183,17,5,155.59,SYNTHETIC
2026-01-10T17:45:00,12004,Shatabdi,0,NDLS,GZB,24.5,38.0,36.0,42.0,16.144403090973903,41.98931330397054,17,5,37.5,SYNTHETIC
2026-01-10T18:00:00,12951,Rajdhani,1,KOTA,MTJ,324.0,195.0,190.0,212.0,0.06645491648446722,84.00434069030072,18,5,202.47,SYNTHETIC
2026-01-10T18:15:00,12004,Shatabdi,0,CNB,LKO,71.6,75.0,72.0,85.0,7.897362337666436,62.30594820171553,18,5,88.5,SYNTHETIC
2026-01-10T18:30:00,12004,Shatabdi,0,GZB,ALJN,106.3,59.0,57.0,68.0,0.11994291342802299,101.4689598953995,18,5,63.88,SYNTHETIC
2026-01-10T18:45:00,12951,Rajdhani,1,ST,BRC,129.0,81.0,79.0,90.0,5.59365731149057,88.36729476094918,18,5,77.06,SYNTHETIC
2026-01-10T19:00:00,12004,Shatabdi,0,GZB,ALJN,106.3,59.0,57.0,68.0,-0.7347199116999321,113.70536426981609,19,5,71.61,SYNTHETIC
2026-01-10T19:15:00,12951,Rajdhani,1,BCT,ST,263.0,162.0,158.0,172.0,9.781496872925324,102.44540742507826,19,5,160.52,SYNTHETIC
2026-01-10T19:30:00,12004,Shatabdi,0,NDLS,GZB,24.5,38.0,36.0,42.0,8.862752524615132,37.417454118246056,19,5,42.91,SYNTHETIC
2026-01-10T19:45:00,12951,Rajdhani,1,BCT,ST,263.0,162.0,158.0,172.0,0.00599524839413057,91.35140140830315,19,5,164.0,SYNTHETIC
2026-01-10T20:00:00,12951,Rajdhani,1,BRC,RTM,261.0,197.0,193.0,215.0,3.382185383700901,71.79841924197855,20,5,207.94,SYNTHETIC
2026-01-10T20:15:00,12951,Rajdhani,1,ST,BRC,129.0,81.0,79.0,90.0,4.380490524127152,115.45155818713364,20,5,80.47,SYNTHETIC
2026-01-10T20:30:00,12951,Rajdhani,1,MTJ,NDLS,143.0,110.0,108.0,125.0,-1.4509485975227296,66.79946037489479,20,5,108.19,SYNTHETIC
2026-01-10T20:45:00,12951,Rajdhani,1,MTJ,NDLS,143.0,110.0,108.0,125.0,-0.5864434453162619,88.45995701019208,20,5,120.27,SYNTHETIC
2026-01-10T21:00:00,12951,Rajdhani,1,KOTA,MTJ,324.0,195.0,190.0,212.0,5.34416000530746,115.24602225583124,21,5,197.71,SYNTHETIC
2026-01-10T21:15:00,12951,Rajdhani,1,ST,BRC,129.0,81.0,79.0,90.0,0.8838787743017988,91.27353153976146,21,5,88.45,SYNTHETIC
2026-01-10T21:30:00,12951,Rajdhani,1,BRC,RTM,261.0,197.0,193.0,215.0,4.018665152891618,96.67030713598348,21,5,200.96,SYNTHETIC
2026-01-10T21:45:00,12951,Rajdhani,1,MTJ,NDLS,143.0,110.0,108.0,125.0,3.8919147319134106,66.95049241384916,21,5,112.82,SYNTHETIC
2026-01-10T22:00:00,12951,Rajdhani,1,BRC,RTM,261.0,197.0,193.0,215.0,3.7923823729411232,86.51349918754926,22,5,195.77,SYNTHETIC
2026-01-10T22:15:00,12951,Rajdhani,1,BCT,ST,263.0,162.0,158.0,172.0,0.88880002429734,97.09222541840661,22,5,156.99,SYNTHETIC
2026-01-10T22:30:00,12951,Rajdhani,1,MTJ,NDLS,143.0,110.0,108.0,125.0,2.986121696183046,80.82661575548885,22,5,110.08,SYNTHETIC
2026-01-10T22:45:00,12004,Shatabdi,0,NDLS,GZB,24.5,38.0,36.0,42.0,-0.7122205641773436,30.0,22,5,32.67,SYNTHETIC
2026-01-10T23:00:00,12004,Shatabdi,0,GZB,ALJN,106.3,59.0,57.0,68.0,10.908666255331863,124.85536745991922,23,5,56.6,SYNTHETIC
2026-01-10T23:15:00,12951,Rajdhani,1,MTJ,NDLS,143.0,110.0,108.0,125.0,0.27967293175977437,80.87253836887028,23,5,106.27,SYNTHETIC
2026-01-10T23:30:00,12951,Rajdhani,1,BCT,ST,263.0,162.0,158.0,172.0,0.9344556538897018,94.51169605527909,23,5,157.21,SYNTHETIC
2026-01-10T23:45:00,12951,Rajdhani,1,BCT,ST,263.0,162.0,158.0,172.0,9.33982836139545,85.50799038107664,23,5,151.52,SYNTHETIC
2026-01-11T00:00:00,12951,Rajdhani,1,RTM,KOTA,266.0,157.0,154.0,170.0,0.20623412398773588,106.83161034419318,0,6,158.96,SYNTHETIC
2026-01-11T00:15:00,12951,Rajdhani,1,BRC,RTM,261.0,197.0,193.0,215.0,-0.009210420008316511,71.86425284443241,0,6,196.21,SYNTHETIC
2026-01-11T00:30:00,12004,Shatabdi,0,GZB,ALJN,106.3,59.0,57.0,68.0,-0.6516527865225827,111.90183805776489,0,6,62.7,SYNTHETIC
2026-01-11T00:45:00,12951,Rajdhani,1,KOTA,MTJ,324.0,195.0,190.0,212.0,0.2616490706618291,87.24705628565255,0,6,189.99,SYNTHETIC
2026-01-11T01:00:00,12951,Rajdhani,1,BRC,RTM,261.0,197.0,193.0,215.0,6.173245245812316,79.70873900341923,1,6,181.85,SYNTHETIC
2026-01-11T01:15:00,12951,Rajdhani,1,MTJ,NDLS,143.0,110.0,108.0,125.0,-0.17915450869077,90.52901100887267,1,6,104.93,SYNTHETIC
2026-01-11T01:30:00,12004,Shatabdi,0,ALJN,CNB,308.6,209.0,205.0,228.0,0.5999464485422759,91.75243891830172,1,6,222.59,SYNTHETIC
2026-01-11T01:45:00,12004,Shatabdi,0,NDLS,GZB,24.5,38.0,36.0,42.0,0.24547228480706318,49.488917820905755,1,6,40.74,SYNTHETIC
2026-01-11T02:00:00,12951,Rajdhani,1,RTM,KOTA,266.0,157.0,154.0,170.0,7.4773856416164115,105.23284133044265,2,6,144.93,SYNTHETIC
2026-01-11T02:15:00,12004,Shatabdi,0,CNB,LKO,71.6,75.0,72.0,85.0,7.811529286520408,56.34009486103494,2,6,75.95,SYNTHETIC
2026-01-11T02:30:00,12951,Rajdhani,1,MTJ,NDLS,143.0,110.0,108.0,125.0,-1.612724447343473,92.87934652628508,2,6,98.24,SYNTHETIC
2026-01-11T02:45:00,12951,Rajdhani,1,BRC,RTM,261.0,197.0,193.0,215.0,0.6494993755158571,69.7852294149553,2,6,186.74,SYNTHETIC
2026-01-11T03:00:00,12951,Rajdhani,1,KOTA,MTJ,324.0,195.0,190.0,212.0,-0.5159506603855668,104.61220363758291,3,6,179.63,SYNTHETIC
2026-01-11T03:15:00,12004,Shatabdi,0,NDLS,GZB,24.5,38.0,36.0,42.0,6.284467742604388,30.0,3,6,37.64,SYNTHETIC
2026-01-11T03:30:00,12951,Rajdhani,1,MTJ,NDLS,143.0,110.0,108.0,125.0,16.89817438102311,70.60285964500676,3,6,92.67,SYNTHETIC
2026-01-11T03:45:00,12951,Rajdhani,1,MTJ,NDLS,143.0,110.0,108.0,125.0,2.467266127261624,69.30638511804581,3,6,106.22,SYNTHETIC
2026-01-11T04:00:00,12004,Shatabdi,0,GZB,ALJN,106.3,59.0,57.0,68.0,4.592841383055319,84.38460327624891,4,6,60.52,SYNTHETIC
2026-01-11T04:15:00,12951,Rajdhani,1,MTJ,NDLS,143.0,110.0,108.0,125.0,20.708067837527405,86.97126759730502,4,6,96.88,SYNTHETIC
2026-01-11T04:30:00,12004,Shatabdi,0,GZB,ALJN,106.3,59.0,57.0,68.0,-1.0026487933485988,118.61004855939579,4,6,65.68,SYNTHETIC
2026-01-11T04:45:00,12004,Shatabdi,0,GZB,ALJN,106.3,59.0,57.0,68.0,9.60897777660383,94.6496889813574,4,6,57.73,SYNTHETIC
2026-01-11T05:00:00,12951,Rajdhani,1,ST,BRC,129.0,81.0,79.0,90.0,2.1260198861341975,101.59254116692118,5,6,79.09,SYNTHETIC
2026-01-11T05:15:00,12951,Rajdhani,1,BCT,ST,263.0,162.0,158.0,172.0,1.0016441321500498,111.51925243353847,5,6,151.42,SYNTHETIC
2026-01-11T05:30:00,12951,Rajdhani,1,ST,BRC,129.0,81.0,79.0,90.0,-0.6084560700080137,111.72267268993545,5,6,72.55,SYNTHETIC
2026-01-11T05:45:00,12004,Shatabdi,0,ALJN,CNB,308.6,209.0,205.0,228.0,-0.9144664048717621,93.46674594434624,5,6,224.31,SYNTHETIC
2026-01-11T06:00:00,12951,Rajdhani,1,ST,BRC,129.0,81.0,79.0,90.0,-0.5723916137978324,97.04524147816792,6,6,78.28,SYNTHETIC
2026-01-11T06:15:00,12951,Rajdhani,1,ST,BRC,129.0,81.0,79.0,90.0,9.708819845563841,90.65836615521852,6,6,82.3,SYNTHETIC
2026-01-11T06:30:00,12951,Rajdhani,1,BRC,RTM,261.0,197.0,193.0,215.0,5.6216415429958495,81.63297968825923,6,6,189.52,SYNTHETIC
2026-01-11T06:45:00,12004,Shatabdi,0,GZB,ALJN,106.3,59.0,57.0,68.0,-1.6743608648088144,105.81247176765767,6,6,63.51,SYNTHETIC
2026-01-11T07:00:00,12004,Shatabdi,0,ALJN,CNB,308.6,209.0,205.0,228.0,1.949854806139009,100.65270106549735,7,6,233.64,SYNTHETIC
2026-01-11T07:15:00,12004,Shatabdi,0,GZB,ALJN,106.3,59.0,57.0,68.0,5.803588119859178,112.6645682561768,7,6,61.91,SYNTHETIC
2026-01-11T07:30:00,12951,Rajdhani,1,RTM,KOTA,266.0,157.0,154.0,170.0,0.3884245792520842,99.14637394512468,7,6,153.96,SYNTHETIC
2026-01-11T07:45:00,12951,Rajdhani,1,KOTA,MTJ,324.0,195.0,190.0,212.0,1.1443731361948863,95.42990922731795,7,6,188.75,SYNTHETIC
2026-01-11T08:00:00,12004,Shatabdi,0,CNB,LKO,71.6,75.0,72.0,85.0,-0.6794414551909966,54.447599165616374,8,6,85.09,SYNTHETIC
2026-01-11T08:15:00,12951,Rajdhani,1,ST,BRC,129.0,81.0,79.0,90.0,6.316654632942434,94.45843186569456,8,6,81.69,SYNTHETIC
2026-01-11T08:30:00,12004,Shatabdi,0,CNB,LKO,71.6,75.0,72.0,85.0,13.356111205154242,39.01583620410346,8,6,82.01,SYNTHETIC
2026-01-11T08:45:00,12951,Rajdhani,1,ST,BRC,129.0,81.0,79.0,90.0,0.4597617262705045,114.40846510234914,8,6,85.56,SYNTHETIC
2026-01-11T09:00:00,12951,Rajdhani,1,MTJ,NDLS,143.0,110.0,108.0,125.0,4.702295001638816,69.19638291107316,9,6,113.05,SYNTHETIC
2026-01-11T09:15:00,12951,Rajdhani,1,BRC,RTM,261.0,197.0,193.0,215.0,1.9640576979308308,73.53571437494327,9,6,203.09,SYNTHETIC
2026-01-11T09:30:00,12951,Rajdhani,1,MTJ,NDLS,143.0,110.0,108.0,125.0,-0.6988330024437059,95.19833918500609,9,6,113.75,SYNTHETIC
2026-01-11T09:45:00,12951,Rajdhani,1,MTJ,NDLS,143.0,110.0,108.0,125.0,1.7670031751183233,75.0243761248404,9,6,119.2,SYNTHETIC
2026-01-11T10:00:00,12951,Rajdhani,1,BRC,RTM,261.0,197.0,193.0,215.0,-1.2468078454317595,80.34922295441143,10,6,207.43,SYNTHETIC
2026-01-11T10:15:00,12004,Shatabdi,0,GZB,ALJN,106.3,59.0,57.0,68.0,-1.3640841854987507,127.72851565740059,10,6,63.48,SYNTHETIC
2026-01-11T10:30:00,12004,Shatabdi,0,GZB,ALJN,106.3,59.0,57.0,68.0,0.4246364216807006,105.10830622916423,10,6,64.89,SYNTHETIC
2026-01-11T10:45:00,12004,Shatabdi,0,CNB,LKO,71.6,75.0,72.0,85.0,28.00279981036347,61.5268004486576,10,6,87.53,SYNTHETIC
2026-01-11T11:00:00,12951,Rajdhani,1,KOTA,MTJ,324.0,195.0,190.0,212.0,0.014563681825003894,95.02926533048245,11,6,209.61,SYNTHETIC
2026-01-11T11:15:00,12951,Rajdhani,1,BRC,RTM,261.0,197.0,193.0,215.0,-0.1509887370096581,71.63853884422193,11,6,203.38,SYNTHETIC
2026-01-11T11:30:00,12951,Rajdhani,1,BCT,ST,263.0,162.0,158.0,172.0,-0.9209374549096845,98.04679732288199,11,6,165.98,SYNTHETIC
2026-01-11T11:45:00,12951,Rajdhani,1,RTM,KOTA,266.0,157.0,154.0,170.0,2.9152309345926595,94.23176073850605,11,6,161.9,SYNTHETIC
2026-01-11T12:00:00,12004,Shatabdi,0,GZB,ALJN,106.3,59.0,57.0,68.0,0.8391193422956085,104.51416600549135,12,6,64.05,SYNTHETIC
2026-01-11T12:15:00,12951,Rajdhani,1,MTJ,NDLS,143.0,110.0,108.0,125.0,9.420917214157502,76.7026693108002,12,6,104.49,SYNTHETIC
2026-01-11T12:30:00,12951,Rajdhani,1,KOTA,MTJ,324.0,195.0,190.0,212.0,1.1294646737612828,105.60511841292521,12,6,192.52,SYNTHETIC
2026-01-11T12:45:00,12951,Rajdhani,1,MTJ,NDLS,143.0,110.0,108.0,125.0,5.621411135721676,70.28547050644724,12,6,101.34,SYNTHETIC
2026-01-11T13:00:00,12951,Rajdhani,1,MTJ,NDLS,143.0,110.0,108.0,125.0,1.8812737595610614,69.79083900064231,13,6,113.04,SYNTHETIC
2026-01-11T13:15:00,12004,Shatabdi,0,ALJN,CNB,308.6,209.0,205.0,228.0,0.14833812558023585,96.04201400251694,13,6,224.15,SYNTHETIC
2026-01-11T13:30:00,12951,Rajdhani,1,MTJ,NDLS,143.0,110.0,108.0,125.0,15.316838892639005,79.31800632102664,13,6,105.14,SYNTHETIC
2026-01-11T13:45:00,12004,Shatabdi,0,NDLS,GZB,24.5,38.0,36.0,42.0,23.061589283383206,36.949863950321756,13,6,37.25,SYNTHETIC
2026-01-11T14:00:00,12004,Shatabdi,0,CNB,LKO,71.6,75.0,72.0,85.0,8.943547539571725,53.79883637157181,14,6,78.61,SYNTHETIC
2026-01-11T14:15:00,12951,Rajdhani,1,MTJ,NDLS,143.0,110.0,108.0,125.0,8.178321889333477,88.04029316788001,14,6,105.0,SYNTHETIC
2026-01-11T14:30:00,12951,Rajdhani,1,ST,BRC,129.0,81.0,79.0,90.0,3.824264860419669,95.65642185187905,14,6,75.02,SYNTHETIC
2026-01-11T14:45:00,12951,Rajdhani,1,MTJ,NDLS,143.0,110.0,108.0,125.0,0.7097196442918623,78.30963798562303,14,6,108.66,SYNTHETIC
2026-01-11T15:00:00,12004,Shatabdi,0,NDLS,GZB,24.5,38.0,36.0,42.0,-0.5463810502414028,47.53204788091994,15,6,41.28,SYNTHETIC
2026-01-11T15:15:00,12951,Rajdhani,1,KOTA,MTJ,324.0,195.0,190.0,212.0,-0.3881079995556982,93.68544040285433,15,6,185.13,SYNTHETIC
2026-01-11T15:30:00,12951,Rajdhani,1,ST,BRC,129.0,81.0,79.0,90.0,-0.00588575118410839,111.48541246843519,15,6,81.66,SYNTHETIC
2026-01-11T15:45:00,12951,Rajdhani,1,KOTA,MTJ,324.0,195.0,190.0,212.0,1.116661447942028,108.82923959721471,15,6,186.04,SYNTHETIC
2026-01-11T16:00:00,12951,Rajdhani,1,KOTA,MTJ,324.0,195.0,190.0,212.0,10.219840642500447,95.55337739125999,16,6,181.02,SYNTHETIC
2026-01-11T16:15:00,12951,Rajdhani,1,KOTA,MTJ,324.0,195.0,190.0,212.0,3.3944809717504256,91.18948386130283,16,6,189.9,SYNTHETIC
2026-01-11T16:30:00,12004,Shatabdi,0,GZB,ALJN,106.3,59.0,57.0,68.0,6.137383526303726,109.46774936385245,16,6,54.66,SYNTHETIC
2026-01-11T16:45:00,12951,Rajdhani,1,MTJ,NDLS,143.0,110.0,108.0,125.0,-1.2449987254469015,97.40768370929129,16,6,110.39,SYNTHETIC
2026-01-11T17:00:00,12951,Rajdhani,1,MTJ,NDLS,143.0,110.0,108.0,125.0,3.464954354585693,70.63690354841714,17,6,121.82,SYNTHETIC
2026-01-11T17:15:00,12951,Rajdhani,1,KOTA,MTJ,324.0,195.0,190.0,212.0,3.281153581974273,103.5087565239044,17,6,200.3,SYNTHETIC
2026-01-11T17:30:00,12951,Rajdhani,1,RTM,KOTA,266.0,157.0,154.0,170.0,0.2326055610502067,115.22870513920567,17,6,164.72,SYNTHETIC
2026-01-11T17:45:00,12951,Rajdhani,1,MTJ,NDLS,143.0,110.0,108.0,125.0,3.234649830056794,83.25754056709229,17,6,116.31,SYNTHETIC
2026-01-11T18:00:00,12004,Shatabdi,0,CNB,LKO,71.6,75.0,72.0,85.0,6.48637709056919,67.5769652662457,18,6,85.5,SYNTHETIC
2026-01-11T18:15:00,12951,Rajdhani,1,BRC,RTM,261.0,197.0,193.0,215.0,-1.814671744866147,87.39138500816092,18,6,205.49,SYNTHETIC
2026-01-11T18:30:00,12951,Rajdhani,1,ST,BRC,129.0,81.0,79.0,90.0,2.8944479574125435,79.35518219556333,18,6,84.77,SYNTHETIC
2026-01-11T18:45:00,12004,Shatabdi,0,ALJN,CNB,308.6,209.0,205.0,228.0,0.18222432254279042,87.34819042708114,18,6,242.86,SYNTHETIC
2026-01-11T19:00:00,12951,Rajdhani,1,BRC,RTM,261.0,197.0,193.0,215.0,-1.9424649039624657,79.17801491453234,19,6,206.97,SYNTHETIC
2026-01-11T19:15:00,12951,Rajdhani,1,BRC,RTM,261.0,197.0,193.0,215.0,24.599452706453892,67.84804503960817,19,6,203.56,SYNTHETIC
2026-01-11T19:30:00,12951,Rajdhani,1,MTJ,NDLS,143.0,110.0,108.0,125.0,-0.23579712866587066,92.8225089987123,19,6,112.76,SYNTHETIC
2026-01-11T19:45:00,12004,Shatabdi,0,NDLS,GZB,24.5,38.0,36.0,42.0,5.647589363259237,32.36973613446361,19,6,38.09,SYNTHETIC
2026-01-11T20:00:00,12951,Rajdhani,1,BCT,ST,263.0,162.0,158.0,172.0,-1.8821620882830483,96.364569985229,20,6,167.99,SYNTHETIC
2026-01-11T20:15:00,12004,Shatabdi,0,ALJN,CNB,308.6,209.0,205.0,228.0,7.181030031541198,88.7227909911578,20,6,239.11,SYNTHETIC
2026-01-11T20:30:00,12951,Rajdhani,1,MTJ,NDLS,143.0,110.0,108.0,125.0,2.2758940764351046,80.07120494606423,20,6,115.78,SYNTHETIC
2026-01-11T20:45:00,12951,Rajdhani,1,RTM,KOTA,266.0,157.0,154.0,170.0,14.041772622517058,104.30154637597042,20,6,160.67,SYNTHETIC
2026-01-11T21:00:00,12951,Rajdhani,1,BCT,ST,263.0,162.0,158.0,172.0,-1.0753957822331923,83.40477913859053,21,6,169.48,SYNTHETIC
2026-01-11T21:15:00,12004,Shatabdi,0,NDLS,GZB,24.5,38.0,36.0,42.0,38.31738496914263,41.938686508072735,21,6,39.37,SYNTHETIC
2026-01-11T21:30:00,12951,Rajdhani,1,ST,BRC,129.0,81.0,79.0,90.0,-1.6037961382438053,97.15516569367284,21,6,88.48,SYNTHETIC
2026-01-11T21:45:00,12951,Rajdhani,1,ST,BRC,129.0,81.0,79.0,90.0,0.4467113963345888,106.44414856200294,21,6,83.41,SYNTHETIC
2026-01-11T22:00:00,12004,Shatabdi,0,GZB,ALJN,106.3,59.0,57.0,68.0,14.648966237327233,118.99476943247579,22,6,67.04,SYNTHETIC
2026-01-11T22:15:00,12004,Shatabdi,0,CNB,LKO,71.6,75.0,72.0,85.0,7.3127034167798435,59.975920844491654,22,6,76.78,SYNTHETIC
2026-01-11T22:30:00,12004,Shatabdi,0,ALJN,CNB,308.6,209.0,205.0,228.0,5.9266448094022905,110.20529115531816,22,6,226.25,SYNTHETIC
2026-01-11T22:45:00,12004,Shatabdi,0,CNB,LKO,71.6,75.0,72.0,85.0,20.753867834068416,59.61106373018596,22,6,81.31,SYNTHETIC
2026-01-11T23:00:00,12951,Rajdhani,1,KOTA,MTJ,324.0,195.0,190.0,212.0,-0.09804163075423178,99.21210163787127,23,6,188.2,SYNTHETIC
2026-01-11T23:15:00,12951,Rajdhani,1,MTJ,NDLS,143.0,110.0,108.0,125.0,25.804610531382025,63.73562987318532,23,6,112.07,SYNTHETIC
2026-01-11T23:30:00,12951,Rajdhani,1,RTM,KOTA,266.0,157.0,154.0,170.0,8.195881987136758,103.01267024199709,23,6,148.85,SYNTHETIC
2026-01-11T23:45:00,12004,Shatabdi,0,ALJN,CNB,308.6,209.0,205.0,228.0,3.155053374963508,101.05444522877218,23,6,222.2,SYNTHETIC
2026-01-12T00:00:00,12004,Shatabdi,0,NDLS,GZB,24.5,38.0,36.0,42.0,6.3321463472857165,35.27181405039999,0,0,36.9,SYNTHETIC
2026-01-12T00:15:00,12951,Rajdhani,1,BRC,RTM,261.0,197.0,193.0,215.0,2.2935080312034515,86.06976095820158,0,0,192.83,SYNTHETIC
2026-01-12T00:30:00,12004,Shatabdi,0,GZB,ALJN,106.3,59.0,57.0,68.0,4.3739100043909245,108.29442187215568,0,0,64.42,SYNTHETIC
2026-01-12T00:45:00,12004,Shatabdi,0,GZB,ALJN,106.3,59.0,57.0,68.0,0.7917069425060501,110.97767660065401,0,0,60.02,SYNTHETIC
2026-01-12T01:00:00,12951,Rajdhani,1,KOTA,MTJ,324.0,195.0,190.0,212.0,-0.32175386598542843,94.81217918826611,1,0,178.66,SYNTHETIC
2026-01-12T01:15:00,12004,Shatabdi,0,CNB,LKO,71.6,75.0,72.0,85.0,8.900602847246287,66.87759463152763,1,0,72.06,SYNTHETIC
2026-01-12T01:30:00,12951,Rajdhani,1,ST,BRC,129.0,81.0,79.0,90.0,-0.13820802946082011,94.9220230206528,1,0,74.55,SYNTHETIC
2026-01-12T01:45:00,12951,Rajdhani,1,BRC,RTM,261.0,197.0,193.0,215.0,-1.6966944151265744,65.40539877203481,1,0,181.62,SYNTHETIC
2026-01-12T02:00:00,12951,Rajdhani,1,KOTA,MTJ,324.0,195.0,190.0,212.0,-1.70540135958545,103.10371965576267,2,0,182.9,SYNTHETIC
2026-01-12T02:15:00,12951,Rajdhani,1,MTJ,NDLS,143.0,110.0,108.0,125.0,0.22177124383529945,78.76321019276492,2,0,104.77,SYNTHETIC
2026-01-12T02:30:00,12951,Rajdhani,1,MTJ,NDLS,143.0,110.0,108.0,125.0,2.435106616792215,91.46501045510394,2,0,105.46,SYNTHETIC
2026-01-12T02:45:00,12951,Rajdhani,1,BRC,RTM,261.0,197.0,193.0,215.0,4.86069355905574,88.73912380353171,2,0,189.87,SYNTHETIC
2026-01-12T03:00:00,12951,Rajdhani,1,BRC,RTM,261.0,197.0,193.0,215.0,2.111582730080203,81.09986495470515,3,0,184.53,SYNTHETIC
2026-01-12T03:15:00,12951,Rajdhani,1,MTJ,NDLS,143.0,110.0,108.0,125.0,-0.04339441892541673,95.5099183073278,3,0,100.99,SYNTHETIC
2026-01-12T03:30:00,12951,Rajdhani,1,ST,BRC,129.0,81.0,79.0,90.0,9.14020239240504,83.13411689506044,3,0,72.84,SYNTHETIC
2026-01-12T03:45:00,12951,Rajdhani,1,ST,BRC,129.0,81.0,79.0,90.0,4.783311218387581,82.79014695463289,3,0,75.57,SYNTHETIC
2026-01-12T04:00:00,12951,Rajdhani,1,RTM,KOTA,266.0,157.0,154.0,170.0,10.607285725726982,106.19466012070757,4,0,141.76,SYNTHETIC
2026-01-12T04:15:00,12004,Shatabdi,0,CNB,LKO,71.6,75.0,72.0,85.0,-0.5586977266440047,76.16450352907468,4,0,73.25,SYNTHETIC
2026-01-12T04:30:00,12004,Shatabdi,0,ALJN,CNB,308.6,209.0,205.0,228.0,-1.099808581480347,75.98669149662724,4,0,209.21,SYNTHETIC
2026-01-12T04:45:00,12951,Rajdhani,1,ST,BRC,129.0,81.0,79.0,90.0,0.6651860004971528,93.20010830983261,4,0,70.93,SYNTHETIC
2026-01-12T05:00:00,12004,Shatabdi,0,CNB,LKO,71.6,75.0,72.0,85.0,6.236791946550099,54.09737858981705,5,0,72.71,SYNTHETIC
2026-01-12T05:15:00,12004,Shatabdi,0,GZB,ALJN,106.3,59.0,57.0,68.0,-1.940743029804479,94.68297858920802,5,0,58.25,SYNTHETIC
2026-01-12T05:30:00,12951,Rajdhani,1,MTJ,NDLS,143.0,110.0,108.0,125.0,1.5239072863428715,90.84757859447052,5,0,111.18,SYNTHETIC
2026-01-12T05:45:00,12951,Rajdhani,1,MTJ,NDLS,143.0,110.0,108.0,125.0,-0.979808274531929,83.6655303793435,5,0,108.35,SYNTHETIC
2026-01-12T06:00:00,12004,Shatabdi,0,ALJN,CNB,308.6,209.0,205.0,228.0,1.8596874474326364,98.92919799191338,6,0,225.1,SYNTHETIC
2026-01-12T06:15:00,12951,Rajdhani,1,RTM,KOTA,266.0,157.0,154.0,170.0,2.7496052702572875,99.12473143632066,6,0,159.24,SYNTHETIC
2026-01-12T06:30:00,12951,Rajdhani,1,BRC,RTM,261.0,197.0,193.0,215.0,0.10965439241511499,76.64208033378756,6,0,193.46,SYNTHETIC
2026-01-12T06:45:00,12951,Rajdhani,1,KOTA,MTJ,324.0,195.0,190.0,212.0,2.844342011437721,98.23901335793936,6,0,184.5,SYNTHETIC
2026-01-12T07:00:00,12951,Rajdhani,1,ST,BRC,129.0,81.0,79.0,90.0,5.378217737525844,100.24502833295269,7,0,75.66,SYNTHETIC
2026-01-12T07:15:00,12004,Shatabdi,0,GZB,ALJN,106.3,59.0,57.0,68.0,11.800115031254872,102.22950283283463,7,0,66.03,SYNTHETIC
2026-01-12T07:30:00,12951,Rajdhani,1,RTM,KOTA,266.0,157.0,154.0,170.0,3.1673134780395564,97.67007305024633,7,0,160.29,SYNTHETIC
2026-01-12T07:45:00,12951,Rajdhani,1,BCT,ST,263.0,162.0,158.0,172.0,-1.7901101395728822,93.14856176145562,7,0,158.67,SYNTHETIC
2026-01-12T08:00:00,12004,Shatabdi,0,ALJN,CNB,308.6,209.0,205.0,228.0,0.07742135688821339,79.40073921602652,8,0,247.78,SYNTHETIC
2026-01-12T08:15:00,12004,Shatabdi,0,NDLS,GZB,24.5,38.0,36.0,42.0,-1.346354167045984,37.28776304636323,8,0,50.82,SYNTHETIC
2026-01-12T08:30:00,12951,Rajdhani,1,BCT,ST,263.0,162.0,158.0,172.0,4.291326257848845,101.4446969114284,8,0,170.39,SYNTHETIC
2026-01-12T08:45:00,12951,Rajdhani,1,MTJ,NDLS,143.0,110.0,108.0,125.0,3.829532058247783,76.55216766290731,8,0,112.88,SYNTHETIC
2026-01-12T09:00:00,12951,Rajdhani,1,ST,BRC,129.0,81.0,79.0,90.0,0.933371667930671,102.60211071134682,9,0,75.62,SYNTHETIC
2026-01-12T09:15:00,12951,Rajdhani,1,ST,BRC,129.0,81.0,79.0,90.0,4.11505666252099,88.967969719179,9,0,83.0,SYNTHETIC
2026-01-12T09:30:00,12004,Shatabdi,0,NDLS,GZB,24.5,38.0,36.0,42.0,35.919503911099326,30.0,9,0,37.87,SYNTHETIC
2026-01-12T09:45:00,12004,Shatabdi,0,GZB,ALJN,106.3,59.0,57.0,68.0,10.687899102885893,130.0,9,0,69.1,SYNTHETIC
2026-01-12T10:00:00,12951,Rajdhani,1,ST,BRC,129.0,81.0,79.0,90.0,3.3257195138017135,96.33077589357475,10,0,82.8,SYNTHETIC
2026-01-12T10:15:00,12951,Rajdhani,1,MTJ,NDLS,143.0,110.0,108.0,125.0,-1.659933188759001,68.86003810802792,10,0,109.92,SYNTHETIC
2026-01-12T10:30:00,12951,Rajdhani,1,MTJ,NDLS,143.0,110.0,108.0,125.0,-0.06909026255707396,86.19172990507951,10,0,114.38,SYNTHETIC
2026-01-12T10:45:00,12004,Shatabdi,0,NDLS,GZB,24.5,38.0,36.0,42.0,21.794081578384137,51.222700947697675,10,0,43.86,SYNTHETIC
2026-01-12T11:00:00,12951,Rajdhani,1,MTJ,NDLS,143.0,110.0,108.0,125.0,0.2758768126999529,82.94814660830782,11,0,111.04,SYNTHETIC
2026-01-12T11:15:00,12951,Rajdhani,1,BCT,ST,263.0,162.0,158.0,172.0,-1.097208515476591,99.82720083248377,11,0,172.51,SYNTHETIC
2026-01-12T11:30:00,12951,Rajdhani,1,ST,BRC,129.0,81.0,79.0,90.0,2.171378930329002,87.21425574981734,11,0,86.56,SYNTHETIC
2026-01-12T11:45:00,12951,Rajdhani,1,RTM,KOTA,266.0,157.0,154.0,170.0,-0.3282211492693381,90.06700793936787,11,0,163.0,SYNTHETIC
2026-01-12T12:00:00,12004,Shatabdi,0,ALJN,CNB,308.6,209.0,205.0,228.0,3.9825550060128396,114.9640756295044,12,0,228.86,SYNTHETIC
2026-01-12T12:15:00,12951,Rajdhani,1,KOTA,MTJ,324.0,195.0,190.0,212.0,-1.4252068028721288,107.12323527136405,12,0,194.49,SYNTHETIC
2026-01-12T12:30:00,12004,Shatabdi,0,CNB,LKO,71.6,75.0,72.0,85.0,-0.7487543598703381,71.16338685545414,12,0,78.71,SYNTHETIC
2026-01-12T12:45:00,12951,Rajdhani,1,ST,BRC,129.0,81.0,79.0,90.0,-0.6397011498747709,97.351137124616,12,0,80.47,SYNTHETIC
2026-01-12T13:00:00,12004,Shatabdi,0,NDLS,GZB,24.5,38.0,36.0,42.0,3.895383146477453,56.4071015073691,13,0,41.66,SYNTHETIC
2026-01-12T13:15:00,12951,Rajdhani,1,BRC,RTM,261.0,197.0,193.0,215.0,5.015827201439043,90.98221079767649,13,0,183.92,SYNTHETIC
2026-01-12T13:30:00,12004,Shatabdi,0,GZB,ALJN,106.3,59.0,57.0,68.0,4.765696607119907,100.43073377492742,13,0,63.26,SYNTHETIC
2026-01-12T13:45:00,12004,Shatabdi,0,ALJN,CNB,308.6,209.0,205.0,228.0,3.5316847417686787,101.21204446497671,13,0,220.03,SYNTHETIC
2026-01-12T14:00:00,12004,Shatabdi,0,GZB,ALJN,106.3,59.0,57.0,68.0,8.791191204224223,107.28303952175906,14,0,63.94,SYNTHETIC
2026-01-12T14:15:00,12004,Shatabdi,0,NDLS,GZB,24.5,38.0,36.0,42.0,1.39369088934283,47.14307823164432,14,0,38.37,SYNTHETIC
2026-01-12T14:30:00,12951,Rajdhani,1,RTM,KOTA,266.0,157.0,154.0,170.0,-0.3897166001505963,112.27583000906232,14,0,153.96,SYNTHETIC
2026-01-12T14:45:00,12004,Shatabdi,0,NDLS,GZB,24.5,38.0,36.0,42.0,-1.9114672667533688,34.1004421486671,14,0,38.31,SYNTHETIC
2026-01-12T15:00:00,12004,Shatabdi,0,ALJN,CNB,308.6,209.0,205.0,228.0,-0.4093344615172265,95.04057459982228,15,0,224.84,SYNTHETIC
2026-01-12T15:15:00,12951,Rajdhani,1,MTJ,NDLS,143.0,110.0,108.0,125.0,0.22171065904394327,57.747670267187424,15,0,104.42,SYNTHETIC
2026-01-12T15:30:00,12951,Rajdhani,1,MTJ,NDLS,143.0,110.0,108.0,125.0,-1.9860433434319675,62.79135365766807,15,0,107.13,SYNTHETIC
2026-01-12T15:45:00,12004,Shatabdi,0,NDLS,GZB,24.5,38.0,36.0,42.0,11.56956481436001,43.76608298593648,15,0,37.2,SYNTHETIC
2026-01-12T16:00:00,12951,Rajdhani,1,BRC,RTM,261.0,197.0,193.0,215.0,-0.4854437153728359,100.25652043586733,16,0,194.42,SYNTHETIC
2026-01-12T16:15:00,12004,Shatabdi,0,NDLS,GZB,24.5,38.0,36.0,42.0,1.7986346622759992,49.17826054037935,16,0,34.29,SYNTHETIC
2026-01-12T16:30:00,12004,Shatabdi,0,ALJN,CNB,308.6,209.0,205.0,228.0,7.525423809668199,78.8863566218572,16,0,217.88,SYNTHETIC
2026-01-12T16:45:00,12004,Shatabdi,0,CNB,LKO,71.6,75.0,72.0,85.0,-1.4553098099406292,53.37399067741122,16,0,76.73,SYNTHETIC
2026-01-12T17:00:00,12004,Shatabdi,0,GZB,ALJN,106.3,59.0,57.0,68.0,2.6237428582701794,123.69601857952054,17,0,70.43,SYNTHETIC
2026-01-12T17:15:00,12951,Rajdhani,1,ST,BRC,129.0,81.0,79.0,90.0,-0.8661160714262055,102.2034720118371,17,0,75.07,SYNTHETIC
2026-01-12T17:30:00,12004,Shatabdi,0,NDLS,GZB,24.5,38.0,36.0,42.0,-0.9279938882830794,51.73818058240973,17,0,47.88,SYNTHETIC
2026-01-12T17:45:00,12951,Rajdhani,1,BRC,RTM,261.0,197.0,193.0,215.0,-1.1519537427227768,77.79837255851368,17,0,206.1,SYNTHETIC
2026-01-12T18:00:00,12951,Rajdhani,1,BCT,ST,263.0,162.0,158.0,172.0,8.193127232858213,93.75642111018921,18,0,153.73,SYNTHETIC
2026-01-12T18:15:00,12004,Shatabdi,0,ALJN,CNB,308.6,209.0,205.0,228.0,3.111898468370348,89.17058518459923,18,0,248.69,SYNTHETIC
2026-01-12T18:30:00,12951,Rajdhani,1,MTJ,NDLS,143.0,110.0,108.0,125.0,6.023458333210726,78.43968723872739,18,0,111.15,SYNTHETIC
2026-01-12T18:45:00,12951,Rajdhani,1,KOTA,MTJ,324.0,195.0,190.0,212.0,-1.9777443337699212,97.8354508793471,18,0,198.89,SYNTHETIC
2026-01-12T19:00:00,12951,Rajdhani,1,MTJ,NDLS,143.0,110.0,108.0,125.0,-1.8288530672334449,93.94297964217793,19,0,109.75,SYNTHETIC
2026-01-12T19:15:00,12951,Rajdhani,1,BRC,RTM,261.0,197.0,193.0,215.0,-0.39247784316672396,70.43798074411369,19,0,212.41,SYNTHETIC
2026-01-12T19:30:00,12951,Rajdhani,1,ST,BRC,129.0,81.0,79.0,90.0,-1.8976552720824091,95.53187414653846,19,0,86.84,SYNTHETIC
2026-01-12T19:45:00,12951,Rajdhani,1,KOTA,MTJ,324.0,195.0,190.0,212.0,7.823816723483215,100.78694828107484,19,0,196.71,SYNTHETIC
2026-01-12T20:00:00,12004,Shatabdi,0,CNB,LKO,71.6,75.0,72.0,85.0,12.848384669922769,74.18784365849227,20,0,83.67,SYNTHETIC
2026-01-12T20:15:00,12951,Rajdhani,1,KOTA,MTJ,324.0,195.0,190.0,212.0,-1.6174877447849512,103.91895376155418,20,0,206.31,SYNTHETIC
2026-01-12T20:30:00,12004,Shatabdi,0,ALJN,CNB,308.6,209.0,205.0,228.0,-0.6329062296382277,86.22510932733192,20,0,239.86,SYNTHETIC
2026-01-12T20:45:00,12004,Shatabdi,0,CNB,LKO,71.6,75.0,72.0,85.0,1.2287795637874779,54.00272075451943,20,0,84.58,SYNTHETIC
2026-01-12T21:00:00,12004,Shatabdi,0,GZB,ALJN,106.3,59.0,57.0,68.0,-0.3240319149337778,110.21406206996225,21,0,60.82,SYNTHETIC
2026-01-12T21:15:00,12951,Rajdhani,1,RTM,KOTA,266.0,157.0,154.0,170.0,-0.8533005989471691,117.2771830110138,21,0,158.0,SYNTHETIC
2026-01-12T21:30:00,12951,Rajdhani,1,ST,BRC,129.0,81.0,79.0,90.0,3.237052403203271,107.61883360046583,21,0,85.13,SYNTHETIC
2026-01-12T21:45:00,12951,Rajdhani,1,MTJ,NDLS,143.0,110.0,108.0,125.0,11.299638057076887,85.36213268002324,21,0,113.82,SYNTHETIC
2026-01-12T22:00:00,12004,Shatabdi,0,GZB,ALJN,106.3,59.0,57.0,68.0,1.241350932695458,104.56208590724172,22,0,61.65,SYNTHETIC
2026-01-12T22:15:00,12951,Rajdhani,1,RTM,KOTA,266.0,157.0,154.0,170.0,10.821181096874472,113.03310611664264,22,0,153.11,SYNTHETIC
2026-01-12T22:30:00,12951,Rajdhani,1,RTM,KOTA,266.0,157.0,154.0,170.0,5.023058874203141,105.17566556735368,22,0,150.94,SYNTHETIC
2026-01-12T22:45:00,12004,Shatabdi,0,ALJN,CNB,308.6,209.0,205.0,228.0,2.3790580578827294,90.15584779625311,22,0,228.44,SYNTHETIC
2026-01-12T23:00:00,12004,Shatabdi,0,ALJN,CNB,308.6,209.0,205.0,228.0,10.621342343919366,78.77106031511896,23,0,217.6,SYNTHETIC
2026-01-12T23:15:00,12951,Rajdhani,1,MTJ,NDLS,143.0,110.0,108.0,125.0,3.933659932399716,76.37386125535733,23,0,111.6,SYNTHETIC
2026-01-12T23:30:00,12951,Rajdhani,1,ST,BRC,129.0,81.0,79.0,90.0,6.057810715314655,98.38870304644487,23,0,75.21,SYNTHETIC
2026-01-12T23:45:00,12004,Shatabdi,0,NDLS,GZB,24.5,38.0,36.0,42.0,2.015414451064678,46.065565190703666,23,0,35.86,SYNTHETIC
2026-01-13T00:00:00,12951,Rajdhani,1,BRC,RTM,261.0,197.0,193.0,215.0,2.248222097063877,70.49233481958022,0,1,192.49,SYNTHETIC
2026-01-13T00:15:00,12004,Shatabdi,0,GZB,ALJN,106.3,59.0,57.0,68.0,12.915875573536578,109.63817303498274,0,1,66.07,SYNTHETIC
2026-01-13T00:30:00,12951,Rajdhani,1,KOTA,MTJ,324.0,195.0,190.0,212.0,2.0679797762359877,100.70488570106748,0,1,185.88,SYNTHETIC
2026-01-13T00:45:00,12951,Rajdhani,1,MTJ,NDLS,143.0,110.0,108.0,125.0,12.779492104769202,83.11540286178305,0,1,104.36,SYNTHETIC
2026-01-13T01:00:00,12951,Rajdhani,1,BRC,RTM,261.0,197.0,193.0,215.0,14.390343542277293,88.95175832108093,1,1,180.3,SYNTHETIC
2026-01-13T01:15:00,12951,Rajdhani,1,BRC,RTM,261.0,197.0,193.0,215.0,-1.028864455628807,80.40830041324234,1,1,187.57,SYNTHETIC
2026-01-13T01:30:00,12951,Rajdhani,1,MTJ,NDLS,143.0,110.0,108.0,125.0,7.030061222648154,73.78868076570454,1,1,99.03,SYNTHETIC
2026-01-13T01:45:00,12004,Shatabdi,0,GZB,ALJN,106.3,59.0,57.0,68.0,9.509169941808999,108.94681233437997,1,1,54.65,SYNTHETIC
2026-01-13T02:00:00,12951,Rajdhani,1,ST,BRC,129.0,81.0,79.0,90.0,0.666069208874517,112.11763460434801,2,1,78.43,SYNTHETIC
2026-01-13T02:15:00,12004,Shatabdi,0,GZB,ALJN,106.3,59.0,57.0,68.0,18.25961438484324,116.69734185616451,2,1,54.89,SYNTHETIC
2026-01-13T02:30:00,12004,Shatabdi,0,CNB,LKO,71.6,75.0,72.0,85.0,6.998696706524722,69.99223479020264,2,1,80.27,SYNTHETIC
2026-01-13T02:45:00,12951,Rajdhani,1,KOTA,MTJ,324.0,195.0,190.0,212.0,0.41106292935111455,117.02613638185525,2,1,180.3,SYNTHETIC
2026-01-13T03:00:00,12951,Rajdhani,1,BRC,RTM,261.0,197.0,193.0,215.0,7.672732222657979,85.11841645075019,3,1,182.54,SYNTHETIC
2026-01-13T03:15:00,12951,Rajdhani,1,MTJ,NDLS,143.0,110.0,108.0,125.0,13.546769732400893,71.44451349749407,3,1,99.63,SYNTHETIC
2026-01-13T03:30:00,12004,Shatabdi,0,ALJN,CNB,308.6,209.0,205.0,228.0,0.47953417130421316,87.38096648145587,3,1,214.93,SYNTHETIC
2026-01-13T03:45:00,12951,Rajdhani,1,KOTA,MTJ,324.0,195.0,190.0,212.0,-1.80787841883198,105.43075016056868,3,1,179.74,SYNTHETIC
2026-01-13T04:00:00,12004,Shatabdi,0,GZB,ALJN,106.3,59.0,57.0,68.0,0.7600836489826794,118.5574335625405,4,1,61.93,SYNTHETIC
2026-01-13T04:15:00,12951,Rajdhani,1,MTJ,NDLS,143.0,110.0,108.0,125.0,-1.0999280927208819,73.92987136089366,4,1,103.75,SYNTHETIC
2026-01-13T04:30:00,12004,Shatabdi,0,NDLS,GZB,24.5,38.0,36.0,42.0,12.300249315259133,45.73412961584829,4,1,38.23,SYNTHETIC
2026-01-13T04:45:00,12951,Rajdhani,1,ST,BRC,129.0,81.0,79.0,90.0,18.691402254435957,100.71325634829505,4,1,69.61,SYNTHETIC
2026-01-13T05:00:00,12004,Shatabdi,0,GZB,ALJN,106.3,59.0,57.0,68.0,2.6277050262689885,130.0,5,1,62.08,SYNTHETIC
2026-01-13T05:15:00,12951,Rajdhani,1,BRC,RTM,261.0,197.0,193.0,215.0,-0.21135471830486452,82.36229389154195,5,1,183.62,SYNTHETIC
2026-01-13T05:30:00,12951,Rajdhani,1,MTJ,NDLS,143.0,110.0,108.0,125.0,-1.919778875628172,59.114437087743966,5,1,110.02,SYNTHETIC
2026-01-13T05:45:00,12951,Rajdhani,1,ST,BRC,129.0,81.0,79.0,90.0,4.603658988591848,101.3579354321496,5,1,74.41,SYNTHETIC
2026-01-13T06:00:00,12951,Rajdhani,1,MTJ,NDLS,143.0,110.0,108.0,125.0,1.984917253605576,83.51171913905559,6,1,105.11,SYNTHETIC
2026-01-13T06:15:00,12004,Shatabdi,0,ALJN,CNB,308.6,209.0,205.0,228.0,9.794136855354957,95.24068334393205,6,1,212.18,SYNTHETIC
2026-01-13T06:30:00,12004,Shatabdi,0,ALJN,CNB,308.6,209.0,205.0,228.0,2.3834180512907777,92.25547901549535,6,1,222.04,SYNTHETIC
2026-01-13T06:45:00,12951,Rajdhani,1,ST,BRC,129.0,81.0,79.0,90.0,8.216628710165132,97.99087385787321,6,1,77.87,SYNTHETIC
2026-01-13T07:00:00,12951,Rajdhani,1,RTM,KOTA,266.0,157.0,154.0,170.0,5.968744802397975,104.26899518440449,7,1,152.71,SYNTHETIC
2026-01-13T07:15:00,12004,Shatabdi,0,CNB,LKO,71.6,75.0,72.0,85.0,2.7412216266954488,58.01543744444827,7,1,78.35,SYNTHETIC
2026-01-13T07:30:00,12951,Rajdhani,1,BRC,RTM,261.0,197.0,193.0,215.0,17.79630811794009,82.28533311749054,7,1,187.75,SYNTHETIC
2026-01-13T07:45:00,12951,Rajdhani,1,KOTA,MTJ,324.0,195.0,190.0,212.0,-1.3552119397394164,102.62383644858858,7,1,189.61,SYNTHETIC
2026-01-13T08:00:00,12004,Shatabdi,0,GZB,ALJN,106.3,59.0,57.0,68.0,5.159281654356868,109.15823896532514,8,1,64.56,SYNTHETIC
2026-01-13T08:15:00,12004,Shatabdi,0,GZB,ALJN,106.3,59.0,57.0,68.0,-1.1864437118489457,114.50650491185036,8,1,69.31,SYNTHETIC
2026-01-13T08:30:00,12951,Rajdhani,1,MTJ,NDLS,143.0,110.0,108.0,125.0,5.230798640630639,75.40198845247215,8,1,113.14,SYNTHETIC
2026-01-13T08:45:00,12951,Rajdhani,1,KOTA,MTJ,324.0,195.0,190.0,212.0,-0.7232808827049659,80.17405214194767,8,1,201.01,SYNTHETIC
2026-01-13T09:00:00,12004,Shatabdi,0,CNB,LKO,71.6,75.0,72.0,85.0,3.2681332389870743,53.72950608131304,9,1,88.8,SYNTHETIC
2026-01-13T09:15:00,12004,Shatabdi,0,NDLS,GZB,24.5,38.0,36.0,42.0,8.700660363775055,30.0,9,1,38.68,SYNTHETIC
2026-01-13T09:30:00,12951,Rajdhani,1,ST,BRC,129.0,81.0,79.0,90.0,7.477966591585602,77.07165455577223,9,1,80.41,SYNTHETIC
2026-01-13T09:45:00,12951,Rajdhani,1,MTJ,NDLS,143.0,110.0,108.0,125.0,6.901265587954784,81.6408960472749,9,1,109.96,SYNTHETIC
2026-01-13T10:00:00,12004,Shatabdi,0,NDLS,GZB,24.5,38.0,36.0,42.0,-1.78524669530458,45.69518124895272,10,1,36.52,SYNTHETIC
2026-01-13T10:15:00,12004,Shatabdi,0,NDLS,GZB,24.5,38.0,36.0,42.0,4.695073030012729,30.0,10,1,39.27,SYNTHETIC
2026-01-13T10:30:00,12004,Shatabdi,0,CNB,LKO,71.6,75.0,72.0,85.0,5.878494236547236,61.91022224409796,10,1,80.36,SYNTHETIC
2026-01-13T10:45:00,12951,Rajdhani,1,BRC,RTM,261.0,197.0,193.0,215.0,0.48158512225217187,67.25112627672686,10,1,209.28,SYNTHETIC
2026-01-13T11:00:00,12951,Rajdhani,1,MTJ,NDLS,143.0,110.0,108.0,125.0,8.232406643937836,69.7660180930483,11,1,115.39,SYNTHETIC
2026-01-13T11:15:00,12951,Rajdhani,1,RTM,KOTA,266.0,157.0,154.0,170.0,-0.7431827413203469,93.854770191108,11,1,162.14,SYNTHETIC
2026-01-13T11:30:00,12004,Shatabdi,0,CNB,LKO,71.6,75.0,72.0,85.0,-1.4870550155674476,59.040184445448446,11,1,87.38,SYNTHETIC
2026-01-13T11:45:00,12004,Shatabdi,0,GZB,ALJN,106.3,59.0,57.0,68.0,12.769102333342847,81.4169637181693,11,1,63.93,SYNTHETIC
2026-01-13T12:00:00,12951,Rajdhani,1,ST,BRC,129.0,81.0,79.0,90.0,-1.6794449894659211,98.48004697223291,12,1,83.47,SYNTHETIC
2026-01-13T12:15:00,12951,Rajdhani,1,BRC,RTM,261.0,197.0,193.0,215.0,-1.2659379174009717,98.59540347450712,12,1,195.76,SYNTHETIC
2026-01-13T12:30:00,12951,Rajdhani,1,BCT,ST,263.0,162.0,158.0,172.0,6.471152507302467,91.8096484303385,12,1,153.49,SYNTHETIC
2026-01-13T12:45:00,12004,Shatabdi,0,GZB,ALJN,106.3,59.0,57.0,68.0,3.814302927369946,125.8650906923952,12,1,64.79,SYNTHETIC
2026-01-13T13:00:00,12951,Rajdhani,1,MTJ,NDLS,143.0,110.0,108.0,125.0,2.566592410076227,83.27245642745795,13,1,107.93,SYNTHETIC
2026-01-13T13:15:00,12951,Rajdhani,1,RTM,KOTA,266.0,157.0,154.0,170.0,10.521602293255242,98.01794264284663,13,1,150.82,SYNTHETIC
2026-01-13T13:30:00,12004,Shatabdi,0,GZB,ALJN,106.3,59.0,57.0,68.0,-1.8328703957712018,117.08535907815451,13,1,59.12,SYNTHETIC
2026-01-13T13:45:00,12951,Rajdhani,1,BRC,RTM,261.0,197.0,193.0,215.0,-1.610160459756327,89.84736281894104,13,1,195.85,SYNTHETIC
2026-01-13T14:00:00,12004,Shatabdi,0,ALJN,CNB,308.6,209.0,205.0,228.0,4.573410566766105,98.48691145844579,14,1,221.52,SYNTHETIC
2026-01-13T14:15:00,12951,Rajdhani,1,BRC,RTM,261.0,197.0,193.0,215.0,0.7942254555111203,80.38118186620676,14,1,187.95,SYNTHETIC
2026-01-13T14:30:00,12951,Rajdhani,1,KOTA,MTJ,324.0,195.0,190.0,212.0,-0.6256379692102283,121.6269001623096,14,1,192.58,SYNTHETIC
2026-01-13T14:45:00,12004,Shatabdi,0,GZB,ALJN,106.3,59.0,57.0,68.0,-1.674365884729308,106.552334122476,14,1,64.4,SYNTHETIC
2026-01-13T15:00:00,12004,Shatabdi,0,GZB,ALJN,106.3,59.0,57.0,68.0,11.006198492500637,93.44465677777028,15,1,64.27,SYNTHETIC
2026-01-13T15:15:00,12004,Shatabdi,0,NDLS,GZB,24.5,38.0,36.0,42.0,2.148196503219907,38.333186473979715,15,1,36.67,SYNTHETIC
2026-01-13T15:30:00,12951,Rajdhani,1,ST,BRC,129.0,81.0,79.0,90.0,0.11621803106483242,107.9125056896082,15,1,83.12,SYNTHETIC
2026-01-13T15:45:00,12004,Shatabdi,0,GZB,ALJN,106.3,59.0,57.0,68.0,50.79910689139759,112.43014314826027,15,1,68.07,SYNTHETIC
2026-01-13T16:00:00,12004,Shatabdi,0,CNB,LKO,71.6,75.0,72.0,85.0,15.722542213269989,51.44590654838739,16,1,73.39,SYNTHETIC
2026-01-13T16:15:00,12951,Rajdhani,1,RTM,KOTA,266.0,157.0,154.0,170.0,4.870177530053093,106.98096427733367,16,1,156.03,SYNTHETIC
2026-01-13T16:30:00,12004,Shatabdi,0,CNB,LKO,71.6,75.0,72.0,85.0,0.5912529655897316,66.37577914943542,16,1,80.12,SYNTHETIC
2026-01-13T16:45:00,12951,Rajdhani,1,BRC,RTM,261.0,197.0,193.0,215.0,3.0046990689909077,69.41005785840306,16,1,187.8,SYNTHETIC
2026-01-13T17:00:00,12951,Rajdhani,1,BRC,RTM,261.0,197.0,193.0,215.0,0.7410737823725784,83.81833275172033,17,1,201.12,SYNTHETIC
2026-01-13T17:15:00,12004,Shatabdi,0,CNB,LKO,71.6,75.0,72.0,85.0,-1.5619600315615132,60.15405820695434,17,1,76.53,SYNTHETIC
2026-01-13T17:30:00,12951,Rajdhani,1,MTJ,NDLS,143.0,110.0,108.0,125.0,19.47032920189998,75.14128599798995,17,1,108.96,SYNTHETIC
2026-01-13T17:45:00,12951,Rajdhani,1,BRC,RTM,261.0,197.0,193.0,215.0,11.464372253710007,97.77722469449174,17,1,203.62,SYNTHETIC
2026-01-13T18:00:00,12004,Shatabdi,0,GZB,ALJN,106.3,59.0,57.0,68.0,-0.8877808390034434,113.10335563236924,18,1,65.12,SYNTHETIC
2026-01-13T18:15:00,12951,Rajdhani,1,RTM,KOTA,266.0,157.0,154.0,170.0,-1.2628869560360358,99.32282436717077,18,1,167.04,SYNTHETIC
2026-01-13T18:30:00,12004,Shatabdi,0,NDLS,GZB,24.5,38.0,36.0,42.0,10.864426330881379,60.208876352956715,18,1,32.94,SYNTHETIC
2026-01-13T18:45:00,12004,Shatabdi,0,GZB,ALJN,106.3,59.0,57.0,68.0,-1.686847767160182,108.04103683559622,18,1,72.41,SYNTHETIC
2026-01-13T19:00:00,12004,Shatabdi,0,GZB,ALJN,106.3,59.0,57.0,68.0,13.817661557515896,112.72306254728626,19,1,64.2,SYNTHETIC
2026-01-13T19:15:00,12951,Rajdhani,1,BCT,ST,263.0,162.0,158.0,172.0,3.8361623581211077,110.58365718512667,19,1,170.3,SYNTHETIC
2026-01-13T19:30:00,12004,Shatabdi,0,ALJN,CNB,308.6,209.0,205.0,228.0,2.266464893845102,88.70531884587662,19,1,236.13,SYNTHETIC
2026-01-13T19:45:00,12004,Shatabdi,0,NDLS,GZB,24.5,38.0,36.0,42.0,1.395031140759924,40.31810404808687,19,1,43.3,SYNTHETIC
2026-01-13T20:00:00,12951,Rajdhani,1,BRC,RTM,261.0,197.0,193.0,215.0,5.592336274654605,91.24152090832854,20,1,198.65,SYNTHETIC
2026-01-13T20:15:00,12004,Shatabdi,0,GZB,ALJN,106.3,59.0,57.0,68.0,0.23954694678765875,108.95017926622492,20,1,72.56,SYNTHETIC
2026-01-13T20:30:00,12951,Rajdhani,1,ST,BRC,129.0,81.0,79.0,90.0,3.002785788174023,94.66620225856558,20,1,84.1,SYNTHETIC
2026-01-13T20:45:00,12004,Shatabdi,0,NDLS,GZB,24.5,38.0,36.0,42.0,11.170036387510859,58.463236487091045,20,1,40.52,SYNTHETIC
2026-01-13T21:00:00,12004,Shatabdi,0,NDLS,GZB,24.5,38.0,36.0,42.0,5.714017030059443,59.412620933915825,21,1,43.87,SYNTHETIC
2026-01-13T21:15:00,12951,Rajdhani,1,KOTA,MTJ,324.0,195.0,190.0,212.0,0.6776515422451399,100.97975009765251,21,1,200.56,SYNTHETIC
2026-01-13T21:30:00,12951,Rajdhani,1,KOTA,MTJ,324.0,195.0,190.0,212.0,16.064431427137617,93.54124207365322,21,1,186.99,SYNTHETIC
2026-01-13T21:45:00,12004,Shatabdi,0,NDLS,GZB,24.5,38.0,36.0,42.0,21.156456991599512,30.0,21,1,38.45,SYNTHETIC
2026-01-13T22:00:00,12951,Rajdhani,1,RTM,KOTA,266.0,157.0,154.0,170.0,-0.8947566290837718,101.91306206911797,22,1,149.92,SYNTHETIC
2026-01-13T22:15:00,12951,Rajdhani,1,RTM,KOTA,266.0,157.0,154.0,170.0,-1.3329385764995652,114.87921731966884,22,1,158.28,SYNTHETIC
2026-01-13T22:30:00,12951,Rajdhani,1,BRC,RTM,261.0,197.0,193.0,215.0,1.2447052752908059,79.40805797909526,22,1,192.02,SYNTHETIC
2026-01-13T22:45:00,12951,Rajdhani,1,RTM,KOTA,266.0,157.0,154.0,170.0,3.4418838618235936,98.0819157077136,22,1,154.07,SYNTHETIC
2026-01-13T23:00:00,12951,Rajdhani,1,BRC,RTM,261.0,197.0,193.0,215.0,6.973235521774821,61.776838309656966,23,1,181.32,SYNTHETIC
2026-01-13T23:15:00,12951,Rajdhani,1,KOTA,MTJ,324.0,195.0,190.0,212.0,1.6772033105330895,103.86903946567823,23,1,191.19,SYNTHETIC
2026-01-13T23:30:00,12004,Shatabdi,0,CNB,LKO,71.6,75.0,72.0,85.0,9.322313408480149,60.58502424935013,23,1,80.56,SYNTHETIC
2026-01-13T23:45:00,12004,Shatabdi,0,GZB,ALJN,106.3,59.0,57.0,68.0,3.2357219481467103,101.57507400363346,23,1,61.67,SYNTHETIC
2026-01-14T00:00:00,12004,Shatabdi,0,CNB,LKO,71.6,75.0,72.0,85.0,12.856987143403819,47.52248992889102,0,2,79.15,SYNTHETIC
2026-01-14T00:15:00,12951,Rajdhani,1,KOTA,MTJ,324.0,195.0,190.0,212.0,-1.7587070221328398,109.62579574153904,0,2,191.62,SYNTHETIC
2026-01-14T00:30:00,12951,Rajdhani,1,MTJ,NDLS,143.0,110.0,108.0,125.0,11.234732150165977,86.60178685615284,0,2,111.94,SYNTHETIC
2026-01-14T00:45:00,12951,Rajdhani,1,KOTA,MTJ,324.0,195.0,190.0,212.0,4.223904487475229,105.41547608353127,0,2,191.57,SYNTHETIC
2026-01-14T01:00:00,12004,Shatabdi,0,ALJN,CNB,308.6,209.0,205.0,228.0,26.845034739845108,97.74390102020324,1,2,215.18,SYNTHETIC
2026-01-14T01:15:00,12951,Rajdhani,1,RTM,KOTA,266.0,157.0,154.0,170.0,1.203189240215064,111.91695178529672,1,2,151.05,SYNTHETIC
2026-01-14T01:30:00,12951,Rajdhani,1,MTJ,NDLS,143.0,110.0,108.0,125.0,1.5106125456629487,90.999740337268,1,2,104.29,SYNTHETIC
2026-01-14T01:45:00,12951,Rajdhani,1,RTM,KOTA,266.0,157.0,154.0,170.0,1.4853763900848342,107.92814483511361,1,2,150.33,SYNTHETIC
2026-01-14T02:00:00,12004,Shatabdi,0,GZB,ALJN,106.3,59.0,57.0,68.0,10.39849414222373,99.72892880074816,2,2,55.42,SYNTHETIC
2026-01-14T02:15:00,12951,Rajdhani,1,KOTA,MTJ,324.0,195.0,190.0,212.0,6.272473578535134,96.16857490103182,2,2,174.87,SYNTHETIC
2026-01-14T02:30:00,12951,Rajdhani,1,BRC,RTM,261.0,197.0,193.0,215.0,1.0256276772679902,77.78745555437673,2,2,181.26,SYNTHETIC
2026-01-14T02:45:00,12951,Rajdhani,1,KOTA,MTJ,324.0,195.0,190.0,212.0,5.973843332093528,95.78067748035382,2,2,179.23,SYNTHETIC
2026-01-14T03:00:00,12004,Shatabdi,0,CNB,LKO,71.6,75.0,72.0,85.0,-1.6399849363142844,55.29459219718781,3,2,70.31,SYNTHETIC
2026-01-14T03:15:00,12004,Shatabdi,0,GZB,ALJN,106.3,59.0,57.0,68.0,0.938750843886262,111.51972861136034,3,2,64.1,SYNTHETIC
2026-01-14T03:30:00,12951,Rajdhani,1,MTJ,NDLS,143.0,110.0,108.0,125.0,10.80391095000439,94.88142205436858,3,2,100.7,SYNTHETIC
2026-01-14T03:45:00,12004,Shatabdi,0,CNB,LKO,71.6,75.0,72.0,85.0,2.8272067918429116,42.33197168630478,3,2,75.39,SYNTHETIC
2026-01-14T04:00:00,12004,Shatabdi,0,CNB,LKO,71.6,75.0,72.0,85.0,-1.8018439962563442,69.22961668758012,4,2,84.97,SYNTHETIC
2026-01-14T04:15:00,12951,Rajdhani,1,RTM,KOTA,266.0,157.0,154.0,170.0,1.3831211899055886,111.26977988573401,4,2,143.17,SYNTHETIC
2026-01-14T04:30:00,12004,Shatabdi,0,GZB,ALJN,106.3,59.0,57.0,68.0,32.560753838272575,93.6871340640851,4,2,59.46,SYNTHETIC
2026-01-14T04:45:00,12951,Rajdhani,1,BRC,RTM,261.0,197.0,193.0,215.0,-1.6128983990864292,71.85995887637202,4,2,187.56,SYNTHETIC
2026-01-14T05:00:00,12004,Shatabdi,0,CNB,LKO,71.6,75.0,72.0,85.0,0.5597200900607424,68.55820491454472,5,2,74.56,SYNTHETIC
2026-01-14T05:15:00,12951,Rajdhani,1,MTJ,NDLS,143.0,110.0,108.0,125.0,2.001965593969226,87.35829950522428,5,2,105.04,SYNTHETIC
2026-01-14T05:30:00,12004,Shatabdi,0,NDLS,GZB,24.5,38.0,36.0,42.0,6.7236189430946585,51.12102324756814,5,2,38.87,SYNTHETIC
2026-01-14T05:45:00,12951,Rajdhani,1,KOTA,MTJ,324.0,195.0,190.0,212.0,5.509698661198439,102.64078810256284,5,2,179.12,SYNTHETIC
2026-01-14T06:00:00,12951,Rajdhani,1,RTM,KOTA,266.0,157.0,154.0,170.0,2.660207459977592,112.07500195814725,6,2,156.78,SYNTHETIC
2026-01-14T06:15:00,12004,Shatabdi,0,ALJN,CNB,308.6,209.0,205.0,228.0,1.9523940659448407,89.92300738199508,6,2,226.93,SYNTHETIC
2026-01-14T06:30:00,12951,Rajdhani,1,BRC,RTM,261.0,197.0,193.0,215.0,-0.9275673254631749,78.38350871250573,6,2,192.58,SYNTHETIC
2026-01-14T06:45:00,12951,Rajdhani,1,BRC,RTM,261.0,197.0,193.0,215.0,1.1741045296567814,77.88826904884075,6,2,190.19,SYNTHETIC
2026-01-14T07:00:00,12951,Rajdhani,1,KOTA,MTJ,324.0,195.0,190.0,212.0,-1.0584978447737066,107.8071100333404,7,2,190.09,SYNTHETIC
2026-01-14T07:15:00,12951,Rajdhani,1,BRC,RTM,261.0,197.0,193.0,215.0,-1.4992968373627562,78.40260385138939,7,2,192.96,SYNTHETIC
2026-01-14T07:30:00,12004,Shatabdi,0,ALJN,CNB,308.6,209.0,205.0,228.0,7.889879241872377,91.81793079470008,7,2,224.3,SYNTHETIC
2026-01-14T07:45:00,12951,Rajdhani,1,MTJ,NDLS,143.0,110.0,108.0,125.0,13.39685993655305,82.97866968250001,7,2,103.93,SYNTHETIC
2026-01-14T08:00:00,12004,Shatabdi,0,GZB,ALJN,106.3,59.0,57.0,68.0,7.629154839341934,96.07250517464048,8,2,67.41,SYNTHETIC
2026-01-14T08:15:00,12951,Rajdhani,1,KOTA,MTJ,324.0,195.0,190.0,212.0,-0.9845682198193964,95.39228173134627,8,2,203.55,SYNTHETIC
2026-01-14T08:30:00,12951,Rajdhani,1,BRC,RTM,261.0,197.0,193.0,215.0,-1.5860867220532064,76.89090548102894,8,2,212.32,SYNTHETIC
2026-01-14T08:45:00,12004,Shatabdi,0,GZB,ALJN,106.3,59.0,57.0,68.0,-0.4114871962800315,108.50034032412718,8,2,65.72,SYNTHETIC
2026-01-14T09:00:00,12004,Shatabdi,0,ALJN,CNB,308.6,209.0,205.0,228.0,4.639541664692338,89.30062063710518,9,2,242.89,SYNTHETIC
2026-01-14T09:15:00,12004,Shatabdi,0,NDLS,GZB,24.5,38.0,36.0,42.0,2.9116262681395737,43.26727139241029,9,2,37.43,SYNTHETIC
2026-01-14T09:30:00,12004,Shatabdi,0,NDLS,GZB,24.5,38.0,36.0,42.0,2.1923777025866507,38.99187517650132,9,2,38.95,SYNTHETIC
2026-01-14T09:45:00,12004,Shatabdi,0,CNB,LKO,71.6,75.0,72.0,85.0,0.09396991651402997,64.06492473697749,9,2,77.47,SYNTHETIC
2026-01-14T10:00:00,12951,Rajdhani,1,MTJ,NDLS,143.0,110.0,108.0,125.0,-0.35218199571046327,69.5240088366731,10,2,114.23,SYNTHETIC
2026-01-14T10:15:00,12951,Rajdhani,1,BCT,ST,263.0,162.0,158.0,172.0,-0.7361718193611759,99.03745343793267,10,2,170.25,SYNTHETIC
2026-01-14T10:30:00,12951,Rajdhani,1,BRC,RTM,261.0,197.0,193.0,215.0,1.2709456960717693,79.89102751955633,10,2,203.3,SYNTHETIC
2026-01-14T10:45:00,12004,Shatabdi,0,CNB,LKO,71.6,75.0,72.0,85.0,4.077164390203276,58.04395551597529,10,2,84.76,SYNTHETIC
2026-01-14T11:00:00,12004,Shatabdi,0,ALJN,CNB,308.6,209.0,205.0,228.0,15.074114716125017,86.63255682919758,11,2,237.42,SYNTHETIC
2026-01-14T11:15:00,12004,Shatabdi,0,NDLS,GZB,24.5,38.0,36.0,42.0,0.029532068044405335,33.44240717654863,11,2,38.56,SYNTHETIC
2026-01-14T11:30:00,12004,Shatabdi,0,ALJN,CNB,308.6,209.0,205.0,228.0,9.561332804090396,81.85760820492241,11,2,232.86,SYNTHETIC
2026-01-14T11:45:00,12004,Shatabdi,0,NDLS,GZB,24.5,38.0,36.0,42.0,1.5473849933008372,47.46203763437964,11,2,42.37,SYNTHETIC
2026-01-14T12:00:00,12004,Shatabdi,0,GZB,ALJN,106.3,59.0,57.0,68.0,-1.2551322902138486,112.96643599470123,12,2,60.99,SYNTHETIC
2026-01-14T12:15:00,12951,Rajdhani,1,BRC,RTM,261.0,197.0,193.0,215.0,10.220185433056939,73.39688215200846,12,2,189.64,SYNTHETIC
2026-01-14T12:30:00,12951,Rajdhani,1,ST,BRC,129.0,81.0,79.0,90.0,4.7035767933631245,118.64069732444409,12,2,80.16,SYNTHETIC
2026-01-14T12:45:00,12951,Rajdhani,1,KOTA,MTJ,324.0,195.0,190.0,212.0,0.784328987748188,120.16353986553517,12,2,190.04,SYNTHETIC
2026-01-14T13:00:00,12951,Rajdhani,1,ST,BRC,129.0,81.0,79.0,90.0,1.1289579630844822,127.33126256758159,13,2,75.78,SYNTHETIC
2026-01-14T13:15:00,12004,Shatabdi,0,CNB,LKO,71.6,75.0,72.0,85.0,0.019901683593247288,57.60676950428863,13,2,78.72,SYNTHETIC
2026-01-14T13:30:00,12951,Rajdhani,1,BRC,RTM,261.0,197.0,193.0,215.0,1.1863509989422711,85.12553703197707,13,2,190.39,SYNTHETIC
2026-01-14T13:45:00,12004,Shatabdi,0,GZB,ALJN,106.3,59.0,57.0,68.0,15.72333332328472,111.13028556982027,13,2,59.32,SYNTHETIC
2026-01-14T14:00:00,12951,Rajdhani,1,KOTA,MTJ,324.0,195.0,190.0,212.0,1.1361421873259632,91.34821780339101,14,2,192.14,SYNTHETIC
2026-01-14T14:15:00,12951,Rajdhani,1,ST,BRC,129.0,81.0,79.0,90.0,11.508362360190082,91.9764633111053,14,2,71.95,SYNTHETIC
2026-01-14T14:30:00,12004,Shatabdi,0,CNB,LKO,71.6,75.0,72.0,85.0,5.732531407178452,46.17714932360907,14,2,76.25,SYNTHETIC
2026-01-14T14:45:00,12951,Rajdhani,1,KOTA,MTJ,324.0,195.0,190.0,212.0,-0.8214904096147546,97.64820135416981,14,2,185.55,SYNTHETIC
2026-01-14T15:00:00,12951,Rajdhani,1,MTJ,NDLS,143.0,110.0,108.0,125.0,-1.0264594049407902,80.6834832447446,15,2,107.3,SYNTHETIC
2026-01-14T15:15:00,12004,Shatabdi,0,NDLS,GZB,24.5,38.0,36.0,42.0,3.0957725286950373,30.0,15,2,37.98,SYNTHETIC
2026-01-14T15:30:00,12951,Rajdhani,1,BRC,RTM,261.0,197.0,193.0,215.0,0.18959187353981655,94.10073086385135,15,2,191.6,SYNTHETIC
2026-01-14T15:45:00,12004,Shatabdi,0,NDLS,GZB,24.5,38.0,36.0,42.0,4.236941729662213,43.470228204028274,15,2,43.64,SYNTHETIC
2026-01-14T16:00:00,12951,Rajdhani,1,RTM,KOTA,266.0,157.0,154.0,170.0,10.451506959250178,107.15402501450689,16,2,150.95,SYNTHETIC
2026-01-14T16:15:00,12004,Shatabdi,0,ALJN,CNB,308.6,209.0,205.0,228.0,0.22089383466623946,75.6170557071997,16,2,223.18,SYNTHETIC
2026-01-14T16:30:00,12004,Shatabdi,0,CNB,LKO,71.6,75.0,72.0,85.0,7.625166961428691,56.00137484259593,16,2,80.55,SYNTHETIC
2026-01-14T16:45:00,12951,Rajdhani,1,MTJ,NDLS,143.0,110.0,108.0,125.0,6.102858277766893,67.27547734104277,16,2,108.85,SYNTHETIC
2026-01-14T17:00:00,12951,Rajdhani,1,MTJ,NDLS,143.0,110.0,108.0,125.0,0.8923062744892545,90.35593536979947,17,2,115.98,SYNTHETIC
2026-01-14T17:15:00,12004,Shatabdi,0,CNB,LKO,71.6,75.0,72.0,85.0,2.7258472108243232,66.62989528746989,17,2,83.67,SYNTHETIC
2026-01-14T17:30:00,12951,Rajdhani,1,ST,BRC,129.0,81.0,79.0,90.0,-0.5225002488047812,102.73164386642979,17,2,81.32,SYNTHETIC
2026-01-14T17:45:00,12951,Rajdhani,1,BCT,ST,263.0,162.0,158.0,172.0,3.3686601974867436,113.87037911124247,17,2,167.11,SYNTHETIC
2026-01-14T18:00:00,12004,Shatabdi,0,NDLS,GZB,24.5,38.0,36.0,42.0,9.701611924336152,39.17613904659909,18,2,40.52,SYNTHETIC
2026-01-14T18:15:00,12951,Rajdhani,1,RTM,KOTA,266.0,157.0,154.0,170.0,-0.9468438986519105,110.18142116359502,18,2,162.0,SYNTHETIC
2026-01-14T18:30:00,12951,Rajdhani,1,RTM,KOTA,266.0,157.0,154.0,170.0,14.727202545661818,114.47834607679906,18,2,160.65,SYNTHETIC
2026-01-14T18:45:00,12004,Shatabdi,0,NDLS,GZB,24.5,38.0,36.0,42.0,10.832894272396336,56.630664108612244,18,2,41.46,SYNTHETIC
2026-01-14T19:00:00,12951,Rajdhani,1,MTJ,NDLS,143.0,110.0,108.0,125.0,2.897032563601435,74.05683607098348,19,2,112.64,SYNTHETIC
2026-01-14T19:15:00,12951,Rajdhani,1,KOTA,MTJ,324.0,195.0,190.0,212.0,-0.8415505971872612,95.0739268142657,19,2,203.87,SYNTHETIC
2026-01-14T19:30:00,12951,Rajdhani,1,ST,BRC,129.0,81.0,79.0,90.0,-1.5999503344153287,98.3986334116917,19,2,86.08,SYNTHETIC
2026-01-14T19:45:00,12004,Shatabdi,0,CNB,LKO,71.6,75.0,72.0,85.0,-0.41394337552244576,56.19480171554404,19,2,87.61,SYNTHETIC
2026-01-14T20:00:00,12951,Rajdhani,1,ST,BRC,129.0,81.0,79.0,90.0,3.549026102682957,93.68294414781097,20,2,84.15,SYNTHETIC
2026-01-14T20:15:00,12004,Shatabdi,0,GZB,ALJN,106.3,59.0,57.0,68.0,3.3224847593210756,109.69056756712317,20,2,64.59,SYNTHETIC
2026-01-14T20:30:00,12004,Shatabdi,0,CNB,LKO,71.6,75.0,72.0,85.0,10.46452104359585,61.34236772467657,20,2,86.73,SYNTHETIC
2026-01-14T20:45:00,12004,Shatabdi,0,NDLS,GZB,24.5,38.0,36.0,42.0,-1.3240021903185593,30.0,20,2,45.73,SYNTHETIC
2026-01-14T21:00:00,12004,Shatabdi,0,NDLS,GZB,24.5,38.0,36.0,42.0,2.4896405443500598,38.93092488920118,21,2,38.54,SYNTHETIC
2026-01-14T21:15:00,12951,Rajdhani,1,KOTA,MTJ,324.0,195.0,190.0,212.0,1.33408333367642,89.89332413819193,21,2,202.01,SYNTHETIC
2026-01-14T21:30:00,12004,Shatabdi,0,NDLS,GZB,24.5,38.0,36.0,42.0,4.589139239525293,41.22672460110797,21,2,46.1,SYNTHETIC
2026-01-14T21:45:00,12951,Rajdhani,1,MTJ,NDLS,143.0,110.0,108.0,125.0,9.775413815545047,77.87407753851815,21,2,117.97,SYNTHETIC
2026-01-14T22:00:00,12951,Rajdhani,1,MTJ,NDLS,143.0,110.0,108.0,125.0,18.247994765330045,85.53180033568862,22,2,103.09,SYNTHETIC
2026-01-14T22:15:00,12004,Shatabdi,0,GZB,ALJN,106.3,59.0,57.0,68.0,2.3738831478590523,119.5162539786256,22,2,61.3,SYNTHETIC
2026-01-14T22:30:00,12951,Rajdhani,1,RTM,KOTA,266.0,157.0,154.0,170.0,14.414863388339178,90.817849601937,22,2,144.59,SYNTHETIC
2026-01-14T22:45:00,12951,Rajdhani,1,ST,BRC,129.0,81.0,79.0,90.0,3.79164753954168,84.66763223099454,22,2,72.47,SYNTHETIC
2026-01-14T23:00:00,12951,Rajdhani,1,ST,BRC,129.0,81.0,79.0,90.0,-1.553369618434941,99.00326932362714,23,2,79.45,SYNTHETIC
2026-01-14T23:15:00,12004,Shatabdi,0,NDLS,GZB,24.5,38.0,36.0,42.0,-1.3193291263784728,58.17096024854875,23,2,40.85,SYNTHETIC
2026-01-14T23:30:00,12951,Rajdhani,1,BRC,RTM,261.0,197.0,193.0,215.0,-1.5522618133123638,81.76249493635032,23,2,190.56,SYNTHETIC
2026-01-14T23:45:00,12951,Rajdhani,1,BRC,RTM,261.0,197.0,193.0,215.0,5.534476795281984,69.71617146404758,23,2,183.93,SYNTHETIC
2026-01-15T00:00:00,12951,Rajdhani,1,KOTA,MTJ,324.0,195.0,190.0,212.0,17.017565153062492,93.80038967589103,0,3,184.32,SYNTHETIC
2026-01-15T00:15:00,12951,Rajdhani,1,BCT,ST,263.0,162.0,158.0,172.0,0.45962340878184316,87.7805393036117,0,3,155.11,SYNTHETIC
2026-01-15T00:30:00,12004,Shatabdi,0,GZB,ALJN,106.3,59.0,57.0,68.0,-0.8046337926213165,130.0,0,3,61.25,SYNTHETIC
2026-01-15T00:45:00,12004,Shatabdi,0,NDLS,GZB,24.5,38.0,36.0,42.0,-0.6168205890866558,37.008809356640434,0,3,34.65,SYNTHETIC
2026-01-15T01:00:00,12951,Rajdhani,1,ST,BRC,129.0,81.0,79.0,90.0,-1.3258334807557317,97.35850309638107,1,3,79.53,SYNTHETIC
2026-01-15T01:15:00,12951,Rajdhani,1,KOTA,MTJ,324.0,195.0,190.0,212.0,11.861294542648041,100.53982952609682,1,3,178.67,SYNTHETIC
2026-01-15T01:30:00,12004,Shatabdi,0,GZB,ALJN,106.3,59.0,57.0,68.0,1.9629443658555465,113.26799260065755,1,3,64.64,SYNTHETIC
2026-01-15T01:45:00,12004,Shatabdi,0,ALJN,CNB,308.6,209.0,205.0,228.0,9.747234984385958,103.460807429652,1,3,215.86,SYNTHETIC
2026-01-15T02:00:00,12951,Rajdhani,1,ST,BRC,129.0,81.0,79.0,90.0,-0.424175567278539,102.16041240421535,2,3,76.92,SYNTHETIC
2026-01-15T02:15:00,12951,Rajdhani,1,BCT,ST,263.0,162.0,158.0,172.0,-1.566571016194842,87.51966865025013,2,3,156.25,SYNTHETIC
2026-01-15T02:30:00,12004,Shatabdi,0,CNB,LKO,71.6,75.0,72.0,85.0,0.8620785722903936,61.81887399616885,2,3,78.37,SYNTHETIC
2026-01-15T02:45:00,12951,Rajdhani,1,BCT,ST,263.0,162.0,158.0,172.0,9.403220973008674,101.22548853215558,2,3,150.04,SYNTHETIC
2026-01-15T03:00:00,12951,Rajdhani,1,KOTA,MTJ,324.0,195.0,190.0,212.0,0.889905449468444,112.13477903736869,3,3,179.5,SYNTHETIC
2026-01-15T03:15:00,12951,Rajdhani,1,MTJ,NDLS,143.0,110.0,108.0,125.0,0.318946570822237,77.90070909720515,3,3,101.1,SYNTHETIC
2026-01-15T03:30:00,12004,Shatabdi,0,ALJN,CNB,308.6,209.0,205.0,228.0,-1.6703558710475426,84.14707965792826,3,3,217.92,SYNTHETIC
2026-01-15T03:45:00,12004,Shatabdi,0,GZB,ALJN,106.3,59.0,57.0,68.0,2.1343165559131005,121.46707491959212,3,3,59.72,SYNTHETIC
2026-01-15T04:00:00,12004,Shatabdi,0,CNB,LKO,71.6,75.0,72.0,85.0,-1.5491405332667527,66.15942243197878,4,3,74.09,SYNTHETIC
2026-01-15T04:15:00,12004,Shatabdi,0,GZB,ALJN,106.3,59.0,57.0,68.0,-0.3300808956715624,121.88931539305906,4,3,60.61,SYNTHETIC
2026-01-15T04:30:00,12951,Rajdhani,1,BCT,ST,263.0,162.0,158.0,172.0,0.07875977043936722,101.5538894133217,4,3,144.64,SYNTHETIC
2026-01-15T04:45:00,12951,Rajdhani,1,ST,BRC,129.0,81.0,79.0,90.0,1.0621499075665186,99.31634770426224,4,3,77.13,SYNTHETIC
2026-01-15T05:00:00,12951,Rajdhani,1,BRC,RTM,261.0,197.0,193.0,215.0,9.092055529907434,95.21219648689335,5,3,175.86,SYNTHETIC
2026-01-15T05:15:00,12951,Rajdhani,1,BRC,RTM,261.0,197.0,193.0,215.0,-1.2846897755319902,82.51362476103924,5,3,183.01,SYNTHETIC
2026-01-15T05:30:00,12951,Rajdhani,1,RTM,KOTA,266.0,157.0,154.0,170.0,9.376427393995812,95.26394470031006,5,3,141.65,SYNTHETIC
2026-01-15T05:45:00,12951,Rajdhani,1,KOTA,MTJ,324.0,195.0,190.0,212.0,0.617789728215925,106.19177275580783,5,3,179.92,SYNTHETIC
2026-01-15T06:00:00,12951,Rajdhani,1,ST,BRC,129.0,81.0,79.0,90.0,2.6150852309659776,93.13851214874943,6,3,81.53,SYNTHETIC
2026-01-15T06:15:00,12951,Rajdhani,1,BRC,RTM,261.0,197.0,193.0,215.0,-1.7533096081448003,76.08263634375362,6,3,196.53,SYNTHETIC
2026-01-15T06:30:00,12004,Shatabdi,0,CNB,LKO,71.6,75.0,72.0,85.0,7.723084428490409,72.95170675511046,6,3,73.07,SYNTHETIC
2026-01-15T06:45:00,12004,Shatabdi,0,CNB,LKO,71.6,75.0,72.0,85.0,3.2012490801932945,66.04272478897875,6,3,79.78,SYNTHETIC
2026-01-15T07:00:00,12004,Shatabdi,0,NDLS,GZB,24.5,38.0,36.0,42.0,-1.7625667529699365,45.24961981752249,7,3,39.01,SYNTHETIC
2026-01-15T07:15:00,12951,Rajdhani,1,KOTA,MTJ,324.0,195.0,190.0,212.0,0.9381362007776355,112.31705671150924,7,3,188.63,SYNTHETIC
2026-01-15T07:30:00,12951,Rajdhani,1,BRC,RTM,261.0,197.0,193.0,215.0,-0.3435471693378822,74.4585370727409,7,3,190.66,SYNTHETIC
2026-01-15T07:45:00,12951,Rajdhani,1,MTJ,NDLS,143.0,110.0,108.0,125.0,-0.9053678821965325,94.93614760223848,7,3,110.37,SYNTHETIC
2026-01-15T08:00:00,12951,Rajdhani,1,BCT,ST,263.0,162.0,158.0,172.0,-1.777367521923618,97.51149555535441,8,3,171.6,SYNTHETIC
2026-01-15T08:15:00,12004,Shatabdi,0,GZB,ALJN,106.3,59.0,57.0,68.0,17.25238688076164,116.50898517169044,8,3,68.17,SYNTHETIC
2026-01-15T08:30:00,12004,Shatabdi,0,CNB,LKO,71.6,75.0,72.0,85.0,0.9019980191817858,64.07186273047583,8,3,82.01,SYNTHETIC
2026-01-15T08:45:00,12951,Rajdhani,1,KOTA,MTJ,324.0,195.0,190.0,212.0,1.6331745433650084,98.16754239095893,8,3,205.92,SYNTHETIC
2026-01-15T09:00:00,12951,Rajdhani,1,KOTA,MTJ,324.0,195.0,190.0,212.0,-1.0205722624911735,100.58949813077588,9,3,206.96,SYNTHETIC
2026-01-15T09:15:00,12004,Shatabdi,0,NDLS,GZB,24.5,38.0,36.0,42.0,7.516902569622893,39.258634695743915,9,3,38.34,SYNTHETIC
2026-01-15T09:30:00,12004,Shatabdi,0,ALJN,CNB,308.6,209.0,205.0,228.0,1.9675298780291186,79.86665636277166,9,3,242.24,SYNTHETIC
2026-01-15T09:45:00,12004,Shatabdi,0,NDLS,GZB,24.5,38.0,36.0,42.0,1.104848917557284,37.53110206677135,9,3,42.02,SYNTHETIC
2026-01-15T10:00:00,12951,Rajdhani,1,RTM,KOTA,266.0,157.0,154.0,170.0,1.5875885464137252,92.67590867382911,10,3,158.43,SYNTHETIC
2026-01-15T10:15:00,12951,Rajdhani,1,MTJ,NDLS,143.0,110.0,108.0,125.0,-0.7878688957762066,69.645188696622,10,3,110.22,SYNTHETIC
2026-01-15T10:30:00,12951,Rajdhani,1,BCT,ST,263.0,162.0,158.0,172.0,2.2033485769521626,102.84381243031774,10,3,166.11,SYNTHETIC
2026-01-15T10:45:00,12004,Shatabdi,0,NDLS,GZB,24.5,38.0,36.0,42.0,3.0790932729351095,30.880446665785385,10,3,34.38,SYNTHETIC
2026-01-15T11:00:00,12951,Rajdhani,1,RTM,KOTA,266.0,157.0,154.0,170.0,2.4559744581066445,103.56281709987547,11,3,166.96,SYNTHETIC
2026-01-15T11:15:00,12004,Shatabdi,0,NDLS,GZB,24.5,38.0,36.0,42.0,-1.1843763704100576,52.08265878636574,11,3,36.98,SYNTHETIC
2026-01-15T11:30:00,12951,Rajdhani,1,ST,BRC,129.0,81.0,79.0,90.0,-0.06693937675265005,92.05921146758234,11,3,81.56,SYNTHETIC
2026-01-15T11:45:00,12951,Rajdhani,1,KOTA,MTJ,324.0,195.0,190.0,212.0,-0.31580033686016007,100.17703779813783,11,3,207.89,SYNTHETIC
2026-01-15T12:00:00,12951,Rajdhani,1,BRC,RTM,261.0,197.0,193.0,215.0,-1.3337566322015584,72.41356107191761,12,3,194.44,SYNTHETIC
2026-01-15T12:15:00,12951,Rajdhani,1,BCT,ST,263.0,162.0,158.0,172.0,12.321260547180067,106.46873241741038,12,3,158.56,SYNTHETIC
2026-01-15T12:30:00,12951,Rajdhani,1,RTM,KOTA,266.0,157.0,154.0,170.0,2.5818828640408276,101.33611055722358,12,3,156.91,SYNTHETIC
2026-01-15T12:45:00,12004,Shatabdi,0,NDLS,GZB,24.5,38.0,36.0,42.0,-1.5616029926456352,31.468872816843238,12,3,37.03,SYNTHETIC
2026-01-15T13:00:00,12951,Rajdhani,1,BRC,RTM,261.0,197.0,193.0,215.0,12.55470448779661,94.16789567825458,13,3,195.0,SYNTHETIC
2026-01-15T13:15:00,12951,Rajdhani,1,BRC,RTM,261.0,197.0,193.0,215.0,1.9983583569638412,87.26229652212614,13,3,194.19,SYNTHETIC
2026-01-15T13:30:00,12951,Rajdhani,1,KOTA,MTJ,324.0,195.0,190.0,212.0,22.85574722567746,110.92786003434455,13,3,186.53,SYNTHETIC
2026-01-15T13:45:00,12004,Shatabdi,0,ALJN,CNB,308.6,209.0,205.0,228.0,-1.1466490236789937,82.91705015619061,13,3,233.56,SYNTHETIC
2026-01-15T14:00:00,12004,Shatabdi,0,ALJN,CNB,308.6,209.0,205.0,228.0,3.9025709245223217,90.46515519986882,14,3,225.16,SYNTHETIC
2026-01-15T14:15:00,12004,Shatabdi,0,CNB,LKO,71.6,75.0,72.0,85.0,4.3962214666253985,51.69322111027687,14,3,77.87,SYNTHETIC
2026-01-15T14:30:00,12004,Shatabdi,0,ALJN,CNB,308.6,209.0,205.0,228.0,2.382900582118088,71.02414890146193,14,3,226.16,SYNTHETIC
2026-01-15T14:45:00,12004,Shatabdi,0,GZB,ALJN,106.3,59.0,57.0,68.0,-1.563921095864952,111.88136689008466,14,3,66.18,SYNTHETIC
2026-01-15T15:00:00,12951,Rajdhani,1,BCT,ST,263.0,162.0,158.0,172.0,9.785878533774708,83.05613236823065,15,3,152.37,SYNTHETIC
2026-01-15T15:15:00,12951,Rajdhani,1,RTM,KOTA,266.0,157.0,154.0,170.0,12.1208632389765,98.49980671667052,15,3,152.57,SYNTHETIC
2026-01-15T15:30:00,12951,Rajdhani,1,BCT,ST,263.0,162.0,158.0,172.0,6.311187697197864,99.32563411813074,15,3,150.49,SYNTHETIC
2026-01-15T15:45:00,12951,Rajdhani,1,RTM,KOTA,266.0,157.0,154.0,170.0,1.6539340137285725,87.23001923351244,15,3,151.13,SYNTHETIC
2026-01-15T16:00:00,12004,Shatabdi,0,CNB,LKO,71.6,75.0,72.0,85.0,1.1613329666485313,66.60589899857925,16,3,80.73,SYNTHETIC
2026-01-15T16:15:00,12004,Shatabdi,0,ALJN,CNB,308.6,209.0,205.0,228.0,3.3872900798140213,90.70693607646493,16,3,220.44,SYNTHETIC
2026-01-15T16:30:00,12004,Shatabdi,0,ALJN,CNB,308.6,209.0,205.0,228.0,-1.2801799150080886,98.28710082744061,16,3,232.09,SYNTHETIC
2026-01-15T16:45:00,12004,Shatabdi,0,ALJN,CNB,308.6,209.0,205.0,228.0,2.6821774770727425,93.91934097078008,16,3,229.46,SYNTHETIC
2026-01-15T17:00:00,12004,Shatabdi,0,GZB,ALJN,106.3,59.0,57.0,68.0,5.952550131348948,120.83297639352293,17,3,66.85,SYNTHETIC
2026-01-15T17:15:00,12004,Shatabdi,0,ALJN,CNB,308.6,209.0,205.0,228.0,-0.7830446353175893,84.67998942090733,17,3,240.06,SYNTHETIC
2026-01-15T17:30:00,12951,Rajdhani,1,RTM,KOTA,266.0,157.0,154.0,170.0,11.969502853703215,107.5656982455778,17,3,159.2,SYNTHETIC
2026-01-15T17:45:00,12951,Rajdhani,1,BCT,ST,263.0,162.0,158.0,172.0,5.525332839437532,95.87441782042583,17,3,164.58,SYNTHETIC
2026-01-15T18:00:00,12951,Rajdhani,1,RTM,KOTA,266.0,157.0,154.0,170.0,9.731472130037924,125.88522744632817,18,3,163.65,SYNTHETIC
2026-01-15T18:15:00,12004,Shatabdi,0,NDLS,GZB,24.5,38.0,36.0,42.0,1.504613165529046,41.41703624151229,18,3,40.45,SYNTHETIC
2026-01-15T18:30:00,12004,Shatabdi,0,ALJN,CNB,308.6,209.0,205.0,228.0,5.142028572613166,95.34054312346746,18,3,241.6,SYNTHETIC
2026-01-15T18:45:00,12951,Rajdhani,1,BRC,RTM,261.0,197.0,193.0,215.0,3.496031456571921,90.13901503694473,18,3,204.7,SYNTHETIC
2026-01-15T19:00:00,12951,Rajdhani,1,BRC,RTM,261.0,197.0,193.0,215.0,9.916615564541743,85.08569622789919,19,3,202.17,SYNTHETIC
2026-01-15T19:15:00,12004,Shatabdi,0,NDLS,GZB,24.5,38.0,36.0,42.0,8.746107232156342,42.72849529810588,19,3,42.75,SYNTHETIC
2026-01-15T19:30:00,12951,Rajdhani,1,RTM,KOTA,266.0,157.0,154.0,170.0,-1.7307620653140243,99.29762900657174,19,3,168.45,SYNTHETIC
2026-01-15T19:45:00,12951,Rajdhani,1,ST,BRC,129.0,81.0,79.0,90.0,8.18963060924657,80.83825385361688,19,3,80.23,SYNTHETIC
2026-01-15T20:00:00,12951,Rajdhani,1,BCT,ST,263.0,162.0,158.0,172.0,-0.7246294690426771,96.67241295801816,20,3,160.93,SYNTHETIC
2026-01-15T20:15:00,12951,Rajdhani,1,BCT,ST,263.0,162.0,158.0,172.0,-1.1908994837146207,91.78680268196192,20,3,176.39,SYNTHETIC
2026-01-15T20:30:00,12004,Shatabdi,0,NDLS,GZB,24.5,38.0,36.0,42.0,3.588636860423218,34.551895941641554,20,3,42.52,SYNTHETIC
2026-01-15T20:45:00,12951,Rajdhani,1,KOTA,MTJ,324.0,195.0,190.0,212.0,2.207923912329565,84.62528643629024,20,3,207.81,SYNTHETIC
2026-01-15T21:00:00,12004,Shatabdi,0,NDLS,GZB,24.5,38.0,36.0,42.0,0.5023741321109862,41.38920273546824,21,3,43.77,SYNTHETIC
2026-01-15T21:15:00,12951,Rajdhani,1,MTJ,NDLS,143.0,110.0,108.0,125.0,20.973116447059706,78.99190142480107,21,3,108.03,SYNTHETIC
2026-01-15T21:30:00,12004,Shatabdi,0,GZB,ALJN,106.3,59.0,57.0,68.0,7.705409827540516,97.58994119823055,21,3,68.58,SYNTHETIC
2026-01-15T21:45:00,12004,Shatabdi,0,CNB,LKO,71.6,75.0,72.0,85.0,-0.2202233807999625,57.95695511485778,21,3,88.97,SYNTHETIC
2026-01-15T22:00:00,12951,Rajdhani,1,MTJ,NDLS,143.0,110.0,108.0,125.0,2.48682339276718,69.6311850792698,22,3,103.79,SYNTHETIC
2026-01-15T22:15:00,12951,Rajdhani,1,ST,BRC,129.0,81.0,79.0,90.0,4.6248535254081675,98.75588424026479,22,3,80.04,SYNTHETIC
2026-01-15T22:30:00,12004,Shatabdi,0,GZB,ALJN,106.3,59.0,57.0,68.0,1.5082963235716758,96.31400948357013,22,3,72.06,SYNTHETIC
2026-01-15T22:45:00,12004,Shatabdi,0,ALJN,CNB,308.6,209.0,205.0,228.0,-0.7075403275265773,97.2978209229042,22,3,220.83,SYNTHETIC
2026-01-15T23:00:00,12951,Rajdhani,1,KOTA,MTJ,324.0,195.0,190.0,212.0,-0.7476247958478361,115.21142171533867,23,3,190.11,SYNTHETIC
2026-01-15T23:15:00,12951,Rajdhani,1,BRC,RTM,261.0,197.0,193.0,215.0,2.032104928463216,63.667679703404445,23,3,193.28,SYNTHETIC
2026-01-15T23:30:00,12951,Rajdhani,1,KOTA,MTJ,324.0,195.0,190.0,212.0,3.7986905243400937,113.280135092445,23,3,192.08,SYNTHETIC
2026-01-15T23:45:00,12951,Rajdhani,1,BCT,ST,263.0,162.0,158.0,172.0,4.226671789339159,90.26452136585861,23,3,159.59,SYNTHETIC
2026-01-16T00:00:00,12951,Rajdhani,1,MTJ,NDLS,143.0,110.0,108.0,125.0,-0.6828042374914203,83.23278077133922,0,4,110.09,SYNTHETIC
2026-01-16T00:15:00,12004,Shatabdi,0,NDLS,GZB,24.5,38.0,36.0,42.0,4.381278906661484,30.0,0,4,38.86,SYNTHETIC
2026-01-16T00:30:00,12951,Rajdhani,1,BCT,ST,263.0,162.0,158.0,172.0,2.0783952790054876,86.96302197301978,0,4,158.99,SYNTHETIC
2026-01-16T00:45:00,12004,Shatabdi,0,GZB,ALJN,106.3,59.0,57.0,68.0,2.3933621557036,105.33786158444254,0,4,57.28,SYNTHETIC
2026-01-16T01:00:00,12004,Shatabdi,0,NDLS,GZB,24.5,38.0,36.0,42.0,-1.5081977631525216,30.0,1,4,40.39,SYNTHETIC
2026-01-16T01:15:00,12951,Rajdhani,1,KOTA,MTJ,324.0,195.0,190.0,212.0,4.909738491033449,117.64078722834392,1,4,182.43,SYNTHETIC
2026-01-16T01:30:00,12951,Rajdhani,1,BRC,RTM,261.0,197.0,193.0,215.0,3.201668011104341,66.43328680368583,1,4,187.7,SYNTHETIC
2026-01-16T01:45:00,12004,Shatabdi,0,NDLS,GZB,24.5,38.0,36.0,42.0,0.5718110627490791,36.81907785761225,1,4,38.28,SYNTHETIC
2026-01-16T02:00:00,12951,Rajdhani,1,BCT,ST,263.0,162.0,158.0,172.0,-1.618475053068317,88.84157390918806,2,4,154.14,SYNTHETIC
2026-01-16T02:15:00,12004,Shatabdi,0,GZB,ALJN,106.3,59.0,57.0,68.0,3.9007388294679126,110.84412957730281,2,4,56.92,SYNTHETIC
2026-01-16T02:30:00,12004,Shatabdi,0,CNB,LKO,71.6,75.0,72.0,85.0,2.3190419581648243,38.74810244396195,2,4,74.73,SYNTHETIC
2026-01-16T02:45:00,12951,Rajdhani,1,BRC,RTM,261.0,197.0,193.0,215.0,1.3118136834617813,64.94047505641413,2,4,184.23,SYNTHETIC
2026-01-16T03:00:00,12951,Rajdhani,1,BCT,ST,263.0,162.0,158.0,172.0,0.18166366319028215,107.80946575411494,3,4,152.91,SYNTHETIC
2026-01-16T03:15:00,12004,Shatabdi,0,ALJN,CNB,308.6,209.0,205.0,228.0,-0.7960470785797304,92.75329777089709,3,4,213.06,SYNTHETIC
2026-01-16T03:30:00,12951,Rajdhani,1,BCT,ST,263.0,162.0,158.0,172.0,-0.7503542290348575,90.42633562879492,3,4,152.91,SYNTHETIC
2026-01-16T03:45:00,12951,Rajdhani,1,BCT,ST,263.0,162.0,158.0,172.0,0.7504286190877583,96.86361459758677,3,4,149.79,SYNTHETIC
2026-01-16T04:00:00,12951,Rajdhani,1,MTJ,NDLS,143.0,110.0,108.0,125.0,4.57581393801814,76.09641456999942,4,4,98.3,SYNTHETIC
2026-01-16T04:15:00,12951,Rajdhani,1,BCT,ST,263.0,162.0,158.0,172.0,1.390214947506288,103.68388106052109,4,4,152.74,SYNTHETIC
2026-01-16T04:30:00,12004,Shatabdi,0,ALJN,CNB,308.6,209.0,205.0,228.0,-0.5802965204636545,82.8234691156862,4,4,211.02,SYNTHETIC
2026-01-16T04:45:00,12951,Rajdhani,1,MTJ,NDLS,143.0,110.0,108.0,125.0,6.958787259753146,95.39727438951473,4,4,99.51,SYNTHETIC
2026-01-16T05:00:00,12004,Shatabdi,0,NDLS,GZB,24.5,38.0,36.0,42.0,0.49000818838771654,45.71428714712516,5,4,43.07,SYNTHETIC
2026-01-16T05:15:00,12951,Rajdhani,1,BCT,ST,263.0,162.0,158.0,172.0,8.759231029760624,101.07945779459402,5,4,146.66,SYNTHETIC
2026-01-16T05:30:00,12951,Rajdhani,1,MTJ,NDLS,143.0,110.0,108.0,125.0,-0.12918752682278933,89.25977319743565,5,4,104.5,SYNTHETIC
2026-01-16T05:45:00,12951,Rajdhani,1,BRC,RTM,261.0,197.0,193.0,215.0,3.6153306427800382,67.23095506046928,5,4,183.83,SYNTHETIC
2026-01-16T06:00:00,12004,Shatabdi,0,ALJN,CNB,308.6,209.0,205.0,228.0,31.591354687688487,93.78308908752474,6,4,225.04,SYNTHETIC
2026-01-16T06:15:00,12004,Shatabdi,0,NDLS,GZB,24.5,38.0,36.0,42.0,0.9025176351037758,45.3429596810981,6,4,43.01,SYNTHETIC
2026-01-16T06:30:00,12004,Shatabdi,0,NDLS,GZB,24.5,38.0,36.0,42.0,0.06691270590716503,30.0,6,4,35.69,SYNTHETIC
2026-01-16T06:45:00,12004,Shatabdi,0,NDLS,GZB,24.5,38.0,36.0,42.0,2.1249863814033,39.31365951017295,6,4,42.68,SYNTHETIC
2026-01-16T07:00:00,12004,Shatabdi,0,GZB,ALJN,106.3,59.0,57.0,68.0,5.756343996595723,114.11660421112695,7,4,59.27,SYNTHETIC
2026-01-16T07:15:00,12004,Shatabdi,0,GZB,ALJN,106.3,59.0,57.0,68.0,1.2776446634147693,112.90507172193323,7,4,65.27,SYNTHETIC
2026-01-16T07:30:00,12951,Rajdhani,1,RTM,KOTA,266.0,157.0,154.0,170.0,9.743020482460526,94.69693980957841,7,4,150.95,SYNTHETIC
2026-01-16T07:45:00,12004,Shatabdi,0,GZB,ALJN,106.3,59.0,57.0,68.0,-0.5649190353068829,112.77095607652278,7,4,71.55,SYNTHETIC
2026-01-16T08:00:00,12951,Rajdhani,1,RTM,KOTA,266.0,157.0,154.0,170.0,1.1137505291446814,108.4759088405846,8,4,163.42,SYNTHETIC
2026-01-16T08:15:00,12951,Rajdhani,1,ST,BRC,129.0,81.0,79.0,90.0,2.882653426167395,96.81771871514712,8,4,85.81,SYNTHETIC
2026-01-16T08:30:00,12951,Rajdhani,1,MTJ,NDLS,143.0,110.0,108.0,125.0,2.9460710145318156,73.85590335193447,8,4,113.62,SYNTHETIC
2026-01-16T08:45:00,12951,Rajdhani,1,RTM,KOTA,266.0,157.0,154.0,170.0,-1.2814977055015118,115.44626268942035,8,4,164.67,SYNTHETIC
2026-01-16T09:00:00,12004,Shatabdi,0,NDLS,GZB,24.5,38.0,36.0,42.0,7.278097010788633,39.2549131229325,9,4,40.0,SYNTHETIC
2026-01-16T09:15:00,12951,Rajdhani,1,RTM,KOTA,266.0,157.0,154.0,170.0,14.049749136290853,110.4753412797907,9,4,161.43,SYNTHETIC
2026-01-16T09:30:00,12951,Rajdhani,1,KOTA,MTJ,324.0,195.0,190.0,212.0,4.137967782504596,98.81727203590295,9,4,199.8,SYNTHETIC
2026-01-16T09:45:00,12951,Rajdhani,1,ST,BRC,129.0,81.0,79.0,90.0,2.161258779898863,102.9035232628225,9,4,87.94,SYNTHETIC
2026-01-16T10:00:00,12004,Shatabdi,0,CNB,LKO,71.6,75.0,72.0,85.0,8.5178556373791,54.38129241048967,10,4,87.75,SYNTHETIC
2026-01-16T10:15:00,12004,Shatabdi,0,CNB,LKO,71.6,75.0,72.0,85.0,25.17853060234627,52.50093178242561,10,4,89.4,SYNTHETIC
2026-01-16T10:30:00,12004,Shatabdi,0,ALJN,CNB,308.6,209.0,205.0,228.0,3.1013723289999566,101.99809069972075,10,4,239.98,SYNTHETIC
2026-01-16T10:45:00,12951,Rajdhani,1,KOTA,MTJ,324.0,195.0,190.0,212.0,-0.7457967757386275,130.0,10,4,208.35,SYNTHETIC
2026-01-16T11:00:00,12951,Rajdhani,1,RTM,KOTA,266.0,157.0,154.0,170.0,-1.8260779339937099,89.16735072828006,11,4,167.28,SYNTHETIC
2026-01-16T11:15:00,12951,Rajdhani,1,RTM,KOTA,266.0,157.0,154.0,170.0,8.711293405504652,113.1065032779597,11,4,154.92,SYNTHETIC
2026-01-16T11:30:00,12004,Shatabdi,0,CNB,LKO,71.6,75.0,72.0,85.0,2.689247668351409,64.13648383676518,11,4,80.4,SYNTHETIC
2026-01-16T11:45:00,12004,Shatabdi,0,CNB,LKO,71.6,75.0,72.0,85.0,5.9516929879209775,73.82583024122525,11,4,81.84,SYNTHETIC
2026-01-16T12:00:00,12951,Rajdhani,1,KOTA,MTJ,324.0,195.0,190.0,212.0,0.8967086371268369,108.33616370750204,12,4,188.45,SYNTHETIC
2026-01-16T12:15:00,12004,Shatabdi,0,NDLS,GZB,24.5,38.0,36.0,42.0,-1.5375719692369294,45.18274371701232,12,4,39.0,SYNTHETIC
2026-01-16T12:30:00,12004,Shatabdi,0,GZB,ALJN,106.3,59.0,57.0,68.0,34.15035867112404,113.00513835181432,12,4,63.04,SYNTHETIC
2026-01-16T12:45:00,12951,Rajdhani,1,MTJ,NDLS,143.0,110.0,108.0,125.0,33.76663418462781,88.83168060682604,12,4,104.33,SYNTHETIC
2026-01-16T13:00:00,12004,Shatabdi,0,GZB,ALJN,106.3,59.0,57.0,68.0,7.265438228413888,117.49973922876741,13,4,61.49,SYNTHETIC
2026-01-16T13:15:00,12951,Rajdhani,1,BRC,RTM,261.0,197.0,193.0,215.0,-0.7511827228292693,66.15620651839863,13,4,196.43,SYNTHETIC
2026-01-16T13:30:00,12951,Rajdhani,1,BRC,RTM,261.0,197.0,193.0,215.0,3.5355335974345854,87.54552390379224,13,4,191.99,SYNTHETIC
2026-01-16T13:45:00,12951,Rajdhani,1,ST,BRC,129.0,81.0,79.0,90.0,1.8419545992531465,99.09890809378595,13,4,77.88,SYNTHETIC
2026-01-16T14:00:00,12004,Shatabdi,0,NDLS,GZB,24.5,38.0,36.0,42.0,13.644883771962395,34.52194991203297,14,4,39.93,SYNTHETIC
2026-01-16T14:15:00,12004,Shatabdi,0,NDLS,GZB,24.5,38.0,36.0,42.0,2.32230247217485,48.7405435187374,14,4,40.59,SYNTHETIC
2026-01-16T14:30:00,12004,Shatabdi,0,GZB,ALJN,106.3,59.0,57.0,68.0,-1.2827462016892923,106.61588178094813,14,4,63.33,SYNTHETIC
2026-01-16T14:45:00,12004,Shatabdi,0,ALJN,CNB,308.6,209.0,205.0,228.0,8.916261798159834,99.77268389820311,14,4,225.65,SYNTHETIC
2026-01-16T15:00:00,12951,Rajdhani,1,KOTA,MTJ,324.0,195.0,190.0,212.0,1.4607094078879652,95.07775203016752,15,4,188.46,SYNTHETIC
2026-01-16T15:15:00,12004,Shatabdi,0,NDLS,GZB,24.5,38.0,36.0,42.0,2.3363348946956632,34.67377139819915,15,4,36.87,SYNTHETIC
2026-01-16T15:30:00,12951,Rajdhani,1,RTM,KOTA,266.0,157.0,154.0,170.0,-1.8784610344526165,105.3184476986686,15,4,156.84,SYNTHETIC
2026-01-16T15:45:00,12951,Rajdhani,1,RTM,KOTA,266.0,157.0,154.0,170.0,6.375868178242712,111.91344361870628,15,4,152.29,SYNTHETIC
2026-01-16T16:00:00,12951,Rajdhani,1,KOTA,MTJ,324.0,195.0,190.0,212.0,4.1679975258016775,103.4115052744628,16,4,188.75,SYNTHETIC
2026-01-16T16:15:00,12951,Rajdhani,1,BCT,ST,263.0,162.0,158.0,172.0,0.13159287999359393,111.20676560299836,16,4,154.36,SYNTHETIC
2026-01-16T16:30:00,12004,Shatabdi,0,ALJN,CNB,308.6,209.0,205.0,228.0,4.1767910171906175,97.82887917080207,16,4,226.08,SYNTHETIC
2026-01-16T16:45:00,12951,Rajdhani,1,RTM,KOTA,266.0,157.0,154.0,170.0,2.5022697817767954,130.0,16,4,155.79,SYNTHETIC
2026-01-16T17:00:00,12004,Shatabdi,0,NDLS,GZB,24.5,38.0,36.0,42.0,18.061615779027193,41.32661499128177,17,4,43.8,SYNTHETIC
2026-01-16T17:15:00,12951,Rajdhani,1,BRC,RTM,261.0,197.0,193.0,215.0,-0.09291980675852773,85.20709836957815,17,4,204.86,SYNTHETIC
2026-01-16T17:30:00,12951,Rajdhani,1,MTJ,NDLS,143.0,110.0,108.0,125.0,6.044514563228006,69.3189836793017,17,4,112.83,SYNTHETIC
2026-01-16T17:45:00,12951,Rajdhani,1,MTJ,NDLS,143.0,110.0,108.0,125.0,11.670996579741871,88.4862669141915,17,4,107.57,SYNTHETIC
2026-01-16T18:00:00,12951,Rajdhani,1,BRC,RTM,261.0,197.0,193.0,215.0,0.6337247337905474,96.62628932329737,18,4,207.76,SYNTHETIC
2026-01-16T18:15:00,12951,Rajdhani,1,KOTA,MTJ,324.0,195.0,190.0,212.0,-1.7960121807891323,89.34745100200449,18,4,200.93,SYNTHETIC
2026-01-16T18:30:00,12951,Rajdhani,1,BCT,ST,263.0,162.0,158.0,172.0,-1.0630258168784281,91.94047440300521,18,4,171.24,SYNTHETIC
2026-01-16T18:45:00,12004,Shatabdi,0,ALJN,CNB,308.6,209.0,205.0,228.0,2.8454034409008226,94.30643167463221,18,4,235.48,SYNTHETIC
2026-01-16T19:00:00,12004,Shatabdi,0,NDLS,GZB,24.5,38.0,36.0,42.0,14.279483647105138,57.29701729408331,19,4,47.59,SYNTHETIC
2026-01-16T19:15:00,12951,Rajdhani,1,MTJ,NDLS,143.0,110.0,108.0,125.0,0.5073790490816026,81.20523733375825,19,4,118.73,SYNTHETIC
2026-01-16T19:30:00,12004,Shatabdi,0,ALJN,CNB,308.6,209.0,205.0,228.0,4.566637093112654,92.12300589416635,19,4,239.7,SYNTHETIC
2026-01-16T19:45:00,12951,Rajdhani,1,RTM,KOTA,266.0,157.0,154.0,170.0,25.475025323306955,94.22161811230814,19,4,155.72,SYNTHETIC
2026-01-16T20:00:00,12004,Shatabdi,0,GZB,ALJN,106.3,59.0,57.0,68.0,13.26177760360388,110.34723605481774,20,4,64.5,SYNTHETIC
2026-01-16T20:15:00,12951,Rajdhani,1,ST,BRC,129.0,81.0,79.0,90.0,-0.29621744635551206,89.51255069142645,20,4,88.39,SYNTHETIC
2026-01-16T20:30:00,12951,Rajdhani,1,ST,BRC,129.0,81.0,79.0,90.0,2.918732022989687,104.82553726442954,20,4,86.05,SYNTHETIC
2026-01-16T20:45:00,12951,Rajdhani,1,BRC,RTM,261.0,197.0,193.0,215.0,3.880188139000688,72.97834648277656,20,4,199.08,SYNTHETIC
2026-01-16T21:00:00,12951,Rajdhani,1,BRC,RTM,261.0,197.0,193.0,215.0,2.205731064212104,71.10139910274815,21,4,207.66,SYNTHETIC
2026-01-16T21:15:00,12951,Rajdhani,1,MTJ,NDLS,143.0,110.0,108.0,125.0,-0.4333202533369429,86.46995342162623,21,4,120.67,SYNTHETIC
2026-01-16T21:30:00,12951,Rajdhani,1,MTJ,NDLS,143.0,110.0,108.0,125.0,1.647342699785411,58.05330320013593,21,4,116.95,SYNTHETIC
2026-01-16T21:45:00,12951,Rajdhani,1,BCT,ST,263.0,162.0,158.0,172.0,3.225393654854207,85.09729365232454,21,4,169.38,SYNTHETIC
2026-01-16T22:00:00,12004,Shatabdi,0,ALJN,CNB,308.6,209.0,205.0,228.0,14.304181086533909,85.96570865712107,22,4,222.92,SYNTHETIC
2026-01-16T22:15:00,12951,Rajdhani,1,KOTA,MTJ,324.0,195.0,190.0,212.0,-0.4038468608479162,95.1418678370899,22,4,188.97,SYNTHETIC
2026-01-16T22:30:00,12951,Rajdhani,1,BCT,ST,263.0,162.0,158.0,172.0,26.074553086010745,100.29621603745032,22,4,153.04,SYNTHETIC
2026-01-16T22:45:00,12004,Shatabdi,0,ALJN,CNB,308.6,209.0,205.0,228.0,-0.35950831762663515,108.34009066991982,22,4,222.35,SYNTHETIC
2026-01-16T23:00:00,12951,Rajdhani,1,KOTA,MTJ,324.0,195.0,190.0,212.0,-0.43244745268844675,85.5563792826932,23,4,190.33,SYNTHETIC
2026-01-16T23:15:00,12004,Shatabdi,0,NDLS,GZB,24.5,38.0,36.0,42.0,4.355591555020488,42.743695753960914,23,4,38.72,SYNTHETIC
2026-01-16T23:30:00,12004,Shatabdi,0,GZB,ALJN,106.3,59.0,57.0,68.0,1.184662860950457,108.25860388308908,23,4,69.14,SYNTHETIC
2026-01-16T23:45:00,12004,Shatabdi,0,ALJN,CNB,308.6,209.0,205.0,228.0,-0.7783373313962167,69.99806309224755,23,4,221.98,SYNTHETIC
2026-01-17T00:00:00,12004,Shatabdi,0,CNB,LKO,71.6,75.0,72.0,85.0,1.2011454628682032,63.04148741393065,0,5,77.54,SYNTHETIC
2026-01-17T00:15:00,12004,Shatabdi,0,NDLS,GZB,24.5,38.0,36.0,42.0,-0.60485473993574,30.0,0,5,36.9,SYNTHETIC
2026-01-17T00:30:00,12004,Shatabdi,0,ALJN,CNB,308.6,209.0,205.0,228.0,-1.152389323045346,99.28031414305187,0,5,225.16,SYNTHETIC
2026-01-17T00:45:00,12951,Rajdhani,1,ST,BRC,129.0,81.0,79.0,90.0,2.087450046316988,108.80468292947249,0,5,75.77,SYNTHETIC
2026-01-17T01:00:00,12951,Rajdhani,1,RTM,KOTA,266.0,157.0,154.0,170.0,2.3083333378133073,105.71786335283102,1,5,144.63,SYNTHETIC
2026-01-17T01:15:00,12951,Rajdhani,1,BRC,RTM,261.0,197.0,193.0,215.0,-0.4212927468729366,78.15169548276496,1,5,184.21,SYNTHETIC
2026-01-17T01:30:00,12951,Rajdhani,1,MTJ,NDLS,143.0,110.0,108.0,125.0,0.05393359643324125,79.85002879316296,1,5,102.89,SYNTHETIC
2026-01-17T01:45:00,12951,Rajdhani,1,KOTA,MTJ,324.0,195.0,190.0,212.0,0.28207811942870453,89.6780987014788,1,5,178.29,SYNTHETIC
2026-01-17T02:00:00,12951,Rajdhani,1,BRC,RTM,261.0,197.0,193.0,215.0,3.4933122297741974,88.41440991078417,2,5,187.7,SYNTHETIC
2026-01-17T02:15:00,12951,Rajdhani,1,RTM,KOTA,266.0,157.0,154.0,170.0,11.357876349945252,126.55547630455048,2,5,148.82,SYNTHETIC
2026-01-17T02:30:00,12004,Shatabdi,0,GZB,ALJN,106.3,59.0,57.0,68.0,1.4333808391857028,106.49534976428869,2,5,56.23,SYNTHETIC
2026-01-17T02:45:00,12951,Rajdhani,1,MTJ,NDLS,143.0,110.0,108.0,125.0,1.6664223677935892,89.28296788050591,2,5,104.06,SYNTHETIC
2026-01-17T03:00:00,12951,Rajdhani,1,ST,BRC,129.0,81.0,79.0,90.0,5.8977728436237165,103.57034347297673,3,5,73.03,SYNTHETIC
2026-01-17T03:15:00,12951,Rajdhani,1,BCT,ST,263.0,162.0,158.0,172.0,1.06650667219846,99.99565320567069,3,5,148.09,SYNTHETIC
2026-01-17T03:30:00,12951,Rajdhani,1,BRC,RTM,261.0,197.0,193.0,215.0,-1.5309201512129942,79.61561155659362,3,5,190.87,SYNTHETIC
2026-01-17T03:45:00,12951,Rajdhani,1,BRC,RTM,261.0,197.0,193.0,215.0,5.346239200116126,64.13969869495489,3,5,179.29,SYNTHETIC
2026-01-17T04:00:00,12004,Shatabdi,0,CNB,LKO,71.6,75.0,72.0,85.0,1.145112844861651,70.53562279253474,4,5,75.24,SYNTHETIC
2026-01-17T04:15:00,12004,Shatabdi,0,NDLS,GZB,24.5,38.0,36.0,42.0,27.039424147226043,43.74536088471366,4,5,36.92,SYNTHETIC
2026-01-17T04:30:00,12951,Rajdhani,1,RTM,KOTA,266.0,157.0,154.0,170.0,1.1954750510759284,97.32233808069805,4,5,148.0,SYNTHETIC
2026-01-17T04:45:00,12004,Shatabdi,0,NDLS,GZB,24.5,38.0,36.0,42.0,3.634730494722098,37.82395264238415,4,5,42.7,SYNTHETIC
2026-01-17T05:00:00,12004,Shatabdi,0,CNB,LKO,71.6,75.0,72.0,85.0,-1.3137438410977826,64.04014599274474,5,5,74.6,SYNTHETIC
2026-01-17T05:15:00,12951,Rajdhani,1,BRC,RTM,261.0,197.0,193.0,215.0,14.920299640808565,87.72943772086737,5,5,178.15,SYNTHETIC
2026-01-17T05:30:00,12951,Rajdhani,1,BCT,ST,263.0,162.0,158.0,172.0,6.884226099837342,103.80456428209934,5,5,145.73,SYNTHETIC
2026-01-17T05:45:00,12951,Rajdhani,1,BCT,ST,263.0,162.0,158.0,172.0,0.3505731053512977,90.04078695231956,5,5,151.26,SYNTHETIC
2026-01-17T06:00:00,12951,Rajdhani,1,ST,BRC,129.0,81.0,79.0,90.0,11.18084362040678,98.81573044213197,6,5,74.83,SYNTHETIC
2026-01-17T06:15:00,12951,Rajdhani,1,ST,BRC,129.0,81.0,79.0,90.0,11.891542738347123,94.10218988451427,6,5,73.34,SYNTHETIC
2026-01-17T06:30:00,12951,Rajdhani,1,MTJ,NDLS,143.0,110.0,108.0,125.0,14.12179031459928,80.9547735349958,6,5,102.84,SYNTHETIC
2026-01-17T06:45:00,12951,Rajdhani,1,RTM,KOTA,266.0,157.0,154.0,170.0,7.214989819507107,111.60469308445501,6,5,147.06,SYNTHETIC
2026-01-17T07:00:00,12004,Shatabdi,0,CNB,LKO,71.6,75.0,72.0,85.0,0.26943380385074045,58.7469820046362,7,5,76.67,SYNTHETIC
2026-01-17T07:15:00,12951,Rajdhani,1,BCT,ST,263.0,162.0,158.0,172.0,-1.840960653944312,108.75899645773293,7,5,162.82,SYNTHETIC
2026-01-17T07:30:00,12004,Shatabdi,0,ALJN,CNB,308.6,209.0,205.0,228.0,11.528488243991134,78.22996410711615,7,5,224.87,SYNTHETIC
2026-01-17T07:45:00,12951,Rajdhani,1,BCT,ST,263.0,162.0,158.0,172.0,-1.888744944755361,108.18394663390853,7,5,156.12,SYNTHETIC
2026-01-17T08:00:00,12951,Rajdhani,1,BCT,ST,263.0,162.0,158.0,172.0,-0.5780153634569232,89.47143061196427,8,5,170.77,SYNTHETIC
2026-01-17T08:15:00,12951,Rajdhani,1,MTJ,NDLS,143.0,110.0,108.0,125.0,0.3411339224123706,74.46133340323908,8,5,118.75,SYNTHETIC
2026-01-17T08:30:00,12951,Rajdhani,1,KOTA,MTJ,324.0,195.0,190.0,212.0,4.966753850770809,104.32983813930778,8,5,206.05,SYNTHETIC
2026-01-17T08:45:00,12004,Shatabdi,0,GZB,ALJN,106.3,59.0,57.0,68.0,-0.08570968460406725,109.67873989825486,8,5,62.88,SYNTHETIC
2026-01-17T09:00:00,12004,Shatabdi,0,GZB,ALJN,106.3,59.0,57.0,68.0,4.974739989412103,92.42131210069712,9,5,70.23,SYNTHETIC
2026-01-17T09:15:00,12951,Rajdhani,1,RTM,KOTA,266.0,157.0,154.0,170.0,4.725282782239474,105.24678495042343,9,5,165.65,SYNTHETIC
2026-01-17T09:30:00,12004,Shatabdi,0,CNB,LKO,71.6,75.0,72.0,85.0,-0.4997025901693335,70.67996831556216,9,5,87.65,SYNTHETIC
2026-01-17T09:45:00,12951,Rajdhani,1,MTJ,NDLS,143.0,110.0,108.0,125.0,5.701201297410176,72.84460898780817,9,5,109.29,SYNTHETIC
2026-01-17T10:00:00,12951,Rajdhani,1,MTJ,NDLS,143.0,110.0,108.0,125.0,1.1709324264768468,74.52882505425514,10,5,112.73,SYNTHETIC
2026-01-17T10:15:00,12951,Rajdhani,1,RTM,KOTA,266.0,157.0,154.0,170.0,8.344021793688025,105.14868151842882,10,5,157.61,SYNTHETIC
2026-01-17T10:30:00,12951,Rajdhani,1,KOTA,MTJ,324.0,195.0,190.0,212.0,-1.3056528087858195,101.17019519895902,10,5,201.81,SYNTHETIC
2026-01-17T10:45:00,12951,Rajdhani,1,ST,BRC,129.0,81.0,79.0,90.0,0.55219449662754,93.65424540185606,10,5,88.69,SYNTHETIC
2026-01-17T11:00:00,12004,Shatabdi,0,ALJN,CNB,308.6,209.0,205.0,228.0,1.827507559850158,85.28667176597308,11,5,246.33,SYNTHETIC
2026-01-17T11:15:00,12004,Shatabdi,0,NDLS,GZB,24.5,38.0,36.0,42.0,0.6623909924804519,45.79031354496984,11,5,39.68,SYNTHETIC
2026-01-17T11:30:00,12004,Shatabdi,0,CNB,LKO,71.6,75.0,72.0,85.0,-0.21668755444037258,38.895468128927924,11,5,84.53,SYNTHETIC
2026-01-17T11:45:00,12004,Shatabdi,0,GZB,ALJN,106.3,59.0,57.0,68.0,-1.1651254551595625,108.43945810937826,11,5,66.83,SYNTHETIC
2026-01-17T12:00:00,12951,Rajdhani,1,MTJ,NDLS,143.0,110.0,108.0,125.0,3.642401924204223,61.36266521914284,12,5,111.55,SYNTHETIC
2026-01-17T12:15:00,12951,Rajdhani,1,KOTA,MTJ,324.0,195.0,190.0,212.0,0.25936075789930557,98.63876621150635,12,5,188.62,SYNTHETIC
2026-01-17T12:30:00,12004,Shatabdi,0,CNB,LKO,71.6,75.0,72.0,85.0,11.40757348369154,74.36058729828804,12,5,69.57,SYNTHETIC
2026-01-17T12:45:00,12951,Rajdhani,1,ST,BRC,129.0,81.0,79.0,90.0,-1.6793052139133176,118.96200708480805,12,5,74.84,SYNTHETIC
2026-01-17T13:00:00,12951,Rajdhani,1,ST,BRC,129.0,81.0,79.0,90.0,-1.1333811592325045,103.8740598675876,13,5,78.23,SYNTHETIC
2026-01-17T13:15:00,12951,Rajdhani,1,MTJ,NDLS,143.0,110.0,108.0,125.0,-0.7278771285457082,100.02255621542207,13,5,103.68,SYNTHETIC
2026-01-17T13:30:00,12951,Rajdhani,1,MTJ,NDLS,143.0,110.0,108.0,125.0,24.669601877994484,74.29273545352426,13,5,104.38,SYNTHETIC
2026-01-17T13:45:00,12004,Shatabdi,0,CNB,LKO,71.6,75.0,72.0,85.0,12.490695244349377,58.872780268887595,13,5,77.84,SYNTHETIC
2026-01-17T14:00:00,12951,Rajdhani,1,MTJ,NDLS,143.0,110.0,108.0,125.0,6.828807719569124,60.02585785065038,14,5,104.75,SYNTHETIC
2026-01-17T14:15:00,12951,Rajdhani,1,MTJ,NDLS,143.0,110.0,108.0,125.0,4.532493549001424,63.54302613764146,14,5,106.01,SYNTHETIC
2026-01-17T14:30:00,12951,Rajdhani,1,BRC,RTM,261.0,197.0,193.0,215.0,0.2504365675439222,84.6010509046065,14,5,196.57,SYNTHETIC
2026-01-17T14:45:00,12004,Shatabdi,0,GZB,ALJN,106.3,59.0,57.0,68.0,25.2479001813768,111.50349050657174,14,5,61.53,SYNTHETIC
2026-01-17T15:00:00,12951,Rajdhani,1,MTJ,NDLS,143.0,110.0,108.0,125.0,8.953929265392066,79.6658092982565,15,5,103.22,SYNTHETIC
2026-01-17T15:15:00,12004,Shatabdi,0,GZB,ALJN,106.3,59.0,57.0,68.0,2.94160133709536,126.5259763760225,15,5,61.57,SYNTHETIC
2026-01-17T15:30:00,12004,Shatabdi,0,CNB,LKO,71.6,75.0,72.0,85.0,3.7383974695508337,51.393398650175676,15,5,85.86,SYNTHETIC
2026-01-17T15:45:00,12951,Rajdhani,1,MTJ,NDLS,143.0,110.0,108.0,125.0,1.0927795092246493,80.02078507346954,15,5,106.43,SYNTHETIC
2026-01-17T16:00:00,12951,Rajdhani,1,BCT,ST,263.0,162.0,158.0,172.0,-1.865281965825564,104.78787283046302,16,5,157.31,SYNTHETIC
2026-01-17T16:15:00,12951,Rajdhani,1,KOTA,MTJ,324.0,195.0,190.0,212.0,-0.3407145535555609,91.8761498481649,16,5,191.78,SYNTHETIC
2026-01-17T16:30:00,12951,Rajdhani,1,RTM,KOTA,266.0,157.0,154.0,170.0,5.356284029261074,114.61441975285786,16,5,149.38,SYNTHETIC
2026-01-17T16:45:00,12951,Rajdhani,1,ST,BRC,129.0,81.0,79.0,90.0,1.08794451512049,95.81363983247061,16,5,75.95,SYNTHETIC
2026-01-17T17:00:00,12951,Rajdhani,1,KOTA,MTJ,324.0,195.0,190.0,212.0,14.658776172101554,101.08793532820485,17,5,201.59,SYNTHETIC
2026-01-17T17:15:00,12004,Shatabdi,0,NDLS,GZB,24.5,38.0,36.0,42.0,8.158009694079675,40.19706495885971,17,5,45.67,SYNTHETIC
2026-01-17T17:30:00,12951,Rajdhani,1,ST,BRC,129.0,81.0,79.0,90.0,22.235919074550218,94.43831933581089,17,5,79.88,SYNTHETIC
2026-01-17T17:45:00,12951,Rajdhani,1,BRC,RTM,261.0,197.0,193.0,215.0,0.09491851241692961,66.71506711712753,17,5,205.58,SYNTHETIC
2026-01-17T18:00:00,12951,Rajdhani,1,MTJ,NDLS,143.0,110.0,108.0,125.0,-1.8804626244764013,83.55001689485817,18,5,111.62,SYNTHETIC
2026-01-17T18:15:00,12951,Rajdhani,1,MTJ,NDLS,143.0,110.0,108.0,125.0,0.8469315395081098,90.85303431146058,18,5,111.11,SYNTHETIC
2026-01-17T18:30:00,12951,Rajdhani,1,RTM,KOTA,266.0,157.0,154.0,170.0,3.022276099350375,117.7281475723895,18,5,162.92,SYNTHETIC
2026-01-17T18:45:00,12004,Shatabdi,0,NDLS,GZB,24.5,38.0,36.0,42.0,-1.6380811648244507,32.33612411855637,18,5,41.09,SYNTHETIC
2026-01-17T19:00:00,12951,Rajdhani,1,BCT,ST,263.0,162.0,158.0,172.0,11.703983614512026,91.98645262942632,19,5,165.95,SYNTHETIC
2026-01-17T19:15:00,12004,Shatabdi,0,ALJN,CNB,308.6,209.0,205.0,228.0,0.2557380855427027,100.69376527600271,19,5,239.6,SYNTHETIC
2026-01-17T19:30:00,12951,Rajdhani,1,BRC,RTM,261.0,197.0,193.0,215.0,-0.2802740217167652,71.12242204595984,19,5,205.71,SYNTHETIC
2026-01-17T19:45:00,12951,Rajdhani,1,ST,BRC,129.0,81.0,79.0,90.0,1.3035010773363185,77.86834880550741,19,5,84.22,SYNTHETIC
2026-01-17T20:00:00,12951,Rajdhani,1,BCT,ST,263.0,162.0,158.0,172.0,5.27885428593162,105.26743760361308,20,5,165.79,SYNTHETIC
2026-01-17T20:15:00,12004,Shatabdi,0,NDLS,GZB,24.5,38.0,36.0,42.0,0.38560384592311125,53.30406799547227,20,5,45.45,SYNTHETIC
2026-01-17T20:30:00,12004,Shatabdi,0,ALJN,CNB,308.6,209.0,205.0,228.0,-0.5388829782428242,98.30543173300327,20,5,250.28,SYNTHETIC
2026-01-17T20:45:00,12004,Shatabdi,0,GZB,ALJN,106.3,59.0,57.0,68.0,-0.6292645240136385,108.08984601366635,20,5,64.21,SYNTHETIC
2026-01-17T21:00:00,12951,Rajdhani,1,MTJ,NDLS,143.0,110.0,108.0,125.0,11.906534696191356,79.10698822646404,21,5,112.48,SYNTHETIC
2026-01-17T21:15:00,12004,Shatabdi,0,CNB,LKO,71.6,75.0,72.0,85.0,1.9250154698740154,59.44106625333132,21,5,89.5,SYNTHETIC
2026-01-17T21:30:00,12004,Shatabdi,0,CNB,LKO,71.6,75.0,72.0,85.0,6.133450617047892,32.63318619559309,21,5,81.85,SYNTHETIC
2026-01-17T21:45:00,12951,Rajdhani,1,RTM,KOTA,266.0,157.0,154.0,170.0,20.383250190394598,99.95016997850662,21,5,163.12,SYNTHETIC
2026-01-17T22:00:00,12951,Rajdhani,1,MTJ,NDLS,143.0,110.0,108.0,125.0,4.693552731935695,78.20677496237857,22,5,110.79,SYNTHETIC
2026-01-17T22:15:00,12004,Shatabdi,0,CNB,LKO,71.6,75.0,72.0,85.0,5.089541874286182,65.45595315237901,22,5,79.2,SYNTHETIC
2026-01-17T22:30:00,12951,Rajdhani,1,RTM,KOTA,266.0,157.0,154.0,170.0,5.189387780832624,122.85462752710549,22,5,140.72,SYNTHETIC
2026-01-17T22:45:00,12951,Rajdhani,1,ST,BRC,129.0,81.0,79.0,90.0,-0.5486818183721804,92.80854155670272,22,5,75.93,SYNTHETIC
2026-01-17T23:00:00,12004,Shatabdi,0,ALJN,CNB,308.6,209.0,205.0,228.0,2.262234824200571,72.81219547545992,23,5,221.17,SYNTHETIC
2026-01-17T23:15:00,12004,Shatabdi,0,GZB,ALJN,106.3,59.0,57.0,68.0,15.488746785792923,110.09516982407246,23,5,62.03,SYNTHETIC
2026-01-17T23:30:00,12951,Rajdhani,1,MTJ,NDLS,143.0,110.0,108.0,125.0,9.701671090571107,68.4267008150467,23,5,104.72,SYNTHETIC
2026-01-17T23:45:00,12951,Rajdhani,1,RTM,KOTA,266.0,157.0,154.0,170.0,-0.6154115366735851,96.48415411836974,23,5,153.71,SYNTHETIC
2026-01-18T00:00:00,12004,Shatabdi,0,ALJN,CNB,308.6,209.0,205.0,228.0,4.698013816806052,95.42547767813107,0,6,236.0,SYNTHETIC
2026-01-18T00:15:00,12951,Rajdhani,1,ST,BRC,129.0,81.0,79.0,90.0,1.358675463851391,99.81444548084491,0,6,75.89,SYNTHETIC
2026-01-18T00:30:00,12004,Shatabdi,0,CNB,LKO,71.6,75.0,72.0,85.0,14.977828816378434,30.0,0,6,75.16,SYNTHETIC
2026-01-18T00:45:00,12951,Rajdhani,1,BRC,RTM,261.0,197.0,193.0,215.0,-1.9249793780683706,87.32077653513132,0,6,194.15,SYNTHETIC
2026-01-18T01:00:00,12004,Shatabdi,0,GZB,ALJN,106.3,59.0,57.0,68.0,4.241287131039128,113.48229735148068,1,6,63.11,SYNTHETIC
2026-01-18T01:15:00,12951,Rajdhani,1,ST,BRC,129.0,81.0,79.0,90.0,0.5665124349672026,97.23884164549966,1,6,78.77,SYNTHETIC
2026-01-18T01:30:00,12951,Rajdhani,1,KOTA,MTJ,324.0,195.0,190.0,212.0,46.82510312849416,98.21830240832878,1,6,194.95,SYNTHETIC
2026-01-18T01:45:00,12951,Rajdhani,1,ST,BRC,129.0,81.0,79.0,90.0,3.9037901672143596,107.77235571371745,1,6,79.81,SYNTHETIC
2026-01-18T02:00:00,12951,Rajdhani,1,KOTA,MTJ,324.0,195.0,190.0,212.0,7.360019765405523,93.51566965677658,2,6,177.51,SYNTHETIC
2026-01-18T02:15:00,12004,Shatabdi,0,NDLS,GZB,24.5,38.0,36.0,42.0,1.8782545389349572,49.85316218655016,2,6,43.01,SYNTHETIC
2026-01-18T02:30:00,12004,Shatabdi,0,GZB,ALJN,106.3,59.0,57.0,68.0,0.9474428364046839,106.85175668397903,2,6,58.85,SYNTHETIC
2026-01-18T02:45:00,12951,Rajdhani,1,RTM,KOTA,266.0,157.0,154.0,170.0,0.4993270249940789,112.21321831987207,2,6,142.64,SYNTHETIC
2026-01-18T03:00:00,12951,Rajdhani,1,BRC,RTM,261.0,197.0,193.0,215.0,9.485138725430463,80.54335325313508,3,6,174.39,SYNTHETIC
2026-01-18T03:15:00,12951,Rajdhani,1,KOTA,MTJ,324.0,195.0,190.0,212.0,1.813477533029931,83.68264549064428,3,6,185.45,SYNTHETIC
2026-01-18T03:30:00,12951,Rajdhani,1,RTM,KOTA,266.0,157.0,154.0,170.0,7.876953603002891,89.22900112338921,3,6,140.08,SYNTHETIC
2026-01-18T03:45:00,12951,Rajdhani,1,BRC,RTM,261.0,197.0,193.0,215.0,3.2528063279611485,58.836692125326714,3,6,190.92,SYNTHETIC
2026-01-18T04:00:00,12004,Shatabdi,0,CNB,LKO,71.6,75.0,72.0,85.0,9.413940609593897,52.632912611723484,4,6,72.12,SYNTHETIC
2026-01-18T04:15:00,12004,Shatabdi,0,NDLS,GZB,24.5,38.0,36.0,42.0,0.5302574681059902,37.49104554701398,4,6,39.75,SYNTHETIC
2026-01-18T04:30:00,12951,Rajdhani,1,KOTA,MTJ,324.0,195.0,190.0,212.0,-1.0258548233070892,86.63434633948371,4,6,183.77,SYNTHETIC
2026-01-18T04:45:00,12951,Rajdhani,1,MTJ,NDLS,143.0,110.0,108.0,125.0,-1.9304422795236005,75.51062146699788,4,6,101.39,SYNTHETIC
2026-01-18T05:00:00,12004,Shatabdi,0,ALJN,CNB,308.6,209.0,205.0,228.0,5.183409150590659,63.27405324092255,5,6,208.0,SYNTHETIC
2026-01-18T05:15:00,12004,Shatabdi,0,CNB,LKO,71.6,75.0,72.0,85.0,-1.8657014366706537,48.67627442134807,5,6,80.97,SYNTHETIC
2026-01-18T05:30:00,12951,Rajdhani,1,BCT,ST,263.0,162.0,158.0,172.0,-1.67297218421934,83.1857681609089,5,6,152.58,SYNTHETIC
2026-01-18T05:45:00,12004,Shatabdi,0,NDLS,GZB,24.5,38.0,36.0,42.0,2.99545257760788,47.42268688187018,5,6,40.78,SYNTHETIC
2026-01-18T06:00:00,12004,Shatabdi,0,ALJN,CNB,308.6,209.0,205.0,228.0,1.4955120117033296,77.62904016708116,6,6,235.82,SYNTHETIC
2026-01-18T06:15:00,12951,Rajdhani,1,RTM,KOTA,266.0,157.0,154.0,170.0,6.149713312676392,114.55029627257737,6,6,151.73,SYNTHETIC
2026-01-18T06:30:00,12951,Rajdhani,1,ST,BRC,129.0,81.0,79.0,90.0,7.763832849946311,106.61716739129017,6,6,68.51,SYNTHETIC
2026-01-18T06:45:00,12004,Shatabdi,0,ALJN,CNB,308.6,209.0,205.0,228.0,-1.9077047198006656,83.1220558872928,6,6,223.17,SYNTHETIC
2026-01-18T07:00:00,12951,Rajdhani,1,RTM,KOTA,266.0,157.0,154.0,170.0,5.664809955277302,106.20237841779411,7,6,155.42,SYNTHETIC
2026-01-18T07:15:00,12951,Rajdhani,1,MTJ,NDLS,143.0,110.0,108.0,125.0,4.361944922250863,80.8820908755303,7,6,107.75,SYNTHETIC
2026-01-18T07:30:00,12004,Shatabdi,0,CNB,LKO,71.6,75.0,72.0,85.0,5.650373361617346,56.98368489608612,7,6,77.97,SYNTHETIC
2026-01-18T07:45:00,12951,Rajdhani,1,MTJ,NDLS,143.0,110.0,108.0,125.0,-0.8003752274394327,76.29178110528188,7,6,108.8,SYNTHETIC
2026-01-18T08:00:00,12951,Rajdhani,1,RTM,KOTA,266.0,157.0,154.0,170.0,14.995111167726641,99.58543447899422,8,6,161.23,SYNTHETIC
2026-01-18T08:15:00,12951,Rajdhani,1,RTM,KOTA,266.0,157.0,154.0,170.0,2.8664129431439838,98.47731050504022,8,6,161.54,SYNTHETIC
2026-01-18T08:30:00,12951,Rajdhani,1,ST,BRC,129.0,81.0,79.0,90.0,13.70282782652244,110.48113697779158,8,6,86.31,SYNTHETIC
2026-01-18T08:45:00,12004,Shatabdi,0,NDLS,GZB,24.5,38.0,36.0,42.0,3.440755931551605,38.45526295907394,8,6,43.75,SYNTHETIC
2026-01-18T09:00:00,12951,Rajdhani,1,RTM,KOTA,266.0,157.0,154.0,170.0,9.677565313983083,98.63357472631367,9,6,150.93,SYNTHETIC
2026-01-18T09:15:00,12951,Rajdhani,1,BCT,ST,263.0,162.0,158.0,172.0,-0.9340175449815606,114.4357430100522,9,6,169.92,SYNTHETIC
2026-01-18T09:30:00,12951,Rajdhani,1,BRC,RTM,261.0,197.0,193.0,215.0,2.6255748756266506,80.67928233181235,9,6,207.5,SYNTHETIC
2026-01-18T09:45:00,12951,Rajdhani,1,BCT,ST,263.0,162.0,158.0,172.0,4.049728746391006,114.21651441503975,9,6,170.18,SYNTHETIC
2026-01-18T10:00:00,12004,Shatabdi,0,CNB,LKO,71.6,75.0,72.0,85.0,16.723698617078426,68.2010846906386,10,6,86.23,SYNTHETIC
2026-01-18T10:15:00,12951,Rajdhani,1,RTM,KOTA,266.0,157.0,154.0,170.0,4.457974289713933,106.9700621489724,10,6,159.17,SYNTHETIC
2026-01-18T10:30:00,12951,Rajdhani,1,BRC,RTM,261.0,197.0,193.0,215.0,0.947328849624478,83.6830526385941,10,6,203.73,SYNTHETIC
2026-01-18T10:45:00,12951,Rajdhani,1,MTJ,NDLS,143.0,110.0,108.0,125.0,4.828208513670519,80.91742444833528,10,6,114.69,SYNTHETIC
2026-01-18T11:00:00,12951,Rajdhani,1,KOTA,MTJ,324.0,195.0,190.0,212.0,-0.8781871650803448,105.2214653295708,11,6,208.42,SYNTHETIC
2026-01-18T11:15:00,12951,Rajdhani,1,BRC,RTM,261.0,197.0,193.0,215.0,-1.5050140291397174,61.28451822745615,11,6,203.82,SYNTHETIC
2026-01-18T11:30:00,12951,Rajdhani,1,KOTA,MTJ,324.0,195.0,190.0,212.0,0.9438279189636902,92.30264293170455,11,6,203.28,SYNTHETIC
2026-01-18T11:45:00,12951,Rajdhani,1,BCT,ST,263.0,162.0,158.0,172.0,-0.12805714258044776,111.75066284272113,11,6,163.93,SYNTHETIC
2026-01-18T12:00:00,12951,Rajdhani,1,MTJ,NDLS,143.0,110.0,108.0,125.0,-0.9636061702215282,72.77831861463592,12,6,107.05,SYNTHETIC
2026-01-18T12:15:00,12004,Shatabdi,0,NDLS,GZB,24.5,38.0,36.0,42.0,7.797519741388317,44.54407507656768,12,6,37.77,SYNTHETIC
2026-01-18T12:30:00,12004,Shatabdi,0,ALJN,CNB,308.6,209.0,205.0,228.0,9.277844009041264,90.29889334580393,12,6,224.51,SYNTHETIC
2026-01-18T12:45:00,12951,Rajdhani,1,BCT,ST,263.0,162.0,158.0,172.0,-1.5884625066439,87.45031494275698,12,6,152.9,SYNTHETIC
2026-01-18T13:00:00,12951,Rajdhani,1,MTJ,NDLS,143.0,110.0,108.0,125.0,2.124056068169031,86.44613740610544,13,6,109.64,SYNTHETIC
2026-01-18T13:15:00,12951,Rajdhani,1,RTM,KOTA,266.0,157.0,154.0,170.0,1.603922396693207,120.41426118381865,13,6,151.53,SYNTHETIC
2026-01-18T13:30:00,12951,Rajdhani,1,KOTA,MTJ,324.0,195.0,190.0,212.0,2.0170318811792782,98.42079505104782,13,6,186.91,SYNTHETIC
2026-01-18T13:45:00,12951,Rajdhani,1,BRC,RTM,261.0,197.0,193.0,215.0,12.51577197443175,93.15921306845243,13,6,187.24,SYNTHETIC
2026-01-18T14:00:00,12004,Shatabdi,0,CNB,LKO,71.6,75.0,72.0,85.0,8.778639429980982,53.915788798737815,14,6,79.88,SYNTHETIC
2026-01-18T14:15:00,12951,Rajdhani,1,RTM,KOTA,266.0,157.0,154.0,170.0,4.964631678689332,92.64720108908169,14,6,156.06,SYNTHETIC
2026-01-18T14:30:00,12004,Shatabdi,0,NDLS,GZB,24.5,38.0,36.0,42.0,2.6924981007393924,47.241497451144355,14,6,40.03,SYNTHETIC
2026-01-18T14:45:00,12951,Rajdhani,1,MTJ,NDLS,143.0,110.0,108.0,125.0,8.53226953202585,63.042085777809746,14,6,103.12,SYNTHETIC
2026-01-18T15:00:00,12951,Rajdhani,1,KOTA,MTJ,324.0,195.0,190.0,212.0,2.609711245875819,81.57672942396776,15,6,184.72,SYNTHETIC
2026-01-18T15:15:00,12951,Rajdhani,1,BRC,RTM,261.0,197.0,193.0,215.0,3.3289330529349375,98.53198533856933,15,6,189.82,SYNTHETIC
2026-01-18T15:30:00,12004,Shatabdi,0,ALJN,CNB,308.6,209.0,205.0,228.0,17.423474372937992,80.24513296435772,15,6,219.76,SYNTHETIC
2026-01-18T15:45:00,12004,Shatabdi,0,CNB,LKO,71.6,75.0,72.0,85.0,2.6223639831442185,54.97537007342578,15,6,79.72,SYNTHETIC
2026-01-18T16:00:00,12004,Shatabdi,0,ALJN,CNB,308.6,209.0,205.0,228.0,19.847511445461873,89.39645269861678,16,6,215.99,SYNTHETIC
2026-01-18T16:15:00,12951,Rajdhani,1,MTJ,NDLS,143.0,110.0,108.0,125.0,-1.1233719529272517,64.4890290794624,16,6,107.96,SYNTHETIC
2026-01-18T16:30:00,12951,Rajdhani,1,BRC,RTM,261.0,197.0,193.0,215.0,-0.8793671184097138,107.00047554205223,16,6,192.98,SYNTHETIC
2026-01-18T16:45:00,12004,Shatabdi,0,NDLS,GZB,24.5,38.0,36.0,42.0,2.577883464054577,35.983789065350706,16,6,41.36,SYNTHETIC
2026-01-18T17:00:00,12951,Rajdhani,1,ST,BRC,129.0,81.0,79.0,90.0,4.961157539845519,116.0702911181707,17,6,80.88,SYNTHETIC
2026-01-18T17:15:00,12951,Rajdhani,1,BRC,RTM,261.0,197.0,193.0,215.0,-0.7500375942353776,99.85064119613814,17,6,202.13,SYNTHETIC
2026-01-18T17:30:00,12951,Rajdhani,1,MTJ,NDLS,143.0,110.0,108.0,125.0,-1.9643499059603953,73.46953428740957,17,6,116.84,SYNTHETIC
2026-01-18T17:45:00,12004,Shatabdi,0,ALJN,CNB,308.6,209.0,205.0,228.0,1.6915169490778261,102.81641489246611,17,6,242.19,SYNTHETIC
2026-01-18T18:00:00,12951,Rajdhani,1,BCT,ST,263.0,162.0,158.0,172.0,12.185082163123244,103.88281806958844,18,6,165.03,SYNTHETIC
2026-01-18T18:15:00,12951,Rajdhani,1,BCT,ST,263.0,162.0,158.0,172.0,7.838458935093797,109.61604035238351,18,6,160.11,SYNTHETIC
2026-01-18T18:30:00,12951,Rajdhani,1,MTJ,NDLS,143.0,110.0,108.0,125.0,9.246719756524666,83.86245572190518,18,6,112.92,SYNTHETIC
2026-01-18T18:45:00,12951,Rajdhani,1,RTM,KOTA,266.0,157.0,154.0,170.0,6.406405001163119,98.3708123049966,18,6,158.45,SYNTHETIC
2026-01-18T19:00:00,12004,Shatabdi,0,ALJN,CNB,308.6,209.0,205.0,228.0,1.1031853413676744,84.29047554937526,19,6,233.32,SYNTHETIC
2026-01-18T19:15:00,12951,Rajdhani,1,RTM,KOTA,266.0,157.0,154.0,170.0,7.85185399881839,107.92352965305258,19,6,158.84,SYNTHETIC
2026-01-18T19:30:00,12004,Shatabdi,0,GZB,ALJN,106.3,59.0,57.0,68.0,-1.4998245879079526,113.6976856471397,19,6,64.95,SYNTHETIC
2026-01-18T19:45:00,12004,Shatabdi,0,GZB,ALJN,106.3,59.0,57.0,68.0,5.947212644606971,112.7788249628709,19,6,65.22,SYNTHETIC
2026-01-18T20:00:00,12951,Rajdhani,1,KOTA,MTJ,324.0,195.0,190.0,212.0,-1.3609780105674747,89.87092497479556,20,6,202.76,SYNTHETIC
2026-01-18T20:15:00,12951,Rajdhani,1,ST,BRC,129.0,81.0,79.0,90.0,9.570320951822515,90.7725633342359,20,6,77.87,SYNTHETIC
2026-01-18T20:30:00,12951,Rajdhani,1,BRC,RTM,261.0,197.0,193.0,215.0,-1.8811677774579154,83.89974130218172,20,6,215.71,SYNTHETIC
2026-01-18T20:45:00,12951,Rajdhani,1,MTJ,NDLS,143.0,110.0,108.0,125.0,3.3551664079981105,82.12476431530425,20,6,112.27,SYNTHETIC
2026-01-18T21:00:00,12951,Rajdhani,1,BRC,RTM,261.0,197.0,193.0,215.0,2.045322089620205,81.55327814272013,21,6,206.46,SYNTHETIC
2026-01-18T21:15:00,12951,Rajdhani,1,MTJ,NDLS,143.0,110.0,108.0,125.0,-1.2936244802327472,88.68641218886948,21,6,112.66,SYNTHETIC
2026-01-18T21:30:00,12004,Shatabdi,0,CNB,LKO,71.6,75.0,72.0,85.0,0.3097538859044793,57.362587562571974,21,6,79.49,SYNTHETIC
2026-01-18T21:45:00,12951,Rajdhani,1,MTJ,NDLS,143.0,110.0,108.0,125.0,5.905938591372193,82.01817550861794,21,6,112.14,SYNTHETIC
2026-01-18T22:00:00,12004,Shatabdi,0,NDLS,GZB,24.5,38.0,36.0,42.0,2.2705869328697403,30.0,22,6,43.36,SYNTHETIC
2026-01-18T22:15:00,12951,Rajdhani,1,RTM,KOTA,266.0,157.0,154.0,170.0,-1.116188441164804,92.83726522775555,22,6,154.06,SYNTHETIC
2026-01-18T22:30:00,12004,Shatabdi,0,ALJN,CNB,308.6,209.0,205.0,228.0,2.071612810483355,81.16105414829124,22,6,225.81,SYNTHETIC
2026-01-18T22:45:00,12951,Rajdhani,1,RTM,KOTA,266.0,157.0,154.0,170.0,9.046584655841956,118.1019965488773,22,6,148.0,SYNTHETIC
2026-01-18T23:00:00,12951,Rajdhani,1,RTM,KOTA,266.0,157.0,154.0,170.0,-0.9870499439788443,113.94796348472033,23,6,158.89,SYNTHETIC
2026-01-18T23:15:00,12951,Rajdhani,1,BRC,RTM,261.0,197.0,193.0,215.0,9.214884478150626,94.06043269532823,23,6,183.36,SYNTHETIC
2026-01-18T23:30:00,12004,Shatabdi,0,CNB,LKO,71.6,75.0,72.0,85.0,3.293979226024743,69.7452356412158,23,6,73.39,SYNTHETIC
2026-01-18T23:45:00,12951,Rajdhani,1,RTM,KOTA,266.0,157.0,154.0,170.0,27.605361588964655,99.95851837065307,23,6,156.11,SYNTHETIC
2026-01-19T00:00:00,12951,Rajdhani,1,ST,BRC,129.0,81.0,79.0,90.0,9.068329438405254,91.35266987306007,0,0,77.01,SYNTHETIC
2026-01-19T00:15:00,12951,Rajdhani,1,RTM,KOTA,266.0,157.0,154.0,170.0,5.646716451952053,110.5456165576637,0,0,149.43,SYNTHETIC
2026-01-19T00:30:00,12951,Rajdhani,1,BRC,RTM,261.0,197.0,193.0,215.0,0.21583187677814575,90.41411494948001,0,0,191.06,SYNTHETIC
2026-01-19T00:45:00,12951,Rajdhani,1,BCT,ST,263.0,162.0,158.0,172.0,-1.6975524689809924,111.04023047219421,0,0,158.7,SYNTHETIC
2026-01-19T01:00:00,12951,Rajdhani,1,KOTA,MTJ,324.0,195.0,190.0,212.0,-1.4822913597263867,100.3587654266543,1,0,181.7,SYNTHETIC
2026-01-19T01:15:00,12951,Rajdhani,1,MTJ,NDLS,143.0,110.0,108.0,125.0,4.423607625570401,73.65984715568113,1,0,103.45,SYNTHETIC
2026-01-19T01:30:00,12951,Rajdhani,1,BCT,ST,263.0,162.0,158.0,172.0,2.4739657257843355,88.2102414556157,1,0,151.65,SYNTHETIC
2026-01-19T01:45:00,12951,Rajdhani,1,RTM,KOTA,266.0,157.0,154.0,170.0,1.944795422694142,100.72821750928776,1,0,146.69,SYNTHETIC
2026-01-19T02:00:00,12004,Shatabdi,0,ALJN,CNB,308.6,209.0,205.0,228.0,3.618313262171678,89.22222247867738,2,0,212.04,SYNTHETIC
2026-01-19T02:15:00,12951,Rajdhani,1,MTJ,NDLS,143.0,110.0,108.0,125.0,9.840068863077185,72.26539551535232,2,0,105.57,SYNTHETIC
2026-01-19T02:30:00,12004,Shatabdi,0,ALJN,CNB,308.6,209.0,205.0,228.0,1.6093592769685046,100.41280062964483,2,0,223.82,SYNTHETIC
2026-01-19T02:45:00,12004,Shatabdi,0,GZB,ALJN,106.3,59.0,57.0,68.0,-1.9737853361887814,109.12584328441723,2,0,58.1,SYNTHETIC
2026-01-19T03:00:00,12004,Shatabdi,0,NDLS,GZB,24.5,38.0,36.0,42.0,14.238564629687378,30.0,3,0,38.27,SYNTHETIC
2026-01-19T03:15:00,12951,Rajdhani,1,ST,BRC,129.0,81.0,79.0,90.0,5.186293014488761,91.66622803639524,3,0,72.58,SYNTHETIC
2026-01-19T03:30:00,12004,Shatabdi,0,CNB,LKO,71.6,75.0,72.0,85.0,1.0199234239019486,62.84195094470158,3,0,74.79,SYNTHETIC
2026-01-19T03:45:00,12004,Shatabdi,0,CNB,LKO,71.6,75.0,72.0,85.0,-1.0947500106498087,67.51851748977043,3,0,69.58,SYNTHETIC
2026-01-19T04:00:00,12951,Rajdhani,1,BRC,RTM,261.0,197.0,193.0,215.0,0.35876793624217296,76.62433351806189,4,0,182.41,SYNTHETIC
2026-01-19T04:15:00,12004,Shatabdi,0,CNB,LKO,71.6,75.0,72.0,85.0,6.449700693058542,75.74581727785824,4,0,78.75,SYNTHETIC
2026-01-19T04:30:00,12951,Rajdhani,1,RTM,KOTA,266.0,157.0,154.0,170.0,-1.2901203290890093,101.33984799924845,4,0,144.46,SYNTHETIC
2026-01-19T04:45:00,12951,Rajdhani,1,BRC,RTM,261.0,197.0,193.0,215.0,7.002058753721162,78.04923400567439,4,0,180.7,SYNTHETIC
2026-01-19T05:00:00,12951,Rajdhani,1,RTM,KOTA,266.0,157.0,154.0,170.0,8.656129558093655,118.5629618014351,5,0,145.2,SYNTHETIC
2026-01-19T05:15:00,12951,Rajdhani,1,KOTA,MTJ,324.0,195.0,190.0,212.0,-1.7662901332208307,113.68960044997336,5,0,183.6,SYNTHETIC
2026-01-19T05:30:00,12951,Rajdhani,1,ST,BRC,129.0,81.0,79.0,90.0,5.669790068326876,93.90279350208355,5,0,76.44,SYNTHETIC
2026-01-19T05:45:00,12004,Shatabdi,0,CNB,LKO,71.6,75.0,72.0,85.0,5.7919969257406,58.00937033531201,5,0,72.34,SYNTHETIC
2026-01-19T06:00:00,12004,Shatabdi,0,CNB,LKO,71.6,75.0,72.0,85.0,-1.4472686117415174,57.235886105874584,6,0,81.48,SYNTHETIC
2026-01-19T06:15:00,12004,Shatabdi,0,CNB,LKO,71.6,75.0,72.0,85.0,0.9664277931066705,67.33055143239066,6,0,79.33,SYNTHETIC
2026-01-19T06:30:00,12951,Rajdhani,1,MTJ,NDLS,143.0,110.0,108.0,125.0,3.1617191966836042,87.4241969902635,6,0,106.33,SYNTHETIC
2026-01-19T06:45:00,12951,Rajdhani,1,RTM,KOTA,266.0,157.0,154.0,170.0,6.610066595957409,108.03984714020282,6,0,150.34,SYNTHETIC
2026-01-19T07:00:00,12004,Shatabdi,0,GZB,ALJN,106.3,59.0,57.0,68.0,4.212241887274787,115.17906674792076,7,0,67.16,SYNTHETIC
2026-01-19T07:15:00,12951,Rajdhani,1,KOTA,MTJ,324.0,195.0,190.0,212.0,4.37772541056365,103.77001963543302,7,0,194.19,SYNTHETIC
2026-01-19T07:30:00,12951,Rajdhani,1,ST,BRC,129.0,81.0,79.0,90.0,1.32619290961832,117.18342773640656,7,0,80.6,SYNTHETIC
2026-01-19T07:45:00,12004,Shatabdi,0,NDLS,GZB,24.5,38.0,36.0,42.0,1.0050322458215755,33.399108482245495,7,0,38.55,SYNTHETIC
2026-01-19T08:00:00,12951,Rajdhani,1,ST,BRC,129.0,81.0,79.0,90.0,4.976456700908346,84.12505114887261,8,0,83.12,SYNTHETIC
2026-01-19T08:15:00,12951,Rajdhani,1,RTM,KOTA,266.0,157.0,154.0,170.0,4.087480819837102,101.03652438383658,8,0,166.08,SYNTHETIC
2026-01-19T08:30:00,12004,Shatabdi,0,ALJN,CNB,308.6,209.0,205.0,228.0,15.147280938963927,93.75121499272562,8,0,234.5,SYNTHETIC
2026-01-19T08:45:00,12004,Shatabdi,0,CNB,LKO,71.6,75.0,72.0,85.0,1.8840882655479243,61.04745075084213,8,0,80.22,SYNTHETIC
2026-01-19T09:00:00,12004,Shatabdi,0,CNB,LKO,71.6,75.0,72.0,85.0,14.124558612169004,60.197259795992856,9,0,86.03,SYNTHETIC
2026-01-19T09:15:00,12004,Shatabdi,0,GZB,ALJN,106.3,59.0,57.0,68.0,2.9147919336572565,88.00292988270597,9,0,67.75,SYNTHETIC
2026-01-19T09:30:00,12004,Shatabdi,0,NDLS,GZB,24.5,38.0,36.0,42.0,0.026787572588169883,33.833679972928,9,0,40.71,SYNTHETIC
2026-01-19T09:45:00,12951,Rajdhani,1,ST,BRC,129.0,81.0,79.0,90.0,-1.3426192618556512,85.39448443164042,9,0,88.34,SYNTHETIC
2026-01-19T10:00:00,12951,Rajdhani,1,BRC,RTM,261.0,197.0,193.0,215.0,2.5752591981268598,95.05412990841943,10,0,205.6,SYNTHETIC
2026-01-19T10:15:00,12951,Rajdhani,1,BRC,RTM,261.0,197.0,193.0,215.0,0.5683871291162199,72.10134095353364,10,0,213.27,SYNTHETIC
2026-01-19T10:30:00,12004,Shatabdi,0,CNB,LKO,71.6,75.0,72.0,85.0,2.4109510961346396,73.02693148032655,10,0,80.67,SYNTHETIC
2026-01-19T10:45:00,12004,Shatabdi,0,NDLS,GZB,24.5,38.0,36.0,42.0,-1.0580697180180152,37.8520275406749,10,0,36.67,SYNTHETIC
2026-01-19T11:00:00,12004,Shatabdi,0,CNB,LKO,71.6,75.0,72.0,85.0,26.748608972592095,57.584708991017095,11,0,86.57,SYNTHETIC
2026-01-19T11:15:00,12951,Rajdhani,1,RTM,KOTA,266.0,157.0,154.0,170.0,3.1417594375226914,96.48387844818772,11,0,160.86,SYNTHETIC
2026-01-19T11:30:00,12951,Rajdhani,1,BRC,RTM,261.0,197.0,193.0,215.0,15.319069877674732,87.1035711972306,11,0,204.86,SYNTHETIC
2026-01-19T11:45:00,12951,Rajdhani,1,RTM,KOTA,266.0,157.0,154.0,170.0,1.7454414182935478,103.97908177836585,11,0,156.85,SYNTHETIC
2026-01-19T12:00:00,12951,Rajdhani,1,KOTA,MTJ,324.0,195.0,190.0,212.0,9.697237039049812,103.3960337744509,12,0,179.09,SYNTHETIC
2026-01-19T12:15:00,12951,Rajdhani,1,ST,BRC,129.0,81.0,79.0,90.0,4.4749566233860225,103.0993457179095,12,0,81.37,SYNTHETIC
2026-01-19T12:30:00,12951,Rajdhani,1,BRC,RTM,261.0,197.0,193.0,215.0,-1.7230082917204617,82.88484548658958,12,0,194.1,SYNTHETIC
2026-01-19T12:45:00,12951,Rajdhani,1,ST,BRC,129.0,81.0,79.0,90.0,1.807520097076436,109.65210279958158,12,0,76.67,SYNTHETIC
2026-01-19T13:00:00,12951,Rajdhani,1,MTJ,NDLS,143.0,110.0,108.0,125.0,5.937029712669313,89.53848409719686,13,0,105.83,SYNTHETIC
2026-01-19T13:15:00,12004,Shatabdi,0,ALJN,CNB,308.6,209.0,205.0,228.0,3.682953626736741,82.89808751520485,13,0,226.05,SYNTHETIC
2026-01-19T13:30:00,12951,Rajdhani,1,RTM,KOTA,266.0,157.0,154.0,170.0,10.420361519161995,102.32072518122968,13,0,146.31,SYNTHETIC
2026-01-19T13:45:00,12951,Rajdhani,1,KOTA,MTJ,324.0,195.0,190.0,212.0,-1.4588158339947523,100.6315923533954,13,0,191.81,SYNTHETIC
2026-01-19T14:00:00,12951,Rajdhani,1,RTM,KOTA,266.0,157.0,154.0,170.0,2.4375820656500347,98.38821854741218,14,0,150.71,SYNTHETIC
2026-01-19T14:15:00,12951,Rajdhani,1,RTM,KOTA,266.0,157.0,154.0,170.0,-1.062107419789266,97.96272558029256,14,0,155.91,SYNTHETIC
2026-01-19T14:30:00,12951,Rajdhani,1,BRC,RTM,261.0,197.0,193.0,215.0,5.311533740026187,74.9629421585943,14,0,189.36,SYNTHETIC
2026-01-19T14:45:00,12004,Shatabdi,0,NDLS,GZB,24.5,38.0,36.0,42.0,3.86722489165186,30.0,14,0,43.94,SYNTHETIC
2026-01-19T15:00:00,12951,Rajdhani,1,BRC,RTM,261.0,197.0,193.0,215.0,9.889663611853752,80.32095257733206,15,0,190.18,SYNTHETIC
2026-01-19T15:15:00,12004,Shatabdi,0,NDLS,GZB,24.5,38.0,36.0,42.0,10.733993771421364,47.115031924022894,15,0,43.9,SYNTHETIC
2026-01-19T15:30:00,12951,Rajdhani,1,BRC,RTM,261.0,197.0,193.0,215.0,16.04585913539266,89.27270043370292,15,0,184.68,SYNTHETIC
2026-01-19T15:45:00,12951,Rajdhani,1,BRC,RTM,261.0,197.0,193.0,215.0,4.822503559480314,86.44559662268225,15,0,188.45,SYNTHETIC
2026-01-19T16:00:00,12951,Rajdhani,1,MTJ,NDLS,143.0,110.0,108.0,125.0,1.8670447953904823,73.78690781470976,16,0,111.55,SYNTHETIC
2026-01-19T16:15:00,12951,Rajdhani,1,RTM,KOTA,266.0,157.0,154.0,170.0,1.1142639561143968,121.03301615606813,16,0,154.26,SYNTHETIC
2026-01-19T16:30:00,12004,Shatabdi,0,ALJN,CNB,308.6,209.0,205.0,228.0,1.2670222209176263,82.99015363593831,16,0,229.99,SYNTHETIC
2026-01-19T16:45:00,12951,Rajdhani,1,BRC,RTM,261.0,197.0,193.0,215.0,2.704603473362556,69.9314248374013,16,0,192.97,SYNTHETIC
2026-01-19T17:00:00,12004,Shatabdi,0,NDLS,GZB,24.5,38.0,36.0,42.0,4.144160006586756,51.55197363327491,17,0,37.85,SYNTHETIC
2026-01-19T17:15:00,12951,Rajdhani,1,BCT,ST,263.0,162.0,158.0,172.0,2.8840987247858276,88.64598999870431,17,0,167.04,SYNTHETIC
2026-01-19T17:30:00,12951,Rajdhani,1,MTJ,NDLS,143.0,110.0,108.0,125.0,9.542774359060715,74.03012799370184,17,0,109.07,SYNTHETIC
2026-01-19T17:45:00,12951,Rajdhani,1,BRC,RTM,261.0,197.0,193.0,215.0,1.4622182667586014,94.85149190843892,17,0,211.81,SYNTHETIC
2026-01-19T18:00:00,12004,Shatabdi,0,ALJN,CNB,308.6,209.0,205.0,228.0,14.368166320669172,85.7516330261959,18,0,233.93,SYNTHETIC
2026-01-19T18:15:00,12951,Rajdhani,1,KOTA,MTJ,324.0,195.0,190.0,212.0,5.656965057822334,109.5074761372386,18,0,206.45,SYNTHETIC
2026-01-19T18:30:00,12951,Rajdhani,1,BRC,RTM,261.0,197.0,193.0,215.0,-1.1915700323155953,81.4881622420024,18,0,208.98,SYNTHETIC
2026-01-19T18:45:00,12004,Shatabdi,0,GZB,ALJN,106.3,59.0,57.0,68.0,5.240218421446626,109.97427883587437,18,0,67.17,SYNTHETIC
2026-01-19T19:00:00,12004,Shatabdi,0,NDLS,GZB,24.5,38.0,36.0,42.0,-1.6011145334242316,37.58438518693109,19,0,42.16,SYNTHETIC
2026-01-19T19:15:00,12004,Shatabdi,0,ALJN,CNB,308.6,209.0,205.0,228.0,-0.29815272031816464,95.95471676527698,19,0,245.14,SYNTHETIC
2026-01-19T19:30:00,12951,Rajdhani,1,RTM,KOTA,266.0,157.0,154.0,170.0,8.38070724475615,104.54545453070712,19,0,151.13,SYNTHETIC
2026-01-19T19:45:00,12951,Rajdhani,1,KOTA,MTJ,324.0,195.0,190.0,212.0,-1.2306781383584429,104.66255351062448,19,0,200.1,SYNTHETIC
2026-01-19T20:00:00,12004,Shatabdi,0,ALJN,CNB,308.6,209.0,205.0,228.0,5.9565497628785895,89.5117128521242,20,0,232.5,SYNTHETIC
2026-01-19T20:15:00,12951,Rajdhani,1,BCT,ST,263.0,162.0,158.0,172.0,1.2115396608580977,88.47132087629568,20,0,167.53,SYNTHETIC
2026-01-19T20:30:00,12951,Rajdhani,1,BCT,ST,263.0,162.0,158.0,172.0,-0.6657807533441402,98.31520716578082,20,0,169.71,SYNTHETIC
2026-01-19T20:45:00,12004,Shatabdi,0,ALJN,CNB,308.6,209.0,205.0,228.0,6.498102064354663,81.44385569517745,20,0,235.4,SYNTHETIC
2026-01-19T21:00:00,12951,Rajdhani,1,MTJ,NDLS,143.0,110.0,108.0,125.0,4.018996964988931,68.94257907082775,21,0,111.11,SYNTHETIC
2026-01-19T21:15:00,12004,Shatabdi,0,GZB,ALJN,106.3,59.0,57.0,68.0,0.22434168873675375,130.0,21,0,68.6,SYNTHETIC
2026-01-19T21:30:00,12951,Rajdhani,1,KOTA,MTJ,324.0,195.0,190.0,212.0,20.50503307777393,88.96594039592956,21,0,203.98,SYNTHETIC
2026-01-19T21:45:00,12004,Shatabdi,0,CNB,LKO,71.6,75.0,72.0,85.0,15.17904282052504,55.11199610416926,21,0,85.71,SYNTHETIC
2026-01-19T22:00:00,12004,Shatabdi,0,CNB,LKO,71.6,75.0,72.0,85.0,8.29856387766829,45.91032577880305,22,0,76.02,SYNTHETIC
2026-01-19T22:15:00,12004,Shatabdi,0,GZB,ALJN,106.3,59.0,57.0,68.0,3.1150131184176457,130.0,22,0,61.45,SYNTHETIC
2026-01-19T22:30:00,12951,Rajdhani,1,ST,BRC,129.0,81.0,79.0,90.0,7.699283068158849,97.60888314553534,22,0,71.42,SYNTHETIC
2026-01-19T22:45:00,12951,Rajdhani,1,RTM,KOTA,266.0,157.0,154.0,170.0,-1.6026189322391056,109.10035490311613,22,0,152.02,SYNTHETIC
2026-01-19T23:00:00,12004,Shatabdi,0,GZB,ALJN,106.3,59.0,57.0,68.0,5.895599086009746,107.38170819866862,23,0,57.55,SYNTHETIC
2026-01-19T23:15:00,12951,Rajdhani,1,ST,BRC,129.0,81.0,79.0,90.0,5.484869407852331,106.91545841667998,23,0,77.0,SYNTHETIC
2026-01-19T23:30:00,12951,Rajdhani,1,RTM,KOTA,266.0,157.0,154.0,170.0,-1.3682910418366019,98.60767609965407,23,0,157.54,SYNTHETIC
2026-01-19T23:45:00,12004,Shatabdi,0,CNB,LKO,71.6,75.0,72.0,85.0,-0.5882407214625276,62.37074800874715,23,0,81.99,SYNTHETIC
2026-01-20T00:00:00,12951,Rajdhani,1,ST,BRC,129.0,81.0,79.0,90.0,15.115086162322832,90.37795336677827,0,1,78.62,SYNTHETIC
2026-01-20T00:15:00,12951,Rajdhani,1,ST,BRC,129.0,81.0,79.0,90.0,7.954109461994207,108.35480881746342,0,1,78.92,SYNTHETIC
2026-01-20T00:30:00,12951,Rajdhani,1,KOTA,MTJ,324.0,195.0,190.0,212.0,0.7632305256603602,94.26280161780423,0,1,191.65,SYNTHETIC
2026-01-20T00:45:00,12951,Rajdhani,1,ST,BRC,129.0,81.0,79.0,90.0,0.2316102036696348,117.78992621513049,0,1,77.67,SYNTHETIC
2026-01-20T01:00:00,12951,Rajdhani,1,KOTA,MTJ,324.0,195.0,190.0,212.0,1.833280757355233,88.3240136614119,1,1,180.42,SYNTHETIC
2026-01-20T01:15:00,12004,Shatabdi,0,CNB,LKO,71.6,75.0,72.0,85.0,10.714188175762814,50.01555734383983,1,1,69.0,SYNTHETIC
2026-01-20T01:30:00,12951,Rajdhani,1,MTJ,NDLS,143.0,110.0,108.0,125.0,-0.44419632629755457,73.87445915581542,1,1,106.31,SYNTHETIC
2026-01-20T01:45:00,12951,Rajdhani,1,BCT,ST,263.0,162.0,158.0,172.0,7.310381195367924,96.71258811028926,1,1,147.88,SYNTHETIC
2026-01-20T02:00:00,12951,Rajdhani,1,RTM,KOTA,266.0,157.0,154.0,170.0,5.968677982736639,102.30256029437535,2,1,142.9,SYNTHETIC
2026-01-20T02:15:00,12951,Rajdhani,1,KOTA,MTJ,324.0,195.0,190.0,212.0,1.2606016883576938,96.11942523451958,2,1,179.76,SYNTHETIC
2026-01-20T02:30:00,12004,Shatabdi,0,ALJN,CNB,308.6,209.0,205.0,228.0,7.737545555767369,84.32886181955995,2,1,214.63,SYNTHETIC
2026-01-20T02:45:00,12951,Rajdhani,1,BRC,RTM,261.0,197.0,193.0,215.0,-0.7225226818436243,80.04125514203764,2,1,184.73,SYNTHETIC
2026-01-20T03:00:00,12004,Shatabdi,0,ALJN,CNB,308.6,209.0,205.0,228.0,1.1601848838338262,86.5669508187565,3,1,214.76,SYNTHETIC
2026-01-20T03:15:00,12951,Rajdhani,1,KOTA,MTJ,324.0,195.0,190.0,212.0,3.177566934592285,108.61758539733536,3,1,175.67,SYNTHETIC
2026-01-20T03:30:00,12004,Shatabdi,0,CNB,LKO,71.6,75.0,72.0,85.0,10.677256538852223,65.15616043278025,3,1,76.79,SYNTHETIC
2026-01-20T03:45:00,12951,Rajdhani,1,BCT,ST,263.0,162.0,158.0,172.0,15.868822707736555,92.16554369111623,3,1,151.24,SYNTHETIC
2026-01-20T04:00:00,12951,Rajdhani,1,KOTA,MTJ,324.0,195.0,190.0,212.0,6.66975307267491,91.55413091598317,4,1,177.04,SYNTHETIC
2026-01-20T04:15:00,12951,Rajdhani,1,BRC,RTM,261.0,197.0,193.0,215.0,-1.863030256957768,69.7981849202791,4,1,188.37,SYNTHETIC
2026-01-20T04:30:00,12004,Shatabdi,0,NDLS,GZB,24.5,38.0,36.0,42.0,0.24491744429977125,38.21215174773296,4,1,38.0,SYNTHETIC
2026-01-20T04:45:00,12951,Rajdhani,1,KOTA,MTJ,324.0,195.0,190.0,212.0,5.258207766357943,108.63282655102994,4,1,175.77,SYNTHETIC
2026-01-20T05:00:00,12004,Shatabdi,0,ALJN,CNB,308.6,209.0,205.0,228.0,6.821481805123188,92.25780461762925,5,1,205.85,SYNTHETIC
2026-01-20T05:15:00,12951,Rajdhani,1,RTM,KOTA,266.0,157.0,154.0,170.0,2.7788349129054266,85.83010690728874,5,1,152.35,SYNTHETIC
2026-01-20T05:30:00,12951,Rajdhani,1,KOTA,MTJ,324.0,195.0,190.0,212.0,7.008505179034268,110.07807452092528,5,1,175.25,SYNTHETIC
2026-01-20T05:45:00,12951,Rajdhani,1,MTJ,NDLS,143.0,110.0,108.0,125.0,-1.6318588396300455,82.88248767980326,5,1,103.13,SYNTHETIC
2026-01-20T06:00:00,12951,Rajdhani,1,KOTA,MTJ,324.0,195.0,190.0,212.0,4.502103252350758,119.65513754355759,6,1,192.01,SYNTHETIC
2026-01-20T06:15:00,12951,Rajdhani,1,ST,BRC,129.0,81.0,79.0,90.0,-1.0342492526123512,75.80646850526539,6,1,76.46,SYNTHETIC
2026-01-20T06:30:00,12951,Rajdhani,1,BRC,RTM,261.0,197.0,193.0,215.0,19.489116361263893,81.49766759302628,6,1,186.7,SYNTHETIC
2026-01-20T06:45:00,12951,Rajdhani,1,MTJ,NDLS,143.0,110.0,108.0,125.0,-1.131816852762984,83.36551327943864,6,1,106.6,SYNTHETIC
2026-01-20T07:00:00,12951,Rajdhani,1,RTM,KOTA,266.0,157.0,154.0,170.0,3.904925813404832,100.40593994863356,7,1,152.9,SYNTHETIC
2026-01-20T07:15:00,12951,Rajdhani,1,MTJ,NDLS,143.0,110.0,108.0,125.0,0.8701021796543964,83.12629480856452,7,1,110.51,SYNTHETIC
2026-01-20T07:30:00,12004,Shatabdi,0,GZB,ALJN,106.3,59.0,57.0,68.0,4.906376274728489,125.54996664616714,7,1,64.11,SYNTHETIC
2026-01-20T07:45:00,12004,Shatabdi,0,ALJN,CNB,308.6,209.0,205.0,228.0,5.67167222111828,98.25910884028656,7,1,216.95,SYNTHETIC
2026-01-20T08:00:00,12951,Rajdhani,1,BCT,ST,263.0,162.0,158.0,172.0,5.025085387472706,97.61848348817263,8,1,167.85,SYNTHETIC
2026-01-20T08:15:00,12951,Rajdhani,1,BCT,ST,263.0,162.0,158.0,172.0,21.138398917186475,96.27064925274924,8,1,163.7,SYNTHETIC
2026-01-20T08:30:00,12004,Shatabdi,0,ALJN,CNB,308.6,209.0,205.0,228.0,0.06528867342293054,102.6105167215178,8,1,248.76,SYNTHETIC
2026-01-20T08:45:00,12004,Shatabdi,0,NDLS,GZB,24.5,38.0,36.0,42.0,-1.9837707697785825,42.20240758740477,8,1,33.91,SYNTHETIC
2026-01-20T09:00:00,12951,Rajdhani,1,BCT,ST,263.0,162.0,158.0,172.0,-0.8868505343176423,102.50382223497432,9,1,173.24,SYNTHETIC
2026-01-20T09:15:00,12951,Rajdhani,1,ST,BRC,129.0,81.0,79.0,90.0,1.348465603665396,115.23162147245151,9,1,85.08,SYNTHETIC
2026-01-20T09:30:00,12004,Shatabdi,0,NDLS,GZB,24.5,38.0,36.0,42.0,0.8485858741736267,32.127123102074485,9,1,42.1,SYNTHETIC
2026-01-20T09:45:00,12951,Rajdhani,1,BCT,ST,263.0,162.0,158.0,172.0,-1.6182583072556922,108.96319808510728,9,1,165.63,SYNTHETIC
2026-01-20T10:00:00,12004,Shatabdi,0,CNB,LKO,71.6,75.0,72.0,85.0,1.8028752562307995,62.05131806990461,10,1,89.47,SYNTHETIC
2026-01-20T10:15:00,12951,Rajdhani,1,BRC,RTM,261.0,197.0,193.0,215.0,8.71125173393945,72.3508258956736,10,1,196.29,SYNTHETIC
2026-01-20T10:30:00,12004,Shatabdi,0,GZB,ALJN,106.3,59.0,57.0,68.0,24.991746792052943,110.03465989918429,10,1,68.07,SYNTHETIC
2026-01-20T10:45:00,12004,Shatabdi,0,ALJN,CNB,308.6,209.0,205.0,228.0,3.5597985558274328,100.20266234809358,10,1,238.78,SYNTHETIC
2026-01-20T11:00:00,12004,Shatabdi,0,CNB,LKO,71.6,75.0,72.0,85.0,0.5474244441538136,55.35211022106782,11,1,76.74,SYNTHETIC
2026-01-20T11:15:00,12951,Rajdhani,1,BRC,RTM,261.0,197.0,193.0,215.0,1.231156275657424,93.86256557220307,11,1,202.83,SYNTHETIC
2026-01-20T11:30:00,12004,Shatabdi,0,NDLS,GZB,24.5,38.0,36.0,42.0,15.542087713598026,48.78256447208893,11,1,46.4,SYNTHETIC
2026-01-20T11:45:00,12951,Rajdhani,1,MTJ,NDLS,143.0,110.0,108.0,125.0,-0.06944085964408231,94.37005602776495,11,1,117.32,SYNTHETIC
2026-01-20T12:00:00,12004,Shatabdi,0,CNB,LKO,71.6,75.0,72.0,85.0,-1.549901726298893,63.087727063170846,12,1,84.88,SYNTHETIC
2026-01-20T12:15:00,12951,Rajdhani,1,MTJ,NDLS,143.0,110.0,108.0,125.0,3.8186654151900745,79.34745782261837,12,1,110.97,SYNTHETIC
2026-01-20T12:30:00,12004,Shatabdi,0,GZB,ALJN,106.3,59.0,57.0,68.0,10.324878087661693,107.78558408420129,12,1,60.36,SYNTHETIC
2026-01-20T12:45:00,12951,Rajdhani,1,ST,BRC,129.0,81.0,79.0,90.0,0.46803370992323856,107.6991235234839,12,1,81.62,SYNTHETIC
2026-01-20T13:00:00,12951,Rajdhani,1,MTJ,NDLS,143.0,110.0,108.0,125.0,-0.977779311892059,78.30563677721473,13,1,109.64,SYNTHETIC
2026-01-20T13:15:00,12004,Shatabdi,0,ALJN,CNB,308.6,209.0,205.0,228.0,-1.0634781131556583,85.19260520172718,13,1,227.03,SYNTHETIC
2026-01-20T13:30:00,12951,Rajdhani,1,ST,BRC,129.0,81.0,79.0,90.0,6.744632309785642,91.29499016359244,13,1,82.55,SYNTHETIC
2026-01-20T13:45:00,12951,Rajdhani,1,ST,BRC,129.0,81.0,79.0,90.0,6.059226776552492,83.07937001050082,13,1,74.69,SYNTHETIC
2026-01-20T14:00:00,12951,Rajdhani,1,MTJ,NDLS,143.0,110.0,108.0,125.0,-1.6005637252884577,79.87920745479343,14,1,110.67,SYNTHETIC
2026-01-20T14:15:00,12951,Rajdhani,1,RTM,KOTA,266.0,157.0,154.0,170.0,-0.8751880839462571,104.88343266666827,14,1,152.89,SYNTHETIC
2026-01-20T14:30:00,12951,Rajdhani,1,BCT,ST,263.0,162.0,158.0,172.0,8.555588966622977,100.2128274958763,14,1,153.16,SYNTHETIC
2026-01-20T14:45:00,12951,Rajdhani,1,RTM,KOTA,266.0,157.0,154.0,170.0,1.1073032875085862,108.17517733672877,14,1,153.85,SYNTHETIC
2026-01-20T15:00:00,12004,Shatabdi,0,GZB,ALJN,106.3,59.0,57.0,68.0,9.80730701933919,115.85840640677877,15,1,62.42,SYNTHETIC
2026-01-20T15:15:00,12951,Rajdhani,1,BRC,RTM,261.0,197.0,193.0,215.0,1.300263458616727,78.7989159909874,15,1,187.66,SYNTHETIC
2026-01-20T15:30:00,12951,Rajdhani,1,KOTA,MTJ,324.0,195.0,190.0,212.0,6.119549160588896,86.58589690295561,15,1,181.14,SYNTHETIC
2026-01-20T15:45:00,12951,Rajdhani,1,ST,BRC,129.0,81.0,79.0,90.0,-0.40414929041074354,102.72525502119582,15,1,81.6,SYNTHETIC
2026-01-20T16:00:00,12004,Shatabdi,0,GZB,ALJN,106.3,59.0,57.0,68.0,4.558306340587196,102.91814298935472,16,1,62.32,SYNTHETIC
2026-01-20T16:15:00,12951,Rajdhani,1,MTJ,NDLS,143.0,110.0,108.0,125.0,1.455143165416528,79.30125001728672,16,1,106.75,SYNTHETIC
2026-01-20T16:30:00,12004,Shatabdi,0,NDLS,GZB,24.5,38.0,36.0,42.0,4.614357080613797,41.00890883263158,16,1,36.44,SYNTHETIC
2026-01-20T16:45:00,12951,Rajdhani,1,BRC,RTM,261.0,197.0,193.0,215.0,7.150465014649846,105.52846343884951,16,1,189.71,SYNTHETIC
2026-01-20T17:00:00,12951,Rajdhani,1,BCT,ST,263.0,162.0,158.0,172.0,2.555153960948952,106.04622964760364,17,1,168.97,SYNTHETIC
2026-01-20T17:15:00,12951,Rajdhani,1,BCT,ST,263.0,162.0,158.0,172.0,13.290087741245532,107.75237796310795,17,1,166.21,SYNTHETIC
2026-01-20T17:30:00,12004,Shatabdi,0,ALJN,CNB,308.6,209.0,205.0,228.0,8.198121406794973,74.25938333549261,17,1,230.26,SYNTHETIC
2026-01-20T17:45:00,12951,Rajdhani,1,ST,BRC,129.0,81.0,79.0,90.0,-1.2462498530024482,96.74358490899449,17,1,82.92,SYNTHETIC
2026-01-20T18:00:00,12951,Rajdhani,1,ST,BRC,129.0,81.0,79.0,90.0,7.1575210715475155,116.4950839924405,18,1,80.55,SYNTHETIC
2026-01-20T18:15:00,12951,Rajdhani,1,MTJ,NDLS,143.0,110.0,108.0,125.0,1.3124456641555842,68.55574372051802,18,1,114.94,SYNTHETIC
2026-01-20T18:30:00,12951,Rajdhani,1,BRC,RTM,261.0,197.0,193.0,215.0,1.8831879729598686,93.03865808987561,18,1,200.42,SYNTHETIC
2026-01-20T18:45:00,12004,Shatabdi,0,CNB,LKO,71.6,75.0,72.0,85.0,-1.8748430364816602,59.22223694805377,18,1,85.55,SYNTHETIC
2026-01-20T19:00:00,12004,Shatabdi,0,NDLS,GZB,24.5,38.0,36.0,42.0,8.831647893979843,40.19943481298523,19,1,43.43,SYNTHETIC
2026-01-20T19:15:00,12951,Rajdhani,1,BCT,ST,263.0,162.0,158.0,172.0,-0.6090417660682697,100.41229194042921,19,1,169.44,SYNTHETIC
2026-01-20T19:30:00,12004,Shatabdi,0,NDLS,GZB,24.5,38.0,36.0,42.0,7.933976551654018,34.10428001323932,19,1,44.4,SYNTHETIC
2026-01-20T19:45:00,12951,Rajdhani,1,ST,BRC,129.0,81.0,79.0,90.0,18.259984310539025,86.46784773138604,19,1,81.27,SYNTHETIC
2026-01-20T20:00:00,12004,Shatabdi,0,NDLS,GZB,24.5,38.0,36.0,42.0,-0.21154284713697313,39.74338172621952,20,1,37.38,SYNTHETIC
2026-01-20T20:15:00,12004,Shatabdi,0,CNB,LKO,71.6,75.0,72.0,85.0,-1.5414261154746431,71.88484686116024,20,1,85.65,SYNTHETIC
2026-01-20T20:30:00,12951,Rajdhani,1,BCT,ST,263.0,162.0,158.0,172.0,-0.18823112407934728,95.18856378293582,20,1,166.5,SYNTHETIC
2026-01-20T20:45:00,12951,Rajdhani,1,MTJ,NDLS,143.0,110.0,108.0,125.0,-0.7640139190864135,77.42342850512608,20,1,121.74,SYNTHETIC
2026-01-20T21:00:00,12951,Rajdhani,1,ST,BRC,129.0,81.0,79.0,90.0,1.3576231603581776,98.76341377668442,21,1,90.24,SYNTHETIC
2026-01-20T21:15:00,12004,Shatabdi,0,ALJN,CNB,308.6,209.0,205.0,228.0,4.09371982149252,94.77091016961104,21,1,244.85,SYNTHETIC
2026-01-20T21:30:00,12951,Rajdhani,1,ST,BRC,129.0,81.0,79.0,90.0,4.657790090372627,103.8781125144461,21,1,86.19,SYNTHETIC
2026-01-20T21:45:00,12004,Shatabdi,0,GZB,ALJN,106.3,59.0,57.0,68.0,-1.3244687950080691,127.65349493712495,21,1,65.85,SYNTHETIC
2026-01-20T22:00:00,12951,Rajdhani,1,MTJ,NDLS,143.0,110.0,108.0,125.0,-1.50195444231761,81.40431686501081,22,1,106.19,SYNTHETIC
2026-01-20T22:15:00,12951,Rajdhani,1,BCT,ST,263.0,162.0,158.0,172.0,13.562811765441474,105.64535089339627,22,1,149.57,SYNTHETIC
2026-01-20T22:30:00,12951,Rajdhani,1,ST,BRC,129.0,81.0,79.0,90.0,6.449549276305712,96.25058980435901,22,1,71.43,SYNTHETIC
2026-01-20T22:45:00,12004,Shatabdi,0,NDLS,GZB,24.5,38.0,36.0,42.0,0.4822040946194841,37.838182957858564,22,1,36.6,SYNTHETIC
2026-01-20T23:00:00,12004,Shatabdi,0,GZB,ALJN,106.3,59.0,57.0,68.0,2.6269520179719343,96.43195765229113,23,1,66.65,SYNTHETIC
2026-01-20T23:15:00,12951,Rajdhani,1,MTJ,NDLS,143.0,110.0,108.0,125.0,1.390116134621164,91.87599856306852,23,1,112.03,SYNTHETIC
2026-01-20T23:30:00,12951,Rajdhani,1,RTM,KOTA,266.0,157.0,154.0,170.0,2.184517456582575,100.18975077674344,23,1,154.04,SYNTHETIC
2026-01-20T23:45:00,12951,Rajdhani,1,KOTA,MTJ,324.0,195.0,190.0,212.0,2.3296604299110015,109.85272846922433,23,1,190.39,SYNTHETIC
2026-01-21T00:00:00,12951,Rajdhani,1,KOTA,MTJ,324.0,195.0,190.0,212.0,0.37998873512311215,98.48430368642578,0,2,188.41,SYNTHETIC
2026-01-21T00:15:00,12951,Rajdhani,1,KOTA,MTJ,324.0,195.0,190.0,212.0,-0.6610717833960713,106.17289787899874,0,2,187.57,SYNTHETIC
2026-01-21T00:30:00,12004,Shatabdi,0,CNB,LKO,71.6,75.0,72.0,85.0,1.36419936277566,48.95281202813564,0,2,77.32,SYNTHETIC
2026-01-21T00:45:00,12004,Shatabdi,0,GZB,ALJN,106.3,59.0,57.0,68.0,2.576137748196686,119.99500922716642,0,2,62.11,SYNTHETIC
2026-01-21T01:00:00,12951,Rajdhani,1,BRC,RTM,261.0,197.0,193.0,215.0,6.686112743831675,81.15515765845329,1,2,178.21,SYNTHETIC
2026-01-21T01:15:00,12951,Rajdhani,1,MTJ,NDLS,143.0,110.0,108.0,125.0,0.6124979655206158,92.58671020148023,1,2,105.82,SYNTHETIC
2026-01-21T01:30:00,12951,Rajdhani,1,ST,BRC,129.0,81.0,79.0,90.0,-0.6730510998781503,112.6531879942769,1,2,75.75,SYNTHETIC
2026-01-21T01:45:00,12004,Shatabdi,0,GZB,ALJN,106.3,59.0,57.0,68.0,3.1321545218669566,95.27871349241724,1,2,55.38,SYNTHETIC
2026-01-21T02:00:00,12951,Rajdhani,1,BRC,RTM,261.0,197.0,193.0,215.0,5.612310426999523,88.72799322321322,2,2,180.06,SYNTHETIC
2026-01-21T02:15:00,12004,Shatabdi,0,CNB,LKO,71.6,75.0,72.0,85.0,-1.909622909943577,56.76225184655517,2,2,78.5,SYNTHETIC
2026-01-21T02:30:00,12004,Shatabdi,0,ALJN,CNB,308.6,209.0,205.0,228.0,7.285833605094222,102.45832113667984,2,2,212.06,SYNTHETIC
2026-01-21T02:45:00,12004,Shatabdi,0,NDLS,GZB,24.5,38.0,36.0,42.0,8.131093786040154,42.98563764979767,2,2,34.08,SYNTHETIC
2026-01-21T03:00:00,12951,Rajdhani,1,BRC,RTM,261.0,197.0,193.0,215.0,12.059193221148249,98.27915437732693,3,2,180.09,SYNTHETIC
2026-01-21T03:15:00,12951,Rajdhani,1,ST,BRC,129.0,81.0,79.0,90.0,10.211530512165929,77.01715041334383,3,2,72.83,SYNTHETIC
2026-01-21T03:30:00,12951,Rajdhani,1,BRC,RTM,261.0,197.0,193.0,215.0,-0.9899014345593014,81.8785307171658,3,2,188.86,SYNTHETIC
2026-01-21T03:45:00,12951,Rajdhani,1,KOTA,MTJ,324.0,195.0,190.0,212.0,4.570879165802224,88.60877364395488,3,2,185.98,SYNTHETIC
2026-01-21T04:00:00,12951,Rajdhani,1,BRC,RTM,261.0,197.0,193.0,215.0,12.501104925614328,75.64761497810302,4,2,176.98,SYNTHETIC
2026-01-21T04:15:00,12004,Shatabdi,0,GZB,ALJN,106.3,59.0,57.0,68.0,5.4726907761712305,99.72031778591159,4,2,58.99,SYNTHETIC
2026-01-21T04:30:00,12951,Rajdhani,1,BRC,RTM,261.0,197.0,193.0,215.0,-1.6404313515233788,95.34369485334051,4,2,182.81,SYNTHETIC
2026-01-21T04:45:00,12004,Shatabdi,0,GZB,ALJN,106.3,59.0,57.0,68.0,3.1279926555619966,114.37078060489888,4,2,65.56,SYNTHETIC
2026-01-21T05:00:00,12951,Rajdhani,1,RTM,KOTA,266.0,157.0,154.0,170.0,5.513350544710344,89.55171532721111,5,2,140.73,SYNTHETIC
2026-01-21T05:15:00,12951,Rajdhani,1,BRC,RTM,261.0,197.0,193.0,215.0,-0.7796527216767006,91.62474511010251,5,2,182.32,SYNTHETIC
2026-01-21T05:30:00,12951,Rajdhani,1,RTM,KOTA,266.0,157.0,154.0,170.0,8.023467684482112,113.40010036615845,5,2,146.01,SYNTHETIC
2026-01-21T05:45:00,12951,Rajdhani,1,MTJ,NDLS,143.0,110.0,108.0,125.0,3.109716752882986,84.15234888411415,5,2,102.59,SYNTHETIC
2026-01-21T06:00:00,12004,Shatabdi,0,CNB,LKO,71.6,75.0,72.0,85.0,1.2097705487398662,34.775388618643426,6,2,78.88,SYNTHETIC
2026-01-21T06:15:00,12951,Rajdhani,1,ST,BRC,129.0,81.0,79.0,90.0,17.86007433627386,100.31970601457259,6,2,78.84,SYNTHETIC
2026-01-21T06:30:00,12004,Shatabdi,0,CNB,LKO,71.6,75.0,72.0,85.0,0.7730631042146308,57.84524170996245,6,2,83.18,SYNTHETIC
2026-01-21T06:45:00,12951,Rajdhani,1,ST,BRC,129.0,81.0,79.0,90.0,15.720279566087981,105.42840646432178,6,2,75.9,SYNTHETIC
2026-01-21T07:00:00,12951,Rajdhani,1,BCT,ST,263.0,162.0,158.0,172.0,-1.8758621263395556,122.23894721196604,7,2,159.07,SYNTHETIC
2026-01-21T07:15:00,12004,Shatabdi,0,ALJN,CNB,308.6,209.0,205.0,228.0,3.1898393876038016,103.8648264529622,7,2,232.56,SYNTHETIC
2026-01-21T07:30:00,12004,Shatabdi,0,CNB,LKO,71.6,75.0,72.0,85.0,8.39731138392682,57.46970642450217,7,2,74.65,SYNTHETIC
2026-01-21T07:45:00,12951,Rajdhani,1,BRC,RTM,261.0,197.0,193.0,215.0,-1.3101780638920655,101.16417104950497,7,2,192.08,SYNTHETIC
2026-01-21T08:00:00,12951,Rajdhani,1,BRC,RTM,261.0,197.0,193.0,215.0,8.42295918944422,70.8159198767252,8,2,199.3,SYNTHETIC
2026-01-21T08:15:00,12951,Rajdhani,1,RTM,KOTA,266.0,157.0,154.0,170.0,4.496518331617327,93.63006991153122,8,2,161.17,SYNTHETIC
2026-01-21T08:30:00,12951,Rajdhani,1,ST,BRC,129.0,81.0,79.0,90.0,12.697440722439364,123.26036072395308,8,2,80.25,SYNTHETIC
2026-01-21T08:45:00,12004,Shatabdi,0,ALJN,CNB,308.6,209.0,205.0,228.0,0.9376196067186449,83.45535912777902,8,2,242.12,SYNTHETIC
2026-01-21T09:00:00,12951,Rajdhani,1,BRC,RTM,261.0,197.0,193.0,215.0,4.595972231715118,85.92519951455603,9,2,202.72,SYNTHETIC
2026-01-21T09:15:00,12951,Rajdhani,1,ST,BRC,129.0,81.0,79.0,90.0,9.689858812447246,104.2762294089863,9,2,85.65,SYNTHETIC
2026-01-21T09:30:00,12951,Rajdhani,1,BCT,ST,263.0,162.0,158.0,172.0,0.46400520346873186,112.11301682059035,9,2,172.54,SYNTHETIC
2026-01-21T09:45:00,12951,Rajdhani,1,KOTA,MTJ,324.0,195.0,190.0,212.0,1.5138709253725713,101.67952543548819,9,2,201.72,SYNTHETIC
2026-01-21T10:00:00,12951,Rajdhani,1,BRC,RTM,261.0,197.0,193.0,215.0,-1.204043381712575,99.19333377184188,10,2,208.65,SYNTHETIC
2026-01-21T10:15:00,12004,Shatabdi,0,NDLS,GZB,24.5,38.0,36.0,42.0,10.259836410507129,30.0,10,2,42.15,SYNTHETIC
2026-01-21T10:30:00,12951,Rajdhani,1,BRC,RTM,261.0,197.0,193.0,215.0,1.5912039674764404,77.81995178425623,10,2,202.94,SYNTHETIC
2026-01-21T10:45:00,12004,Shatabdi,0,NDLS,GZB,24.5,38.0,36.0,42.0,9.6970511990421,30.0,10,2,39.51,SYNTHETIC
2026-01-21T11:00:00,12951,Rajdhani,1,BCT,ST,263.0,162.0,158.0,172.0,12.751552712529051,103.97745037077061,11,2,162.98,SYNTHETIC
2026-01-21T11:15:00,12004,Shatabdi,0,CNB,LKO,71.6,75.0,72.0,85.0,6.549876073748507,63.01721018578838,11,2,85.37,SYNTHETIC
2026-01-21T11:30:00,12951,Rajdhani,1,RTM,KOTA,266.0,157.0,154.0,170.0,-1.9581085749762546,99.9450909056387,11,2,162.58,SYNTHETIC
2026-01-21T11:45:00,12951,Rajdhani,1,MTJ,NDLS,143.0,110.0,108.0,125.0,6.299466037467649,80.83546614286102,11,2,112.2,SYNTHETIC
2026-01-21T12:00:00,12951,Rajdhani,1,KOTA,MTJ,324.0,195.0,190.0,212.0,-0.036594624062541214,88.8699319035495,12,2,191.08,SYNTHETIC
2026-01-21T12:15:00,12951,Rajdhani,1,KOTA,MTJ,324.0,195.0,190.0,212.0,2.2148358382073505,103.00521005464472,12,2,190.85,SYNTHETIC
2026-01-21T12:30:00,12004,Shatabdi,0,NDLS,GZB,24.5,38.0,36.0,42.0,17.22094682844298,34.284573593755425,12,2,36.15,SYNTHETIC
2026-01-21T12:45:00,12951,Rajdhani,1,RTM,KOTA,266.0,157.0,154.0,170.0,2.394157129974941,112.72962411657035,12,2,149.56,SYNTHETIC
2026-01-21T13:00:00,12951,Rajdhani,1,RTM,KOTA,266.0,157.0,154.0,170.0,0.7511743090455725,104.18063638846496,13,2,153.46,SYNTHETIC
2026-01-21T13:15:00,12951,Rajdhani,1,KOTA,MTJ,324.0,195.0,190.0,212.0,7.961644298721765,111.41362292469584,13,2,184.03,SYNTHETIC
2026-01-21T13:30:00,12951,Rajdhani,1,BCT,ST,263.0,162.0,158.0,172.0,2.3050280057722112,96.00715323913846,13,2,155.35,SYNTHETIC
2026-01-21T13:45:00,12951,Rajdhani,1,ST,BRC,129.0,81.0,79.0,90.0,2.4890286499608996,86.71040665547625,13,2,76.44,SYNTHETIC
2026-01-21T14:00:00,12951,Rajdhani,1,BRC,RTM,261.0,197.0,193.0,215.0,3.2508230850648703,75.64798868008876,14,2,191.74,SYNTHETIC
2026-01-21T14:15:00,12951,Rajdhani,1,ST,BRC,129.0,81.0,79.0,90.0,10.59172270687709,102.38075611400319,14,2,77.43,SYNTHETIC
2026-01-21T14:30:00,12951,Rajdhani,1,BRC,RTM,261.0,197.0,193.0,215.0,14.525452658110705,86.23017991373675,14,2,190.67,SYNTHETIC
2026-01-21T14:45:00,12004,Shatabdi,0,CNB,LKO,71.6,75.0,72.0,85.0,22.427843604491958,51.061200941180374,14,2,75.23,SYNTHETIC
2026-01-21T15:00:00,12004,Shatabdi,0,ALJN,CNB,308.6,209.0,205.0,228.0,-0.1995273466372307,103.35283394979166,15,2,226.55,SYNTHETIC
2026-01-21T15:15:00,12951,Rajdhani,1,ST,BRC,129.0,81.0,79.0,90.0,3.6853153131529215,91.67009900244902,15,2,83.91,SYNTHETIC
2026-01-21T15:30:00,12004,Shatabdi,0,ALJN,CNB,308.6,209.0,205.0,228.0,-1.3152351587279896,76.9613709207274,15,2,228.18,SYNTHETIC
2026-01-21T15:45:00,12951,Rajdhani,1,KOTA,MTJ,324.0,195.0,190.0,212.0,21.060131681397827,101.48004800513596,15,2,185.69,SYNTHETIC
2026-01-21T16:00:00,12004,Shatabdi,0,NDLS,GZB,24.5,38.0,36.0,42.0,0.16230935517938505,43.24415252302192,16,2,34.79,SYNTHETIC
2026-01-21T16:15:00,12951,Rajdhani,1,RTM,KOTA,266.0,157.0,154.0,170.0,21.91263589342565,116.27490203546483,16,2,146.35,SYNTHETIC
2026-01-21T16:30:00,12951,Rajdhani,1,ST,BRC,129.0,81.0,79.0,90.0,0.5031257185433686,117.6400478269569,16,2,80.4,SYNTHETIC
2026-01-21T16:45:00,12004,Shatabdi,0,GZB,ALJN,106.3,59.0,57.0,68.0,-0.8991914574727204,111.16615995369472,16,2,67.5,SYNTHETIC
2026-01-21T17:00:00,12951,Rajdhani,1,BRC,RTM,261.0,197.0,193.0,215.0,4.6329823878799985,84.26612271178028,17,2,210.6,SYNTHETIC
2026-01-21T17:15:00,12004,Shatabdi,0,GZB,ALJN,106.3,59.0,57.0,68.0,-0.2788991843911546,115.14231923744067,17,2,69.02,SYNTHETIC
2026-01-21T17:30:00,12951,Rajdhani,1,RTM,KOTA,266.0,157.0,154.0,170.0,8.896195698967059,89.9545915571096,17,2,156.85,SYNTHETIC
2026-01-21T17:45:00,12951,Rajdhani,1,BRC,RTM,261.0,197.0,193.0,215.0,1.7006889002729566,84.40984150575798,17,2,204.52,SYNTHETIC
2026-01-21T18:00:00,12951,Rajdhani,1,RTM,KOTA,266.0,157.0,154.0,170.0,0.20409771845523839,108.35900244862536,18,2,166.32,SYNTHETIC
2026-01-21T18:15:00,12004,Shatabdi,0,CNB,LKO,71.6,75.0,72.0,85.0,7.079823222307057,60.68389875138436,18,2,88.18,SYNTHETIC
2026-01-21T18:30:00,12004,Shatabdi,0,GZB,ALJN,106.3,59.0,57.0,68.0,-0.8280577866431342,103.71418363628972,18,2,57.26,SYNTHETIC
2026-01-21T18:45:00,12951,Rajdhani,1,ST,BRC,129.0,81.0,79.0,90.0,-0.4178449574428622,119.18461920275489,18,2,87.38,SYNTHETIC
2026-01-21T19:00:00,12951,Rajdhani,1,ST,BRC,129.0,81.0,79.0,90.0,12.824381121939867,95.77866260204806,19,2,78.64,SYNTHETIC
2026-01-21T19:15:00,12951,Rajdhani,1,RTM,KOTA,266.0,157.0,154.0,170.0,1.6708618590226276,92.21694544475051,19,2,165.04,SYNTHETIC
2026-01-21T19:30:00,12951,Rajdhani,1,ST,BRC,129.0,81.0,79.0,90.0,1.3140151798991013,99.29003467416543,19,2,88.5,SYNTHETIC
2026-01-21T19:45:00,12951,Rajdhani,1,RTM,KOTA,266.0,157.0,154.0,170.0,1.4752235411932064,82.17581256918102,19,2,161.14,SYNTHETIC
2026-01-21T20:00:00,12004,Shatabdi,0,NDLS,GZB,24.5,38.0,36.0,42.0,0.8292439918345127,39.99550233444269,20,2,50.61,SYNTHETIC
2026-01-21T20:15:00,12951,Rajdhani,1,KOTA,MTJ,324.0,195.0,190.0,212.0,-1.1212821393160957,87.89668591256613,20,2,202.48,SYNTHETIC
2026-01-21T20:30:00,12951,Rajdhani,1,RTM,KOTA,266.0,157.0,154.0,170.0,-1.462085771406626,120.23208159431192,20,2,166.97,SYNTHETIC
2026-01-21T20:45:00,12004,Shatabdi,0,ALJN,CNB,308.6,209.0,205.0,228.0,-0.3150497790364979,97.4289111978608,20,2,248.29,SYNTHETIC
2026-01-21T21:00:00,12951,Rajdhani,1,BCT,ST,263.0,162.0,158.0,172.0,17.617487552602693,108.52726906225669,21,2,169.77,SYNTHETIC
2026-01-21T21:15:00,12951,Rajdhani,1,BCT,ST,263.0,162.0,158.0,172.0,2.221930912150744,104.31864271718928,21,2,174.16,SYNTHETIC
2026-01-21T21:30:00,12951,Rajdhani,1,BRC,RTM,261.0,197.0,193.0,215.0,5.228131539542699,68.42207035143957,21,2,202.33,SYNTHETIC
2026-01-21T21:45:00,12951,Rajdhani,1,BRC,RTM,261.0,197.0,193.0,215.0,-0.004362114856947263,86.03494138223873,21,2,208.33,SYNTHETIC
2026-01-21T22:00:00,12951,Rajdhani,1,BCT,ST,263.0,162.0,158.0,172.0,2.7327762366957327,109.34853680727466,22,2,160.02,SYNTHETIC
2026-01-21T22:15:00,12004,Shatabdi,0,NDLS,GZB,24.5,38.0,36.0,42.0,-0.1791401322007209,30.0,22,2,40.89,SYNTHETIC
2026-01-21T22:30:00,12004,Shatabdi,0,ALJN,CNB,308.6,209.0,205.0,228.0,7.644000094551686,104.71488605786689,22,2,219.93,SYNTHETIC
2026-01-21T22:45:00,12004,Shatabdi,0,NDLS,GZB,24.5,38.0,36.0,42.0,-1.8976031287092114,30.0,22,2,37.33,SYNTHETIC
2026-01-21T23:00:00,12004,Shatabdi,0,CNB,LKO,71.6,75.0,72.0,85.0,5.771752718226271,48.71427637754746,23,2,78.39,SYNTHETIC
2026-01-21T23:15:00,12951,Rajdhani,1,KOTA,MTJ,324.0,195.0,190.0,212.0,-1.8793868865550385,91.81141318612454,23,2,192.54,SYNTHETIC
2026-01-21T23:30:00,12951,Rajdhani,1,BCT,ST,263.0,162.0,158.0,172.0,7.450455415267065,102.14954398696901,23,2,154.99,SYNTHETIC
2026-01-21T23:45:00,12951,Rajdhani,1,BRC,RTM,261.0,197.0,193.0,215.0,3.318727128048846,91.94710136192687,23,2,193.01,SYNTHETIC
2026-01-22T00:00:00,12004,Shatabdi,0,NDLS,GZB,24.5,38.0,36.0,42.0,4.8652872027904515,52.327426269995804,0,3,44.25,SYNTHETIC
2026-01-22T00:15:00,12951,Rajdhani,1,ST,BRC,129.0,81.0,79.0,90.0,-1.4444287116279546,96.42166903322045,0,3,77.51,SYNTHETIC
2026-01-22T00:30:00,12951,Rajdhani,1,MTJ,NDLS,143.0,110.0,108.0,125.0,7.060106506079684,79.17655270001205,0,3,110.21,SYNTHETIC
2026-01-22T00:45:00,12951,Rajdhani,1,MTJ,NDLS,143.0,110.0,108.0,125.0,3.2662896588467936,80.68284437515935,0,3,106.38,SYNTHETIC
2026-01-22T01:00:00,12951,Rajdhani,1,ST,BRC,129.0,81.0,79.0,90.0,1.3771562911428976,80.40599655028878,1,3,72.03,SYNTHETIC
2026-01-22T01:15:00,12004,Shatabdi,0,NDLS,GZB,24.5,38.0,36.0,42.0,6.289691079992329,32.76372279316287,1,3,39.43,SYNTHETIC
2026-01-22T01:30:00,12951,Rajdhani,1,ST,BRC,129.0,81.0,79.0,90.0,-1.6329701501822682,105.99730661877129,1,3,76.83,SYNTHETIC
2026-01-22T01:45:00,12951,Rajdhani,1,ST,BRC,129.0,81.0,79.0,90.0,1.9703438914365314,93.72532564692857,1,3,75.44,SYNTHETIC
2026-01-22T02:00:00,12951,Rajdhani,1,BRC,RTM,261.0,197.0,193.0,215.0,6.047558233144548,74.93445087461316,2,3,182.07,SYNTHETIC
2026-01-22T02:15:00,12951,Rajdhani,1,ST,BRC,129.0,81.0,79.0,90.0,-1.515134730029848,87.62849695323135,2,3,81.3,SYNTHETIC
2026-01-22T02:30:00,12004,Shatabdi,0,GZB,ALJN,106.3,59.0,57.0,68.0,-0.0184662297999183,114.70665702120802,2,3,65.9,SYNTHETIC
2026-01-22T02:45:00,12951,Rajdhani,1,BCT,ST,263.0,162.0,158.0,172.0,5.336809547192423,102.17402176535299,2,3,142.9,SYNTHETIC
2026-01-22T03:00:00,12004,Shatabdi,0,NDLS,GZB,24.5,38.0,36.0,42.0,-0.24344924639331755,54.773559292767004,3,3,37.88,SYNTHETIC
2026-01-22T03:15:00,12951,Rajdhani,1,MTJ,NDLS,143.0,110.0,108.0,125.0,1.2073074384101288,78.93259598804016,3,3,98.94,SYNTHETIC
2026-01-22T03:30:00,12951,Rajdhani,1,BCT,ST,263.0,162.0,158.0,172.0,0.055721608155685054,84.12019979314417,3,3,155.35,SYNTHETIC
2026-01-22T03:45:00,12004,Shatabdi,0,GZB,ALJN,106.3,59.0,57.0,68.0,-1.767939760369684,104.65224474852846,3,3,56.37,SYNTHETIC
2026-01-22T04:00:00,12951,Rajdhani,1,KOTA,MTJ,324.0,195.0,190.0,212.0,-1.080662072299789,107.86668646810008,4,3,183.24,SYNTHETIC
2026-01-22T04:15:00,12004,Shatabdi,0,GZB,ALJN,106.3,59.0,57.0,68.0,10.403805440727563,130.0,4,3,55.51,SYNTHETIC
2026-01-22T04:30:00,12004,Shatabdi,0,CNB,LKO,71.6,75.0,72.0,85.0,-1.3217713542424276,57.105082234452205,4,3,78.73,SYNTHETIC
2026-01-22T04:45:00,12951,Rajdhani,1,ST,BRC,129.0,81.0,79.0,90.0,4.346430356235992,92.17006148647795,4,3,77.21,SYNTHETIC
2026-01-22T05:00:00,12951,Rajdhani,1,BRC,RTM,261.0,197.0,193.0,215.0,10.728152486033803,92.75197309063728,5,3,178.18,SYNTHETIC
2026-01-22T05:15:00,12004,Shatabdi,0,CNB,LKO,71.6,75.0,72.0,85.0,3.521017063413624,43.42861355194264,5,3,81.61,SYNTHETIC
2026-01-22T05:30:00,12951,Rajdhani,1,KOTA,MTJ,324.0,195.0,190.0,212.0,-0.7878610204364169,104.83947784155777,5,3,179.35,SYNTHETIC
2026-01-22T05:45:00,12004,Shatabdi,0,ALJN,CNB,308.6,209.0,205.0,228.0,-0.821003043637178,103.93802358267972,5,3,220.36,SYNTHETIC
2026-01-22T06:00:00,12004,Shatabdi,0,NDLS,GZB,24.5,38.0,36.0,42.0,9.589799192816914,32.90356986622659,6,3,44.16,SYNTHETIC
2026-01-22T06:15:00,12004,Shatabdi,0,ALJN,CNB,308.6,209.0,205.0,228.0,8.465189928574237,85.99991607945749,6,3,218.65,SYNTHETIC
2026-01-22T06:30:00,12951,Rajdhani,1,BRC,RTM,261.0,197.0,193.0,215.0,11.049183474832072,102.11684826311026,6,3,189.0,SYNTHETIC
2026-01-22T06:45:00,12951,Rajdhani,1,RTM,KOTA,266.0,157.0,154.0,170.0,15.852913071705746,99.21997553959623,6,3,152.14,SYNTHETIC
2026-01-22T07:00:00,12951,Rajdhani,1,KOTA,MTJ,324.0,195.0,190.0,212.0,4.259787716003979,63.94923398909052,7,3,193.71,SYNTHETIC
2026-01-22T07:15:00,12004,Shatabdi,0,NDLS,GZB,24.5,38.0,36.0,42.0,18.891023676098126,30.0,7,3,43.82,SYNTHETIC
2026-01-22T07:30:00,12004,Shatabdi,0,GZB,ALJN,106.3,59.0,57.0,68.0,-0.11772904900318126,129.19645489196148,7,3,66.27,SYNTHETIC
2026-01-22T07:45:00,12951,Rajdhani,1,BRC,RTM,261.0,197.0,193.0,215.0,7.228367607916148,73.26953358372401,7,3,184.28,SYNTHETIC
2026-01-22T08:00:00,12951,Rajdhani,1,RTM,KOTA,266.0,157.0,154.0,170.0,-0.7093690252799472,82.48124892541709,8,3,165.58,SYNTHETIC
2026-01-22T08:15:00,12004,Shatabdi,0,CNB,LKO,71.6,75.0,72.0,85.0,2.9163709306309507,57.459379097083,8,3,80.79,SYNTHETIC
2026-01-22T08:30:00,12951,Rajdhani,1,KOTA,MTJ,324.0,195.0,190.0,212.0,0.07954784527858738,114.80927655134744,8,3,203.6,SYNTHETIC
2026-01-22T08:45:00,12004,Shatabdi,0,CNB,LKO,71.6,75.0,72.0,85.0,8.910928657878653,55.34029150333138,8,3,90.29,SYNTHETIC
2026-01-22T09:00:00,12951,Rajdhani,1,RTM,KOTA,266.0,157.0,154.0,170.0,0.9525728158611271,92.47266688530381,9,3,166.14,SYNTHETIC
2026-01-22T09:15:00,12951,Rajdhani,1,MTJ,NDLS,143.0,110.0,108.0,125.0,6.551753968988722,88.58521608668478,9,3,108.9,SYNTHETIC
2026-01-22T09:30:00,12951,Rajdhani,1,RTM,KOTA,266.0,157.0,154.0,170.0,15.406621085758545,88.00694593525625,9,3,164.68,SYNTHETIC
2026-01-22T09:45:00,12951,Rajdhani,1,MTJ,NDLS,143.0,110.0,108.0,125.0,8.105589383490093,63.08765475444222,9,3,110.95,SYNTHETIC
2026-01-22T10:00:00,12951,Rajdhani,1,KOTA,MTJ,324.0,195.0,190.0,212.0,-0.8949223718155639,90.06856963412754,10,3,192.56,SYNTHETIC
2026-01-22T10:15:00,12951,Rajdhani,1,RTM,KOTA,266.0,157.0,154.0,170.0,12.545398762060767,99.54295788417738,10,3,156.52,SYNTHETIC
2026-01-22T10:30:00,12004,Shatabdi,0,NDLS,GZB,24.5,38.0,36.0,42.0,-1.346072081870493,39.9396666959653,10,3,41.54,SYNTHETIC
2026-01-22T10:45:00,12951,Rajdhani,1,KOTA,MTJ,324.0,195.0,190.0,212.0,-1.149156296575223,97.12940949883846,10,3,206.89,SYNTHETIC
2026-01-22T11:00:00,12004,Shatabdi,0,ALJN,CNB,308.6,209.0,205.0,228.0,2.0077961475144726,77.46111571991271,11,3,244.88,SYNTHETIC
2026-01-22T11:15:00,12951,Rajdhani,1,BCT,ST,263.0,162.0,158.0,172.0,-1.6957290927373883,101.58751568055405,11,3,169.7,SYNTHETIC
2026-01-22T11:30:00,12951,Rajdhani,1,MTJ,NDLS,143.0,110.0,108.0,125.0,-1.844529120268188,83.81936460315542,11,3,120.36,SYNTHETIC
2026-01-22T11:45:00,12951,Rajdhani,1,MTJ,NDLS,143.0,110.0,108.0,125.0,2.5126695163827746,62.94831515010831,11,3,115.76,SYNTHETIC
2026-01-22T12:00:00,12004,Shatabdi,0,NDLS,GZB,24.5,38.0,36.0,42.0,-0.5458839351100075,41.377988781635224,12,3,36.76,SYNTHETIC
2026-01-22T12:15:00,12951,Rajdhani,1,KOTA,MTJ,324.0,195.0,190.0,212.0,1.3909815417812608,110.38255349532785,12,3,181.17,SYNTHETIC
2026-01-22T12:30:00,12951,Rajdhani,1,RTM,KOTA,266.0,157.0,154.0,170.0,-0.24863742098608355,99.04721341864361,12,3,155.27,SYNTHETIC
2026-01-22T12:45:00,12951,Rajdhani,1,KOTA,MTJ,324.0,195.0,190.0,212.0,7.091843229070008,90.13542466016312,12,3,180.81,SYNTHETIC
2026-01-22T13:00:00,12951,Rajdhani,1,KOTA,MTJ,324.0,195.0,190.0,212.0,2.7142070008464145,111.13976037158402,13,3,193.08,SYNTHETIC
2026-01-22T13:15:00,12951,Rajdhani,1,RTM,KOTA,266.0,157.0,154.0,170.0,3.4845392056235838,104.7961802341866,13,3,153.6,SYNTHETIC
2026-01-22T13:30:00,12004,Shatabdi,0,ALJN,CNB,308.6,209.0,205.0,228.0,3.241598164029459,91.60646189197513,13,3,224.01,SYNTHETIC
2026-01-22T13:45:00,12004,Shatabdi,0,NDLS,GZB,24.5,38.0,36.0,42.0,-1.9809239182638771,41.832531810582346,13,3,41.85,SYNTHETIC
2026-01-22T14:00:00,12004,Shatabdi,0,CNB,LKO,71.6,75.0,72.0,85.0,-0.8758009975247618,48.5459184828993,14,3,76.62,SYNTHETIC
2026-01-22T14:15:00,12951,Rajdhani,1,BCT,ST,263.0,162.0,158.0,172.0,10.033998090173391,91.62049811321035,14,3,151.78,SYNTHETIC
2026-01-22T14:30:00,12004,Shatabdi,0,CNB,LKO,71.6,75.0,72.0,85.0,1.7865056961723687,63.152937661222126,14,3,75.42,SYNTHETIC
2026-01-22T14:45:00,12951,Rajdhani,1,BRC,RTM,261.0,197.0,193.0,215.0,-1.335599517241715,76.85126236608433,14,3,195.42,SYNTHETIC
2026-01-22T15:00:00,12004,Shatabdi,0,GZB,ALJN,106.3,59.0,57.0,68.0,-1.2475722283216377,119.77404936706579,15,3,64.18,SYNTHETIC
2026-01-22T15:15:00,12951,Rajdhani,1,ST,BRC,129.0,81.0,79.0,90.0,3.353966972580036,108.28848879707711,15,3,80.16,SYNTHETIC
2026-01-22T15:30:00,12951,Rajdhani,1,ST,BRC,129.0,81.0,79.0,90.0,-0.7209004524499276,90.57780790418738,15,3,76.33,SYNTHETIC
2026-01-22T15:45:00,12951,Rajdhani,1,RTM,KOTA,266.0,157.0,154.0,170.0,4.347356774955952,99.20468635823161,15,3,156.22,SYNTHETIC
2026-01-22T16:00:00,12004,Shatabdi,0,NDLS,GZB,24.5,38.0,36.0,42.0,0.8570715937021873,38.25393629481603,16,3,45.2,SYNTHETIC
2026-01-22T16:15:00,12951,Rajdhani,1,BCT,ST,263.0,162.0,158.0,172.0,11.560098619807086,96.10919217563703,16,3,154.21,SYNTHETIC
2026-01-22T16:30:00,12951,Rajdhani,1,ST,BRC,129.0,81.0,79.0,90.0,2.9682270760010443,115.3119907464043,16,3,82.49,SYNTHETIC
2026-01-22T16:45:00,12951,Rajdhani,1,KOTA,MTJ,324.0,195.0,190.0,212.0,9.785064818464097,106.68691955289154,16,3,189.8,SYNTHETIC
2026-01-22T17:00:00,12004,Shatabdi,0,CNB,LKO,71.6,75.0,72.0,85.0,4.839284601678374,60.61216518989523,17,3,83.95,SYNTHETIC
2026-01-22T17:15:00,12004,Shatabdi,0,NDLS,GZB,24.5,38.0,36.0,42.0,12.532007016830741,30.0,17,3,41.13,SYNTHETIC
2026-01-22T17:30:00,12951,Rajdhani,1,BRC,RTM,261.0,197.0,193.0,215.0,2.614401120949217,75.24542318666008,17,3,206.58,SYNTHETIC
2026-01-22T17:45:00,12004,Shatabdi,0,CNB,LKO,71.6,75.0,72.0,85.0,1.0370915776039142,59.62424644857627,17,3,84.36,SYNTHETIC
2026-01-22T18:00:00,12951,Rajdhani,1,RTM,KOTA,266.0,157.0,154.0,170.0,11.984429054183423,104.6542469734369,18,3,163.16,SYNTHETIC
2026-01-22T18:15:00,12951,Rajdhani,1,ST,BRC,129.0,81.0,79.0,90.0,-1.6569026517289316,124.78669905611952,18,3,83.75,SYNTHETIC
2026-01-22T18:30:00,12951,Rajdhani,1,BCT,ST,263.0,162.0,158.0,172.0,0.17760509668525604,108.58265064219619,18,3,171.66,SYNTHETIC
2026-01-22T18:45:00,12951,Rajdhani,1,ST,BRC,129.0,81.0,79.0,90.0,6.441284092000718,89.60087564747913,18,3,85.07,SYNTHETIC
2026-01-22T19:00:00,12004,Shatabdi,0,NDLS,GZB,24.5,38.0,36.0,42.0,1.8684021748883697,45.26624259940759,19,3,44.3,SYNTHETIC
2026-01-22T19:15:00,12951,Rajdhani,1,BRC,RTM,261.0,197.0,193.0,215.0,2.1196972364461866,69.03907456567812,19,3,207.96,SYNTHETIC
2026-01-22T19:30:00,12951,Rajdhani,1,RTM,KOTA,266.0,157.0,154.0,170.0,1.5447816644488612,92.07224719863484,19,3,169.62,SYNTHETIC
2026-01-22T19:45:00,12951,Rajdhani,1,BCT,ST,263.0,162.0,158.0,172.0,2.3104786054288953,93.7663870050165,19,3,175.04,SYNTHETIC
2026-01-22T20:00:00,12951,Rajdhani,1,MTJ,NDLS,143.0,110.0,108.0,125.0,-0.31146899864030386,73.6623234622469,20,3,118.21,SYNTHETIC
2026-01-22T20:15:00,12951,Rajdhani,1,RTM,KOTA,266.0,157.0,154.0,170.0,-0.6265872923433218,108.11567037015753,20,3,166.46,SYNTHETIC
2026-01-22T20:30:00,12951,Rajdhani,1,BRC,RTM,261.0,197.0,193.0,215.0,16.060539112106387,79.15279923650118,20,3,199.7,SYNTHETIC
2026-01-22T20:45:00,12951,Rajdhani,1,RTM,KOTA,266.0,157.0,154.0,170.0,5.892687499174216,85.84197438212932,20,3,158.29,SYNTHETIC
2026-01-22T21:00:00,12004,Shatabdi,0,NDLS,GZB,24.5,38.0,36.0,42.0,9.253011701252841,47.278552995770575,21,3,39.54,SYNTHETIC
2026-01-22T21:15:00,12951,Rajdhani,1,BRC,RTM,261.0,197.0,193.0,215.0,5.798438995428654,69.69400361965924,21,3,198.87,SYNTHETIC
2026-01-22T21:30:00,12004,Shatabdi,0,NDLS,GZB,24.5,38.0,36.0,42.0,-0.1634941733047799,39.04686135655279,21,3,40.98,SYNTHETIC
2026-01-22T21:45:00,12004,Shatabdi,0,ALJN,CNB,308.6,209.0,205.0,228.0,4.511556955051935,91.75295329594319,21,3,242.25,SYNTHETIC
2026-01-22T22:00:00,12004,Shatabdi,0,GZB,ALJN,106.3,59.0,57.0,68.0,11.68983858148305,104.72740940388358,22,3,58.79,SYNTHETIC
2026-01-22T22:15:00,12004,Shatabdi,0,CNB,LKO,71.6,75.0,72.0,85.0,-1.9326964024282547,67.45294031308823,22,3,75.23,SYNTHETIC
2026-01-22T22:30:00,12004,Shatabdi,0,CNB,LKO,71.6,75.0,72.0,85.0,11.125802508276156,51.02239961330947,22,3,81.71,SYNTHETIC
2026-01-22T22:45:00,12951,Rajdhani,1,RTM,KOTA,266.0,157.0,154.0,170.0,2.4596918604019953,104.03272428717845,22,3,155.08,SYNTHETIC
2026-01-22T23:00:00,12951,Rajdhani,1,BCT,ST,263.0,162.0,158.0,172.0,3.5561980490379694,103.41416273165845,23,3,156.74,SYNTHETIC
2026-01-22T23:15:00,12951,Rajdhani,1,KOTA,MTJ,324.0,195.0,190.0,212.0,-0.5861837106629153,101.55907874711359,23,3,194.61,SYNTHETIC
2026-01-22T23:30:00,12004,Shatabdi,0,ALJN,CNB,308.6,209.0,205.0,228.0,2.064566522513994,106.04664613494124,23,3,217.36,SYNTHETIC
2026-01-22T23:45:00,12951,Rajdhani,1,RTM,KOTA,266.0,157.0,154.0,170.0,-1.5053862078062774,99.84970077608412,23,3,155.16,SYNTHETIC
2026-01-23T00:00:00,12951,Rajdhani,1,BCT,ST,263.0,162.0,158.0,172.0,-1.907086789325855,119.00029906508695,0,4,154.03,SYNTHETIC
2026-01-23T00:15:00,12951,Rajdhani,1,MTJ,NDLS,143.0,110.0,108.0,125.0,5.737384455510547,89.1965686354885,0,4,102.27,SYNTHETIC
2026-01-23T00:30:00,12951,Rajdhani,1,MTJ,NDLS,143.0,110.0,108.0,125.0,-0.7898608414101336,71.66262966068945,0,4,111.63,SYNTHETIC
2026-01-23T00:45:00,12004,Shatabdi,0,NDLS,GZB,24.5,38.0,36.0,42.0,-0.7649794502506408,32.0706598415221,0,4,41.89,SYNTHETIC
2026-01-23T01:00:00,12004,Shatabdi,0,NDLS,GZB,24.5,38.0,36.0,42.0,3.3140130105239773,38.20426135458368,1,4,31.77,SYNTHETIC
2026-01-23T01:15:00,12951,Rajdhani,1,KOTA,MTJ,324.0,195.0,190.0,212.0,2.1079057985626575,99.06946093007545,1,4,184.05,SYNTHETIC
2026-01-23T01:30:00,12004,Shatabdi,0,CNB,LKO,71.6,75.0,72.0,85.0,7.484015626082021,68.18840847988571,1,4,74.95,SYNTHETIC
2026-01-23T01:45:00,12951,Rajdhani,1,KOTA,MTJ,324.0,195.0,190.0,212.0,4.639827666199963,89.45471999354511,1,4,184.31,SYNTHETIC
2026-01-23T02:00:00,12951,Rajdhani,1,BCT,ST,263.0,162.0,158.0,172.0,9.917392484890106,71.81600352861705,2,4,148.09,SYNTHETIC
2026-01-23T02:15:00,12951,Rajdhani,1,BCT,ST,263.0,162.0,158.0,172.0,5.370984918766496,89.43102025034015,2,4,148.71,SYNTHETIC
2026-01-23T02:30:00,12951,Rajdhani,1,MTJ,NDLS,143.0,110.0,108.0,125.0,1.1504336513200553,91.68168486949166,2,4,101.57,SYNTHETIC
2026-01-23T02:45:00,12004,Shatabdi,0,NDLS,GZB,24.5,38.0,36.0,42.0,4.210337541616527,48.015836008375246,2,4,31.48,SYNTHETIC
2026-01-23T03:00:00,12951,Rajdhani,1,BRC,RTM,261.0,197.0,193.0,215.0,4.435631374789651,84.82606414249011,3,4,179.69,SYNTHETIC
2026-01-23T03:15:00,12004,Shatabdi,0,CNB,LKO,71.6,75.0,72.0,85.0,4.203113948116965,54.92219675172188,3,4,78.49,SYNTHETIC
2026-01-23T03:30:00,12951,Rajdhani,1,ST,BRC,129.0,81.0,79.0,90.0,15.839581091251425,87.75370566923769,3,4,74.68,SYNTHETIC
2026-01-23T03:45:00,12951,Rajdhani,1,BCT,ST,263.0,162.0,158.0,172.0,-0.6483754068818359,97.50835396694376,3,4,143.31,SYNTHETIC
2026-01-23T04:00:00,12004,Shatabdi,0,GZB,ALJN,106.3,59.0,57.0,68.0,1.145405549023037,112.8975619875227,4,4,66.52,SYNTHETIC
2026-01-23T04:15:00,12951,Rajdhani,1,KOTA,MTJ,324.0,195.0,190.0,212.0,-1.3246982730198744,116.38872250898365,4,4,183.1,SYNTHETIC
2026-01-23T04:30:00,12951,Rajdhani,1,KOTA,MTJ,324.0,195.0,190.0,212.0,3.133340130097194,105.36827606985993,4,4,184.77,SYNTHETIC
2026-01-23T04:45:00,12004,Shatabdi,0,CNB,LKO,71.6,75.0,72.0,85.0,-1.764899688112432,72.58958615348087,4,4,75.18,SYNTHETIC
2026-01-23T05:00:00,12951,Rajdhani,1,BCT,ST,263.0,162.0,158.0,172.0,-1.172607715454079,102.54319362023558,5,4,154.94,SYNTHETIC
2026-01-23T05:15:00,12004,Shatabdi,0,GZB,ALJN,106.3,59.0,57.0,68.0,4.744441360855284,123.48189742918566,5,4,59.32,SYNTHETIC
2026-01-23T05:30:00,12951,Rajdhani,1,BCT,ST,263.0,162.0,158.0,172.0,-0.02405511466963861,117.5379901868946,5,4,153.12,SYNTHETIC
2026-01-23T05:45:00,12004,Shatabdi,0,CNB,LKO,71.6,75.0,72.0,85.0,8.094210276371795,65.14737824715928,5,4,74.05,SYNTHETIC
2026-01-23T06:00:00,12951,Rajdhani,1,KOTA,MTJ,324.0,195.0,190.0,212.0,4.705263026687325,115.20477453647075,6,4,189.18,SYNTHETIC
2026-01-23T06:15:00,12004,Shatabdi,0,GZB,ALJN,106.3,59.0,57.0,68.0,-1.7632814195615918,113.51313157253128,6,4,67.51,SYNTHETIC
2026-01-23T06:30:00,12951,Rajdhani,1,MTJ,NDLS,143.0,110.0,108.0,125.0,5.788687114437319,88.06723856497477,6,4,107.4,SYNTHETIC
2026-01-23T06:45:00,12004,Shatabdi,0,ALJN,CNB,308.6,209.0,205.0,228.0,1.584027231233625,81.04426822855517,6,4,231.26,SYNTHETIC
2026-01-23T07:00:00,12004,Shatabdi,0,ALJN,CNB,308.6,209.0,205.0,228.0,1.4345082017020827,69.11856380720496,7,4,227.3,SYNTHETIC
2026-01-23T07:15:00,12004,Shatabdi,0,ALJN,CNB,308.6,209.0,205.0,228.0,5.115657426204074,89.36194460217362,7,4,223.05,SYNTHETIC
2026-01-23T07:30:00,12951,Rajdhani,1,MTJ,NDLS,143.0,110.0,108.0,125.0,9.606271460903594,92.17201981079828,7,4,100.02,SYNTHETIC
2026-01-23T07:45:00,12004,Shatabdi,0,NDLS,GZB,24.5,38.0,36.0,42.0,0.16364660821803412,30.0,7,4,40.55,SYNTHETIC
2026-01-23T08:00:00,12004,Shatabdi,0,ALJN,CNB,308.6,209.0,205.0,228.0,2.334013235421291,103.84935016612316,8,4,246.24,SYNTHETIC
2026-01-23T08:15:00,12951,Rajdhani,1,BCT,ST,263.0,162.0,158.0,172.0,-0.9512059731620306,105.74400368000582,8,4,167.48,SYNTHETIC
2026-01-23T08:30:00,12951,Rajdhani,1,BRC,RTM,261.0,197.0,193.0,215.0,-1.9655758474795157,69.8082114143364,8,4,211.25,SYNTHETIC
2026-01-23T08:45:00,12004,Shatabdi,0,GZB,ALJN,106.3,59.0,57.0,68.0,3.8049719411149434,104.84488536572461,8,4,66.94,SYNTHETIC
2026-01-23T09:00:00,12004,Shatabdi,0,GZB,ALJN,106.3,59.0,57.0,68.0,3.4219652656897512,103.99456587395318,9,4,70.07,SYNTHETIC
2026-01-23T09:15:00,12951,Rajdhani,1,ST,BRC,129.0,81.0,79.0,90.0,-0.4311419615878447,104.93527591608428,9,4,79.26,SYNTHETIC
2026-01-23T09:30:00,12951,Rajdhani,1,BRC,RTM,261.0,197.0,193.0,215.0,-1.6537157509374678,91.78375578839679,9,4,207.18,SYNTHETIC
2026-01-23T09:45:00,12951,Rajdhani,1,MTJ,NDLS,143.0,110.0,108.0,125.0,-0.3312209575875933,80.56630203535869,9,4,117.21,SYNTHETIC
2026-01-23T10:00:00,12004,Shatabdi,0,GZB,ALJN,106.3,59.0,57.0,68.0,4.839579187540242,116.98769007852535,10,4,63.58,SYNTHETIC
2026-01-23T10:15:00,12004,Shatabdi,0,ALJN,CNB,308.6,209.0,205.0,228.0,9.743396941726633,106.49240046472903,10,4,238.32,SYNTHETIC
2026-01-23T10:30:00,12004,Shatabdi,0,GZB,ALJN,106.3,59.0,57.0,68.0,1.0130539486298153,116.40756750858925,10,4,68.92,SYNTHETIC
2026-01-23T10:45:00,12951,Rajdhani,1,MTJ,NDLS,143.0,110.0,108.0,125.0,12.639980013259041,82.06300008723115,10,4,109.32,SYNTHETIC
2026-01-23T11:00:00,12004,Shatabdi,0,NDLS,GZB,24.5,38.0,36.0,42.0,15.575605986201587,48.635350545194086,11,4,38.24,SYNTHETIC
2026-01-23T11:15:00,12004,Shatabdi,0,CNB,LKO,71.6,75.0,72.0,85.0,0.2872432309488757,49.39209975576047,11,4,88.74,SYNTHETIC
2026-01-23T11:30:00,12951,Rajdhani,1,MTJ,NDLS,143.0,110.0,108.0,125.0,0.1390703726040754,90.90626347493884,11,4,119.88,SYNTHETIC
2026-01-23T11:45:00,12951,Rajdhani,1,KOTA,MTJ,324.0,195.0,190.0,212.0,-0.8461612589710494,113.83058541572264,11,4,206.23,SYNTHETIC
2026-01-23T12:00:00,12004,Shatabdi,0,ALJN,CNB,308.6,209.0,205.0,228.0,5.19703637215982,94.55702995973257,12,4,215.9,SYNTHETIC
2026-01-23T12:15:00,12004,Shatabdi,0,NDLS,GZB,24.5,38.0,36.0,42.0,3.3678052057569197,37.548925960045196,12,4,40.18,SYNTHETIC
2026-01-23T12:30:00,12951,Rajdhani,1,BRC,RTM,261.0,197.0,193.0,215.0,10.569472301401259,69.92855624547778,12,4,191.35,SYNTHETIC
2026-01-23T12:45:00,12004,Shatabdi,0,CNB,LKO,71.6,75.0,72.0,85.0,-0.3480653906901128,57.01873064912052,12,4,82.3,SYNTHETIC
2026-01-23T13:00:00,12951,Rajdhani,1,BCT,ST,263.0,162.0,158.0,172.0,13.468277301770188,104.97877150603135,13,4,153.87,SYNTHETIC
2026-01-23T13:15:00,12951,Rajdhani,1,MTJ,NDLS,143.0,110.0,108.0,125.0,-1.8106742117881063,74.01055702348778,13,4,108.63,SYNTHETIC
2026-01-23T13:30:00,12004,Shatabdi,0,ALJN,CNB,308.6,209.0,205.0,228.0,1.7007511011754701,78.91029306291571,13,4,226.86,SYNTHETIC
2026-01-23T13:45:00,12951,Rajdhani,1,ST,BRC,129.0,81.0,79.0,90.0,5.361799786729887,84.11936107046533,13,4,76.49,SYNTHETIC
2026-01-23T14:00:00,12004,Shatabdi,0,ALJN,CNB,308.6,209.0,205.0,228.0,1.2241605078940987,98.80493301256088,14,4,233.03,SYNTHETIC
2026-01-23T14:15:00,12951,Rajdhani,1,ST,BRC,129.0,81.0,79.0,90.0,3.9729500937379454,90.34924290890801,14,4,79.16,SYNTHETIC
2026-01-23T14:30:00,12951,Rajdhani,1,ST,BRC,129.0,81.0,79.0,90.0,3.1259336052623823,102.70217327906076,14,4,79.65,SYNTHETIC
2026-01-23T14:45:00,12951,Rajdhani,1,RTM,KOTA,266.0,157.0,154.0,170.0,15.125694687289293,84.51264372689151,14,4,148.2,SYNTHETIC
2026-01-23T15:00:00,12951,Rajdhani,1,BCT,ST,263.0,162.0,158.0,172.0,0.9306243446428661,88.19476464860189,15,4,157.01,SYNTHETIC
2026-01-23T15:15:00,12004,Shatabdi,0,GZB,ALJN,106.3,59.0,57.0,68.0,6.304503745589045,122.90651354172589,15,4,60.58,SYNTHETIC
2026-01-23T15:30:00,12951,Rajdhani,1,MTJ,NDLS,143.0,110.0,108.0,125.0,0.551223383188252,85.88754944552645,15,4,108.44,SYNTHETIC
2026-01-23T15:45:00,12951,Rajdhani,1,BCT,ST,263.0,162.0,158.0,172.0,0.7939631505217943,96.94414832091756,15,4,156.61,SYNTHETIC
2026-01-23T16:00:00,12951,Rajdhani,1,ST,BRC,129.0,81.0,79.0,90.0,5.652122595764315,99.38050271614334,16,4,75.37,SYNTHETIC
2026-01-23T16:15:00,12004,Shatabdi,0,GZB,ALJN,106.3,59.0,57.0,68.0,-1.6977520555848042,113.07489648318432,16,4,56.78,SYNTHETIC
2026-01-23T16:30:00,12951,Rajdhani,1,BCT,ST,263.0,162.0,158.0,172.0,12.555088540314067,95.36122945208022,16,4,152.87,SYNTHETIC
2026-01-23T16:45:00,12004,Shatabdi,0,CNB,LKO,71.6,75.0,72.0,85.0,-1.9198558733493079,76.10190675460159,16,4,79.51,SYNTHETIC
2026-01-23T17:00:00,12004,Shatabdi,0,ALJN,CNB,308.6,209.0,205.0,228.0,0.39876650317988105,105.10316348050705,17,4,238.72,SYNTHETIC
2026-01-23T17:15:00,12951,Rajdhani,1,RTM,KOTA,266.0,157.0,154.0,170.0,6.8033780038744105,106.04337925332642,17,4,160.26,SYNTHETIC
2026-01-23T17:30:00,12951,Rajdhani,1,BRC,RTM,261.0,197.0,193.0,215.0,7.495382509008568,80.14675299513668,17,4,199.68,SYNTHETIC
2026-01-23T17:45:00,12004,Shatabdi,0,ALJN,CNB,308.6,209.0,205.0,228.0,17.01795074165111,88.7704584536872,17,4,237.64,SYNTHETIC
2026-01-23T18:00:00,12004,Shatabdi,0,CNB,LKO,71.6,75.0,72.0,85.0,-1.7171663226345335,62.122006648758166,18,4,83.98,SYNTHETIC
2026-01-23T18:15:00,12004,Shatabdi,0,ALJN,CNB,308.6,209.0,205.0,228.0,-1.853556268347871,90.78774703427162,18,4,248.89,SYNTHETIC
2026-01-23T18:30:00,12004,Shatabdi,0,ALJN,CNB,308.6,209.0,205.0,228.0,1.4109676924128611,100.4782300594569,18,4,247.15,SYNTHETIC
2026-01-23T18:45:00,12951,Rajdhani,1,BCT,ST,263.0,162.0,158.0,172.0,-1.2681531911821902,98.62231033451671,18,4,171.29,SYNTHETIC
2026-01-23T19:00:00,12004,Shatabdi,0,ALJN,CNB,308.6,209.0,205.0,228.0,-1.8900509319547303,98.08172688357381,19,4,242.44,SYNTHETIC
2026-01-23T19:15:00,12951,Rajdhani,1,ST,BRC,129.0,81.0,79.0,90.0,1.1710527239765272,101.95354283376291,19,4,87.75,SYNTHETIC
2026-01-23T19:30:00,12951,Rajdhani,1,ST,BRC,129.0,81.0,79.0,90.0,2.969652924730717,93.02478155522314,19,4,83.16,SYNTHETIC
2026-01-23T19:45:00,12951,Rajdhani,1,RTM,KOTA,266.0,157.0,154.0,170.0,0.7204553989578315,99.98053739134035,19,4,163.25,SYNTHETIC
2026-01-23T20:00:00,12951,Rajdhani,1,BCT,ST,263.0,162.0,158.0,172.0,3.8060032469308798,97.88859420684327,20,4,165.37,SYNTHETIC
2026-01-23T20:15:00,12951,Rajdhani,1,BRC,RTM,261.0,197.0,193.0,215.0,8.037335921712431,86.1560004324161,20,4,198.08,SYNTHETIC
2026-01-23T20:30:00,12004,Shatabdi,0,ALJN,CNB,308.6,209.0,205.0,228.0,8.70420294601292,93.82770579563764,20,4,234.64,SYNTHETIC
2026-01-23T20:45:00,12004,Shatabdi,0,NDLS,GZB,24.5,38.0,36.0,42.0,-1.552465217916778,49.575811441504136,20,4,42.3,SYNTHETIC
2026-01-23T21:00:00,12951,Rajdhani,1,ST,BRC,129.0,81.0,79.0,90.0,2.5808584136978343,89.30583769546914,21,4,85.53,SYNTHETIC
2026-01-23T21:15:00,12951,Rajdhani,1,RTM,KOTA,266.0,157.0,154.0,170.0,-0.5815698148545558,111.00426471953283,21,4,159.57,SYNTHETIC
2026-01-23T21:30:00,12951,Rajdhani,1,ST,BRC,129.0,81.0,79.0,90.0,-0.08124204154142722,92.76592206081263,21,4,80.67,SYNTHETIC
2026-01-23T21:45:00,12004,Shatabdi,0,CNB,LKO,71.6,75.0,72.0,85.0,7.525478800288804,77.30285874417457,21,4,85.51,SYNTHETIC
2026-01-23T22:00:00,12951,Rajdhani,1,MTJ,NDLS,143.0,110.0,108.0,125.0,-0.000594458366328876,91.87245526504387,22,4,112.85,SYNTHETIC
2026-01-23T22:15:00,12004,Shatabdi,0,CNB,LKO,71.6,75.0,72.0,85.0,3.8312896656141184,55.838491856799166,22,4,78.95,SYNTHETIC
2026-01-23T22:30:00,12951,Rajdhani,1,BCT,ST,263.0,162.0,158.0,172.0,2.0172889213577454,114.96790822554549,22,4,153.31,SYNTHETIC
2026-01-23T22:45:00,12951,Rajdhani,1,ST,BRC,129.0,81.0,79.0,90.0,24.524764935108216,97.74510007552495,22,4,76.09,SYNTHETIC
2026-01-23T23:00:00,12951,Rajdhani,1,RTM,KOTA,266.0,157.0,154.0,170.0,-0.44480380628649074,102.93412743061737,23,4,153.14,SYNTHETIC
2026-01-23T23:15:00,12951,Rajdhani,1,BCT,ST,263.0,162.0,158.0,172.0,-0.8049302840757351,94.73475350621426,23,4,160.5,SYNTHETIC
2026-01-23T23:30:00,12004,Shatabdi,0,NDLS,GZB,24.5,38.0,36.0,42.0,1.3962023259323226,33.04659482036287,23,4,45.23,SYNTHETIC
2026-01-23T23:45:00,12004,Shatabdi,0,NDLS,GZB,24.5,38.0,36.0,42.0,1.3428687076427601,40.67920804725072,23,4,37.27,SYNTHETIC
2026-01-24T00:00:00,12951,Rajdhani,1,BRC,RTM,261.0,197.0,193.0,215.0,1.3055729567325116,84.09922877651795,0,5,193.41,SYNTHETIC
2026-01-24T00:15:00,12951,Rajdhani,1,BRC,RTM,261.0,197.0,193.0,215.0,1.4804562405379231,85.8538090007069,0,5,196.82,SYNTHETIC
2026-01-24T00:30:00,12951,Rajdhani,1,BRC,RTM,261.0,197.0,193.0,215.0,8.798817168943112,76.42184839883342,0,5,187.39,SYNTHETIC
2026-01-24T00:45:00,12951,Rajdhani,1,BCT,ST,263.0,162.0,158.0,172.0,2.5186987656275717,98.82442134361777,0,5,161.16,SYNTHETIC
2026-01-24T01:00:00,12004,Shatabdi,0,ALJN,CNB,308.6,209.0,205.0,228.0,-1.8829553451647953,116.64775895281373,1,5,216.1,SYNTHETIC
2026-01-24T01:15:00,12951,Rajdhani,1,ST,BRC,129.0,81.0,79.0,90.0,1.858976549942395,85.04122838095549,1,5,71.68,SYNTHETIC
2026-01-24T01:30:00,12951,Rajdhani,1,ST,BRC,129.0,81.0,79.0,90.0,3.433301247504871,99.54352292172469,1,5,78.52,SYNTHETIC
2026-01-24T01:45:00,12951,Rajdhani,1,KOTA,MTJ,324.0,195.0,190.0,212.0,0.8376690881080999,99.29309555285896,1,5,183.99,SYNTHETIC
2026-01-24T02:00:00,12004,Shatabdi,0,ALJN,CNB,308.6,209.0,205.0,228.0,8.324638211962695,70.23871117165379,2,5,210.57,SYNTHETIC
2026-01-24T02:15:00,12004,Shatabdi,0,CNB,LKO,71.6,75.0,72.0,85.0,11.517665605275251,49.09151996373235,2,5,77.58,SYNTHETIC
2026-01-24T02:30:00,12951,Rajdhani,1,BRC,RTM,261.0,197.0,193.0,215.0,-1.0256325272468998,82.45959639251275,2,5,182.72,SYNTHETIC
2026-01-24T02:45:00,12951,Rajdhani,1,BRC,RTM,261.0,197.0,193.0,215.0,-1.1035969326321768,70.46347873973124,2,5,182.35,SYNTHETIC
2026-01-24T03:00:00,12004,Shatabdi,0,ALJN,CNB,308.6,209.0,205.0,228.0,6.703035479248491,96.84348648130918,3,5,213.6,SYNTHETIC
2026-01-24T03:15:00,12951,Rajdhani,1,MTJ,NDLS,143.0,110.0,108.0,125.0,-1.6706407922989936,74.38080375366276,3,5,104.07,SYNTHETIC
2026-01-24T03:30:00,12004,Shatabdi,0,CNB,LKO,71.6,75.0,72.0,85.0,5.367966438425154,42.51486695963246,3,5,76.88,SYNTHETIC
2026-01-24T03:45:00,12004,Shatabdi,0,GZB,ALJN,106.3,59.0,57.0,68.0,-1.74045684485233,111.65918283989772,3,5,58.63,SYNTHETIC
2026-01-24T04:00:00,12951,Rajdhani,1,KOTA,MTJ,324.0,195.0,190.0,212.0,1.167462133483692,94.17541824351014,4,5,181.43,SYNTHETIC
2026-01-24T04:15:00,12004,Shatabdi,0,CNB,LKO,71.6,75.0,72.0,85.0,2.7708613111357874,64.04091152389601,4,5,72.63,SYNTHETIC
2026-01-24T04:30:00,12951,Rajdhani,1,RTM,KOTA,266.0,157.0,154.0,170.0,2.266354894919525,109.90513427165385,4,5,147.69,SYNTHETIC
2026-01-24T04:45:00,12951,Rajdhani,1,RTM,KOTA,266.0,157.0,154.0,170.0,8.93185678525824,112.35953779523233,4,5,146.9,SYNTHETIC
2026-01-24T05:00:00,12951,Rajdhani,1,BCT,ST,263.0,162.0,158.0,172.0,4.128752387228711,104.95742892983975,5,5,152.83,SYNTHETIC
2026-01-24T05:15:00,12951,Rajdhani,1,BCT,ST,263.0,162.0,158.0,172.0,-1.8843057717917844,109.07211690504988,5,5,155.89,SYNTHETIC
2026-01-24T05:30:00,12004,Shatabdi,0,ALJN,CNB,308.6,209.0,205.0,228.0,6.717727623542297,99.09306275483173,5,5,212.17,SYNTHETIC
2026-01-24T05:45:00,12004,Shatabdi,0,NDLS,GZB,24.5,38.0,36.0,42.0,-0.9204275787137701,30.0,5,5,39.54,SYNTHETIC
2026-01-24T06:00:00,12951,Rajdhani,1,MTJ,NDLS,143.0,110.0,108.0,125.0,9.414910172162099,97.5849077350336,6,5,105.01,SYNTHETIC
2026-01-24T06:15:00,12004,Shatabdi,0,CNB,LKO,71.6,75.0,72.0,85.0,2.0812520361721445,58.074523618273176,6,5,77.83,SYNTHETIC
2026-01-24T06:30:00,12951,Rajdhani,1,ST,BRC,129.0,81.0,79.0,90.0,5.734099480990334,115.07028917322624,6,5,73.43,SYNTHETIC
2026-01-24T06:45:00,12951,Rajdhani,1,BRC,RTM,261.0,197.0,193.0,215.0,-1.2971463442666322,82.50581154704092,6,5,193.69,SYNTHETIC
2026-01-24T07:00:00,12951,Rajdhani,1,MTJ,NDLS,143.0,110.0,108.0,125.0,6.7968790615992685,94.66883354200989,7,5,103.5,SYNTHETIC
2026-01-24T07:15:00,12951,Rajdhani,1,ST,BRC,129.0,81.0,79.0,90.0,6.377389797252594,81.89861314393902,7,5,77.76,SYNTHETIC
2026-01-24T07:30:00,12004,Shatabdi,0,NDLS,GZB,24.5,38.0,36.0,42.0,13.285347614034851,37.76087107671602,7,5,43.56,SYNTHETIC
2026-01-24T07:45:00,12004,Shatabdi,0,NDLS,GZB,24.5,38.0,36.0,42.0,-0.730083580963119,44.371435181062914,7,5,42.4,SYNTHETIC
2026-01-24T08:00:00,12004,Shatabdi,0,GZB,ALJN,106.3,59.0,57.0,68.0,1.324812535343475,117.75385441488834,8,5,71.47,SYNTHETIC
2026-01-24T08:15:00,12951,Rajdhani,1,RTM,KOTA,266.0,157.0,154.0,170.0,0.2553545660601806,90.50743129520083,8,5,173.81,SYNTHETIC
2026-01-24T08:30:00,12004,Shatabdi,0,GZB,ALJN,106.3,59.0,57.0,68.0,-1.933854818576992,116.62556356205583,8,5,65.49,SYNTHETIC
2026-01-24T08:45:00,12004,Shatabdi,0,CNB,LKO,71.6,75.0,72.0,85.0,-1.1869942706873828,50.52748111595968,8,5,89.21,SYNTHETIC
2026-01-24T09:00:00,12951,Rajdhani,1,BRC,RTM,261.0,197.0,193.0,215.0,1.6150638323582118,79.11383864387626,9,5,212.07,SYNTHETIC
2026-01-24T09:15:00,12951,Rajdhani,1,BCT,ST,263.0,162.0,158.0,172.0,3.957578168171362,109.83187697362197,9,5,171.16,SYNTHETIC
2026-01-24T09:30:00,12951,Rajdhani,1,MTJ,NDLS,143.0,110.0,108.0,125.0,-1.2355189725741738,72.13578824260723,9,5,113.4,SYNTHETIC
2026-01-24T09:45:00,12004,Shatabdi,0,NDLS,GZB,24.5,38.0,36.0,42.0,-1.448187603877375,48.540632468471074,9,5,47.57,SYNTHETIC
2026-01-24T10:00:00,12004,Shatabdi,0,ALJN,CNB,308.6,209.0,205.0,228.0,5.3061117258244845,103.0352856153632,10,5,230.99,SYNTHETIC
2026-01-24T10:15:00,12004,Shatabdi,0,CNB,LKO,71.6,75.0,72.0,85.0,4.916422576451096,51.42031102762807,10,5,79.46,SYNTHETIC
2026-01-24T10:30:00,12004,Shatabdi,0,GZB,ALJN,106.3,59.0,57.0,68.0,17.773561852717375,120.32205853421452,10,5,65.87,SYNTHETIC
2026-01-24T10:45:00,12951,Rajdhani,1,ST,BRC,129.0,81.0,79.0,90.0,7.245083756300556,102.00767958597204,10,5,75.81,SYNTHETIC
2026-01-24T11:00:00,12004,Shatabdi,0,ALJN,CNB,308.6,209.0,205.0,228.0,4.015482377594941,108.21555059458301,11,5,245.87,SYNTHETIC
2026-01-24T11:15:00,12004,Shatabdi,0,GZB,ALJN,106.3,59.0,57.0,68.0,-0.8510123266326415,109.19965597484675,11,5,68.82,SYNTHETIC
2026-01-24T11:30:00,12004,Shatabdi,0,CNB,LKO,71.6,75.0,72.0,85.0,0.7180838896516519,57.92446164346126,11,5,79.28,SYNTHETIC
2026-01-24T11:45:00,12951,Rajdhani,1,BRC,RTM,261.0,197.0,193.0,215.0,-1.4919589041644503,66.31758213628392,11,5,211.29,SYNTHETIC
2026-01-24T12:00:00,12004,Shatabdi,0,NDLS,GZB,24.5,38.0,36.0,42.0,4.899489354429583,48.81053129594271,12,5,36.49,SYNTHETIC
2026-01-24T12:15:00,12951,Rajdhani,1,MTJ,NDLS,143.0,110.0,108.0,125.0,8.63024156213862,82.6681914102892,12,5,103.72,SYNTHETIC
2026-01-24T12:30:00,12951,Rajdhani,1,MTJ,NDLS,143.0,110.0,108.0,125.0,-0.7897769345222567,94.36118303246252,12,5,110.17,SYNTHETIC
2026-01-24T12:45:00,12951,Rajdhani,1,ST,BRC,129.0,81.0,79.0,90.0,3.135216003792367,95.93048372849707,12,5,76.13,SYNTHETIC
2026-01-24T13:00:00,12951,Rajdhani,1,BCT,ST,263.0,162.0,158.0,172.0,3.158907323240605,96.5155583317215,13,5,154.54,SYNTHETIC
2026-01-24T13:15:00,12004,Shatabdi,0,CNB,LKO,71.6,75.0,72.0,85.0,-0.2764639167901266,66.11794505460507,13,5,80.68,SYNTHETIC
2026-01-24T13:30:00,12951,Rajdhani,1,BRC,RTM,261.0,197.0,193.0,215.0,18.681845957844924,77.33059519093207,13,5,188.15,SYNTHETIC
2026-01-24T13:45:00,12951,Rajdhani,1,KOTA,MTJ,324.0,195.0,190.0,212.0,2.751551732900582,101.0046760868794,13,5,188.27,SYNTHETIC
2026-01-24T14:00:00,12951,Rajdhani,1,ST,BRC,129.0,81.0,79.0,90.0,41.89544945687969,104.94706400820694,14,5,81.91,SYNTHETIC
2026-01-24T14:15:00,12004,Shatabdi,0,CNB,LKO,71.6,75.0,72.0,85.0,10.705637651572804,51.65937691330308,14,5,78.13,SYNTHETIC
2026-01-24T14:30:00,12951,Rajdhani,1,MTJ,NDLS,143.0,110.0,108.0,125.0,0.48921338363698696,76.35416168627401,14,5,107.67,SYNTHETIC
2026-01-24T14:45:00,12004,Shatabdi,0,GZB,ALJN,106.3,59.0,57.0,68.0,14.05331007376379,99.5861445291897,14,5,55.38,SYNTHETIC
2026-01-24T15:00:00,12004,Shatabdi,0,ALJN,CNB,308.6,209.0,205.0,228.0,0.8262528706330299,94.65650359851851,15,5,227.93,SYNTHETIC
2026-01-24T15:15:00,12004,Shatabdi,0,CNB,LKO,71.6,75.0,72.0,85.0,5.400852626090728,73.76546838284698,15,5,78.27,SYNTHETIC
2026-01-24T15:30:00,12004,Shatabdi,0,GZB,ALJN,106.3,59.0,57.0,68.0,6.4752800359253655,130.0,15,5,64.24,SYNTHETIC
2026-01-24T15:45:00,12004,Shatabdi,0,CNB,LKO,71.6,75.0,72.0,85.0,-1.2370849112252813,53.421908237915645,15,5,82.11,SYNTHETIC
2026-01-24T16:00:00,12951,Rajdhani,1,MTJ,NDLS,143.0,110.0,108.0,125.0,12.203012842140366,105.21498774014476,16,5,105.28,SYNTHETIC
2026-01-24T16:15:00,12951,Rajdhani,1,RTM,KOTA,266.0,157.0,154.0,170.0,0.4846817298592754,94.30461397071825,16,5,153.66,SYNTHETIC
2026-01-24T16:30:00,12951,Rajdhani,1,MTJ,NDLS,143.0,110.0,108.0,125.0,1.9383017159961438,57.52465788164562,16,5,103.73,SYNTHETIC
2026-01-24T16:45:00,12951,Rajdhani,1,BCT,ST,263.0,162.0,158.0,172.0,15.40805001435174,105.92855423276065,16,5,153.45,SYNTHETIC
2026-01-24T17:00:00,12951,Rajdhani,1,RTM,KOTA,266.0,157.0,154.0,170.0,5.469905019221743,102.34947580891792,17,5,165.42,SYNTHETIC
2026-01-24T17:15:00,12951,Rajdhani,1,KOTA,MTJ,324.0,195.0,190.0,212.0,2.9918737130578483,104.75677390870808,17,5,201.25,SYNTHETIC
2026-01-24T17:30:00,12951,Rajdhani,1,BCT,ST,263.0,162.0,158.0,172.0,1.2073155656971957,105.59441980452887,17,5,167.49,SYNTHETIC
2026-01-24T17:45:00,12004,Shatabdi,0,CNB,LKO,71.6,75.0,72.0,85.0,-1.2943469330469555,70.00986083068489,17,5,80.45,SYNTHETIC
2026-01-24T18:00:00,12951,Rajdhani,1,MTJ,NDLS,143.0,110.0,108.0,125.0,2.4104075810579104,71.1875314083356,18,5,117.71,SYNTHETIC
2026-01-24T18:15:00,12004,Shatabdi,0,ALJN,CNB,308.6,209.0,205.0,228.0,-1.1796256536832526,91.31014343130805,18,5,242.42,SYNTHETIC
2026-01-24T18:30:00,12951,Rajdhani,1,MTJ,NDLS,143.0,110.0,108.0,125.0,-0.2680500990438297,82.57266681211291,18,5,117.88,SYNTHETIC
2026-01-24T18:45:00,12004,Shatabdi,0,CNB,LKO,71.6,75.0,72.0,85.0,0.44880073022131395,60.457893494258414,18,5,90.37,SYNTHETIC
2026-01-24T19:00:00,12951,Rajdhani,1,ST,BRC,129.0,81.0,79.0,90.0,0.45828170641352495,104.99478965959788,19,5,84.31,SYNTHETIC
2026-01-24T19:15:00,12004,Shatabdi,0,GZB,ALJN,106.3,59.0,57.0,68.0,-1.0171799634964431,101.41244663250042,19,5,69.91,SYNTHETIC
2026-01-24T19:30:00,12951,Rajdhani,1,KOTA,MTJ,324.0,195.0,190.0,212.0,15.968997188724554,97.50802385863818,19,5,203.39,SYNTHETIC
2026-01-24T19:45:00,12951,Rajdhani,1,BCT,ST,263.0,162.0,158.0,172.0,14.659871120573278,101.84460107274599,19,5,166.98,SYNTHETIC
2026-01-24T20:00:00,12951,Rajdhani,1,KOTA,MTJ,324.0,195.0,190.0,212.0,0.6986499815205471,93.83049626389655,20,5,199.98,SYNTHETIC
2026-01-24T20:15:00,12951,Rajdhani,1,BRC,RTM,261.0,197.0,193.0,215.0,2.81481698580491,78.6185622630462,20,5,202.64,SYNTHETIC
2026-01-24T20:30:00,12951,Rajdhani,1,BRC,RTM,261.0,197.0,193.0,215.0,3.1057382853065,63.65975943677037,20,5,205.25,SYNTHETIC
2026-01-24T20:45:00,12004,Shatabdi,0,GZB,ALJN,106.3,59.0,57.0,68.0,-0.015842185977317236,116.2645732853763,20,5,71.51,SYNTHETIC
2026-01-24T21:00:00,12004,Shatabdi,0,NDLS,GZB,24.5,38.0,36.0,42.0,23.689966051355622,38.25290903111269,21,5,45.22,SYNTHETIC
2026-01-24T21:15:00,12951,Rajdhani,1,BRC,RTM,261.0,197.0,193.0,215.0,0.6071798010332614,78.82886986636547,21,5,208.8,SYNTHETIC
2026-01-24T21:30:00,12951,Rajdhani,1,MTJ,NDLS,143.0,110.0,108.0,125.0,0.8804762200617895,85.85736775925814,21,5,116.7,SYNTHETIC
2026-01-24T21:45:00,12951,Rajdhani,1,BCT,ST,263.0,162.0,158.0,172.0,3.6294932603870347,85.3611547325074,21,5,168.55,SYNTHETIC
2026-01-24T22:00:00,12951,Rajdhani,1,BCT,ST,263.0,162.0,158.0,172.0,11.34291442895429,99.18431795760908,22,5,152.78,SYNTHETIC
2026-01-24T22:15:00,12004,Shatabdi,0,CNB,LKO,71.6,75.0,72.0,85.0,8.740614942168165,50.66506438793003,22,5,75.2,SYNTHETIC
2026-01-24T22:30:00,12004,Shatabdi,0,NDLS,GZB,24.5,38.0,36.0,42.0,1.0329679664457632,30.0,22,5,38.16,SYNTHETIC
2026-01-24T22:45:00,12004,Shatabdi,0,ALJN,CNB,308.6,209.0,205.0,228.0,2.582727326428704,84.76175099793085,22,5,222.43,SYNTHETIC
2026-01-24T23:00:00,12951,Rajdhani,1,KOTA,MTJ,324.0,195.0,190.0,212.0,6.283886328717665,110.86477984106631,23,5,182.52,SYNTHETIC
2026-01-24T23:15:00,12951,Rajdhani,1,ST,BRC,129.0,81.0,79.0,90.0,-1.6364276610657762,89.03540031429463,23,5,82.59,SYNTHETIC
2026-01-24T23:30:00,12951,Rajdhani,1,MTJ,NDLS,143.0,110.0,108.0,125.0,-0.03235489199327013,94.12946716329844,23,5,109.15,SYNTHETIC
2026-01-24T23:45:00,12951,Rajdhani,1,MTJ,NDLS,143.0,110.0,108.0,125.0,10.983167574282742,78.84822594761316,23,5,104.55,SYNTHETIC
2026-01-25T00:00:00,12951,Rajdhani,1,BCT,ST,263.0,162.0,158.0,172.0,-1.1511036698966413,90.08089439147533,0,6,157.97,SYNTHETIC
2026-01-25T00:15:00,12951,Rajdhani,1,BRC,RTM,261.0,197.0,193.0,215.0,-1.036272942003754,85.93168796717194,0,6,193.44,SYNTHETIC
2026-01-25T00:30:00,12004,Shatabdi,0,GZB,ALJN,106.3,59.0,57.0,68.0,-1.5659577225528554,104.09974028242742,0,6,59.72,SYNTHETIC
2026-01-25T00:45:00,12004,Shatabdi,0,GZB,ALJN,106.3,59.0,57.0,68.0,1.1540485887419427,107.54334936248492,0,6,57.83,SYNTHETIC
2026-01-25T01:00:00,12004,Shatabdi,0,GZB,ALJN,106.3,59.0,57.0,68.0,2.3865278737310964,105.80677104355551,1,6,62.62,SYNTHETIC
2026-01-25T01:15:00,12004,Shatabdi,0,ALJN,CNB,308.6,209.0,205.0,228.0,-1.6292157622089352,95.28002820110692,1,6,216.66,SYNTHETIC
2026-01-25T01:30:00,12004,Shatabdi,0,NDLS,GZB,24.5,38.0,36.0,42.0,-1.3419558988214875,31.502142446471918,1,6,39.88,SYNTHETIC
2026-01-25T01:45:00,12951,Rajdhani,1,BCT,ST,263.0,162.0,158.0,172.0,12.070986130362371,93.63321418908549,1,6,149.47,SYNTHETIC
2026-01-25T02:00:00,12004,Shatabdi,0,CNB,LKO,71.6,75.0,72.0,85.0,4.203627899004397,49.65657122183852,2,6,78.86,SYNTHETIC
2026-01-25T02:15:00,12004,Shatabdi,0,ALJN,CNB,308.6,209.0,205.0,228.0,3.373902285217591,93.71558484517423,2,6,214.73,SYNTHETIC
2026-01-25T02:30:00,12004,Shatabdi,0,CNB,LKO,71.6,75.0,72.0,85.0,6.426052882362088,66.45551476319115,2,6,75.88,SYNTHETIC
2026-01-25T02:45:00,12951,Rajdhani,1,ST,BRC,129.0,81.0,79.0,90.0,8.962638989053435,98.1758948401124,2,6,76.15,SYNTHETIC
2026-01-25T03:00:00,12951,Rajdhani,1,BRC,RTM,261.0,197.0,193.0,215.0,-1.2886474754820654,65.47030266138347,3,6,186.5,SYNTHETIC
2026-01-25T03:15:00,12951,Rajdhani,1,BRC,RTM,261.0,197.0,193.0,215.0,1.559908439250906,93.76234970127813,3,6,188.25,SYNTHETIC
2026-01-25T03:30:00,12004,Shatabdi,0,NDLS,GZB,24.5,38.0,36.0,42.0,2.3332433675539654,38.16530312934921,3,6,38.37,SYNTHETIC
2026-01-25T03:45:00,12951,Rajdhani,1,BCT,ST,263.0,162.0,158.0,172.0,9.709771938269505,88.07326892057613,3,6,150.03,SYNTHETIC
2026-01-25T04:00:00,12951,Rajdhani,1,KOTA,MTJ,324.0,195.0,190.0,212.0,20.204267389312722,112.79099761478184,4,6,179.73,SYNTHETIC
2026-01-25T04:15:00,12951,Rajdhani,1,BCT,ST,263.0,162.0,158.0,172.0,10.278846268040816,102.07531086357032,4,6,150.04,SYNTHETIC
2026-01-25T04:30:00,12951,Rajdhani,1,KOTA,MTJ,324.0,195.0,190.0,212.0,8.229484681340494,101.06118408216251,4,6,172.69,SYNTHETIC
2026-01-25T04:45:00,12951,Rajdhani,1,MTJ,NDLS,143.0,110.0,108.0,125.0,4.7097205989003585,69.2238074783712,4,6,100.79,SYNTHETIC
2026-01-25T05:00:00,12951,Rajdhani,1,RTM,KOTA,266.0,157.0,154.0,170.0,11.571783915593299,112.53597204137202,5,6,150.81,SYNTHETIC
2026-01-25T05:15:00,12951,Rajdhani,1,RTM,KOTA,266.0,157.0,154.0,170.0,-1.8160569137837392,98.77845767227883,5,6,145.94,SYNTHETIC
2026-01-25T05:30:00,12004,Shatabdi,0,GZB,ALJN,106.3,59.0,57.0,68.0,-0.4938656842771081,123.6699467803507,5,6,58.63,SYNTHETIC
2026-01-25T05:45:00,12004,Shatabdi,0,CNB,LKO,71.6,75.0,72.0,85.0,4.415300334630068,73.77358987087561,5,6,76.55,SYNTHETIC
2026-01-25T06:00:00,12951,Rajdhani,1,BCT,ST,263.0,162.0,158.0,172.0,-1.1601192697242828,91.913924089107,6,6,155.6,SYNTHETIC
2026-01-25T06:15:00,12951,Rajdhani,1,ST,BRC,129.0,81.0,79.0,90.0,-1.741612851305435,111.88926321386322,6,6,78.36,SYNTHETIC
2026-01-25T06:30:00,12951,Rajdhani,1,MTJ,NDLS,143.0,110.0,108.0,125.0,40.01746028743119,84.41946013079168,6,6,115.51,SYNTHETIC
2026-01-25T06:45:00,12951,Rajdhani,1,BRC,RTM,261.0,197.0,193.0,215.0,3.330433583434365,79.15714920591378,6,6,193.41,SYNTHETIC
2026-01-25T07:00:00,12951,Rajdhani,1,KOTA,MTJ,324.0,195.0,190.0,212.0,-1.383129327299609,91.02142733757002,7,6,196.01,SYNTHETIC
2026-01-25T07:15:00,12951,Rajdhani,1,KOTA,MTJ,324.0,195.0,190.0,212.0,22.117678558740586,96.60128342714171,7,6,187.2,SYNTHETIC
2026-01-25T07:30:00,12951,Rajdhani,1,RTM,KOTA,266.0,157.0,154.0,170.0,0.03753963429176599,107.44392209384296,7,6,158.64,SYNTHETIC
2026-01-25T07:45:00,12951,Rajdhani,1,RTM,KOTA,266.0,157.0,154.0,170.0,2.5553595310796453,115.40615727184849,7,6,152.27,SYNTHETIC
2026-01-25T08:00:00,12951,Rajdhani,1,RTM,KOTA,266.0,157.0,154.0,170.0,3.9082103397829853,109.0196963630636,8,6,167.21,SYNTHETIC
2026-01-25T08:15:00,12004,Shatabdi,0,NDLS,GZB,24.5,38.0,36.0,42.0,7.3439325380769205,41.289626633211974,8,6,42.12,SYNTHETIC
2026-01-25T08:30:00,12004,Shatabdi,0,ALJN,CNB,308.6,209.0,205.0,228.0,1.856551761467998,85.17818734868185,8,6,236.18,SYNTHETIC
2026-01-25T08:45:00,12004,Shatabdi,0,NDLS,GZB,24.5,38.0,36.0,42.0,1.337804528872896,50.585338750180995,8,6,43.11,SYNTHETIC
2026-01-25T09:00:00,12004,Shatabdi,0,CNB,LKO,71.6,75.0,72.0,85.0,-1.9990534578737527,53.76751270416733,9,6,84.54,SYNTHETIC
2026-01-25T09:15:00,12951,Rajdhani,1,ST,BRC,129.0,81.0,79.0,90.0,4.205630385081087,81.14423797868731,9,6,87.71,SYNTHETIC
2026-01-25T09:30:00,12951,Rajdhani,1,KOTA,MTJ,324.0,195.0,190.0,212.0,2.1494285786446055,89.72514035920229,9,6,196.99,SYNTHETIC
2026-01-25T09:45:00,12004,Shatabdi,0,CNB,LKO,71.6,75.0,72.0,85.0,2.9355967045583515,65.30500432319397,9,6,88.55,SYNTHETIC
2026-01-25T10:00:00,12951,Rajdhani,1,MTJ,NDLS,143.0,110.0,108.0,125.0,5.258557910372285,87.18735502608804,10,6,114.35,SYNTHETIC
2026-01-25T10:15:00,12951,Rajdhani,1,BCT,ST,263.0,162.0,158.0,172.0,-1.3552193417478826,110.70884643457282,10,6,169.69,SYNTHETIC
2026-01-25T10:30:00,12951,Rajdhani,1,BCT,ST,263.0,162.0,158.0,172.0,13.124701802914114,106.24249851154885,10,6,164.94,SYNTHETIC
2026-01-25T10:45:00,12951,Rajdhani,1,BRC,RTM,261.0,197.0,193.0,215.0,0.29732807932828553,77.66141666289107,10,6,210.14,SYNTHETIC
2026-01-25T11:00:00,12951,Rajdhani,1,RTM,KOTA,266.0,157.0,154.0,170.0,3.4026994259966186,120.52844858862575,11,6,167.1,SYNTHETIC
2026-01-25T11:15:00,12951,Rajdhani,1,RTM,KOTA,266.0,157.0,154.0,170.0,-0.9350767001098854,91.656784012957,11,6,165.3,SYNTHETIC
2026-01-25T11:30:00,12951,Rajdhani,1,MTJ,NDLS,143.0,110.0,108.0,125.0,5.312205972030143,71.04062769774417,11,6,109.49,SYNTHETIC
2026-01-25T11:45:00,12004,Shatabdi,0,CNB,LKO,71.6,75.0,72.0,85.0,0.7727655072887347,51.264145958713875,11,6,83.54,SYNTHETIC
2026-01-25T12:00:00,12004,Shatabdi,0,ALJN,CNB,308.6,209.0,205.0,228.0,9.161469477945971,85.7825022801319,12,6,218.9,SYNTHETIC
2026-01-25T12:15:00,12004,Shatabdi,0,GZB,ALJN,106.3,59.0,57.0,68.0,-1.7208165348535926,111.15059476287004,12,6,63.03,SYNTHETIC
2026-01-25T12:30:00,12951,Rajdhani,1,BCT,ST,263.0,162.0,158.0,172.0,1.6200006573032142,108.50096364104586,12,6,155.51,SYNTHETIC
2026-01-25T12:45:00,12004,Shatabdi,0,NDLS,GZB,24.5,38.0,36.0,42.0,4.821576824965572,37.69082712533458,12,6,43.16,SYNTHETIC
2026-01-25T13:00:00,12004,Shatabdi,0,NDLS,GZB,24.5,38.0,36.0,42.0,9.822639958914163,49.10171964042448,13,6,38.33,SYNTHETIC
2026-01-25T13:15:00,12951,Rajdhani,1,KOTA,MTJ,324.0,195.0,190.0,212.0,4.535957775635984,83.24782099266312,13,6,194.23,SYNTHETIC
2026-01-25T13:30:00,12951,Rajdhani,1,BRC,RTM,261.0,197.0,193.0,215.0,-0.06481918026500488,86.33249991663412,13,6,191.16,SYNTHETIC
2026-01-25T13:45:00,12004,Shatabdi,0,CNB,LKO,71.6,75.0,72.0,85.0,-1.7918569053339009,68.63673099355734,13,6,81.78,SYNTHETIC
2026-01-25T14:00:00,12951,Rajdhani,1,ST,BRC,129.0,81.0,79.0,90.0,20.800833754677804,101.76352142233216,14,6,76.13,SYNTHETIC
2026-01-25T14:15:00,12951,Rajdhani,1,KOTA,MTJ,324.0,195.0,190.0,212.0,2.6718710244822503,105.51299933285293,14,6,192.09,SYNTHETIC
2026-01-25T14:30:00,12004,Shatabdi,0,NDLS,GZB,24.5,38.0,36.0,42.0,6.914814786381369,48.64691453139848,14,6,38.73,SYNTHETIC
2026-01-25T14:45:00,12004,Shatabdi,0,GZB,ALJN,106.3,59.0,57.0,68.0,2.477384707117224,108.9053241294192,14,6,64.88,SYNTHETIC
2026-01-25T15:00:00,12951,Rajdhani,1,MTJ,NDLS,143.0,110.0,108.0,125.0,9.287927634854782,84.81251913669348,15,6,101.01,SYNTHETIC
2026-01-25T15:15:00,12951,Rajdhani,1,BRC,RTM,261.0,197.0,193.0,215.0,8.873391584703437,95.47623246123578,15,6,181.63,SYNTHETIC
2026-01-25T15:30:00,12951,Rajdhani,1,BCT,ST,263.0,162.0,158.0,172.0,19.954182537954065,93.02529662413004,15,6,152.98,SYNTHETIC
2026-01-25T15:45:00,12004,Shatabdi,0,GZB,ALJN,106.3,59.0,57.0,68.0,2.9968457044121264,93.31182195985419,15,6,61.47,SYNTHETIC
2026-01-25T16:00:00,12951,Rajdhani,1,RTM,KOTA,266.0,157.0,154.0,170.0,6.488456051804372,114.07349716912493,16,6,149.74,SYNTHETIC
2026-01-25T16:15:00,12004,Shatabdi,0,ALJN,CNB,308.6,209.0,205.0,228.0,6.376662442238912,84.31351853286405,16,6,220.11,SYNTHETIC
2026-01-25T16:30:00,12951,Rajdhani,1,BRC,RTM,261.0,197.0,193.0,215.0,9.16301641962048,98.34254946160635,16,6,186.15,SYNTHETIC
2026-01-25T16:45:00,12004,Shatabdi,0,CNB,LKO,71.6,75.0,72.0,85.0,28.11150161606451,48.63902755639117,16,6,80.36,SYNTHETIC
2026-01-25T17:00:00,12951,Rajdhani,1,RTM,KOTA,266.0,157.0,154.0,170.0,0.4012161533431753,116.0646325696319,17,6,168.5,SYNTHETIC
2026-01-25T17:15:00,12951,Rajdhani,1,BRC,RTM,261.0,197.0,193.0,215.0,1.1009562495683514,67.20128170550089,17,6,201.32,SYNTHETIC
2026-01-25T17:30:00,12951,Rajdhani,1,ST,BRC,129.0,81.0,79.0,90.0,16.257117452716066,101.64196106616193,17,6,86.72,SYNTHETIC
2026-01-25T17:45:00,12004,Shatabdi,0,ALJN,CNB,308.6,209.0,205.0,228.0,-1.8061676316947384,80.89778710334568,17,6,249.44,SYNTHETIC
2026-01-25T18:00:00,12951,Rajdhani,1,ST,BRC,129.0,81.0,79.0,90.0,1.7392712103009265,86.88199767963214,18,6,85.17,SYNTHETIC
2026-01-25T18:15:00,12004,Shatabdi,0,ALJN,CNB,308.6,209.0,205.0,228.0,13.18989938832937,99.34415567518802,18,6,241.32,SYNTHETIC
2026-01-25T18:30:00,12951,Rajdhani,1,ST,BRC,129.0,81.0,79.0,90.0,3.218073320351494,92.82825546329167,18,6,84.05,SYNTHETIC
2026-01-25T18:45:00,12004,Shatabdi,0,GZB,ALJN,106.3,59.0,57.0,68.0,7.887686461121731,95.91418192281631,18,6,65.56,SYNTHETIC
2026-01-25T19:00:00,12004,Shatabdi,0,ALJN,CNB,308.6,209.0,205.0,228.0,-1.1155415089891143,93.82696618773325,19,6,239.19,SYNTHETIC
2026-01-25T19:15:00,12951,Rajdhani,1,MTJ,NDLS,143.0,110.0,108.0,125.0,11.812595500594501,77.99911980091532,19,6,109.37,SYNTHETIC
2026-01-25T19:30:00,12004,Shatabdi,0,GZB,ALJN,106.3,59.0,57.0,68.0,21.309588839040234,105.46159357050705,19,6,70.25,SYNTHETIC
2026-01-25T19:45:00,12004,Shatabdi,0,NDLS,GZB,24.5,38.0,36.0,42.0,1.4534183694152691,46.79318135052746,19,6,42.79,SYNTHETIC
2026-01-25T20:00:00,12951,Rajdhani,1,RTM,KOTA,266.0,157.0,154.0,170.0,7.718825525964512,110.34906500341717,20,6,161.47,SYNTHETIC
2026-01-25T20:15:00,12951,Rajdhani,1,ST,BRC,129.0,81.0,79.0,90.0,8.404934405795077,93.51908123692839,20,6,79.43,SYNTHETIC
2026-01-25T20:30:00,12004,Shatabdi,0,CNB,LKO,71.6,75.0,72.0,85.0,-0.11701880818998944,82.46926896965594,20,6,81.34,SYNTHETIC
2026-01-25T20:45:00,12951,Rajdhani,1,RTM,KOTA,266.0,157.0,154.0,170.0,10.659411365151703,98.8034426132409,20,6,159.1,SYNTHETIC
2026-01-25T21:00:00,12004,Shatabdi,0,NDLS,GZB,24.5,38.0,36.0,42.0,3.7350024438892167,42.75508125396512,21,6,40.38,SYNTHETIC
2026-01-25T21:15:00,12951,Rajdhani,1,BCT,ST,263.0,162.0,158.0,172.0,1.8522537538274664,97.8773709978822,21,6,166.18,SYNTHETIC
2026-01-25T21:30:00,12004,Shatabdi,0,NDLS,GZB,24.5,38.0,36.0,42.0,6.007278344910446,33.775023199431885,21,6,46.58,SYNTHETIC
2026-01-25T21:45:00,12951,Rajdhani,1,ST,BRC,129.0,81.0,79.0,90.0,3.440093177793697,96.13637774110258,21,6,81.29,SYNTHETIC
2026-01-25T22:00:00,12951,Rajdhani,1,ST,BRC,129.0,81.0,79.0,90.0,1.095385676849319,102.55656784291824,22,6,82.72,SYNTHETIC
2026-01-25T22:15:00,12951,Rajdhani,1,ST,BRC,129.0,81.0,79.0,90.0,6.395388642242862,77.3830787073806,22,6,79.03,SYNTHETIC
2026-01-25T22:30:00,12951,Rajdhani,1,ST,BRC,129.0,81.0,79.0,90.0,-1.5312021310924473,109.7807086043188,22,6,74.3,SYNTHETIC
2026-01-25T22:45:00,12951,Rajdhani,1,KOTA,MTJ,324.0,195.0,190.0,212.0,4.5505722271509415,100.69864631187816,22,6,190.19,SYNTHETIC
2026-01-25T23:00:00,12951,Rajdhani,1,BRC,RTM,261.0,197.0,193.0,215.0,1.9789451192232916,78.03747579119774,23,6,191.35,SYNTHETIC
2026-01-25T23:15:00,12951,Rajdhani,1,ST,BRC,129.0,81.0,79.0,90.0,2.790891724174,90.72040611246985,23,6,78.56,SYNTHETIC
2026-01-25T23:30:00,12004,Shatabdi,0,ALJN,CNB,308.6,209.0,205.0,228.0,13.44850551369583,101.29480560492902,23,6,217.28,SYNTHETIC
2026-01-25T23:45:00,12951,Rajdhani,1,BCT,ST,263.0,162.0,158.0,172.0,3.3976503496262698,82.95380552464324,23,6,160.39,SYNTHETIC
2026-01-26T00:00:00,12951,Rajdhani,1,RTM,KOTA,266.0,157.0,154.0,170.0,7.829641833243807,98.61440571912534,0,0,146.92,SYNTHETIC
2026-01-26T00:15:00,12951,Rajdhani,1,MTJ,NDLS,143.0,110.0,108.0,125.0,18.934827151946312,66.28923613572768,0,0,104.79,SYNTHETIC
2026-01-26T00:30:00,12951,Rajdhani,1,BCT,ST,263.0,162.0,158.0,172.0,6.630231030981506,101.69512399864001,0,0,155.94,SYNTHETIC
2026-01-26T00:45:00,12004,Shatabdi,0,ALJN,CNB,308.6,209.0,205.0,228.0,-0.4115593243166562,92.17157709293306,0,0,238.77,SYNTHETIC
2026-01-26T01:00:00,12004,Shatabdi,0,ALJN,CNB,308.6,209.0,205.0,228.0,9.88057925438956,79.4659996597827,1,0,206.37,SYNTHETIC
2026-01-26T01:15:00,12951,Rajdhani,1,MTJ,NDLS,143.0,110.0,108.0,125.0,-1.3573307515767983,73.9587949388732,1,0,103.01,SYNTHETIC
2026-01-26T01:30:00,12951,Rajdhani,1,KOTA,MTJ,324.0,195.0,190.0,212.0,1.7721993585481313,99.41502341025867,1,0,180.28,SYNTHETIC
2026-01-26T01:45:00,12004,Shatabdi,0,NDLS,GZB,24.5,38.0,36.0,42.0,1.9873104260065544,34.72248270856616,1,0,37.55,SYNTHETIC
2026-01-26T02:00:00,12951,Rajdhani,1,KOTA,MTJ,324.0,195.0,190.0,212.0,3.726045957150898,100.93837848310844,2,0,177.98,SYNTHETIC
2026-01-26T02:15:00,12004,Shatabdi,0,CNB,LKO,71.6,75.0,72.0,85.0,6.86545409961629,56.70978949209131,2,0,78.04,SYNTHETIC
2026-01-26T02:30:00,12951,Rajdhani,1,MTJ,NDLS,143.0,110.0,108.0,125.0,14.490712597888415,82.24908931383614,2,0,98.48,SYNTHETIC
2026-01-26T02:45:00,12951,Rajdhani,1,KOTA,MTJ,324.0,195.0,190.0,212.0,-1.4302751810241285,100.69899020153926,2,0,181.74,SYNTHETIC
2026-01-26T03:00:00,12951,Rajdhani,1,RTM,KOTA,266.0,157.0,154.0,170.0,6.97724945753769,91.98582616284688,3,0,145.05,SYNTHETIC
2026-01-26T03:15:00,12951,Rajdhani,1,BCT,ST,263.0,162.0,158.0,172.0,2.5952589258945213,104.0761030120846,3,0,155.59,SYNTHETIC
2026-01-26T03:30:00,12951,Rajdhani,1,ST,BRC,129.0,81.0,79.0,90.0,2.941040287641778,111.0230311774971,3,0,76.25,SYNTHETIC
2026-01-26T03:45:00,12004,Shatabdi,0,NDLS,GZB,24.5,38.0,36.0,42.0,1.1764081912605313,37.38350171376266,3,0,39.35,SYNTHETIC
2026-01-26T04:00:00,12004,Shatabdi,0,NDLS,GZB,24.5,38.0,36.0,42.0,-1.7588783047141625,53.690764354663976,4,0,32.76,SYNTHETIC
2026-01-26T04:15:00,12951,Rajdhani,1,ST,BRC,129.0,81.0,79.0,90.0,-0.899188524324297,98.85808706129943,4,0,76.16,SYNTHETIC
2026-01-26T04:30:00,12951,Rajdhani,1,KOTA,MTJ,324.0,195.0,190.0,212.0,4.6819216519081825,99.6381781132283,4,0,175.09,SYNTHETIC
2026-01-26T04:45:00,12004,Shatabdi,0,ALJN,CNB,308.6,209.0,205.0,228.0,-0.5557978266076404,73.64179978283514,4,0,218.1,SYNTHETIC
2026-01-26T05:00:00,12951,Rajdhani,1,MTJ,NDLS,143.0,110.0,108.0,125.0,7.089336924105368,68.01607336347207,5,0,95.85,SYNTHETIC
2026-01-26T05:15:00,12004,Shatabdi,0,NDLS,GZB,24.5,38.0,36.0,42.0,1.345936854818826,42.46967097002127,5,0,38.05,SYNTHETIC
2026-01-26T05:30:00,12004,Shatabdi,0,ALJN,CNB,308.6,209.0,205.0,228.0,22.06353868950466,89.95635883160001,5,0,216.35,SYNTHETIC
2026-01-26T05:45:00,12951,Rajdhani,1,RTM,KOTA,266.0,157.0,154.0,170.0,-0.618048122296275,92.39138130408051,5,0,144.53,SYNTHETIC
2026-01-26T06:00:00,12951,Rajdhani,1,ST,BRC,129.0,81.0,79.0,90.0,12.47514240564399,98.37798755319524,6,0,71.29,SYNTHETIC
2026-01-26T06:15:00,12951,Rajdhani,1,KOTA,MTJ,324.0,195.0,190.0,212.0,1.2981276105107296,103.55365994146726,6,0,190.31,SYNTHETIC
2026-01-26T06:30:00,12951,Rajdhani,1,BCT,ST,263.0,162.0,158.0,172.0,1.7193748188451679,99.61010936682196,6,0,157.62,SYNTHETIC
2026-01-26T06:45:00,12951,Rajdhani,1,MTJ,NDLS,143.0,110.0,108.0,125.0,-1.9499628893424648,78.79306108715556,6,0,109.34,SYNTHETIC
2026-01-26T07:00:00,12951,Rajdhani,1,BCT,ST,263.0,162.0,158.0,172.0,-1.0928051222795285,86.66873641131627,7,0,159.16,SYNTHETIC
2026-01-26T07:15:00,12004,Shatabdi,0,CNB,LKO,71.6,75.0,72.0,85.0,-0.09037465035693959,76.76575348074374,7,0,82.12,SYNTHETIC
2026-01-26T07:30:00,12951,Rajdhani,1,BRC,RTM,261.0,197.0,193.0,215.0,-1.3437628768786252,86.61444778285626,7,0,190.2,SYNTHETIC
2026-01-26T07:45:00,12004,Shatabdi,0,NDLS,GZB,24.5,38.0,36.0,42.0,-0.7479067163391344,55.44358955672431,7,0,39.16,SYNTHETIC
2026-01-26T08:00:00,12951,Rajdhani,1,KOTA,MTJ,324.0,195.0,190.0,212.0,0.5846746306686192,93.95807470043611,8,0,200.54,SYNTHETIC
2026-01-26T08:15:00,12951,Rajdhani,1,KOTA,MTJ,324.0,195.0,190.0,212.0,12.872297245236911,100.89570774354695,8,0,198.59,SYNTHETIC
2026-01-26T08:30:00,12004,Shatabdi,0,GZB,ALJN,106.3,59.0,57.0,68.0,2.621734326068019,117.83884038167778,8,0,65.34,SYNTHETIC
2026-01-26T08:45:00,12951,Rajdhani,1,RTM,KOTA,266.0,157.0,154.0,170.0,7.17483029273493,87.9165494283675,8,0,157.79,SYNTHETIC
2026-01-26T09:00:00,12951,Rajdhani,1,KOTA,MTJ,324.0,195.0,190.0,212.0,3.6295121606043255,105.13585934124482,9,0,201.31,SYNTHETIC
2026-01-26T09:15:00,12951,Rajdhani,1,RTM,KOTA,266.0,157.0,154.0,170.0,16.535041639544396,91.53399241724688,9,0,163.58,SYNTHETIC
2026-01-26T09:30:00,12951,Rajdhani,1,MTJ,NDLS,143.0,110.0,108.0,125.0,-1.603653701988921,81.75308854572532,9,0,122.74,SYNTHETIC
2026-01-26T09:45:00,12951,Rajdhani,1,BRC,RTM,261.0,197.0,193.0,215.0,6.27124464619272,78.79126369664702,9,0,199.92,SYNTHETIC
2026-01-26T10:00:00,12951,Rajdhani,1,RTM,KOTA,266.0,157.0,154.0,170.0,-0.6187683734965272,100.61539322611758,10,0,172.37,SYNTHETIC
2026-01-26T10:15:00,12951,Rajdhani,1,RTM,KOTA,266.0,157.0,154.0,170.0,2.673117520371851,97.68207789891376,10,0,165.2,SYNTHETIC
2026-01-26T10:30:00,12951,Rajdhani,1,RTM,KOTA,266.0,157.0,154.0,170.0,-0.9805251400271988,88.16066569500052,10,0,166.89,SYNTHETIC
2026-01-26T10:45:00,12004,Shatabdi,0,ALJN,CNB,308.6,209.0,205.0,228.0,4.09047790951643,94.1928577975558,10,0,230.56,SYNTHETIC
2026-01-26T11:00:00,12951,Rajdhani,1,MTJ,NDLS,143.0,110.0,108.0,125.0,-0.5302917602008295,87.67126871018588,11,0,115.33,SYNTHETIC
2026-01-26T11:15:00,12004,Shatabdi,0,GZB,ALJN,106.3,59.0,57.0,68.0,-0.8198738695181595,121.76926796908208,11,0,71.47,SYNTHETIC
2026-01-26T11:30:00,12951,Rajdhani,1,BCT,ST,263.0,162.0,158.0,172.0,-1.0217193465438386,119.61240350594483,11,0,170.03,SYNTHETIC
2026-01-26T11:45:00,12951,Rajdhani,1,BCT,ST,263.0,162.0,158.0,172.0,2.877250908276684,111.36104168530446,11,0,170.19,SYNTHETIC
2026-01-26T12:00:00,12951,Rajdhani,1,BRC,RTM,261.0,197.0,193.0,215.0,-1.6982146944596448,82.71336204978778,12,0,195.93,SYNTHETIC
2026-01-26T12:15:00,12004,Shatabdi,0,CNB,LKO,71.6,75.0,72.0,85.0,16.59186939434772,38.94531550570179,12,0,75.64,SYNTHETIC
2026-01-26T12:30:00,12951,Rajdhani,1,ST,BRC,129.0,81.0,79.0,90.0,-0.1508339287899887,98.29938345138356,12,0,75.72,SYNTHETIC
2026-01-26T12:45:00,12004,Shatabdi,0,NDLS,GZB,24.5,38.0,36.0,42.0,3.7472830127712013,43.39187813259482,12,0,36.92,SYNTHETIC
2026-01-26T13:00:00,12951,Rajdhani,1,BCT,ST,263.0,162.0,158.0,172.0,5.12397781679175,107.17591525884849,13,0,152.15,SYNTHETIC
2026-01-26T13:15:00,12951,Rajdhani,1,ST,BRC,129.0,81.0,79.0,90.0,-1.9067887096170186,92.24437428218158,13,0,81.73,SYNTHETIC
2026-01-26T13:30:00,12004,Shatabdi,0,CNB,LKO,71.6,75.0,72.0,85.0,0.661800761668641,61.92332940187614,13,0,79.68,SYNTHETIC
2026-01-26T13:45:00,12951,Rajdhani,1,BCT,ST,263.0,162.0,158.0,172.0,7.579660516632805,111.9470790006556,13,0,155.11,SYNTHETIC
2026-01-26T14:00:00,12951,Rajdhani,1,BRC,RTM,261.0,197.0,193.0,215.0,-0.31529281701253664,76.58647214160388,14,0,191.94,SYNTHETIC
2026-01-26T14:15:00,12004,Shatabdi,0,CNB,LKO,71.6,75.0,72.0,85.0,6.480557300066346,45.16030490689751,14,0,75.63,SYNTHETIC
2026-01-26T14:30:00,12004,Shatabdi,0,GZB,ALJN,106.3,59.0,57.0,68.0,4.79476122158472,89.52682089895865,14,0,65.91,SYNTHETIC
2026-01-26T14:45:00,12951,Rajdhani,1,ST,BRC,129.0,81.0,79.0,90.0,-0.0945809687814787,93.97343769711637,14,0,80.51,SYNTHETIC
2026-01-26T15:00:00,12004,Shatabdi,0,CNB,LKO,71.6,75.0,72.0,85.0,1.6731122806251744,60.261398408362005,15,0,78.38,SYNTHETIC
2026-01-26T15:15:00,12951,Rajdhani,1,MTJ,NDLS,143.0,110.0,108.0,125.0,-0.4608093992918785,85.36162171226431,15,0,109.71,SYNTHETIC
2026-01-26T15:30:00,12004,Shatabdi,0,CNB,LKO,71.6,75.0,72.0,85.0,5.217966813311328,61.99217030106991,15,0,76.56,SYNTHETIC
2026-01-26T15:45:00,12951,Rajdhani,1,KOTA,MTJ,324.0,195.0,190.0,212.0,4.395603660486982,117.87683384895506,15,0,190.74,SYNTHETIC
2026-01-26T16:00:00,12951,Rajdhani,1,BRC,RTM,261.0,197.0,193.0,215.0,0.1922052888368464,93.48401369183402,16,0,196.02,SYNTHETIC
2026-01-26T16:15:00,12951,Rajdhani,1,BRC,RTM,261.0,197.0,193.0,215.0,-0.4718961162092068,64.69385568958815,16,0,192.37,SYNTHETIC
2026-01-26T16:30:00,12004,Shatabdi,0,ALJN,CNB,308.6,209.0,205.0,228.0,1.0973463047677292,76.21822067502681,16,0,222.12,SYNTHETIC
2026-01-26T16:45:00,12951,Rajdhani,1,BRC,RTM,261.0,197.0,193.0,215.0,24.971243368260495,84.40260008361803,16,0,189.94,SYNTHETIC
2026-01-26T17:00:00,12004,Shatabdi,0,NDLS,GZB,24.5,38.0,36.0,42.0,-1.6634999687733898,45.13678171504391,17,0,44.47,SYNTHETIC
2026-01-26T17:15:00,12004,Shatabdi,0,GZB,ALJN,106.3,59.0,57.0,68.0,8.579022003510877,104.53429705441556,17,0,62.86,SYNTHETIC
2026-01-26T17:30:00,12004,Shatabdi,0,CNB,LKO,71.6,75.0,72.0,85.0,3.2075235039171917,72.18614121179823,17,0,85.53,SYNTHETIC
2026-01-26T17:45:00,12951,Rajdhani,1,BRC,RTM,261.0,197.0,193.0,215.0,4.57022548580586,96.30239410725085,17,0,209.15,SYNTHETIC
2026-01-26T18:00:00,12951,Rajdhani,1,MTJ,NDLS,143.0,110.0,108.0,125.0,-1.3619086309411588,95.57312815151572,18,0,119.02,SYNTHETIC
2026-01-26T18:15:00,12004,Shatabdi,0,CNB,LKO,71.6,75.0,72.0,85.0,5.935600118259584,67.477461184164,18,0,76.01,SYNTHETIC
2026-01-26T18:30:00,12951,Rajdhani,1,MTJ,NDLS,143.0,110.0,108.0,125.0,2.5429551027043393,90.06261090434177,18,0,121.45,SYNTHETIC
2026-01-26T18:45:00,12004,Shatabdi,0,ALJN,CNB,308.6,209.0,205.0,228.0,7.046742373511879,98.37278910613254,18,0,235.2,SYNTHETIC
2026-01-26T19:00:00,12004,Shatabdi,0,CNB,LKO,71.6,75.0,72.0,85.0,11.8082861433268,65.10538249255059,19,0,81.53,SYNTHETIC
2026-01-26T19:15:00,12004,Shatabdi,0,NDLS,GZB,24.5,38.0,36.0,42.0,2.0948571962168785,41.22254680265967,19,0,35.86,SYNTHETIC
2026-01-26T19:30:00,12951,Rajdhani,1,RTM,KOTA,266.0,157.0,154.0,170.0,0.9446195404420878,105.27652320276974,19,0,167.56,SYNTHETIC
2026-01-26T19:45:00,12004,Shatabdi,0,ALJN,CNB,308.6,209.0,205.0,228.0,-1.5523734134470357,104.62817327679764,19,0,247.65,SYNTHETIC
2026-01-26T20:00:00,12951,Rajdhani,1,RTM,KOTA,266.0,157.0,154.0,170.0,2.03588303563547,95.81949242043315,20,0,164.93,SYNTHETIC
2026-01-26T20:15:00,12004,Shatabdi,0,GZB,ALJN,106.3,59.0,57.0,68.0,-1.8082243990784754,106.22026402982175,20,0,73.11,SYNTHETIC
2026-01-26T20:30:00,12951,Rajdhani,1,RTM,KOTA,266.0,157.0,154.0,170.0,1.7838274274418788,84.67015308893437,20,0,166.23,SYNTHETIC
2026-01-26T20:45:00,12951,Rajdhani,1,KOTA,MTJ,324.0,195.0,190.0,212.0,1.5997336826391737,110.99384406910868,20,0,206.77,SYNTHETIC
2026-01-26T21:00:00,12004,Shatabdi,0,CNB,LKO,71.6,75.0,72.0,85.0,-1.0108047719154203,68.56315899031027,21,0,89.85,SYNTHETIC
2026-01-26T21:15:00,12004,Shatabdi,0,NDLS,GZB,24.5,38.0,36.0,42.0,-1.1272186933318586,44.75214595578918,21,0,40.53,SYNTHETIC
2026-01-26T21:30:00,12004,Shatabdi,0,CNB,LKO,71.6,75.0,72.0,85.0,5.701788211016659,51.00119581025595,21,0,80.91,SYNTHETIC
2026-01-26T21:45:00,12951,Rajdhani,1,BCT,ST,263.0,162.0,158.0,172.0,3.135586051161729,99.16001773651496,21,0,171.24,SYNTHETIC
2026-01-26T22:00:00,12004,Shatabdi,0,CNB,LKO,71.6,75.0,72.0,85.0,2.6321428167352483,50.5407846848904,22,0,82.46,SYNTHETIC
2026-01-26T22:15:00,12951,Rajdhani,1,RTM,KOTA,266.0,157.0,154.0,170.0,1.185123938528926,97.84363746347921,22,0,158.46,SYNTHETIC
2026-01-26T22:30:00,12004,Shatabdi,0,GZB,ALJN,106.3,59.0,57.0,68.0,-0.08849054340613094,119.6940704277645,22,0,58.51,SYNTHETIC
2026-01-26T22:45:00,12951,Rajdhani,1,RTM,KOTA,266.0,157.0,154.0,170.0,3.2473373937289605,105.49471421965134,22,0,154.57,SYNTHETIC
2026-01-26T23:00:00,12951,Rajdhani,1,KOTA,MTJ,324.0,195.0,190.0,212.0,-1.9527448728746142,116.65203967189369,23,0,190.57,SYNTHETIC
2026-01-26T23:15:00,12004,Shatabdi,0,ALJN,CNB,308.6,209.0,205.0,228.0,5.613502001284927,88.55339961876271,23,0,223.81,SYNTHETIC
2026-01-26T23:30:00,12951,Rajdhani,1,ST,BRC,129.0,81.0,79.0,90.0,0.5531925507601456,102.9323392744589,23,0,80.93,SYNTHETIC
2026-01-26T23:45:00,12951,Rajdhani,1,MTJ,NDLS,143.0,110.0,108.0,125.0,1.9682790916422945,84.35597265342244,23,0,103.97,SYNTHETIC
2026-01-27T00:00:00,12951,Rajdhani,1,ST,BRC,129.0,81.0,79.0,90.0,0.8682860729272353,101.84454652823491,0,1,81.64,SYNTHETIC
2026-01-27T00:15:00,12004,Shatabdi,0,ALJN,CNB,308.6,209.0,205.0,228.0,0.09179990100206714,98.13919310265534,0,1,226.44,SYNTHETIC
2026-01-27T00:30:00,12004,Shatabdi,0,ALJN,CNB,308.6,209.0,205.0,228.0,6.264641367935175,77.16397713733079,0,1,219.2,SYNTHETIC
2026-01-27T00:45:00,12004,Shatabdi,0,CNB,LKO,71.6,75.0,72.0,85.0,9.227404412774847,73.5508753524707,0,1,78.32,SYNTHETIC
2026-01-27T01:00:00,12004,Shatabdi,0,ALJN,CNB,308.6,209.0,205.0,228.0,-0.4504014540251413,90.65109586612677,1,1,220.19,SYNTHETIC
2026-01-27T01:15:00,12004,Shatabdi,0,CNB,LKO,71.6,75.0,72.0,85.0,3.728214738370766,62.121653484609794,1,1,77.12,SYNTHETIC
2026-01-27T01:30:00,12004,Shatabdi,0,ALJN,CNB,308.6,209.0,205.0,228.0,5.921293003174704,93.22019960826078,1,1,205.49,SYNTHETIC
2026-01-27T01:45:00,12004,Shatabdi,0,GZB,ALJN,106.3,59.0,57.0,68.0,7.420293433483074,110.25029145981591,1,1,62.58,SYNTHETIC
2026-01-27T02:00:00,12951,Rajdhani,1,ST,BRC,129.0,81.0,79.0,90.0,0.28341885419635027,89.0459873635322,2,1,81.77,SYNTHETIC
2026-01-27T02:15:00,12951,Rajdhani,1,MTJ,NDLS,143.0,110.0,108.0,125.0,12.858094102890806,70.95986922151454,2,1,100.59,SYNTHETIC
2026-01-27T02:30:00,12951,Rajdhani,1,KOTA,MTJ,324.0,195.0,190.0,212.0,3.6961999700366253,102.3960318922769,2,1,180.87,SYNTHETIC
2026-01-27T02:45:00,12951,Rajdhani,1,BCT,ST,263.0,162.0,158.0,172.0,8.01044876565369,102.49202431442173,2,1,150.64,SYNTHETIC
2026-01-27T03:00:00,12004,Shatabdi,0,GZB,ALJN,106.3,59.0,57.0,68.0,-0.5240076197814121,123.2558476457419,3,1,54.76,SYNTHETIC
2026-01-27T03:15:00,12951,Rajdhani,1,KOTA,MTJ,324.0,195.0,190.0,212.0,-0.20438443461625777,86.67374046021453,3,1,181.84,SYNTHETIC
2026-01-27T03:30:00,12951,Rajdhani,1,RTM,KOTA,266.0,157.0,154.0,170.0,16.07998184267479,104.24797627205336,3,1,141.86,SYNTHETIC
2026-01-27T03:45:00,12004,Shatabdi,0,NDLS,GZB,24.5,38.0,36.0,42.0,-0.7610728684247785,38.06998038289116,3,1,38.78,SYNTHETIC
2026-01-27T04:00:00,12951,Rajdhani,1,BRC,RTM,261.0,197.0,193.0,215.0,-0.8412903599609953,78.23486218328725,4,1,185.04,SYNTHETIC
2026-01-27T04:15:00,12004,Shatabdi,0,NDLS,GZB,24.5,38.0,36.0,42.0,-0.8588189448550045,42.41619362731909,4,1,37.42,SYNTHETIC
2026-01-27T04:30:00,12004,Shatabdi,0,CNB,LKO,71.6,75.0,72.0,85.0,4.64894630870962,61.41331115542031,4,1,82.15,SYNTHETIC
2026-01-27T04:45:00,12004,Shatabdi,0,CNB,LKO,71.6,75.0,72.0,85.0,3.814340061830623,78.15329735633216,4,1,73.36,SYNTHETIC
2026-01-27T05:00:00,12951,Rajdhani,1,RTM,KOTA,266.0,157.0,154.0,170.0,20.059315369005375,94.9893664926871,5,1,139.94,SYNTHETIC
2026-01-27T05:15:00,12004,Shatabdi,0,GZB,ALJN,106.3,59.0,57.0,68.0,8.388976545385585,129.68862991814768,5,1,63.72,SYNTHETIC
2026-01-27T05:30:00,12951,Rajdhani,1,ST,BRC,129.0,81.0,79.0,90.0,1.7848440962767205,85.54535007519812,5,1,74.91,SYNTHETIC
2026-01-27T05:45:00,12951,Rajdhani,1,BCT,ST,263.0,162.0,158.0,172.0,3.7132976898925882,95.4626925433975,5,1,150.59,SYNTHETIC
2026-01-27T06:00:00,12951,Rajdhani,1,ST,BRC,129.0,81.0,79.0,90.0,11.654646718955451,93.97348693129248,6,1,74.88,SYNTHETIC
2026-01-27T06:15:00,12951,Rajdhani,1,BCT,ST,263.0,162.0,158.0,172.0,0.9613841527709894,110.97143707804248,6,1,161.27,SYNTHETIC
2026-01-27T06:30:00,12004,Shatabdi,0,ALJN,CNB,308.6,209.0,205.0,228.0,5.047913437221743,94.61928702841308,6,1,216.97,SYNTHETIC
2026-01-27T06:45:00,12951,Rajdhani,1,ST,BRC,129.0,81.0,79.0,90.0,16.662034393624687,103.60379014715465,6,1,76.31,SYNTHETIC
2026-01-27T07:00:00,12004,Shatabdi,0,NDLS,GZB,24.5,38.0,36.0,42.0,-0.06629247864771326,30.0,7,1,35.06,SYNTHETIC
2026-01-27T07:15:00,12004,Shatabdi,0,NDLS,GZB,24.5,38.0,36.0,42.0,-1.6412048260608905,38.021297379305665,7,1,40.72,SYNTHETIC
2026-01-27T07:30:00,12951,Rajdhani,1,BRC,RTM,261.0,197.0,193.0,215.0,3.390296733207098,97.60781746061012,7,1,192.47,SYNTHETIC
2026-01-27T07:45:00,12004,Shatabdi,0,GZB,ALJN,106.3,59.0,57.0,68.0,-1.3639312578439968,113.64712855759235,7,1,56.89,SYNTHETIC
2026-01-27T08:00:00,12951,Rajdhani,1,BRC,RTM,261.0,197.0,193.0,215.0,7.428539292857039,80.32515464107428,8,1,202.36,SYNTHETIC
2026-01-27T08:15:00,12951,Rajdhani,1,ST,BRC,129.0,81.0,79.0,90.0,3.7114316653776234,91.06848001005952,8,1,82.8,SYNTHETIC
2026-01-27T08:30:00,12951,Rajdhani,1,MTJ,NDLS,143.0,110.0,108.0,125.0,-1.0329506204881236,83.92826545905704,8,1,117.76,SYNTHETIC
2026-01-27T08:45:00,12004,Shatabdi,0,ALJN,CNB,308.6,209.0,205.0,228.0,0.8037717059303415,73.38040460126639,8,1,246.32,SYNTHETIC
2026-01-27T09:00:00,12004,Shatabdi,0,GZB,ALJN,106.3,59.0,57.0,68.0,17.2713549611113,126.72867080233955,9,1,58.15,SYNTHETIC
2026-01-27T09:15:00,12004,Shatabdi,0,CNB,LKO,71.6,75.0,72.0,85.0,-1.0274501939523912,42.34172071699339,9,1,86.86,SYNTHETIC
2026-01-27T09:30:00,12004,Shatabdi,0,GZB,ALJN,106.3,59.0,57.0,68.0,2.6280238194189227,126.0662736804306,9,1,66.56,SYNTHETIC
2026-01-27T09:45:00,12951,Rajdhani,1,ST,BRC,129.0,81.0,79.0,90.0,-0.6016824196190871,103.00014600884562,9,1,88.07,SYNTHETIC
2026-01-27T10:00:00,12951,Rajdhani,1,BRC,RTM,261.0,197.0,193.0,215.0,9.424341480414242,76.41089908673091,10,1,204.55,SYNTHETIC
2026-01-27T10:15:00,12951,Rajdhani,1,RTM,KOTA,266.0,157.0,154.0,170.0,0.4940830773530145,106.90325828978068,10,1,162.09,SYNTHETIC
2026-01-27T10:30:00,12951,Rajdhani,1,KOTA,MTJ,324.0,195.0,190.0,212.0,2.8827258655825245,128.3315346285244,10,1,210.32,SYNTHETIC
2026-01-27T10:45:00,12004,Shatabdi,0,NDLS,GZB,24.5,38.0,36.0,42.0,2.7447414313145604,47.36362886628863,10,1,40.89,SYNTHETIC
2026-01-27T11:00:00,12951,Rajdhani,1,KOTA,MTJ,324.0,195.0,190.0,212.0,-1.2741886395499251,99.8809612558669,11,1,199.97,SYNTHETIC
2026-01-27T11:15:00,12951,Rajdhani,1,RTM,KOTA,266.0,157.0,154.0,170.0,-1.0892434045923554,105.0362774862924,11,1,161.51,SYNTHETIC
2026-01-27T11:30:00,12951,Rajdhani,1,ST,BRC,129.0,81.0,79.0,90.0,2.0050566254550892,80.35272078256116,11,1,80.41,SYNTHETIC
2026-01-27T11:45:00,12004,Shatabdi,0,ALJN,CNB,308.6,209.0,205.0,228.0,11.097676113183454,104.86944657321808,11,1,247.89,SYNTHETIC
2026-01-27T12:00:00,12951,Rajdhani,1,ST,BRC,129.0,81.0,79.0,90.0,0.3657632534149222,80.93320885757059,12,1,80.83,SYNTHETIC
2026-01-27T12:15:00,12951,Rajdhani,1,MTJ,NDLS,143.0,110.0,108.0,125.0,6.680409157674131,85.8899955863614,12,1,103.3,SYNTHETIC
2026-01-27T12:30:00,12004,Shatabdi,0,ALJN,CNB,308.6,209.0,205.0,228.0,2.557901279483173,91.94351786038635,12,1,229.2,SYNTHETIC
2026-01-27T12:45:00,12951,Rajdhani,1,BCT,ST,263.0,162.0,158.0,172.0,1.3348322358627547,98.78065259933508,12,1,160.02,SYNTHETIC
2026-01-27T13:00:00,12004,Shatabdi,0,CNB,LKO,71.6,75.0,72.0,85.0,1.0688935796757377,66.57826064988737,13,1,75.35,SYNTHETIC
2026-01-27T13:15:00,12951,Rajdhani,1,BRC,RTM,261.0,197.0,193.0,215.0,2.5778223117385144,93.60350853182922,13,1,189.18,SYNTHETIC
2026-01-27T13:30:00,12951,Rajdhani,1,ST,BRC,129.0,81.0,79.0,90.0,0.7409481450303206,91.84121371806327,13,1,79.51,SYNTHETIC
2026-01-27T13:45:00,12951,Rajdhani,1,RTM,KOTA,266.0,157.0,154.0,170.0,0.015335295143033889,113.19024934816214,13,1,150.41,SYNTHETIC
2026-01-27T14:00:00,12951,Rajdhani,1,KOTA,MTJ,324.0,195.0,190.0,212.0,4.868106653848628,99.79051620557556,14,1,189.43,SYNTHETIC
2026-01-27T14:15:00,12004,Shatabdi,0,ALJN,CNB,308.6,209.0,205.0,228.0,2.503511614907133,93.73141245468153,14,1,221.52,SYNTHETIC
2026-01-27T14:30:00,12004,Shatabdi,0,CNB,LKO,71.6,75.0,72.0,85.0,-1.8090631883919606,56.09978013378941,14,1,77.19,SYNTHETIC
2026-01-27T14:45:00,12951,Rajdhani,1,BRC,RTM,261.0,197.0,193.0,215.0,5.3592408584905264,76.35435370587982,14,1,188.76,SYNTHETIC
2026-01-27T15:00:00,12004,Shatabdi,0,GZB,ALJN,106.3,59.0,57.0,68.0,-0.3758519979048476,128.11347431995577,15,1,61.78,SYNTHETIC
2026-01-27T15:15:00,12004,Shatabdi,0,NDLS,GZB,24.5,38.0,36.0,42.0,2.1982573729786443,37.65502791313789,15,1,39.4,SYNTHETIC
2026-01-27T15:30:00,12004,Shatabdi,0,ALJN,CNB,308.6,209.0,205.0,228.0,0.0826062569626016,89.38991086543966,15,1,227.96,SYNTHETIC
2026-01-27T15:45:00,12951,Rajdhani,1,ST,BRC,129.0,81.0,79.0,90.0,0.6360119827583848,108.37450379708696,15,1,76.88,SYNTHETIC
2026-01-27T16:00:00,12951,Rajdhani,1,ST,BRC,129.0,81.0,79.0,90.0,-1.5325939010663023,95.37260853071439,16,1,76.39,SYNTHETIC
2026-01-27T16:15:00,12004,Shatabdi,0,GZB,ALJN,106.3,59.0,57.0,68.0,-0.9872650502148574,130.0,16,1,61.33,SYNTHETIC
2026-01-27T16:30:00,12004,Shatabdi,0,ALJN,CNB,308.6,209.0,205.0,228.0,15.699009517866283,92.96169431387378,16,1,217.93,SYNTHETIC
2026-01-27T16:45:00,12004,Shatabdi,0,CNB,LKO,71.6,75.0,72.0,85.0,1.2141190258696581,59.112581548773186,16,1,80.08,SYNTHETIC
2026-01-27T17:00:00,12951,Rajdhani,1,BRC,RTM,261.0,197.0,193.0,215.0,2.660029954106662,84.59609981957146,17,1,206.96,SYNTHETIC
2026-01-27T17:15:00,12951,Rajdhani,1,MTJ,NDLS,143.0,110.0,108.0,125.0,6.234956628296359,99.72065940693516,17,1,113.98,SYNTHETIC
2026-01-27T17:30:00,12004,Shatabdi,0,GZB,ALJN,106.3,59.0,57.0,68.0,-0.6547511729041191,106.02779095448653,17,1,64.23,SYNTHETIC
2026-01-27T17:45:00,12951,Rajdhani,1,ST,BRC,129.0,81.0,79.0,90.0,0.13501846146667384,86.38698161232003,17,1,82.76,SYNTHETIC
2026-01-27T18:00:00,12951,Rajdhani,1,BCT,ST,263.0,162.0,158.0,172.0,1.523478249287665,110.7382189504228,18,1,169.94,SYNTHETIC
2026-01-27T18:15:00,12004,Shatabdi,0,CNB,LKO,71.6,75.0,72.0,85.0,20.341342022645645,47.55225152622844,18,1,81.36,SYNTHETIC
2026-01-27T18:30:00,12951,Rajdhani,1,KOTA,MTJ,324.0,195.0,190.0,212.0,2.933008244247624,102.46273042912789,18,1,207.71,SYNTHETIC
2026-01-27T18:45:00,12951,Rajdhani,1,RTM,KOTA,266.0,157.0,154.0,170.0,38.5810319350297,98.29108773698916,18,1,165.59,SYNTHETIC
2026-01-27T19:00:00,12951,Rajdhani,1,BRC,RTM,261.0,197.0,193.0,215.0,-0.3050733937915555,63.38039938505647,19,1,208.95,SYNTHETIC
2026-01-27T19:15:00,12004,Shatabdi,0,CNB,LKO,71.6,75.0,72.0,85.0,5.3749640367595575,57.93719991821339,19,1,82.96,SYNTHETIC
2026-01-27T19:30:00,12951,Rajdhani,1,BCT,ST,263.0,162.0,158.0,172.0,1.1024003952400978,97.3969964146959,19,1,170.18,SYNTHETIC
2026-01-27T19:45:00,12004,Shatabdi,0,CNB,LKO,71.6,75.0,72.0,85.0,-0.09654425580104031,48.879337674664804,19,1,86.02,SYNTHETIC
2026-01-27T20:00:00,12951,Rajdhani,1,MTJ,NDLS,143.0,110.0,108.0,125.0,1.969783527694636,69.43624983460828,20,1,115.64,SYNTHETIC
2026-01-27T20:15:00,12004,Shatabdi,0,ALJN,CNB,308.6,209.0,205.0,228.0,-1.3743705281089604,95.72697642522319,20,1,241.99,SYNTHETIC
2026-01-27T20:30:00,12004,Shatabdi,0,CNB,LKO,71.6,75.0,72.0,85.0,-0.8831831417158449,58.11397362562907,20,1,82.65,SYNTHETIC
2026-01-27T20:45:00,12004,Shatabdi,0,GZB,ALJN,106.3,59.0,57.0,68.0,8.430549133934658,105.70233492910587,20,1,70.83,SYNTHETIC
2026-01-27T21:00:00,12951,Rajdhani,1,ST,BRC,129.0,81.0,79.0,90.0,12.384074669528498,99.38582851135973,21,1,76.29,SYNTHETIC
2026-01-27T21:15:00,12951,Rajdhani,1,RTM,KOTA,266.0,157.0,154.0,170.0,1.9152116936357415,108.4700330446046,21,1,167.87,SYNTHETIC
2026-01-27T21:30:00,12951,Rajdhani,1,MTJ,NDLS,143.0,110.0,108.0,125.0,17.136041107104464,85.40243919860777,21,1,106.95,SYNTHETIC
2026-01-27T21:45:00,12004,Shatabdi,0,GZB,ALJN,106.3,59.0,57.0,68.0,12.543584074612378,89.21721374759633,21,1,66.04,SYNTHETIC
2026-01-27T22:00:00,12951,Rajdhani,1,RTM,KOTA,266.0,157.0,154.0,170.0,5.291030767862194,109.70840353380608,22,1,146.16,SYNTHETIC
2026-01-27T22:15:00,12951,Rajdhani,1,MTJ,NDLS,143.0,110.0,108.0,125.0,3.1186888013977363,89.41953230774007,22,1,111.54,SYNTHETIC
2026-01-27T22:30:00,12951,Rajdhani,1,BRC,RTM,261.0,197.0,193.0,215.0,-1.974254295128183,73.39719714901645,22,1,192.33,SYNTHETIC
2026-01-27T22:45:00,12004,Shatabdi,0,CNB,LKO,71.6,75.0,72.0,85.0,5.784001747246204,61.10072627737971,22,1,79.9,SYNTHETIC
2026-01-27T23:00:00,12004,Shatabdi,0,NDLS,GZB,24.5,38.0,36.0,42.0,13.50731870547516,35.08811912513988,23,1,41.31,SYNTHETIC
2026-01-27T23:15:00,12951,Rajdhani,1,ST,BRC,129.0,81.0,79.0,90.0,-0.34180807960829096,99.159279031696,23,1,75.6,SYNTHETIC
2026-01-27T23:30:00,12951,Rajdhani,1,RTM,KOTA,266.0,157.0,154.0,170.0,6.523444957980715,105.77705935126663,23,1,145.11,SYNTHETIC
2026-01-27T23:45:00,12951,Rajdhani,1,MTJ,NDLS,143.0,110.0,108.0,125.0,12.31336930330697,80.7145052972299,23,1,102.86,SYNTHETIC
2026-01-28T00:00:00,12004,Shatabdi,0,GZB,ALJN,106.3,59.0,57.0,68.0,2.5572587644910314,91.87331130969974,0,2,60.45,SYNTHETIC
2026-01-28T00:15:00,12951,Rajdhani,1,RTM,KOTA,266.0,157.0,154.0,170.0,0.9412123401100536,112.46395083056115,0,2,160.28,SYNTHETIC
2026-01-28T00:30:00,12951,Rajdhani,1,BCT,ST,263.0,162.0,158.0,172.0,1.815402798899183,99.24038549370562,0,2,157.76,SYNTHETIC
2026-01-28T00:45:00,12951,Rajdhani,1,BCT,ST,263.0,162.0,158.0,172.0,9.348284362319017,95.65759460711607,0,2,156.4,SYNTHETIC
2026-01-28T01:00:00,12951,Rajdhani,1,ST,BRC,129.0,81.0,79.0,90.0,-1.4930878266051422,102.65167727353,1,2,73.83,SYNTHETIC
2026-01-28T01:15:00,12004,Shatabdi,0,NDLS,GZB,24.5,38.0,36.0,42.0,-1.971131714181944,70.0036610454199,1,2,40.19,SYNTHETIC
2026-01-28T01:30:00,12951,Rajdhani,1,MTJ,NDLS,143.0,110.0,108.0,125.0,-0.4185448773554268,64.53779898146512,1,2,104.35,SYNTHETIC
2026-01-28T01:45:00,12951,Rajdhani,1,BRC,RTM,261.0,197.0,193.0,215.0,12.08262976300534,85.07873133281569,1,2,182.58,SYNTHETIC
2026-01-28T02:00:00,12951,Rajdhani,1,MTJ,NDLS,143.0,110.0,108.0,125.0,-1.803525822428197,60.1696201691035,2,2,102.52,SYNTHETIC
2026-01-28T02:15:00,12004,Shatabdi,0,ALJN,CNB,308.6,209.0,205.0,228.0,14.945348202136252,98.14445161891466,2,2,211.87,SYNTHETIC
2026-01-28T02:30:00,12951,Rajdhani,1,MTJ,NDLS,143.0,110.0,108.0,125.0,7.19254250030928,78.0202370935688,2,2,103.21,SYNTHETIC
2026-01-28T02:45:00,12004,Shatabdi,0,ALJN,CNB,308.6,209.0,205.0,228.0,-0.04883849263136897,74.720846150417,2,2,216.93,SYNTHETIC
2026-01-28T03:00:00,12004,Shatabdi,0,CNB,LKO,71.6,75.0,72.0,85.0,-1.7134496473160055,72.09103953192357,3,2,73.96,SYNTHETIC
2026-01-28T03:15:00,12951,Rajdhani,1,MTJ,NDLS,143.0,110.0,108.0,125.0,1.4044280222555594,66.28281927662604,3,2,106.22,SYNTHETIC
2026-01-28T03:30:00,12004,Shatabdi,0,CNB,LKO,71.6,75.0,72.0,85.0,20.157782966991256,70.21559079218413,3,2,77.65,SYNTHETIC
2026-01-28T03:45:00,12951,Rajdhani,1,ST,BRC,129.0,81.0,79.0,90.0,4.008906724189994,94.35634045011223,3,2,74.03,SYNTHETIC
2026-01-28T04:00:00,12951,Rajdhani,1,BRC,RTM,261.0,197.0,193.0,215.0,5.830147852367874,61.70546484994782,4,2,177.37,SYNTHETIC
2026-01-28T04:15:00,12004,Shatabdi,0,GZB,ALJN,106.3,59.0,57.0,68.0,-0.5744886064408325,107.44288272052279,4,2,59.27,SYNTHETIC
2026-01-28T04:30:00,12951,Rajdhani,1,RTM,KOTA,266.0,157.0,154.0,170.0,-1.1730933203753193,102.79060806288346,4,2,146.46,SYNTHETIC
2026-01-28T04:45:00,12004,Shatabdi,0,ALJN,CNB,308.6,209.0,205.0,228.0,4.620006829459292,96.47313977776645,4,2,226.91,SYNTHETIC
2026-01-28T05:00:00,12004,Shatabdi,0,ALJN,CNB,308.6,209.0,205.0,228.0,-0.7594982518066442,93.38297692409232,5,2,216.88,SYNTHETIC
2026-01-28T05:15:00,12004,Shatabdi,0,GZB,ALJN,106.3,59.0,57.0,68.0,0.3744578853582894,115.52469387643214,5,2,57.53,SYNTHETIC
2026-01-28T05:30:00,12951,Rajdhani,1,BRC,RTM,261.0,197.0,193.0,215.0,14.156518256132184,70.61437847958827,5,2,180.39,SYNTHETIC
2026-01-28T05:45:00,12951,Rajdhani,1,ST,BRC,129.0,81.0,79.0,90.0,6.858625766239669,99.68023508376486,5,2,71.63,SYNTHETIC
2026-01-28T06:00:00,12951,Rajdhani,1,BCT,ST,263.0,162.0,158.0,172.0,7.368625959003227,106.22356458223246,6,2,155.88,SYNTHETIC
2026-01-28T06:15:00,12951,Rajdhani,1,RTM,KOTA,266.0,157.0,154.0,170.0,2.992319346521252,100.0385114633199,6,2,158.82,SYNTHETIC
2026-01-28T06:30:00,12004,Shatabdi,0,ALJN,CNB,308.6,209.0,205.0,228.0,-1.2720872660783336,79.44302109841962,6,2,229.3,SYNTHETIC
2026-01-28T06:45:00,12951,Rajdhani,1,BRC,RTM,261.0,197.0,193.0,215.0,8.925864027011244,87.8733982671477,6,2,181.83,SYNTHETIC
2026-01-28T07:00:00,12951,Rajdhani,1,KOTA,MTJ,324.0,195.0,190.0,212.0,-0.5594222474710104,114.788825980331,7,2,190.41,SYNTHETIC
2026-01-28T07:15:00,12951,Rajdhani,1,ST,BRC,129.0,81.0,79.0,90.0,4.027264143608818,105.75203401678235,7,2,79.22,SYNTHETIC
2026-01-28T07:30:00,12004,Shatabdi,0,CNB,LKO,71.6,75.0,72.0,85.0,-1.0882261846346075,71.05083093027042,7,2,80.64,SYNTHETIC
2026-01-28T07:45:00,12004,Shatabdi,0,NDLS,GZB,24.5,38.0,36.0,42.0,2.1599912150698284,40.235562229410014,7,2,39.51,SYNTHETIC
2026-01-28T08:00:00,12004,Shatabdi,0,GZB,ALJN,106.3,59.0,57.0,68.0,3.0136685699629266,100.61132113944743,8,2,71.23,SYNTHETIC
2026-01-28T08:15:00,12004,Shatabdi,0,CNB,LKO,71.6,75.0,72.0,85.0,0.39498240447670074,44.29347816869645,8,2,88.19,SYNTHETIC
2026-01-28T08:30:00,12951,Rajdhani,1,RTM,KOTA,266.0,157.0,154.0,170.0,-0.7895437542783883,104.66878022335447,8,2,161.11,SYNTHETIC
2026-01-28T08:45:00,12951,Rajdhani,1,MTJ,NDLS,143.0,110.0,108.0,125.0,14.770689400191568,68.78174073057343,8,2,109.36,SYNTHETIC
2026-01-28T09:00:00,12951,Rajdhani,1,RTM,KOTA,266.0,157.0,154.0,170.0,0.21266811069864033,110.36029333517237,9,2,169.92,SYNTHETIC
2026-01-28T09:15:00,12004,Shatabdi,0,ALJN,CNB,308.6,209.0,205.0,228.0,0.0997450858377924,85.0628400134176,9,2,239.8,SYNTHETIC
2026-01-28T09:30:00,12951,Rajdhani,1,BCT,ST,263.0,162.0,158.0,172.0,4.201017222078556,95.99850457246465,9,2,169.66,SYNTHETIC
2026-01-28T09:45:00,12951,Rajdhani,1,BCT,ST,263.0,162.0,158.0,172.0,1.1260264371804372,102.78479870187171,9,2,172.83,SYNTHETIC
2026-01-28T10:00:00,12951,Rajdhani,1,MTJ,NDLS,143.0,110.0,108.0,125.0,8.040738901616615,91.19439806696025,10,2,110.99,SYNTHETIC
2026-01-28T10:15:00,12951,Rajdhani,1,KOTA,MTJ,324.0,195.0,190.0,212.0,3.793010726856317,125.31548071754895,10,2,202.01,SYNTHETIC
2026-01-28T10:30:00,12004,Shatabdi,0,GZB,ALJN,106.3,59.0,57.0,68.0,8.063660585065552,110.15929611688786,10,2,67.64,SYNTHETIC
2026-01-28T10:45:00,12951,Rajdhani,1,MTJ,NDLS,143.0,110.0,108.0,125.0,1.3871039774017353,60.963343320559076,10,2,114.46,SYNTHETIC
2026-01-28T11:00:00,12951,Rajdhani,1,MTJ,NDLS,143.0,110.0,108.0,125.0,3.915714593694343,68.06198498384515,11,2,115.09,SYNTHETIC
2026-01-28T11:15:00,12004,Shatabdi,0,ALJN,CNB,308.6,209.0,205.0,228.0,2.8042506230523276,84.15607032740715,11,2,247.36,SYNTHETIC
2026-01-28T11:30:00,12004,Shatabdi,0,CNB,LKO,71.6,75.0,72.0,85.0,4.96696589024768,82.89128100306817,11,2,82.46,SYNTHETIC
2026-01-28T11:45:00,12951,Rajdhani,1,ST,BRC,129.0,81.0,79.0,90.0,-0.778998327646562,89.90697902427861,11,2,85.75,SYNTHETIC
2026-01-28T12:00:00,12951,Rajdhani,1,MTJ,NDLS,143.0,110.0,108.0,125.0,1.887239763705613,68.16600516002026,12,2,105.04,SYNTHETIC
2026-01-28T12:15:00,12951,Rajdhani,1,BCT,ST,263.0,162.0,158.0,172.0,8.860859061332347,107.51671386282285,12,2,154.44,SYNTHETIC
2026-01-28T12:30:00,12951,Rajdhani,1,BCT,ST,263.0,162.0,158.0,172.0,6.841538347289578,96.35550484008884,12,2,151.98,SYNTHETIC
2026-01-28T12:45:00,12951,Rajdhani,1,KOTA,MTJ,324.0,195.0,190.0,212.0,2.9290357795119055,102.46412335333146,12,2,189.97,SYNTHETIC
2026-01-28T13:00:00,12951,Rajdhani,1,RTM,KOTA,266.0,157.0,154.0,170.0,2.411600914579963,108.2579045969604,13,2,153.67,SYNTHETIC
2026-01-28T13:15:00,12951,Rajdhani,1,RTM,KOTA,266.0,157.0,154.0,170.0,7.045237477736148,101.60318078218856,13,2,152.75,SYNTHETIC
2026-01-28T13:30:00,12004,Shatabdi,0,ALJN,CNB,308.6,209.0,205.0,228.0,5.845120898819364,85.10868385958268,13,2,211.61,SYNTHETIC
2026-01-28T13:45:00,12951,Rajdhani,1,RTM,KOTA,266.0,157.0,154.0,170.0,11.15204760788395,116.45019761759997,13,2,143.71,SYNTHETIC
2026-01-28T14:00:00,12951,Rajdhani,1,MTJ,NDLS,143.0,110.0,108.0,125.0,7.648851826558847,79.02728697661365,14,2,99.71,SYNTHETIC
2026-01-28T14:15:00,12004,Shatabdi,0,GZB,ALJN,106.3,59.0,57.0,68.0,8.73293406404449,124.8934492774113,14,2,59.58,SYNTHETIC
2026-01-28T14:30:00,12004,Shatabdi,0,NDLS,GZB,24.5,38.0,36.0,42.0,-0.5979177606145143,34.47725684137327,14,2,39.19,SYNTHETIC
2026-01-28T14:45:00,12951,Rajdhani,1,KOTA,MTJ,324.0,195.0,190.0,212.0,0.43737097557756854,97.71186614711768,14,2,189.92,SYNTHETIC
2026-01-28T15:00:00,12951,Rajdhani,1,KOTA,MTJ,324.0,195.0,190.0,212.0,10.539590534522333,89.13813257647752,15,2,185.23,SYNTHETIC
2026-01-28T15:15:00,12951,Rajdhani,1,RTM,KOTA,266.0,157.0,154.0,170.0,-1.7903878017764283,94.2148250844676,15,2,154.58,SYNTHETIC
2026-01-28T15:30:00,12004,Shatabdi,0,ALJN,CNB,308.6,209.0,205.0,228.0,-0.37454553932253143,101.54022613938702,15,2,222.53,SYNTHETIC
2026-01-28T15:45:00,12951,Rajdhani,1,KOTA,MTJ,324.0,195.0,190.0,212.0,1.5374132055829843,93.81013557864988,15,2,194.36,SYNTHETIC
2026-01-28T16:00:00,12951,Rajdhani,1,ST,BRC,129.0,81.0,79.0,90.0,-1.4046765690392395,112.31469358160841,16,2,76.34,SYNTHETIC
2026-01-28T16:15:00,12004,Shatabdi,0,GZB,ALJN,106.3,59.0,57.0,68.0,-0.3125512841032094,106.7258034322229,16,2,63.42,SYNTHETIC
2026-01-28T16:30:00,12004,Shatabdi,0,GZB,ALJN,106.3,59.0,57.0,68.0,2.8144368174811465,105.7951977361997,16,2,66.49,SYNTHETIC
2026-01-28T16:45:00,12004,Shatabdi,0,GZB,ALJN,106.3,59.0,57.0,68.0,9.571094560906838,107.39055330071098,16,2,59.22,SYNTHETIC
2026-01-28T17:00:00,12951,Rajdhani,1,KOTA,MTJ,324.0,195.0,190.0,212.0,2.786643379803194,110.11275129547916,17,2,201.28,SYNTHETIC
2026-01-28T17:15:00,12004,Shatabdi,0,CNB,LKO,71.6,75.0,72.0,85.0,1.1795027624160035,54.3826989464629,17,2,85.4,SYNTHETIC
2026-01-28T17:30:00,12004,Shatabdi,0,CNB,LKO,71.6,75.0,72.0,85.0,-1.2176191203913345,49.26392289956642,17,2,87.86,SYNTHETIC
2026-01-28T17:45:00,12951,Rajdhani,1,BCT,ST,263.0,162.0,158.0,172.0,10.006169721551183,84.25497322136688,17,2,158.49,SYNTHETIC
2026-01-28T18:00:00,12951,Rajdhani,1,MTJ,NDLS,143.0,110.0,108.0,125.0,1.798122605750513,77.07300535008268,18,2,117.32,SYNTHETIC
2026-01-28T18:15:00,12951,Rajdhani,1,BCT,ST,263.0,162.0,158.0,172.0,-1.1555460527733452,91.94381327065472,18,2,169.42,SYNTHETIC
2026-01-28T18:30:00,12004,Shatabdi,0,NDLS,GZB,24.5,38.0,36.0,42.0,-0.5365305451626641,36.61850336166971,18,2,46.38,SYNTHETIC
2026-01-28T18:45:00,12951,Rajdhani,1,RTM,KOTA,266.0,157.0,154.0,170.0,1.0343524227812253,119.22747616724483,18,2,165.3,SYNTHETIC
2026-01-28T19:00:00,12951,Rajdhani,1,BRC,RTM,261.0,197.0,193.0,215.0,1.3627007520958343,78.68817215454314,19,2,205.45,SYNTHETIC
2026-01-28T19:15:00,12951,Rajdhani,1,MTJ,NDLS,143.0,110.0,108.0,125.0,5.602504989160245,64.35205040380825,19,2,115.35,SYNTHETIC
2026-01-28T19:30:00,12951,Rajdhani,1,RTM,KOTA,266.0,157.0,154.0,170.0,1.9456096846022826,103.89821512822161,19,2,162.86,SYNTHETIC
2026-01-28T19:45:00,12004,Shatabdi,0,GZB,ALJN,106.3,59.0,57.0,68.0,6.921332365745343,111.18857873889017,19,2,67.39,SYNTHETIC
2026-01-28T20:00:00,12951,Rajdhani,1,BRC,RTM,261.0,197.0,193.0,215.0,12.374060732770129,84.27945324076323,20,2,199.51,SYNTHETIC
2026-01-28T20:15:00,12951,Rajdhani,1,MTJ,NDLS,143.0,110.0,108.0,125.0,14.803375271956938,74.26310387777586,20,2,110.59,SYNTHETIC
2026-01-28T20:30:00,12004,Shatabdi,0,NDLS,GZB,24.5,38.0,36.0,42.0,-0.669010703269024,45.98750532258861,20,2,43.18,SYNTHETIC
2026-01-28T20:45:00,12004,Shatabdi,0,ALJN,CNB,308.6,209.0,205.0,228.0,1.2996282976096625,100.04125465391854,20,2,237.24,SYNTHETIC
2026-01-28T21:00:00,12004,Shatabdi,0,NDLS,GZB,24.5,38.0,36.0,42.0,-1.3017424860526616,37.761412239529776,21,2,41.65,SYNTHETIC
2026-01-28T21:15:00,12951,Rajdhani,1,MTJ,NDLS,143.0,110.0,108.0,125.0,9.190135920565112,69.38976452212202,21,2,118.61,SYNTHETIC
2026-01-28T21:30:00,12951,Rajdhani,1,MTJ,NDLS,143.0,110.0,108.0,125.0,3.6390788961889307,94.29956331309917,21,2,107.37,SYNTHETIC
2026-01-28T21:45:00,12951,Rajdhani,1,RTM,KOTA,266.0,157.0,154.0,170.0,2.702082722747585,120.63423094657603,21,2,165.25,SYNTHETIC
2026-01-28T22:00:00,12951,Rajdhani,1,BCT,ST,263.0,162.0,158.0,172.0,4.725569730648234,98.77286036362293,22,2,155.16,SYNTHETIC
2026-01-28T22:15:00,12004,Shatabdi,0,CNB,LKO,71.6,75.0,72.0,85.0,4.1959749855869815,74.61881164535237,22,2,82.38,SYNTHETIC
2026-01-28T22:30:00,12004,Shatabdi,0,GZB,ALJN,106.3,59.0,57.0,68.0,4.7376913156728975,108.03358974832034,22,2,65.25,SYNTHETIC
2026-01-28T22:45:00,12951,Rajdhani,1,RTM,KOTA,266.0,157.0,154.0,170.0,19.463806249785726,91.17074397476937,22,2,144.49,SYNTHETIC
2026-01-28T23:00:00,12951,Rajdhani,1,BRC,RTM,261.0,197.0,193.0,215.0,-1.5611277863756419,73.7282696867087,23,2,195.42,SYNTHETIC
2026-01-28T23:15:00,12004,Shatabdi,0,CNB,LKO,71.6,75.0,72.0,85.0,4.984149432769277,70.24093953780803,23,2,79.12,SYNTHETIC
2026-01-28T23:30:00,12951,Rajdhani,1,BRC,RTM,261.0,197.0,193.0,215.0,-1.549885809786678,89.61437847987011,23,2,195.41,SYNTHETIC
2026-01-28T23:45:00,12951,Rajdhani,1,BRC,RTM,261.0,197.0,193.0,215.0,-1.842176276500584,78.55225225433321,23,2,191.51,SYNTHETIC
2026-01-29T00:00:00,12951,Rajdhani,1,ST,BRC,129.0,81.0,79.0,90.0,2.9056830796490747,106.50483542673878,0,3,78.17,SYNTHETIC
2026-01-29T00:15:00,12951,Rajdhani,1,KOTA,MTJ,324.0,195.0,190.0,212.0,10.992565039523875,121.4679858303837,0,3,183.77,SYNTHETIC
2026-01-29T00:30:00,12004,Shatabdi,0,GZB,ALJN,106.3,59.0,57.0,68.0,9.134654376712145,126.6566378394033,0,3,60.55,SYNTHETIC
2026-01-29T00:45:00,12951,Rajdhani,1,RTM,KOTA,266.0,157.0,154.0,170.0,-1.996162007582999,91.50842116567804,0,3,144.97,SYNTHETIC
2026-01-29T01:00:00,12951,Rajdhani,1,KOTA,MTJ,324.0,195.0,190.0,212.0,1.5709592471025924,92.47266513941724,1,3,190.08,SYNTHETIC
2026-01-29T01:15:00,12951,Rajdhani,1,ST,BRC,129.0,81.0,79.0,90.0,7.938589019976504,86.86386532719096,1,3,68.68,SYNTHETIC
2026-01-29T01:30:00,12004,Shatabdi,0,CNB,LKO,71.6,75.0,72.0,85.0,-1.5452949637975937,57.62279552540224,1,3,79.87,SYNTHETIC
2026-01-29T01:45:00,12951,Rajdhani,1,RTM,KOTA,266.0,157.0,154.0,170.0,-1.3006538895766493,87.90007341519377,1,3,148.96,SYNTHETIC
2026-01-29T02:00:00,12951,Rajdhani,1,KOTA,MTJ,324.0,195.0,190.0,212.0,2.090565837788085,99.1484078460229,2,3,184.38,SYNTHETIC
2026-01-29T02:15:00,12951,Rajdhani,1,KOTA,MTJ,324.0,195.0,190.0,212.0,-0.7406069428495574,105.1353414555392,2,3,178.11,SYNTHETIC
2026-01-29T02:30:00,12004,Shatabdi,0,CNB,LKO,71.6,75.0,72.0,85.0,0.2640205811167977,58.94100179707476,2,3,74.69,SYNTHETIC
2026-01-29T02:45:00,12951,Rajdhani,1,ST,BRC,129.0,81.0,79.0,90.0,-0.887285205287142,71.48031873122268,2,3,76.86,SYNTHETIC
2026-01-29T03:00:00,12951,Rajdhani,1,BCT,ST,263.0,162.0,158.0,172.0,7.890931409420855,94.38215291162322,3,3,145.16,SYNTHETIC
2026-01-29T03:15:00,12951,Rajdhani,1,RTM,KOTA,266.0,157.0,154.0,170.0,13.572620172852165,87.7287136670017,3,3,144.34,SYNTHETIC
2026-01-29T03:30:00,12004,Shatabdi,0,NDLS,GZB,24.5,38.0,36.0,42.0,5.724317616581159,37.25366444579936,3,3,38.8,SYNTHETIC
2026-01-29T03:45:00,12004,Shatabdi,0,GZB,ALJN,106.3,59.0,57.0,68.0,7.229461403036552,130.0,3,3,61.53,SYNTHETIC
2026-01-29T04:00:00,12951,Rajdhani,1,BRC,RTM,261.0,197.0,193.0,215.0,0.3038523308990593,72.49559323632162,4,3,187.36,SYNTHETIC
2026-01-29T04:15:00,12004,Shatabdi,0,GZB,ALJN,106.3,59.0,57.0,68.0,3.166272524841885,123.11074739508108,4,3,62.22,SYNTHETIC
2026-01-29T04:30:00,12951,Rajdhani,1,MTJ,NDLS,143.0,110.0,108.0,125.0,3.1305485782085025,89.39313138232383,4,3,102.08,SYNTHETIC
2026-01-29T04:45:00,12951,Rajdhani,1,MTJ,NDLS,143.0,110.0,108.0,125.0,1.7487502667508665,79.3207850620208,4,3,102.7,SYNTHETIC
2026-01-29T05:00:00,12951,Rajdhani,1,KOTA,MTJ,324.0,195.0,190.0,212.0,-1.0838714710924164,87.88617507221684,5,3,179.93,SYNTHETIC
2026-01-29T05:15:00,12951,Rajdhani,1,BCT,ST,263.0,162.0,158.0,172.0,2.02074106989895,106.39626767799928,5,3,144.69,SYNTHETIC
2026-01-29T05:30:00,12004,Shatabdi,0,GZB,ALJN,106.3,59.0,57.0,68.0,6.772518910827957,114.57739393742727,5,3,60.6,SYNTHETIC
2026-01-29T05:45:00,12004,Shatabdi,0,NDLS,GZB,24.5,38.0,36.0,42.0,-1.3186090107816644,31.04239912656913,5,3,40.9,SYNTHETIC
2026-01-29T06:00:00,12951,Rajdhani,1,ST,BRC,129.0,81.0,79.0,90.0,-1.9173676882954618,84.58744648294807,6,3,76.34,SYNTHETIC
2026-01-29T06:15:00,12951,Rajdhani,1,BRC,RTM,261.0,197.0,193.0,215.0,-0.48974035323664533,76.32272586370173,6,3,193.73,SYNTHETIC
2026-01-29T06:30:00,12004,Shatabdi,0,NDLS,GZB,24.5,38.0,36.0,42.0,6.478397018004996,43.695846046341096,6,3,35.32,SYNTHETIC
2026-01-29T06:45:00,12004,Shatabdi,0,CNB,LKO,71.6,75.0,72.0,85.0,6.212715314930412,60.2990718113043,6,3,79.62,SYNTHETIC
2026-01-29T07:00:00,12951,Rajdhani,1,ST,BRC,129.0,81.0,79.0,90.0,-1.7760834368775078,81.30162651735009,7,3,83.36,SYNTHETIC
2026-01-29T07:15:00,12951,Rajdhani,1,BCT,ST,263.0,162.0,158.0,172.0,1.394342208709586,82.3158387704024,7,3,158.65,SYNTHETIC
2026-01-29T07:30:00,12004,Shatabdi,0,ALJN,CNB,308.6,209.0,205.0,228.0,1.7477026450567177,101.62479463481084,7,3,223.86,SYNTHETIC
2026-01-29T07:45:00,12951,Rajdhani,1,MTJ,NDLS,143.0,110.0,108.0,125.0,-0.20148459181316225,101.13715179570127,7,3,107.5,SYNTHETIC
2026-01-29T08:00:00,12004,Shatabdi,0,CNB,LKO,71.6,75.0,72.0,85.0,-0.2964671441123836,58.9207398965859,8,3,85.48,SYNTHETIC
2026-01-29T08:15:00,12004,Shatabdi,0,ALJN,CNB,308.6,209.0,205.0,228.0,-1.7878399577702657,66.52380839520858,8,3,238.92,SYNTHETIC
2026-01-29T08:30:00,12004,Shatabdi,0,NDLS,GZB,24.5,38.0,36.0,42.0,4.684206898486002,31.04200366652524,8,3,41.89,SYNTHETIC
2026-01-29T08:45:00,12951,Rajdhani,1,RTM,KOTA,266.0,157.0,154.0,170.0,6.024784831314998,103.99007780725002,8,3,155.54,SYNTHETIC
2026-01-29T09:00:00,12951,Rajdhani,1,BRC,RTM,261.0,197.0,193.0,215.0,1.3336923170114048,85.12488416034105,9,3,203.96,SYNTHETIC
2026-01-29T09:15:00,12004,Shatabdi,0,ALJN,CNB,308.6,209.0,205.0,228.0,-1.0504136520356833,92.80041403853045,9,3,239.06,SYNTHETIC
2026-01-29T09:30:00,12951,Rajdhani,1,KOTA,MTJ,324.0,195.0,190.0,212.0,10.21641290828654,77.39189295785354,9,3,198.13,SYNTHETIC
2026-01-29T09:45:00,12951,Rajdhani,1,RTM,KOTA,266.0,157.0,154.0,170.0,8.7350389214509,95.51219722573191,9,3,156.61,SYNTHETIC
2026-01-29T10:00:00,12951,Rajdhani,1,MTJ,NDLS,143.0,110.0,108.0,125.0,-0.21671857676067963,71.88983643051563,10,3,123.48,SYNTHETIC
2026-01-29T10:15:00,12004,Shatabdi,0,NDLS,GZB,24.5,38.0,36.0,42.0,4.37587934842831,30.0,10,3,43.34,SYNTHETIC
2026-01-29T10:30:00,12951,Rajdhani,1,RTM,KOTA,266.0,157.0,154.0,170.0,16.099642842190725,73.90330192343805,10,3,157.32,SYNTHETIC
2026-01-29T10:45:00,12951,Rajdhani,1,BRC,RTM,261.0,197.0,193.0,215.0,7.250689380339264,73.54464884045922,10,3,201.75,SYNTHETIC
2026-01-29T11:00:00,12951,Rajdhani,1,KOTA,MTJ,324.0,195.0,190.0,212.0,-0.6263469706221976,113.2489232603674,11,3,208.15,SYNTHETIC
2026-01-29T11:15:00,12951,Rajdhani,1,KOTA,MTJ,324.0,195.0,190.0,212.0,14.044379794561781,120.62322772199684,11,3,199.81,SYNTHETIC
2026-01-29T11:30:00,12951,Rajdhani,1,MTJ,NDLS,143.0,110.0,108.0,125.0,17.799646481035463,75.89853811941462,11,3,112.04,SYNTHETIC
2026-01-29T11:45:00,12951,Rajdhani,1,BCT,ST,263.0,162.0,158.0,172.0,5.645970570768791,95.448765164948,11,3,169.92,SYNTHETIC
2026-01-29T12:00:00,12951,Rajdhani,1,KOTA,MTJ,324.0,195.0,190.0,212.0,-1.7784454472473934,98.25549792955707,12,3,191.61,SYNTHETIC
2026-01-29T12:15:00,12951,Rajdhani,1,ST,BRC,129.0,81.0,79.0,90.0,-0.6753065914562466,114.09412700866682,12,3,79.46,SYNTHETIC
2026-01-29T12:30:00,12004,Shatabdi,0,NDLS,GZB,24.5,38.0,36.0,42.0,6.002079597626775,39.85987364440601,12,3,40.45,SYNTHETIC
2026-01-29T12:45:00,12004,Shatabdi,0,GZB,ALJN,106.3,59.0,57.0,68.0,-0.30216197765622654,113.72089467875922,12,3,58.71,SYNTHETIC
2026-01-29T13:00:00,12951,Rajdhani,1,BCT,ST,263.0,162.0,158.0,172.0,-1.6168543658681895,88.27401139727485,13,3,159.81,SYNTHETIC
2026-01-29T13:15:00,12004,Shatabdi,0,GZB,ALJN,106.3,59.0,57.0,68.0,21.569546286643604,100.11293996876249,13,3,63.08,SYNTHETIC
2026-01-29T13:30:00,12951,Rajdhani,1,KOTA,MTJ,324.0,195.0,190.0,212.0,0.02062518833037741,115.9410631702528,13,3,186.16,SYNTHETIC
2026-01-29T13:45:00,12004,Shatabdi,0,GZB,ALJN,106.3,59.0,57.0,68.0,12.979436353968083,110.55845954483755,13,3,59.04,SYNTHETIC
2026-01-29T14:00:00,12004,Shatabdi,0,NDLS,GZB,24.5,38.0,36.0,42.0,9.41109858520832,35.674980147491695,14,3,38.77,SYNTHETIC
2026-01-29T14:15:00,12951,Rajdhani,1,RTM,KOTA,266.0,157.0,154.0,170.0,5.371042458578275,101.89192429351081,14,3,147.14,SYNTHETIC
2026-01-29T14:30:00,12951,Rajdhani,1,BCT,ST,263.0,162.0,158.0,172.0,0.7053371203692786,77.281047585905,14,3,158.32,SYNTHETIC
2026-01-29T14:45:00,12004,Shatabdi,0,CNB,LKO,71.6,75.0,72.0,85.0,14.263489316846787,45.24030995653486,14,3,77.86,SYNTHETIC
2026-01-29T15:00:00,12004,Shatabdi,0,GZB,ALJN,106.3,59.0,57.0,68.0,6.1793533235277955,119.05528019102701,15,3,64.68,SYNTHETIC
2026-01-29T15:15:00,12004,Shatabdi,0,NDLS,GZB,24.5,38.0,36.0,42.0,-1.7538260839891886,37.32052530952139,15,3,40.28,SYNTHETIC
2026-01-29T15:30:00,12951,Rajdhani,1,BCT,ST,263.0,162.0,158.0,172.0,-0.20546870481984225,93.53348308895384,15,3,156.92,SYNTHETIC
2026-01-29T15:45:00,12004,Shatabdi,0,ALJN,CNB,308.6,209.0,205.0,228.0,-1.8116929755811366,83.83609411312945,15,3,219.64,SYNTHETIC
2026-01-29T16:00:00,12004,Shatabdi,0,ALJN,CNB,308.6,209.0,205.0,228.0,1.3134090335437847,90.27932184307343,16,3,228.07,SYNTHETIC
2026-01-29T16:15:00,12951,Rajdhani,1,ST,BRC,129.0,81.0,79.0,90.0,2.1927808476385326,104.48339908375986,16,3,74.42,SYNTHETIC
2026-01-29T16:30:00,12951,Rajdhani,1,RTM,KOTA,266.0,157.0,154.0,170.0,7.375762530033178,101.63972689449947,16,3,151.61,SYNTHETIC
2026-01-29T16:45:00,12951,Rajdhani,1,KOTA,MTJ,324.0,195.0,190.0,212.0,7.655072124986196,111.18852353765881,16,3,187.55,SYNTHETIC
2026-01-29T17:00:00,12951,Rajdhani,1,KOTA,MTJ,324.0,195.0,190.0,212.0,-0.14882701604136206,105.40297341562263,17,3,200.58,SYNTHETIC
2026-01-29T17:15:00,12004,Shatabdi,0,ALJN,CNB,308.6,209.0,205.0,228.0,-0.5341208330809757,72.43182731449778,17,3,241.49,SYNTHETIC
2026-01-29T17:30:00,12004,Shatabdi,0,ALJN,CNB,308.6,209.0,205.0,228.0,3.583148415508467,63.05295620624882,17,3,227.59,SYNTHETIC
2026-01-29T17:45:00,12951,Rajdhani,1,KOTA,MTJ,324.0,195.0,190.0,212.0,3.125105240970054,94.67876288189464,17,3,205.52,SYNTHETIC
2026-01-29T18:00:00,12951,Rajdhani,1,MTJ,NDLS,143.0,110.0,108.0,125.0,-1.9087819245432036,58.106071564460734,18,3,111.0,SYNTHETIC
2026-01-29T18:15:00,12951,Rajdhani,1,ST,BRC,129.0,81.0,79.0,90.0,-1.5411866916719392,92.44544338194146,18,3,80.02,SYNTHETIC
2026-01-29T18:30:00,12004,Shatabdi,0,CNB,LKO,71.6,75.0,72.0,85.0,4.040091569249114,71.71697742317576,18,3,87.2,SYNTHETIC
2026-01-29T18:45:00,12004,Shatabdi,0,NDLS,GZB,24.5,38.0,36.0,42.0,3.330473641245371,46.23284234088437,18,3,41.88,SYNTHETIC
2026-01-29T19:00:00,12004,Shatabdi,0,NDLS,GZB,24.5,38.0,36.0,42.0,-1.0481313903724614,38.926825851454446,19,3,43.64,SYNTHETIC
2026-01-29T19:15:00,12951,Rajdhani,1,BRC,RTM,261.0,197.0,193.0,215.0,6.450106413970243,91.58655872981107,19,3,196.65,SYNTHETIC
2026-01-29T19:30:00,12951,Rajdhani,1,RTM,KOTA,266.0,157.0,154.0,170.0,-0.06836382505723892,106.59634592294199,19,3,164.72,SYNTHETIC
2026-01-29T19:45:00,12004,Shatabdi,0,NDLS,GZB,24.5,38.0,36.0,42.0,4.004573941497967,31.175065624373694,19,3,43.12,SYNTHETIC
2026-01-29T20:00:00,12951,Rajdhani,1,RTM,KOTA,266.0,157.0,154.0,170.0,3.943428065855926,94.46728067556121,20,3,168.69,SYNTHETIC
2026-01-29T20:15:00,12004,Shatabdi,0,CNB,LKO,71.6,75.0,72.0,85.0,-1.3062620528778832,61.91988884067574,20,3,87.16,SYNTHETIC
2026-01-29T20:30:00,12004,Shatabdi,0,ALJN,CNB,308.6,209.0,205.0,228.0,2.4699449798905713,70.34506978465626,20,3,240.62,SYNTHETIC
2026-01-29T20:45:00,12951,Rajdhani,1,MTJ,NDLS,143.0,110.0,108.0,125.0,7.166723131975667,84.89853218277572,20,3,105.94,SYNTHETIC
2026-01-29T21:00:00,12004,Shatabdi,0,ALJN,CNB,308.6,209.0,205.0,228.0,-1.2974162542149192,93.94738213044181,21,3,243.49,SYNTHETIC
2026-01-29T21:15:00,12004,Shatabdi,0,NDLS,GZB,24.5,38.0,36.0,42.0,-1.7281783646305389,39.2912982362192,21,3,42.16,SYNTHETIC
2026-01-29T21:30:00,12004,Shatabdi,0,NDLS,GZB,24.5,38.0,36.0,42.0,4.5170830244397635,55.401227844238406,21,3,38.81,SYNTHETIC
2026-01-29T21:45:00,12951,Rajdhani,1,RTM,KOTA,266.0,157.0,154.0,170.0,-0.21145658467168738,88.8754872583307,21,3,164.1,SYNTHETIC
2026-01-29T22:00:00,12951,Rajdhani,1,ST,BRC,129.0,81.0,79.0,90.0,-1.8246543806591289,82.74513882473931,22,3,73.14,SYNTHETIC
2026-01-29T22:15:00,12951,Rajdhani,1,RTM,KOTA,266.0,157.0,154.0,170.0,6.536117255153172,100.64683085680184,22,3,146.75,SYNTHETIC
2026-01-29T22:30:00,12951,Rajdhani,1,ST,BRC,129.0,81.0,79.0,90.0,4.965886339593473,78.78175775573412,22,3,81.59,SYNTHETIC
2026-01-29T22:45:00,12004,Shatabdi,0,GZB,ALJN,106.3,59.0,57.0,68.0,2.938540918524616,112.46689134320592,22,3,58.42,SYNTHETIC
2026-01-29T23:00:00,12004,Shatabdi,0,ALJN,CNB,308.6,209.0,205.0,228.0,-1.6282039963279882,89.98616856227535,23,3,232.28,SYNTHETIC
2026-01-29T23:15:00,12004,Shatabdi,0,ALJN,CNB,308.6,209.0,205.0,228.0,10.375425640479712,78.46380210936275,23,3,222.03,SYNTHETIC
2026-01-29T23:30:00,12951,Rajdhani,1,KOTA,MTJ,324.0,195.0,190.0,212.0,10.750774277772166,112.54339504009647,23,3,185.21,SYNTHETIC
2026-01-29T23:45:00,12004,Shatabdi,0,ALJN,CNB,308.6,209.0,205.0,228.0,5.227031517772035,80.08596343791453,23,3,226.97,SYNTHETIC
2026-01-30T00:00:00,12004,Shatabdi,0,GZB,ALJN,106.3,59.0,57.0,68.0,2.115413401695677,92.48922099506876,0,4,63.2,SYNTHETIC
2026-01-30T00:15:00,12951,Rajdhani,1,RTM,KOTA,266.0,157.0,154.0,170.0,0.6074740673729604,113.67002256365508,0,4,155.65,SYNTHETIC
2026-01-30T00:30:00,12951,Rajdhani,1,MTJ,NDLS,143.0,110.0,108.0,125.0,10.53921304861472,87.6985904226753,0,4,99.58,SYNTHETIC
2026-01-30T00:45:00,12951,Rajdhani,1,RTM,KOTA,266.0,157.0,154.0,170.0,-1.7560736308669451,103.25881655952499,0,4,154.4,SYNTHETIC
2026-01-30T01:00:00,12951,Rajdhani,1,MTJ,NDLS,143.0,110.0,108.0,125.0,2.9518225246797103,65.14829770524983,1,4,96.73,SYNTHETIC
2026-01-30T01:15:00,12951,Rajdhani,1,BRC,RTM,261.0,197.0,193.0,215.0,13.938534655234523,81.02533750407416,1,4,176.22,SYNTHETIC
2026-01-30T01:30:00,12004,Shatabdi,0,CNB,LKO,71.6,75.0,72.0,85.0,8.070906002864554,64.16721337851813,1,4,73.22,SYNTHETIC
2026-01-30T01:45:00,12951,Rajdhani,1,RTM,KOTA,266.0,157.0,154.0,170.0,1.7892247109468782,106.39967206637418,1,4,149.05,SYNTHETIC
2026-01-30T02:00:00,12951,Rajdhani,1,BRC,RTM,261.0,197.0,193.0,215.0,-0.37754061277062934,68.17572618232062,2,4,182.97,SYNTHETIC
2026-01-30T02:15:00,12004,Shatabdi,0,ALJN,CNB,308.6,209.0,205.0,228.0,13.622742572103313,87.47006675207561,2,4,210.44,SYNTHETIC
2026-01-30T02:30:00,12004,Shatabdi,0,ALJN,CNB,308.6,209.0,205.0,228.0,-0.9787715498731597,89.55916970211638,2,4,214.46,SYNTHETIC
2026-01-30T02:45:00,12004,Shatabdi,0,NDLS,GZB,24.5,38.0,36.0,42.0,21.764695186476622,49.56713036436686,2,4,38.29,SYNTHETIC
2026-01-30T03:00:00,12004,Shatabdi,0,GZB,ALJN,106.3,59.0,57.0,68.0,-1.9471191204459575,114.9244555779781,3,4,57.89,SYNTHETIC
2026-01-30T03:15:00,12004,Shatabdi,0,GZB,ALJN,106.3,59.0,57.0,68.0,0.5833348916322976,116.54699366904117,3,4,63.93,SYNTHETIC
2026-01-30T03:30:00,12951,Rajdhani,1,RTM,KOTA,266.0,157.0,154.0,170.0,10.879351805066442,89.1158160671374,3,4,142.71,SYNTHETIC
2026-01-30T03:45:00,12951,Rajdhani,1,ST,BRC,129.0,81.0,79.0,90.0,1.40826016357133,94.4381579954883,3,4,76.52,SYNTHETIC
2026-01-30T04:00:00,12951,Rajdhani,1,MTJ,NDLS,143.0,110.0,108.0,125.0,4.769426688394424,79.97853138389553,4,4,99.74,SYNTHETIC
2026-01-30T04:15:00,12951,Rajdhani,1,MTJ,NDLS,143.0,110.0,108.0,125.0,11.27378770543789,91.22752689722209,4,4,93.07,SYNTHETIC
2026-01-30T04:30:00,12004,Shatabdi,0,ALJN,CNB,308.6,209.0,205.0,228.0,0.1374082383555706,99.43718399856712,4,4,213.35,SYNTHETIC
2026-01-30T04:45:00,12951,Rajdhani,1,RTM,KOTA,266.0,157.0,154.0,170.0,-1.486856734376288,116.01006157199961,4,4,147.07,SYNTHETIC
2026-01-30T05:00:00,12951,Rajdhani,1,MTJ,NDLS,143.0,110.0,108.0,125.0,8.606617636755495,70.84984720996428,5,4,102.48,SYNTHETIC
2026-01-30T05:15:00,12951,Rajdhani,1,BRC,RTM,261.0,197.0,193.0,215.0,-1.6237593219671873,78.09321803550044,5,4,187.14,SYNTHETIC
2026-01-30T05:30:00,12951,Rajdhani,1,KOTA,MTJ,324.0,195.0,190.0,212.0,0.9253967542751091,108.70710706054004,5,4,184.01,SYNTHETIC
2026-01-30T05:45:00,12004,Shatabdi,0,NDLS,GZB,24.5,38.0,36.0,42.0,-0.7138977784334,35.227787636191316,5,4,36.58,SYNTHETIC
2026-01-30T06:00:00,12951,Rajdhani,1,RTM,KOTA,266.0,157.0,154.0,170.0,-0.29545443933158344,119.69540420174643,6,4,155.42,SYNTHETIC
2026-01-30T06:15:00,12004,Shatabdi,0,NDLS,GZB,24.5,38.0,36.0,42.0,20.89376758227715,49.36526399510204,6,4,39.45,SYNTHETIC
2026-01-30T06:30:00,12951,Rajdhani,1,BRC,RTM,261.0,197.0,193.0,215.0,0.8120695461118337,83.00676410609796,6,4,188.42,SYNTHETIC
2026-01-30T06:45:00,12004,Shatabdi,0,ALJN,CNB,308.6,209.0,205.0,228.0,2.1736940689091835,82.24093476425512,6,4,229.5,SYNTHETIC
2026-01-30T07:00:00,12951,Rajdhani,1,ST,BRC,129.0,81.0,79.0,90.0,1.3853624793806096,97.2042406234961,7,4,70.47,SYNTHETIC
2026-01-30T07:15:00,12951,Rajdhani,1,RTM,KOTA,266.0,157.0,154.0,170.0,7.811473584610946,112.08786031727104,7,4,150.28,SYNTHETIC
2026-01-30T07:30:00,12951,Rajdhani,1,KOTA,MTJ,324.0,195.0,190.0,212.0,1.0166398699258323,94.46261027105183,7,4,195.85,SYNTHETIC
2026-01-30T07:45:00,12951,Rajdhani,1,RTM,KOTA,266.0,157.0,154.0,170.0,-1.8806856262142373,107.83653505584732,7,4,154.55,SYNTHETIC
2026-01-30T08:00:00,12004,Shatabdi,0,CNB,LKO,71.6,75.0,72.0,85.0,10.619532191890759,60.197074509371134,8,4,84.52,SYNTHETIC
2026-01-30T08:15:00,12004,Shatabdi,0,NDLS,GZB,24.5,38.0,36.0,42.0,1.1743772716882752,30.0,8,4,38.58,SYNTHETIC
2026-01-30T08:30:00,12951,Rajdhani,1,BCT,ST,263.0,162.0,158.0,172.0,6.093174194722675,109.58686000888288,8,4,165.83,SYNTHETIC
2026-01-30T08:45:00,12951,Rajdhani,1,BRC,RTM,261.0,197.0,193.0,215.0,1.677668855225999,81.04638658137809,8,4,207.91,SYNTHETIC
2026-01-30T09:00:00,12004,Shatabdi,0,CNB,LKO,71.6,75.0,72.0,85.0,22.30511513953011,65.78238216966425,9,4,86.56,SYNTHETIC
2026-01-30T09:15:00,12004,Shatabdi,0,GZB,ALJN,106.3,59.0,57.0,68.0,1.3049303846870863,106.98667217714106,9,4,62.94,SYNTHETIC
2026-01-30T09:30:00,12951,Rajdhani,1,ST,BRC,129.0,81.0,79.0,90.0,-1.4204717227536752,103.2792862337304,9,4,79.68,SYNTHETIC
2026-01-30T09:45:00,12951,Rajdhani,1,MTJ,NDLS,143.0,110.0,108.0,125.0,-1.753309911781947,83.26263994389032,9,4,119.14,SYNTHETIC
2026-01-30T10:00:00,12951,Rajdhani,1,MTJ,NDLS,143.0,110.0,108.0,125.0,-1.5280475809057688,82.18204149908398,10,4,116.66,SYNTHETIC
2026-01-30T10:15:00,12951,Rajdhani,1,BCT,ST,263.0,162.0,158.0,172.0,7.074802568064783,103.67862077468202,10,4,168.04,SYNTHETIC
2026-01-30T10:30:00,12951,Rajdhani,1,BRC,RTM,261.0,197.0,193.0,215.0,8.296109753738566,74.33166959933742,10,4,202.09,SYNTHETIC
2026-01-30T10:45:00,12004,Shatabdi,0,CNB,LKO,71.6,75.0,72.0,85.0,2.0684967627519537,65.0641779086747,10,4,81.0,SYNTHETIC
2026-01-30T11:00:00,12951,Rajdhani,1,MTJ,NDLS,143.0,110.0,108.0,125.0,8.614935157174484,83.35634603270695,11,4,114.2,SYNTHETIC
2026-01-30T11:15:00,12951,Rajdhani,1,KOTA,MTJ,324.0,195.0,190.0,212.0,5.982229090901926,108.80510003401344,11,4,199.87,SYNTHETIC
2026-01-30T11:30:00,12951,Rajdhani,1,BRC,RTM,261.0,197.0,193.0,215.0,6.604752305718364,83.11384872569977,11,4,198.86,SYNTHETIC
2026-01-30T11:45:00,12004,Shatabdi,0,NDLS,GZB,24.5,38.0,36.0,42.0,1.3707948487925186,36.03171050140289,11,4,42.14,SYNTHETIC
2026-01-30T12:00:00,12951,Rajdhani,1,KOTA,MTJ,324.0,195.0,190.0,212.0,3.6574435899728472,107.79016718783973,12,4,186.0,SYNTHETIC
2026-01-30T12:15:00,12004,Shatabdi,0,ALJN,CNB,308.6,209.0,205.0,228.0,2.722136452770653,99.17289441829581,12,4,228.92,SYNTHETIC
2026-01-30T12:30:00,12951,Rajdhani,1,MTJ,NDLS,143.0,110.0,108.0,125.0,-1.3714251831801194,92.73978688414968,12,4,106.23,SYNTHETIC
2026-01-30T12:45:00,12004,Shatabdi,0,ALJN,CNB,308.6,209.0,205.0,228.0,1.95678278894112,89.9853137780876,12,4,220.8,SYNTHETIC
2026-01-30T13:00:00,12951,Rajdhani,1,BRC,RTM,261.0,197.0,193.0,215.0,-1.8721638171336434,94.4404623551775,13,4,190.34,SYNTHETIC
2026-01-30T13:15:00,12004,Shatabdi,0,GZB,ALJN,106.3,59.0,57.0,68.0,0.9818514673323206,113.95959188633975,13,4,62.76,SYNTHETIC
2026-01-30T13:30:00,12951,Rajdhani,1,MTJ,NDLS,143.0,110.0,108.0,125.0,0.5726900919562752,88.26519259733925,13,4,107.33,SYNTHETIC
2026-01-30T13:45:00,12951,Rajdhani,1,RTM,KOTA,266.0,157.0,154.0,170.0,28.954796939660255,101.24006196005756,13,4,153.33,SYNTHETIC
2026-01-30T14:00:00,12004,Shatabdi,0,NDLS,GZB,24.5,38.0,36.0,42.0,-0.8858764093568174,45.62180906551069,14,4,39.47,SYNTHETIC
2026-01-30T14:15:00,12951,Rajdhani,1,BCT,ST,263.0,162.0,158.0,172.0,1.1753820703798321,116.4787430955976,14,4,161.77,SYNTHETIC
2026-01-30T14:30:00,12004,Shatabdi,0,GZB,ALJN,106.3,59.0,57.0,68.0,6.818850708697017,117.94606699969475,14,4,60.68,SYNTHETIC
2026-01-30T14:45:00,12951,Rajdhani,1,ST,BRC,129.0,81.0,79.0,90.0,6.733194337611632,94.36140501066618,14,4,77.04,SYNTHETIC
2026-01-30T15:00:00,12951,Rajdhani,1,ST,BRC,129.0,81.0,79.0,90.0,2.3423849201741325,92.98527122939204,15,4,79.68,SYNTHETIC
2026-01-30T15:15:00,12004,Shatabdi,0,GZB,ALJN,106.3,59.0,57.0,68.0,19.75637353101184,103.55135497627863,15,4,58.01,SYNTHETIC
2026-01-30T15:30:00,12004,Shatabdi,0,GZB,ALJN,106.3,59.0,57.0,68.0,0.8642572120095764,113.19892791719838,15,4,63.35,SYNTHETIC
2026-01-30T15:45:00,12951,Rajdhani,1,KOTA,MTJ,324.0,195.0,190.0,212.0,-1.7554918350007056,97.7789467770752,15,4,191.57,SYNTHETIC
2026-01-30T16:00:00,12951,Rajdhani,1,RTM,KOTA,266.0,157.0,154.0,170.0,-0.7589691275217609,91.15017727032188,16,4,151.95,SYNTHETIC
2026-01-30T16:15:00,12004,Shatabdi,0,GZB,ALJN,106.3,59.0,57.0,68.0,-1.5523089979890794,104.18855734085187,16,4,68.31,SYNTHETIC
2026-01-30T16:30:00,12004,Shatabdi,0,CNB,LKO,71.6,75.0,72.0,85.0,0.5479097025508026,75.85045143557979,16,4,80.05,SYNTHETIC
2026-01-30T16:45:00,12004,Shatabdi,0,NDLS,GZB,24.5,38.0,36.0,42.0,2.4554306951144973,40.48761107847515,16,4,38.94,SYNTHETIC
2026-01-30T17:00:00,12951,Rajdhani,1,BRC,RTM,261.0,197.0,193.0,215.0,-1.8428683311501437,77.68168214234656,17,4,204.25,SYNTHETIC
2026-01-30T17:15:00,12004,Shatabdi,0,CNB,LKO,71.6,75.0,72.0,85.0,1.0069396640173407,59.46778872814528,17,4,82.93,SYNTHETIC
2026-01-30T17:30:00,12004,Shatabdi,0,CNB,LKO,71.6,75.0,72.0,85.0,-1.9242344437802166,50.385790516053916,17,4,87.93,SYNTHETIC
2026-01-30T17:45:00,12951,Rajdhani,1,ST,BRC,129.0,81.0,79.0,90.0,2.341314027532599,87.85549290653034,17,4,92.43,SYNTHETIC
2026-01-30T18:00:00,12951,Rajdhani,1,BCT,ST,263.0,162.0,158.0,172.0,2.4501728301811783,115.35416170696007,18,4,166.65,SYNTHETIC
2026-01-30T18:15:00,12004,Shatabdi,0,GZB,ALJN,106.3,59.0,57.0,68.0,-0.4363915530936411,98.2774890763489,18,4,72.52,SYNTHETIC
2026-01-30T18:30:00,12951,Rajdhani,1,BRC,RTM,261.0,197.0,193.0,215.0,-0.7831675063135051,74.78358021444102,18,4,200.46,SYNTHETIC
2026-01-30T18:45:00,12951,Rajdhani,1,BCT,ST,263.0,162.0,158.0,172.0,4.830420886350895,93.00989194339712,18,4,171.08,SYNTHETIC
2026-01-30T19:00:00,12004,Shatabdi,0,NDLS,GZB,24.5,38.0,36.0,42.0,18.719957383584912,30.0,19,4,46.9,SYNTHETIC
2026-01-30T19:15:00,12951,Rajdhani,1,RTM,KOTA,266.0,157.0,154.0,170.0,-1.74503944803237,101.20907774325333,19,4,164.95,SYNTHETIC
2026-01-30T19:30:00,12951,Rajdhani,1,KOTA,MTJ,324.0,195.0,190.0,212.0,0.5596167733682931,97.04977219079962,19,4,201.42,SYNTHETIC
2026-01-30T19:45:00,12951,Rajdhani,1,KOTA,MTJ,324.0,195.0,190.0,212.0,6.852422749348243,89.82408327721531,19,4,199.91,SYNTHETIC
2026-01-30T20:00:00,12004,Shatabdi,0,CNB,LKO,71.6,75.0,72.0,85.0,5.21126913361082,51.634297962505705,20,4,74.86,SYNTHETIC
2026-01-30T20:15:00,12004,Shatabdi,0,NDLS,GZB,24.5,38.0,36.0,42.0,-1.0902089044979928,39.8571845443488,20,4,37.22,SYNTHETIC
2026-01-30T20:30:00,12004,Shatabdi,0,GZB,ALJN,106.3,59.0,57.0,68.0,25.87691227359128,122.74830808522407,20,4,66.82,SYNTHETIC
2026-01-30T20:45:00,12951,Rajdhani,1,RTM,KOTA,266.0,157.0,154.0,170.0,8.260146973829139,95.87359879668386,20,4,170.73,SYNTHETIC
2026-01-30T21:00:00,12004,Shatabdi,0,GZB,ALJN,106.3,59.0,57.0,68.0,-1.2550978873265097,99.20521370752341,21,4,64.77,SYNTHETIC
2026-01-30T21:15:00,12951,Rajdhani,1,KOTA,MTJ,324.0,195.0,190.0,212.0,-1.4406195085037965,111.3357240011856,21,4,203.68,SYNTHETIC
2026-01-30T21:30:00,12951,Rajdhani,1,BRC,RTM,261.0,197.0,193.0,215.0,3.9828214686939116,99.76858758705876,21,4,206.04,SYNTHETIC
2026-01-30T21:45:00,12004,Shatabdi,0,GZB,ALJN,106.3,59.0,57.0,68.0,8.908767137763158,105.57404537069755,21,4,62.33,SYNTHETIC
2026-01-30T22:00:00,12951,Rajdhani,1,RTM,KOTA,266.0,157.0,154.0,170.0,11.70971620252557,111.61116227254793,22,4,144.27,SYNTHETIC
2026-01-30T22:15:00,12004,Shatabdi,0,ALJN,CNB,308.6,209.0,205.0,228.0,1.7458735153113105,69.53225556983703,22,4,224.84,SYNTHETIC
2026-01-30T22:30:00,12951,Rajdhani,1,RTM,KOTA,266.0,157.0,154.0,170.0,4.355045047494129,93.8094743610812,22,4,152.22,SYNTHETIC
2026-01-30T22:45:00,12951,Rajdhani,1,BRC,RTM,261.0,197.0,193.0,215.0,3.1274738240881543,82.53478318899298,22,4,187.04,SYNTHETIC
2026-01-30T23:00:00,12951,Rajdhani,1,BRC,RTM,261.0,197.0,193.0,215.0,9.957225767078691,70.18566785067247,23,4,184.81,SYNTHETIC
2026-01-30T23:15:00,12004,Shatabdi,0,NDLS,GZB,24.5,38.0,36.0,42.0,2.558733521733405,48.360420269395185,23,4,42.34,SYNTHETIC
2026-01-30T23:30:00,12951,Rajdhani,1,MTJ,NDLS,143.0,110.0,108.0,125.0,16.027645563487617,78.81375667338078,23,4,110.24,SYNTHETIC
2026-01-30T23:45:00,12951,Rajdhani,1,BCT,ST,263.0,162.0,158.0,172.0,-0.521233333310706,78.17693689967344,23,4,160.14,SYNTHETIC
2026-01-31T00:00:00,12951,Rajdhani,1,BRC,RTM,261.0,197.0,193.0,215.0,11.761095651729038,81.28945778137721,0,5,185.91,SYNTHETIC
2026-01-31T00:15:00,12951,Rajdhani,1,RTM,KOTA,266.0,157.0,154.0,170.0,1.5110490894880275,102.86344154555516,0,5,148.69,SYNTHETIC
2026-01-31T00:30:00,12951,Rajdhani,1,MTJ,NDLS,143.0,110.0,108.0,125.0,2.639327028951964,81.15631588190107,0,5,104.57,SYNTHETIC
2026-01-31T00:45:00,12951,Rajdhani,1,ST,BRC,129.0,81.0,79.0,90.0,9.723400260472536,101.01802026324131,0,5,75.9,SYNTHETIC
2026-01-31T01:00:00,12004,Shatabdi,0,CNB,LKO,71.6,75.0,72.0,85.0,3.9097678170638375,60.44049943500721,1,5,75.45,SYNTHETIC
2026-01-31T01:15:00,12004,Shatabdi,0,NDLS,GZB,24.5,38.0,36.0,42.0,10.358799062636429,36.63486337502105,1,5,37.55,SYNTHETIC
2026-01-31T01:30:00,12951,Rajdhani,1,RTM,KOTA,266.0,157.0,154.0,170.0,2.917642310499507,101.75529331914436,1,5,149.1,SYNTHETIC
2026-01-31T01:45:00,12951,Rajdhani,1,ST,BRC,129.0,81.0,79.0,90.0,6.594568367457301,96.66892897135209,1,5,74.85,SYNTHETIC
2026-01-31T02:00:00,12004,Shatabdi,0,ALJN,CNB,308.6,209.0,205.0,228.0,-0.9695671723659318,101.23039451870659,2,5,219.46,SYNTHETIC
2026-01-31T02:15:00,12951,Rajdhani,1,BCT,ST,263.0,162.0,158.0,172.0,0.16155065935543922,96.79764382588155,2,5,148.78,SYNTHETIC
2026-01-31T02:30:00,12004,Shatabdi,0,GZB,ALJN,106.3,59.0,57.0,68.0,13.295033395817555,114.6467817894091,2,5,55.28,SYNTHETIC
2026-01-31T02:45:00,12951,Rajdhani,1,KOTA,MTJ,324.0,195.0,190.0,212.0,3.115201623701509,102.44154716968737,2,5,185.0,SYNTHETIC
2026-01-31T03:00:00,12004,Shatabdi,0,CNB,LKO,71.6,75.0,72.0,85.0,1.8280098288444364,53.76452054466177,3,5,76.19,SYNTHETIC
2026-01-31T03:15:00,12951,Rajdhani,1,MTJ,NDLS,143.0,110.0,108.0,125.0,2.5763007581641144,90.8860291623636,3,5,98.95,SYNTHETIC
2026-01-31T03:30:00,12951,Rajdhani,1,MTJ,NDLS,143.0,110.0,108.0,125.0,0.7924391544971567,64.50967166939294,3,5,105.86,SYNTHETIC
2026-01-31T03:45:00,12004,Shatabdi,0,CNB,LKO,71.6,75.0,72.0,85.0,3.2026144714022227,67.35282104333628,3,5,77.98,SYNTHETIC
2026-01-31T04:00:00,12951,Rajdhani,1,BCT,ST,263.0,162.0,158.0,172.0,-1.323304925169214,100.65026481714195,4,5,153.16,SYNTHETIC
2026-01-31T04:15:00,12951,Rajdhani,1,KOTA,MTJ,324.0,195.0,190.0,212.0,2.67791253603186,110.35817242051097,4,5,181.52,SYNTHETIC
2026-01-31T04:30:00,12951,Rajdhani,1,BCT,ST,263.0,162.0,158.0,172.0,13.56139455506852,105.92361065975408,4,5,145.65,SYNTHETIC
2026-01-31T04:45:00,12951,Rajdhani,1,BCT,ST,263.0,162.0,158.0,172.0,11.936885955198644,83.75425754843198,4,5,151.95,SYNTHETIC
2026-01-31T05:00:00,12951,Rajdhani,1,RTM,KOTA,266.0,157.0,154.0,170.0,2.4894598913892256,79.8487443637766,5,5,152.25,SYNTHETIC
2026-01-31T05:15:00,12951,Rajdhani,1,ST,BRC,129.0,81.0,79.0,90.0,-1.0893444622889068,103.23681676006366,5,5,77.81,SYNTHETIC
2026-01-31T05:30:00,12951,Rajdhani,1,BCT,ST,263.0,162.0,158.0,172.0,-1.8479386789435255,109.64605142455021,5,5,152.22,SYNTHETIC
2026-01-31T05:45:00,12951,Rajdhani,1,ST,BRC,129.0,81.0,79.0,90.0,3.0391430855004815,100.954114801786,5,5,75.65,SYNTHETIC
2026-01-31T06:00:00,12004,Shatabdi,0,ALJN,CNB,308.6,209.0,205.0,228.0,1.683009259307763,89.49089813534614,6,5,229.96,SYNTHETIC
2026-01-31T06:15:00,12951,Rajdhani,1,KOTA,MTJ,324.0,195.0,190.0,212.0,6.049291285723694,113.78541815623592,6,5,184.11,SYNTHETIC
2026-01-31T06:30:00,12004,Shatabdi,0,GZB,ALJN,106.3,59.0,57.0,68.0,18.836443290721398,97.86998382520333,6,5,64.81,SYNTHETIC
2026-01-31T06:45:00,12004,Shatabdi,0,GZB,ALJN,106.3,59.0,57.0,68.0,6.945926503711172,114.56449467338086,6,5,65.13,SYNTHETIC
2026-01-31T07:00:00,12951,Rajdhani,1,BCT,ST,263.0,162.0,158.0,172.0,0.2170011612596019,117.63880286585326,7,5,156.87,SYNTHETIC
2026-01-31T07:15:00,12004,Shatabdi,0,CNB,LKO,71.6,75.0,72.0,85.0,4.722165816817808,64.8911187759336,7,5,77.46,SYNTHETIC
2026-01-31T07:30:00,12951,Rajdhani,1,BRC,RTM,261.0,197.0,193.0,215.0,0.9691222792820704,79.82754027959156,7,5,193.59,SYNTHETIC
2026-01-31T07:45:00,12951,Rajdhani,1,BCT,ST,263.0,162.0,158.0,172.0,7.941733147548623,100.88764736391556,7,5,151.0,SYNTHETIC
2026-01-31T08:00:00,12951,Rajdhani,1,MTJ,NDLS,143.0,110.0,108.0,125.0,3.7785461965703906,75.76763320985165,8,5,113.72,SYNTHETIC
2026-01-31T08:15:00,12951,Rajdhani,1,ST,BRC,129.0,81.0,79.0,90.0,1.9906725443491364,81.8410011822544,8,5,84.84,SYNTHETIC
2026-01-31T08:30:00,12951,Rajdhani,1,BRC,RTM,261.0,197.0,193.0,215.0,12.173702804690185,91.25327592787382,8,5,196.08,SYNTHETIC
2026-01-31T08:45:00,12004,Shatabdi,0,CNB,LKO,71.6,75.0,72.0,85.0,0.4500459583261063,52.35482425752626,8,5,79.43,SYNTHETIC
2026-01-31T09:00:00,12951,Rajdhani,1,MTJ,NDLS,143.0,110.0,108.0,125.0,11.271120672937798,83.3792845364551,9,5,111.55,SYNTHETIC
2026-01-31T09:15:00,12951,Rajdhani,1,BCT,ST,263.0,162.0,158.0,172.0,7.9770935548697395,117.20795238756702,9,5,162.04,SYNTHETIC
2026-01-31T09:30:00,12951,Rajdhani,1,MTJ,NDLS,143.0,110.0,108.0,125.0,6.016459091381423,89.17658550578531,9,5,113.52,SYNTHETIC
2026-01-31T09:45:00,12004,Shatabdi,0,CNB,LKO,71.6,75.0,72.0,85.0,-0.3028669006095943,75.76673817520795,9,5,82.88,SYNTHETIC
2026-01-31T10:00:00,12004,Shatabdi,0,ALJN,CNB,308.6,209.0,205.0,228.0,3.406260856476531,101.74970388618772,10,5,246.19,SYNTHETIC
2026-01-31T10:15:00,12951,Rajdhani,1,KOTA,MTJ,324.0,195.0,190.0,212.0,11.391510326207463,124.51691432437411,10,5,195.49,SYNTHETIC
2026-01-31T10:30:00,12951,Rajdhani,1,BRC,RTM,261.0,197.0,193.0,215.0,3.319426602498875,76.23589430732537,10,5,209.43,SYNTHETIC
2026-01-31T10:45:00,12951,Rajdhani,1,BCT,ST,263.0,162.0,158.0,172.0,5.031178825561957,91.40943466374212,10,5,167.18,SYNTHETIC
2026-01-31T11:00:00,12951,Rajdhani,1,BRC,RTM,261.0,197.0,193.0,215.0,-0.7042365625877409,63.07766421965803,11,5,204.39,SYNTHETIC
2026-01-31T11:15:00,12004,Shatabdi,0,NDLS,GZB,24.5,38.0,36.0,42.0,-0.6660826476944728,37.52975366756459,11,5,45.91,SYNTHETIC
2026-01-31T11:30:00,12004,Shatabdi,0,NDLS,GZB,24.5,38.0,36.0,42.0,8.250012789097802,44.36650040585027,11,5,37.27,SYNTHETIC
2026-01-31T11:45:00,12951,Rajdhani,1,MTJ,NDLS,143.0,110.0,108.0,125.0,1.450705495149938,81.78804135173426,11,5,117.02,SYNTHETIC
2026-01-31T12:00:00,12004,Shatabdi,0,NDLS,GZB,24.5,38.0,36.0,42.0,11.565403262646857,35.25171758538958,12,5,35.42,SYNTHETIC
2026-01-31T12:15:00,12951,Rajdhani,1,RTM,KOTA,266.0,157.0,154.0,170.0,1.3006577158855395,102.5501970869802,12,5,153.65,SYNTHETIC
2026-01-31T12:30:00,12004,Shatabdi,0,CNB,LKO,71.6,75.0,72.0,85.0,-0.7350410928213396,57.68320330748608,12,5,79.0,SYNTHETIC
2026-01-31T12:45:00,12004,Shatabdi,0,NDLS,GZB,24.5,38.0,36.0,42.0,2.2380488527601266,43.831282074964975,12,5,35.24,SYNTHETIC
2026-01-31T13:00:00,12951,Rajdhani,1,BRC,RTM,261.0,197.0,193.0,215.0,0.9867442416206123,83.88803098503188,13,5,191.88,SYNTHETIC
2026-01-31T13:15:00,12004,Shatabdi,0,CNB,LKO,71.6,75.0,72.0,85.0,5.992064782497506,76.8236675954727,13,5,79.15,SYNTHETIC
2026-01-31T13:30:00,12951,Rajdhani,1,BCT,ST,263.0,162.0,158.0,172.0,-1.5923769115150188,104.31179696947099,13,5,153.35,SYNTHETIC
2026-01-31T13:45:00,12951,Rajdhani,1,MTJ,NDLS,143.0,110.0,108.0,125.0,1.6740409039262705,77.56742838570408,13,5,104.88,SYNTHETIC
2026-01-31T14:00:00,12951,Rajdhani,1,ST,BRC,129.0,81.0,79.0,90.0,3.2330740246661263,95.80385489514278,14,5,81.34,SYNTHETIC
2026-01-31T14:15:00,12951,Rajdhani,1,ST,BRC,129.0,81.0,79.0,90.0,-1.5539172573997322,93.85596955187245,14,5,82.15,SYNTHETIC
2026-01-31T14:30:00,12004,Shatabdi,0,CNB,LKO,71.6,75.0,72.0,85.0,1.985876253232889,56.505673826156155,14,5,78.25,SYNTHETIC
2026-01-31T14:45:00,12951,Rajdhani,1,ST,BRC,129.0,81.0,79.0,90.0,10.914447248308768,98.2062509050099,14,5,79.15,SYNTHETIC
2026-01-31T15:00:00,12951,Rajdhani,1,BCT,ST,263.0,162.0,158.0,172.0,1.6099040073684345,106.12015125850846,15,5,152.76,SYNTHETIC
2026-01-31T15:15:00,12951,Rajdhani,1,KOTA,MTJ,324.0,195.0,190.0,212.0,1.4130748580823376,94.25207103311652,15,5,195.38,SYNTHETIC
2026-01-31T15:30:00,12951,Rajdhani,1,ST,BRC,129.0,81.0,79.0,90.0,5.545069308548877,82.4644217244706,15,5,81.15,SYNTHETIC
2026-01-31T15:45:00,12951,Rajdhani,1,RTM,KOTA,266.0,157.0,154.0,170.0,1.0835057805047836,105.14921901456822,15,5,155.86,SYNTHETIC
2026-01-31T16:00:00,12951,Rajdhani,1,BCT,ST,263.0,162.0,158.0,172.0,6.979779347685131,81.21095837302309,16,5,150.98,SYNTHETIC
2026-01-31T16:15:00,12951,Rajdhani,1,MTJ,NDLS,143.0,110.0,108.0,125.0,3.5405680522719614,79.43965726375939,16,5,108.1,SYNTHETIC
2026-01-31T16:30:00,12951,Rajdhani,1,RTM,KOTA,266.0,157.0,154.0,170.0,-0.9335124670440833,104.35885497872566,16,5,152.31,SYNTHETIC
2026-01-31T16:45:00,12951,Rajdhani,1,BCT,ST,263.0,162.0,158.0,172.0,0.6868369347053669,95.65399486464447,16,5,155.32,SYNTHETIC
2026-01-31T17:00:00,12951,Rajdhani,1,ST,BRC,129.0,81.0,79.0,90.0,0.530479485501413,95.13280472275602,17,5,90.16,SYNTHETIC
2026-01-31T17:15:00,12951,Rajdhani,1,BCT,ST,263.0,162.0,158.0,172.0,11.16822502090968,120.22584666328103,17,5,168.61,SYNTHETIC
2026-01-31T17:30:00,12004,Shatabdi,0,NDLS,GZB,24.5,38.0,36.0,42.0,1.0512589997659605,48.063302679576566,17,5,44.91,SYNTHETIC
2026-01-31T17:45:00,12951,Rajdhani,1,ST,BRC,129.0,81.0,79.0,90.0,1.0298111478859875,114.18242437839325,17,5,83.51,SYNTHETIC
2026-01-31T18:00:00,12004,Shatabdi,0,ALJN,CNB,308.6,209.0,205.0,228.0,4.671829914394605,88.86707127273927,18,5,240.18,SYNTHETIC
2026-01-31T18:15:00,12004,Shatabdi,0,NDLS,GZB,24.5,38.0,36.0,42.0,5.359104376835043,46.81505483668128,18,5,38.83,SYNTHETIC
2026-01-31T18:30:00,12004,Shatabdi,0,NDLS,GZB,24.5,38.0,36.0,42.0,13.513467348514961,41.859169021765304,18,5,37.91,SYNTHETIC
2026-01-31T18:45:00,12004,Shatabdi,0,CNB,LKO,71.6,75.0,72.0,85.0,2.0107540844068517,73.85534256468878,18,5,80.84,SYNTHETIC
2026-01-31T19:00:00,12004,Shatabdi,0,CNB,LKO,71.6,75.0,72.0,85.0,4.892017560345605,57.71715376748799,19,5,83.0,SYNTHETIC
2026-01-31T19:15:00,12951,Rajdhani,1,KOTA,MTJ,324.0,195.0,190.0,212.0,1.215301509078655,98.39531164701307,19,5,200.79,SYNTHETIC
2026-01-31T19:30:00,12004,Shatabdi,0,ALJN,CNB,308.6,209.0,205.0,228.0,5.573360577924128,79.44517427219962,19,5,234.91,SYNTHETIC
2026-01-31T19:45:00,12951,Rajdhani,1,BRC,RTM,261.0,197.0,193.0,215.0,1.6287952342601106,87.76968675400721,19,5,209.6,SYNTHETIC
2026-01-31T20:00:00,12004,Shatabdi,0,ALJN,CNB,308.6,209.0,205.0,228.0,1.829308545269941,84.13205507503356,20,5,242.28,SYNTHETIC
2026-01-31T20:15:00,12004,Shatabdi,0,NDLS,GZB,24.5,38.0,36.0,42.0,-1.9223545542101057,37.9507706333952,20,5,39.63,SYNTHETIC
2026-01-31T20:30:00,12951,Rajdhani,1,RTM,KOTA,266.0,157.0,154.0,170.0,5.064180503815853,104.46981714611455,20,5,156.95,SYNTHETIC
2026-01-31T20:45:00,12004,Shatabdi,0,NDLS,GZB,24.5,38.0,36.0,42.0,0.8256559812650051,32.63711738791008,20,5,42.58,SYNTHETIC
2026-01-31T21:00:00,12951,Rajdhani,1,MTJ,NDLS,143.0,110.0,108.0,125.0,2.4412730852993247,78.2380141031461,21,5,112.68,SYNTHETIC
2026-01-31T21:15:00,12951,Rajdhani,1,BCT,ST,263.0,162.0,158.0,172.0,10.869700486214938,110.42420698421546,21,5,164.78,SYNTHETIC
2026-01-31T21:30:00,12004,Shatabdi,0,CNB,LKO,71.6,75.0,72.0,85.0,-0.5743331995592333,49.2070918277608,21,5,85.69,SYNTHETIC
2026-01-31T21:45:00,12004,Shatabdi,0,GZB,ALJN,106.3,59.0,57.0,68.0,-0.4630671261183963,105.35624947731367,21,5,73.79,SYNTHETIC
2026-01-31T22:00:00,12951,Rajdhani,1,BCT,ST,263.0,162.0,158.0,172.0,4.642865876455718,99.54456072949105,22,5,156.63,SYNTHETIC
2026-01-31T22:15:00,12951,Rajdhani,1,BRC,RTM,261.0,197.0,193.0,215.0,1.0687617493872978,85.10387939162237,22,5,191.72,SYNTHETIC
2026-01-31T22:30:00,12951,Rajdhani,1,MTJ,NDLS,143.0,110.0,108.0,125.0,10.863531161517678,78.09454216467383,22,5,102.61,SYNTHETIC
2026-01-31T22:45:00,12004,Shatabdi,0,CNB,LKO,71.6,75.0,72.0,85.0,2.900593413851098,52.194036887616946,22,5,79.22,SYNTHETIC
2026-01-31T23:00:00,12004,Shatabdi,0,GZB,ALJN,106.3,59.0,57.0,68.0,-0.5346836006077984,116.9913989321055,23,5,67.04,SYNTHETIC
2026-01-31T23:15:00,12951,Rajdhani,1,BCT,ST,263.0,162.0,158.0,172.0,0.304076737978213,96.44496694042887,23,5,154.37,SYNTHETIC
2026-01-31T23:30:00,12004,Shatabdi,0,CNB,LKO,71.6,75.0,72.0,85.0,1.4900084334872665,47.55901245419975,23,5,78.15,SYNTHETIC
2026-01-31T23:45:00,12951,Rajdhani,1,MTJ,NDLS,143.0,110.0,108.0,125.0,1.790065844088196,75.45187798498482,23,5,110.72,SYNTHETIC
2026-02-01T00:00:00,12951,Rajdhani,1,BRC,RTM,261.0,197.0,193.0,215.0,2.136371564043503,95.1150436921316,0,6,189.18,SYNTHETIC
2026-02-01T00:15:00,12951,Rajdhani,1,ST,BRC,129.0,81.0,79.0,90.0,-1.832780121322536,88.54225591786602,0,6,76.22,SYNTHETIC
2026-02-01T00:30:00,12004,Shatabdi,0,GZB,ALJN,106.3,59.0,57.0,68.0,5.441067130590843,128.88619265733726,0,6,60.6,SYNTHETIC
2026-02-01T00:45:00,12951,Rajdhani,1,BCT,ST,263.0,162.0,158.0,172.0,-1.78508443335668,98.24141264403842,0,6,156.3,SYNTHETIC
2026-02-01T01:00:00,12951,Rajdhani,1,BCT,ST,263.0,162.0,158.0,172.0,5.320293887160064,100.07465675147607,1,6,142.5,SYNTHETIC
2026-02-01T01:15:00,12004,Shatabdi,0,NDLS,GZB,24.5,38.0,36.0,42.0,1.1352447629730786,45.50128107589469,1,6,38.3,SYNTHETIC
2026-02-01T01:30:00,12951,Rajdhani,1,RTM,KOTA,266.0,157.0,154.0,170.0,5.942393831046022,95.57073963851067,1,6,142.12,SYNTHETIC
2026-02-01T01:45:00,12004,Shatabdi,0,ALJN,CNB,308.6,209.0,205.0,228.0,-0.9612673127201157,104.17066215745264,1,6,215.4,SYNTHETIC
2026-02-01T02:00:00,12004,Shatabdi,0,CNB,LKO,71.6,75.0,72.0,85.0,1.952150160693738,65.09376597912042,2,6,79.48,SYNTHETIC
2026-02-01T02:15:00,12951,Rajdhani,1,MTJ,NDLS,143.0,110.0,108.0,125.0,0.3738851769785745,81.51865029405877,2,6,98.15,SYNTHETIC
2026-02-01T02:30:00,12004,Shatabdi,0,CNB,LKO,71.6,75.0,72.0,85.0,2.9206348225677434,54.461309951831154,2,6,74.07,SYNTHETIC
2026-02-01T02:45:00,12951,Rajdhani,1,MTJ,NDLS,143.0,110.0,108.0,125.0,-1.9362598923031689,71.51496941458348,2,6,109.09,SYNTHETIC
2026-02-01T03:00:00,12004,Shatabdi,0,GZB,ALJN,106.3,59.0,57.0,68.0,-0.5543216607622581,115.70825265365443,3,6,59.42,SYNTHETIC
2026-02-01T03:15:00,12951,Rajdhani,1,ST,BRC,129.0,81.0,79.0,90.0,8.3981003577072,100.86228007982449,3,6,74.1,SYNTHETIC
2026-02-01T03:30:00,12951,Rajdhani,1,RTM,KOTA,266.0,157.0,154.0,170.0,12.641345348304299,105.6711836708865,3,6,138.99,SYNTHETIC
2026-02-01T03:45:00,12951,Rajdhani,1,ST,BRC,129.0,81.0,79.0,90.0,2.4267020759071647,84.68109295496316,3,6,74.99,SYNTHETIC
2026-02-01T04:00:00,12004,Shatabdi,0,CNB,LKO,71.6,75.0,72.0,85.0,1.0771143347213514,66.09383819298151,4,6,77.27,SYNTHETIC
2026-02-01T04:15:00,12951,Rajdhani,1,KOTA,MTJ,324.0,195.0,190.0,212.0,-1.2348573424549862,100.64064492581012,4,6,183.45,SYNTHETIC
2026-02-01T04:30:00,12004,Shatabdi,0,NDLS,GZB,24.5,38.0,36.0,42.0,-1.6405373449699834,66.29387869276125,4,6,43.95,SYNTHETIC
2026-02-01T04:45:00,12004,Shatabdi,0,CNB,LKO,71.6,75.0,72.0,85.0,-0.15873009493779144,64.01413855761321,4,6,79.19,SYNTHETIC
2026-02-01T05:00:00,12951,Rajdhani,1,KOTA,MTJ,324.0,195.0,190.0,212.0,17.193481388137336,98.25427530794619,5,6,173.86,SYNTHETIC
2026-02-01T05:15:00,12004,Shatabdi,0,ALJN,CNB,308.6,209.0,205.0,228.0,1.300022927575406,116.78426045215735,5,6,220.1,SYNTHETIC
2026-02-01T05:30:00,12951,Rajdhani,1,RTM,KOTA,266.0,157.0,154.0,170.0,-1.3441664635528712,81.73033447235225,5,6,145.61,SYNTHETIC
2026-02-01T05:45:00,12951,Rajdhani,1,KOTA,MTJ,324.0,195.0,190.0,212.0,7.450578309684396,116.16281650371204,5,6,175.47,SYNTHETIC
2026-02-01T06:00:00,12004,Shatabdi,0,NDLS,GZB,24.5,38.0,36.0,42.0,16.55575527643071,37.15275051189653,6,6,38.03,SYNTHETIC
2026-02-01T06:15:00,12951,Rajdhani,1,MTJ,NDLS,143.0,110.0,108.0,125.0,16.312910818686213,69.43451359001902,6,6,103.57,SYNTHETIC
2026-02-01T06:30:00,12004,Shatabdi,0,ALJN,CNB,308.6,209.0,205.0,228.0,2.3666146601903524,96.50602337695355,6,6,225.79,SYNTHETIC
2026-02-01T06:45:00,12004,Shatabdi,0,GZB,ALJN,106.3,59.0,57.0,68.0,4.665345054714312,117.62289906119447,6,6,62.63,SYNTHETIC
2026-02-01T07:00:00,12004,Shatabdi,0,CNB,LKO,71.6,75.0,72.0,85.0,4.632944901258012,62.356841944382076,7,6,83.07,SYNTHETIC
2026-02-01T07:15:00,12951,Rajdhani,1,KOTA,MTJ,324.0,195.0,190.0,212.0,0.1225674057132915,106.6286276425472,7,6,186.48,SYNTHETIC
2026-02-01T07:30:00,12004,Shatabdi,0,ALJN,CNB,308.6,209.0,205.0,228.0,1.1594248564036302,95.49476838439458,7,6,230.44,SYNTHETIC
2026-02-01T07:45:00,12004,Shatabdi,0,GZB,ALJN,106.3,59.0,57.0,68.0,0.8217154382988534,86.32435385890078,7,6,62.26,SYNTHETIC
2026-02-01T08:00:00,12951,Rajdhani,1,BRC,RTM,261.0,197.0,193.0,215.0,-0.8277566073359801,89.66259486824396,8,6,201.0,SYNTHETIC
2026-02-01T08:15:00,12004,Shatabdi,0,NDLS,GZB,24.5,38.0,36.0,42.0,2.612792419068783,49.491948916671205,8,6,46.82,SYNTHETIC
2026-02-01T08:30:00,12951,Rajdhani,1,KOTA,MTJ,324.0,195.0,190.0,212.0,0.5329235648016248,90.54683400705719,8,6,211.16,SYNTHETIC
2026-02-01T08:45:00,12951,Rajdhani,1,MTJ,NDLS,143.0,110.0,108.0,125.0,0.3656876395136379,81.53790780339872,8,6,114.79,SYNTHETIC
2026-02-01T09:00:00,12951,Rajdhani,1,KOTA,MTJ,324.0,195.0,190.0,212.0,0.3001499369909095,81.87400044273072,9,6,204.72,SYNTHETIC
2026-02-01T09:15:00,12004,Shatabdi,0,GZB,ALJN,106.3,59.0,57.0,68.0,-1.5795665415479243,115.36197700452476,9,6,64.38,SYNTHETIC
2026-02-01T09:30:00,12951,Rajdhani,1,RTM,KOTA,266.0,157.0,154.0,170.0,1.1407745993930316,124.34823824102509,9,6,163.43,SYNTHETIC
2026-02-01T09:45:00,12004,Shatabdi,0,CNB,LKO,71.6,75.0,72.0,85.0,11.382223967129466,62.60683065973298,9,6,77.64,SYNTHETIC
2026-02-01T10:00:00,12951,Rajdhani,1,KOTA,MTJ,324.0,195.0,190.0,212.0,-0.05401016974555484,114.1729535695757,10,6,196.74,SYNTHETIC
2026-02-01T10:15:00,12951,Rajdhani,1,BRC,RTM,261.0,197.0,193.0,215.0,5.207722444409775,93.72875843048521,10,6,197.4,SYNTHETIC
2026-02-01T10:30:00,12951,Rajdhani,1,KOTA,MTJ,324.0,195.0,190.0,212.0,1.392249127673486,88.69781083622057,10,6,198.41,SYNTHETIC
2026-02-01T10:45:00,12004,Shatabdi,0,ALJN,CNB,308.6,209.0,205.0,228.0,-0.08976667364439317,86.738071537739,10,6,243.39,SYNTHETIC
2026-02-01T11:00:00,12004,Shatabdi,0,GZB,ALJN,106.3,59.0,57.0,68.0,1.5943041011702572,114.21276989329748,11,6,65.27,SYNTHETIC
2026-02-01T11:15:00,12951,Rajdhani,1,ST,BRC,129.0,81.0,79.0,90.0,2.5553713780739615,103.48405004229113,11,6,80.8,SYNTHETIC
2026-02-01T11:30:00,12951,Rajdhani,1,BRC,RTM,261.0,197.0,193.0,215.0,-1.6970105384865657,79.64111603783532,11,6,206.02,SYNTHETIC
2026-02-01T11:45:00,12951,Rajdhani,1,KOTA,MTJ,324.0,195.0,190.0,212.0,-1.042101890078201,116.9321105499966,11,6,201.23,SYNTHETIC
2026-02-01T12:00:00,12951,Rajdhani,1,BCT,ST,263.0,162.0,158.0,172.0,-1.7518201199609376,109.58731661579442,12,6,159.33,SYNTHETIC
2026-02-01T12:15:00,12951,Rajdhani,1,BCT,ST,263.0,162.0,158.0,172.0,13.621454715000695,106.83750430050641,12,6,150.21,SYNTHETIC
2026-02-01T12:30:00,12004,Shatabdi,0,NDLS,GZB,24.5,38.0,36.0,42.0,0.33336014316557394,42.530264913046175,12,6,40.74,SYNTHETIC
2026-02-01T12:45:00,12951,Rajdhani,1,ST,BRC,129.0,81.0,79.0,90.0,1.7708218401120517,92.51809361218947,12,6,81.56,SYNTHETIC
2026-02-01T13:00:00,12951,Rajdhani,1,MTJ,NDLS,143.0,110.0,108.0,125.0,2.831134236439385,69.83674428770755,13,6,105.69,SYNTHETIC
2026-02-01T13:15:00,12951,Rajdhani,1,MTJ,NDLS,143.0,110.0,108.0,125.0,7.723639876261711,99.04128426400327,13,6,105.7,SYNTHETIC
2026-02-01T13:30:00,12951,Rajdhani,1,BRC,RTM,261.0,197.0,193.0,215.0,-1.254077643489254,95.69696565541993,13,6,192.98,SYNTHETIC
2026-02-01T13:45:00,12951,Rajdhani,1,BRC,RTM,261.0,197.0,193.0,215.0,14.154432298234966,89.57296311738655,13,6,184.51,SYNTHETIC
2026-02-01T14:00:00,12951,Rajdhani,1,MTJ,NDLS,143.0,110.0,108.0,125.0,-0.8264217924161539,57.86535013627251,14,6,109.44,SYNTHETIC
2026-02-01T14:15:00,12951,Rajdhani,1,BRC,RTM,261.0,197.0,193.0,215.0,2.8826095304357553,77.61396540241293,14,6,195.1,SYNTHETIC
2026-02-01T14:30:00,12951,Rajdhani,1,RTM,KOTA,266.0,157.0,154.0,170.0,-1.3448186980168533,99.92857098927942,14,6,153.63,SYNTHETIC
2026-02-01T14:45:00,12951,Rajdhani,1,ST,BRC,129.0,81.0,79.0,90.0,1.956156746639926,84.25208902020586,14,6,75.66,SYNTHETIC
2026-02-01T15:00:00,12004,Shatabdi,0,ALJN,CNB,308.6,209.0,205.0,228.0,3.9068448369101514,81.58917599626994,15,6,227.4,SYNTHETIC
2026-02-01T15:15:00,12951,Rajdhani,1,RTM,KOTA,266.0,157.0,154.0,170.0,4.543793597742343,102.8088737982483,15,6,156.6,SYNTHETIC
2026-02-01T15:30:00,12004,Shatabdi,0,NDLS,GZB,24.5,38.0,36.0,42.0,21.211531444270577,56.41683293475311,15,6,40.59,SYNTHETIC
2026-02-01T15:45:00,12004,Shatabdi,0,NDLS,GZB,24.5,38.0,36.0,42.0,0.7285107631324133,46.651679341097875,15,6,40.66,SYNTHETIC
2026-02-01T16:00:00,12004,Shatabdi,0,CNB,LKO,71.6,75.0,72.0,85.0,5.140877618036587,76.89029852718492,16,6,80.73,SYNTHETIC
2026-02-01T16:15:00,12951,Rajdhani,1,KOTA,MTJ,324.0,195.0,190.0,212.0,0.3650135903157583,102.28338848940766,16,6,190.67,SYNTHETIC
2026-02-01T16:30:00,12951,Rajdhani,1,MTJ,NDLS,143.0,110.0,108.0,125.0,2.1693316163204237,78.39893055875918,16,6,103.82,SYNTHETIC
2026-02-01T16:45:00,12951,Rajdhani,1,KOTA,MTJ,324.0,195.0,190.0,212.0,-0.7382833925347341,102.3263811533017,16,6,190.0,SYNTHETIC
2026-02-01T17:00:00,12004,Shatabdi,0,CNB,LKO,71.6,75.0,72.0,85.0,-0.8852169017870153,54.988692026905326,17,6,89.13,SYNTHETIC
2026-02-01T17:15:00,12951,Rajdhani,1,MTJ,NDLS,143.0,110.0,108.0,125.0,11.711954398540493,93.11253911164727,17,6,115.98,SYNTHETIC
2026-02-01T17:30:00,12004,Shatabdi,0,CNB,LKO,71.6,75.0,72.0,85.0,2.9721378484004495,61.8568019014183,17,6,82.17,SYNTHETIC
2026-02-01T17:45:00,12004,Shatabdi,0,ALJN,CNB,308.6,209.0,205.0,228.0,5.989637214155241,96.3639167110092,17,6,234.7,SYNTHETIC
2026-02-01T18:00:00,12951,Rajdhani,1,KOTA,MTJ,324.0,195.0,190.0,212.0,0.9406661350125165,106.83648344870956,18,6,200.47,SYNTHETIC
2026-02-01T18:15:00,12004,Shatabdi,0,ALJN,CNB,308.6,209.0,205.0,228.0,2.1419424699431886,92.61514038739243,18,6,236.3,SYNTHETIC
2026-02-01T18:30:00,12951,Rajdhani,1,RTM,KOTA,266.0,157.0,154.0,170.0,-0.7076916641788094,112.85762932164593,18,6,159.83,SYNTHETIC
2026-02-01T18:45:00,12004,Shatabdi,0,NDLS,GZB,24.5,38.0,36.0,42.0,-0.39397597056798417,42.34730552823374,18,6,40.74,SYNTHETIC
2026-02-01T19:00:00,12951,Rajdhani,1,RTM,KOTA,266.0,157.0,154.0,170.0,6.710819100431859,99.52270875614207,19,6,151.22,SYNTHETIC
2026-02-01T19:15:00,12951,Rajdhani,1,RTM,KOTA,266.0,157.0,154.0,170.0,-1.333611946717998,116.97036597969087,19,6,157.8,SYNTHETIC
2026-02-01T19:30:00,12004,Shatabdi,0,NDLS,GZB,24.5,38.0,36.0,42.0,-1.4571077009710662,39.26829503124124,19,6,41.06,SYNTHETIC
2026-02-01T19:45:00,12951,Rajdhani,1,KOTA,MTJ,324.0,195.0,190.0,212.0,8.169000671874329,99.2113496682476,19,6,201.11,SYNTHETIC
2026-02-01T20:00:00,12004,Shatabdi,0,NDLS,GZB,24.5,38.0,36.0,42.0,-1.1613961093823586,47.32426717720834,20,6,45.4,SYNTHETIC
2026-02-01T20:15:00,12951,Rajdhani,1,BRC,RTM,261.0,197.0,193.0,215.0,4.400047690019903,85.66863964100591,20,6,204.05,SYNTHETIC
2026-02-01T20:30:00,12951,Rajdhani,1,BRC,RTM,261.0,197.0,193.0,215.0,2.591961440195183,65.77200123319385,20,6,210.24,SYNTHETIC
2026-02-01T20:45:00,12004,Shatabdi,0,CNB,LKO,71.6,75.0,72.0,85.0,6.182055137354064,67.82747710780605,20,6,85.96,SYNTHETIC
2026-02-01T21:00:00,12004,Shatabdi,0,GZB,ALJN,106.3,59.0,57.0,68.0,-0.3342265879381128,108.23548871295392,21,6,65.97,SYNTHETIC
2026-02-01T21:15:00,12951,Rajdhani,1,MTJ,NDLS,143.0,110.0,108.0,125.0,0.5742455758140705,80.0430076879032,21,6,117.04,SYNTHETIC
2026-02-01T21:30:00,12951,Rajdhani,1,BCT,ST,263.0,162.0,158.0,172.0,-0.7613828776306861,101.38337513424499,21,6,168.79,SYNTHETIC
2026-02-01T21:45:00,12004,Shatabdi,0,ALJN,CNB,308.6,209.0,205.0,228.0,0.3301216640152087,88.71290183674621,21,6,242.99,SYNTHETIC
2026-02-01T22:00:00,12951,Rajdhani,1,BCT,ST,263.0,162.0,158.0,172.0,1.5190667880791349,102.98186743923422,22,6,158.32,SYNTHETIC
2026-02-01T22:15:00,12951,Rajdhani,1,RTM,KOTA,266.0,157.0,154.0,170.0,1.9498833086002785,103.62983821539343,22,6,152.06,SYNTHETIC
2026-02-01T22:30:00,12004,Shatabdi,0,GZB,ALJN,106.3,59.0,57.0,68.0,15.110952589393978,98.8616400060251,22,6,60.07,SYNTHETIC
2026-02-01T22:45:00,12951,Rajdhani,1,ST,BRC,129.0,81.0,79.0,90.0,22.69654487356621,66.96950039055011,22,6,77.43,SYNTHETIC
2026-02-01T23:00:00,12004,Shatabdi,0,CNB,LKO,71.6,75.0,72.0,85.0,-1.2925898625621601,60.380916471034716,23,6,79.32,SYNTHETIC
2026-02-01T23:15:00,12951,Rajdhani,1,KOTA,MTJ,324.0,195.0,190.0,212.0,-1.978322270149211,89.95941123881069,23,6,195.73,SYNTHETIC
2026-02-01T23:30:00,12951,Rajdhani,1,KOTA,MTJ,324.0,195.0,190.0,212.0,9.108002235710213,94.52991900556711,23,6,186.23,SYNTHETIC
2026-02-01T23:45:00,12004,Shatabdi,0,ALJN,CNB,308.6,209.0,205.0,228.0,18.397890099747492,103.27343666146562,23,6,219.18,SYNTHETIC
2026-02-02T00:00:00,12951,Rajdhani,1,RTM,KOTA,266.0,157.0,154.0,170.0,5.349783592036827,107.05904888548851,0,0,146.65,SYNTHETIC
2026-02-02T00:15:00,12951,Rajdhani,1,BRC,RTM,261.0,197.0,193.0,215.0,24.21798032578694,90.38903131630872,0,0,191.04,SYNTHETIC
2026-02-02T00:30:00,12951,Rajdhani,1,ST,BRC,129.0,81.0,79.0,90.0,0.6103071428248272,94.10086609415666,0,0,81.26,SYNTHETIC
2026-02-02T00:45:00,12004,Shatabdi,0,ALJN,CNB,308.6,209.0,205.0,228.0,1.6438357482814903,66.47248740927726,0,0,223.06,SYNTHETIC
2026-02-02T01:00:00,12004,Shatabdi,0,CNB,LKO,71.6,75.0,72.0,85.0,13.686439801675697,71.98019326284835,1,0,74.03,SYNTHETIC
2026-02-02T01:15:00,12951,Rajdhani,1,MTJ,NDLS,143.0,110.0,108.0,125.0,10.535656526439883,67.47929396293512,1,0,93.15,SYNTHETIC
2026-02-02T01:30:00,12951,Rajdhani,1,BCT,ST,263.0,162.0,158.0,172.0,2.003977820120217,103.46701935173668,1,0,150.77,SYNTHETIC
2026-02-02T01:45:00,12004,Shatabdi,0,CNB,LKO,71.6,75.0,72.0,85.0,4.021400246849979,56.36993871027627,1,0,74.28,SYNTHETIC
2026-02-02T02:00:00,12004,Shatabdi,0,CNB,LKO,71.6,75.0,72.0,85.0,11.657935873705387,49.74576986567045,2,0,73.23,SYNTHETIC
2026-02-02T02:15:00,12951,Rajdhani,1,BRC,RTM,261.0,197.0,193.0,215.0,3.5355332046449046,67.67313914569026,2,0,187.76,SYNTHETIC
2026-02-02T02:30:00,12951,Rajdhani,1,KOTA,MTJ,324.0,195.0,190.0,212.0,-1.8417541134733062,109.88110848355133,2,0,180.22,SYNTHETIC
2026-02-02T02:45:00,12004,Shatabdi,0,GZB,ALJN,106.3,59.0,57.0,68.0,-0.650299172019398,106.71247180103363,2,0,63.84,SYNTHETIC
2026-02-02T03:00:00,12004,Shatabdi,0,NDLS,GZB,24.5,38.0,36.0,42.0,-1.3033247520167581,30.0,3,0,37.93,SYNTHETIC
2026-02-02T03:15:00,12004,Shatabdi,0,CNB,LKO,71.6,75.0,72.0,85.0,2.3667530303777653,63.13486610087847,3,0,73.22,SYNTHETIC
2026-02-02T03:30:00,12951,Rajdhani,1,MTJ,NDLS,143.0,110.0,108.0,125.0,3.7482464993405165,69.4363525040175,3,0,105.52,SYNTHETIC
2026-02-02T03:45:00,12004,Shatabdi,0,NDLS,GZB,24.5,38.0,36.0,42.0,2.4917845251044453,30.07079644220437,3,0,35.95,SYNTHETIC
2026-02-02T04:00:00,12951,Rajdhani,1,RTM,KOTA,266.0,157.0,154.0,170.0,8.289718049080378,111.47413269291374,4,0,145.56,SYNTHETIC
2026-02-02T04:15:00,12004,Shatabdi,0,ALJN,CNB,308.6,209.0,205.0,228.0,-1.2472579628566007,93.27025811160915,4,0,213.7,SYNTHETIC
2026-02-02T04:30:00,12004,Shatabdi,0,ALJN,CNB,308.6,209.0,205.0,228.0,-0.11803486485854409,77.26288241265306,4,0,221.2,SYNTHETIC
2026-02-02T04:45:00,12951,Rajdhani,1,RTM,KOTA,266.0,157.0,154.0,170.0,-1.2204472540203908,100.87686198243998,4,0,147.92,SYNTHETIC
2026-02-02T05:00:00,12951,Rajdhani,1,BCT,ST,263.0,162.0,158.0,172.0,0.1287801150861041,97.57538068836125,5,0,148.79,SYNTHETIC
2026-02-02T05:15:00,12951,Rajdhani,1,ST,BRC,129.0,81.0,79.0,90.0,14.72414594817904,97.01083651262691,5,0,70.54,SYNTHETIC
2026-02-02T05:30:00,12951,Rajdhani,1,RTM,KOTA,266.0,157.0,154.0,170.0,-1.5120608610180373,96.7148931326029,5,0,151.71,SYNTHETIC
2026-02-02T05:45:00,12004,Shatabdi,0,GZB,ALJN,106.3,59.0,57.0,68.0,4.944958530281409,102.00614481687349,5,0,63.8,SYNTHETIC
2026-02-02T06:00:00,12951,Rajdhani,1,KOTA,MTJ,324.0,195.0,190.0,212.0,-0.10394300849303484,106.7661038792573,6,0,194.57,SYNTHETIC
2026-02-02T06:15:00,12951,Rajdhani,1,RTM,KOTA,266.0,157.0,154.0,170.0,1.1186162384644827,98.69849903658037,6,0,150.68,SYNTHETIC
2026-02-02T06:30:00,12951,Rajdhani,1,BRC,RTM,261.0,197.0,193.0,215.0,0.8312172740516974,58.40817434758868,6,0,193.31,SYNTHETIC
2026-02-02T06:45:00,12951,Rajdhani,1,ST,BRC,129.0,81.0,79.0,90.0,-1.7613684443820015,87.35730822015384,6,0,77.49,SYNTHETIC
2026-02-02T07:00:00,12004,Shatabdi,0,CNB,LKO,71.6,75.0,72.0,85.0,5.322908846191536,69.52748409098798,7,0,80.85,SYNTHETIC
2026-02-02T07:15:00,12951,Rajdhani,1,KOTA,MTJ,324.0,195.0,190.0,212.0,-1.6248504158128823,115.15659223910708,7,0,189.49,SYNTHETIC
2026-02-02T07:30:00,12951,Rajdhani,1,KOTA,MTJ,324.0,195.0,190.0,212.0,4.568517239539592,112.17121121444787,7,0,189.65,SYNTHETIC
2026-02-02T07:45:00,12951,Rajdhani,1,BRC,RTM,261.0,197.0,193.0,215.0,-1.3209161025093006,85.60630138961086,7,0,187.63,SYNTHETIC
2026-02-02T08:00:00,12004,Shatabdi,0,CNB,LKO,71.6,75.0,72.0,85.0,-1.1213229365107507,64.32258842061864,8,0,82.32,SYNTHETIC
2026-02-02T08:15:00,12004,Shatabdi,0,CNB,LKO,71.6,75.0,72.0,85.0,-1.477154202855121,64.42037100520251,8,0,83.87,SYNTHETIC
2026-02-02T08:30:00,12004,Shatabdi,0,CNB,LKO,71.6,75.0,72.0,85.0,4.175780742128683,62.61243467206986,8,0,81.99,SYNTHETIC
2026-02-02T08:45:00,12951,Rajdhani,1,KOTA,MTJ,324.0,195.0,190.0,212.0,-0.2695375027727267,90.10108470245098,8,0,202.96,SYNTHETIC
2026-02-02T09:00:00,12951,Rajdhani,1,RTM,KOTA,266.0,157.0,154.0,170.0,2.770726240174959,106.74052008222928,9,0,165.5,SYNTHETIC
2026-02-02T09:15:00,12004,Shatabdi,0,ALJN,CNB,308.6,209.0,205.0,228.0,3.721500560745347,94.25466928862757,9,0,243.91,SYNTHETIC
2026-02-02T09:30:00,12004,Shatabdi,0,NDLS,GZB,24.5,38.0,36.0,42.0,-0.05881344117718168,30.0,9,0,48.27,SYNTHETIC
2026-02-02T09:45:00,12951,Rajdhani,1,KOTA,MTJ,324.0,195.0,190.0,212.0,0.23769511937339693,118.14783125651752,9,0,203.81,SYNTHETIC
2026-02-02T10:00:00,12004,Shatabdi,0,CNB,LKO,71.6,75.0,72.0,85.0,11.772393405982868,69.1038054389259,10,0,87.21,SYNTHETIC
2026-02-02T10:15:00,12951,Rajdhani,1,MTJ,NDLS,143.0,110.0,108.0,125.0,-0.7186740244652201,82.9553573612118,10,0,117.89,SYNTHETIC
2026-02-02T10:30:00,12004,Shatabdi,0,CNB,LKO,71.6,75.0,72.0,85.0,0.12053726635953277,43.49176887425093,10,0,85.86,SYNTHETIC
2026-02-02T10:45:00,12951,Rajdhani,1,MTJ,NDLS,143.0,110.0,108.0,125.0,2.136705368308861,87.50964303193744,10,0,114.0,SYNTHETIC
2026-02-02T11:00:00,12004,Shatabdi,0,NDLS,GZB,24.5,38.0,36.0,42.0,2.104786445240844,47.83928730610461,11,0,42.4,SYNTHETIC
2026-02-02T11:15:00,12951,Rajdhani,1,BRC,RTM,261.0,197.0,193.0,215.0,0.12627339295500528,83.591284089503,11,0,201.61,SYNTHETIC
2026-02-02T11:30:00,12004,Shatabdi,0,NDLS,GZB,24.5,38.0,36.0,42.0,4.51051735752138,33.248694104024686,11,0,40.1,SYNTHETIC
2026-02-02T11:45:00,12004,Shatabdi,0,ALJN,CNB,308.6,209.0,205.0,228.0,14.53617305642831,78.68105532372613,11,0,228.25,SYNTHETIC
2026-02-02T12:00:00,12004,Shatabdi,0,CNB,LKO,71.6,75.0,72.0,85.0,-1.5201075709469185,56.12448050750026,12,0,81.45,SYNTHETIC
2026-02-02T12:15:00,12951,Rajdhani,1,ST,BRC,129.0,81.0,79.0,90.0,1.689858687566872,78.08499286684538,12,0,79.09,SYNTHETIC
2026-02-02T12:30:00,12004,Shatabdi,0,CNB,LKO,71.6,75.0,72.0,85.0,6.319784304855979,66.066263573282,12,0,73.83,SYNTHETIC
2026-02-02T12:45:00,12004,Shatabdi,0,NDLS,GZB,24.5,38.0,36.0,42.0,14.296528094370984,40.83651944798402,12,0,37.67,SYNTHETIC
2026-02-02T13:00:00,12951,Rajdhani,1,BCT,ST,263.0,162.0,158.0,172.0,6.054259284601482,94.98755783810802,13,0,158.06,SYNTHETIC
2026-02-02T13:15:00,12951,Rajdhani,1,RTM,KOTA,266.0,157.0,154.0,170.0,0.8824484236330452,117.63935432326132,13,0,149.65,SYNTHETIC
2026-02-02T13:30:00,12004,Shatabdi,0,CNB,LKO,71.6,75.0,72.0,85.0,-0.6923694047096143,56.10203252863623,13,0,77.36,SYNTHETIC
2026-02-02T13:45:00,12004,Shatabdi,0,CNB,LKO,71.6,75.0,72.0,85.0,1.7168526407173341,59.17364422295597,13,0,79.43,SYNTHETIC
2026-02-02T14:00:00,12004,Shatabdi,0,ALJN,CNB,308.6,209.0,205.0,228.0,-1.8366856745413846,80.86324878505889,14,0,227.35,SYNTHETIC
2026-02-02T14:15:00,12951,Rajdhani,1,ST,BRC,129.0,81.0,79.0,90.0,11.243512166953126,95.35807268387921,14,0,76.51,SYNTHETIC
2026-02-02T14:30:00,12951,Rajdhani,1,BCT,ST,263.0,162.0,158.0,172.0,0.03592845540023948,99.32106526930222,14,0,152.44,SYNTHETIC
2026-02-02T14:45:00,12951,Rajdhani,1,MTJ,NDLS,143.0,110.0,108.0,125.0,-1.8447235838186982,75.27179079122051,14,0,107.75,SYNTHETIC
2026-02-02T15:00:00,12951,Rajdhani,1,KOTA,MTJ,324.0,195.0,190.0,212.0,0.8693458045823403,119.81481931572671,15,0,191.7,SYNTHETIC
2026-02-02T15:15:00,12004,Shatabdi,0,ALJN,CNB,308.6,209.0,205.0,228.0,-0.08043767537809732,79.6203665844436,15,0,224.86,SYNTHETIC
2026-02-02T15:30:00,12951,Rajdhani,1,ST,BRC,129.0,81.0,79.0,90.0,-1.1209789015704497,95.5379438933897,15,0,78.34,SYNTHETIC
2026-02-02T15:45:00,12004,Shatabdi,0,NDLS,GZB,24.5,38.0,36.0,42.0,-0.6305442945030684,35.11730856690318,15,0,44.24,SYNTHETIC
2026-02-02T16:00:00,12951,Rajdhani,1,BCT,ST,263.0,162.0,158.0,172.0,1.511571221685963,92.21196355928963,16,0,160.62,SYNTHETIC
2026-02-02T16:15:00,12004,Shatabdi,0,GZB,ALJN,106.3,59.0,57.0,68.0,0.8795965712999103,118.00153908422988,16,0,62.62,SYNTHETIC
2026-02-02T16:30:00,12951,Rajdhani,1,ST,BRC,129.0,81.0,79.0,90.0,2.298680756779514,105.81128828657087,16,0,80.33,SYNTHETIC
2026-02-02T16:45:00,12951,Rajdhani,1,ST,BRC,129.0,81.0,79.0,90.0,0.33901874999158865,99.65457021887036,16,0,77.1,SYNTHETIC
2026-02-02T17:00:00,12004,Shatabdi,0,NDLS,GZB,24.5,38.0,36.0,42.0,4.428400181158694,44.70800126096755,17,0,49.77,SYNTHETIC
2026-02-02T17:15:00,12951,Rajdhani,1,ST,BRC,129.0,81.0,79.0,90.0,5.547281053580619,121.02320694253335,17,0,88.13,SYNTHETIC
2026-02-02T17:30:00,12951,Rajdhani,1,BCT,ST,263.0,162.0,158.0,172.0,18.08419831553944,106.70047419898798,17,0,161.54,SYNTHETIC
2026-02-02T17:45:00,12004,Shatabdi,0,ALJN,CNB,308.6,209.0,205.0,228.0,3.04080301160697,93.27318958254061,17,0,253.11,SYNTHETIC
2026-02-02T18:00:00,12004,Shatabdi,0,CNB,LKO,71.6,75.0,72.0,85.0,1.8349485915161843,58.17272453064242,18,0,79.26,SYNTHETIC
2026-02-02T18:15:00,12004,Shatabdi,0,CNB,LKO,71.6,75.0,72.0,85.0,9.668156426224531,75.70498088528082,18,0,85.14,SYNTHETIC
2026-02-02T18:30:00,12004,Shatabdi,0,NDLS,GZB,24.5,38.0,36.0,42.0,2.721841692835323,60.12603329954616,18,0,41.52,SYNTHETIC
2026-02-02T18:45:00,12951,Rajdhani,1,KOTA,MTJ,324.0,195.0,190.0,212.0,4.348994249695477,114.80285310066283,18,0,204.66,SYNTHETIC
2026-02-02T19:00:00,12951,Rajdhani,1,BCT,ST,263.0,162.0,158.0,172.0,-0.29486436741625255,110.26017285248356,19,0,170.17,SYNTHETIC
2026-02-02T19:15:00,12004,Shatabdi,0,GZB,ALJN,106.3,59.0,57.0,68.0,0.886355934386386,115.39405678954968,19,0,69.78,SYNTHETIC
2026-02-02T19:30:00,12951,Rajdhani,1,KOTA,MTJ,324.0,195.0,190.0,212.0,2.9534189621572198,107.18904534954147,19,0,197.66,SYNTHETIC
2026-02-02T19:45:00,12004,Shatabdi,0,ALJN,CNB,308.6,209.0,205.0,228.0,-1.0128276155497682,105.4143514177872,19,0,246.15,SYNTHETIC
2026-02-02T20:00:00,12004,Shatabdi,0,GZB,ALJN,106.3,59.0,57.0,68.0,6.501189344874497,116.62690750022509,20,0,68.67,SYNTHETIC
2026-02-02T20:15:00,12951,Rajdhani,1,MTJ,NDLS,143.0,110.0,108.0,125.0,0.6860244110737854,75.027437387135,20,0,120.46,SYNTHETIC
2026-02-02T20:30:00,12951,Rajdhani,1,MTJ,NDLS,143.0,110.0,108.0,125.0,-0.016169941590362003,80.81190947092908,20,0,112.75,SYNTHETIC
2026-02-02T20:45:00,12951,Rajdhani,1,ST,BRC,129.0,81.0,79.0,90.0,-0.21971082728096025,82.14345921711354,20,0,86.65,SYNTHETIC
2026-02-02T21:00:00,12004,Shatabdi,0,GZB,ALJN,106.3,59.0,57.0,68.0,3.816738833422024,108.66450795016792,21,0,70.45,SYNTHETIC
2026-02-02T21:15:00,12951,Rajdhani,1,KOTA,MTJ,324.0,195.0,190.0,212.0,7.043138588746068,103.2998061418329,21,0,193.44,SYNTHETIC
2026-02-02T21:30:00,12951,Rajdhani,1,BCT,ST,263.0,162.0,158.0,172.0,26.082631762728923,106.3494775471897,21,0,171.0,SYNTHETIC
2026-02-02T21:45:00,12951,Rajdhani,1,ST,BRC,129.0,81.0,79.0,90.0,4.2221214732517485,97.27766435312557,21,0,85.26,SYNTHETIC
2026-02-02T22:00:00,12951,Rajdhani,1,RTM,KOTA,266.0,157.0,154.0,170.0,2.680957788416011,115.72068506681818,22,0,150.9,SYNTHETIC
2026-02-02T22:15:00,12951,Rajdhani,1,KOTA,MTJ,324.0,195.0,190.0,212.0,2.084578976676708,96.25177185121484,22,0,182.91,SYNTHETIC
2026-02-02T22:30:00,12951,Rajdhani,1,BRC,RTM,261.0,197.0,193.0,215.0,4.221747215959023,81.69191391100883,22,0,191.21,SYNTHETIC
2026-02-02T22:45:00,12004,Shatabdi,0,NDLS,GZB,24.5,38.0,36.0,42.0,-0.893475880446166,32.78954890663331,22,0,46.0,SYNTHETIC
2026-02-02T23:00:00,12951,Rajdhani,1,MTJ,NDLS,143.0,110.0,108.0,125.0,-1.7146269403704177,76.11218457082042,23,0,104.65,SYNTHETIC
2026-02-02T23:15:00,12951,Rajdhani,1,BRC,RTM,261.0,197.0,193.0,215.0,-1.6216354314036479,76.68510534202919,23,0,199.28,SYNTHETIC
2026-02-02T23:30:00,12004,Shatabdi,0,CNB,LKO,71.6,75.0,72.0,85.0,10.91991413879094,57.826780065637024,23,0,78.19,SYNTHETIC
2026-02-02T23:45:00,12951,Rajdhani,1,KOTA,MTJ,324.0,195.0,190.0,212.0,4.828208995105677,96.09984902197738,23,0,186.0,SYNTHETIC
2026-02-03T00:00:00,12951,Rajdhani,1,RTM,KOTA,266.0,157.0,154.0,170.0,5.343676476077357,119.9429735077852,0,1,156.43,SYNTHETIC
2026-02-03T00:15:00,12004,Shatabdi,0,NDLS,GZB,24.5,38.0,36.0,42.0,12.350073817686667,56.88023963214366,0,1,38.33,SYNTHETIC
2026-02-03T00:30:00,12951,Rajdhani,1,RTM,KOTA,266.0,157.0,154.0,170.0,19.886472893930012,93.81648286946891,0,1,149.01,SYNTHETIC
2026-02-03T00:45:00,12951,Rajdhani,1,MTJ,NDLS,143.0,110.0,108.0,125.0,0.1930772372206433,76.98333930586632,0,1,104.64,SYNTHETIC
2026-02-03T01:00:00,12004,Shatabdi,0,ALJN,CNB,308.6,209.0,205.0,228.0,1.6073326896897893,90.50614308137762,1,1,221.99,SYNTHETIC
2026-02-03T01:15:00,12951,Rajdhani,1,RTM,KOTA,266.0,157.0,154.0,170.0,-1.142999456375767,104.90004134398697,1,1,144.19,SYNTHETIC
2026-02-03T01:30:00,12004,Shatabdi,0,GZB,ALJN,106.3,59.0,57.0,68.0,20.336327646665275,130.0,1,1,63.43,SYNTHETIC
2026-02-03T01:45:00,12004,Shatabdi,0,CNB,LKO,71.6,75.0,72.0,85.0,-1.0109878425343952,53.787677710130545,1,1,75.72,SYNTHETIC
2026-02-03T02:00:00,12951,Rajdhani,1,MTJ,NDLS,143.0,110.0,108.0,125.0,-0.6772072836752718,102.18538013587684,2,1,106.5,SYNTHETIC
2026-02-03T02:15:00,12951,Rajdhani,1,MTJ,NDLS,143.0,110.0,108.0,125.0,1.281097940828296,78.5469910842933,2,1,107.47,SYNTHETIC
2026-02-03T02:30:00,12951,Rajdhani,1,ST,BRC,129.0,81.0,79.0,90.0,1.4748112654213474,93.57756793994048,2,1,76.28,SYNTHETIC
2026-02-03T02:45:00,12951,Rajdhani,1,BCT,ST,263.0,162.0,158.0,172.0,-0.1348319748181781,105.74540461975455,2,1,150.14,SYNTHETIC
2026-02-03T03:00:00,12951,Rajdhani,1,ST,BRC,129.0,81.0,79.0,90.0,5.40983347619236,90.78245038442012,3,1,71.78,SYNTHETIC
2026-02-03T03:15:00,12004,Shatabdi,0,ALJN,CNB,308.6,209.0,205.0,228.0,12.419005141057863,72.91494515570885,3,1,206.58,SYNTHETIC
2026-02-03T03:30:00,12951,Rajdhani,1,BCT,ST,263.0,162.0,158.0,172.0,-0.12819219200194532,96.97260704767314,3,1,148.9,SYNTHETIC
2026-02-03T03:45:00,12951,Rajdhani,1,KOTA,MTJ,324.0,195.0,190.0,212.0,4.225419092556596,96.4483418663841,3,1,182.63,SYNTHETIC
2026-02-03T04:00:00,12951,Rajdhani,1,BCT,ST,263.0,162.0,158.0,172.0,25.598475588785895,106.5289935509132,4,1,152.56,SYNTHETIC
2026-02-03T04:15:00,12004,Shatabdi,0,NDLS,GZB,24.5,38.0,36.0,42.0,5.429540890079414,42.41296031086294,4,1,35.97,SYNTHETIC
2026-02-03T04:30:00,12951,Rajdhani,1,BRC,RTM,261.0,197.0,193.0,215.0,-0.1226156941541321,82.72233856790497,4,1,182.22,SYNTHETIC
2026-02-03T04:45:00,12951,Rajdhani,1,MTJ,NDLS,143.0,110.0,108.0,125.0,3.655219504024858,70.76897410069279,4,1,101.39,SYNTHETIC
2026-02-03T05:00:00,12951,Rajdhani,1,KOTA,MTJ,324.0,195.0,190.0,212.0,3.3964801201361787,86.35683522754213,5,1,183.25,SYNTHETIC
2026-02-03T05:15:00,12951,Rajdhani,1,RTM,KOTA,266.0,157.0,154.0,170.0,0.36735978603927544,94.68178049916962,5,1,148.9,SYNTHETIC
2026-02-03T05:30:00,12004,Shatabdi,0,CNB,LKO,71.6,75.0,72.0,85.0,2.217861781136822,60.5879327900257,5,1,77.41,SYNTHETIC
2026-02-03T05:45:00,12004,Shatabdi,0,NDLS,GZB,24.5,38.0,36.0,42.0,0.3572476709213177,34.66660648255105,5,1,39.03,SYNTHETIC
2026-02-03T06:00:00,12004,Shatabdi,0,GZB,ALJN,106.3,59.0,57.0,68.0,-0.33503329140994254,119.09337642160668,6,1,63.67,SYNTHETIC
2026-02-03T06:15:00,12951,Rajdhani,1,ST,BRC,129.0,81.0,79.0,90.0,-1.7667340960335227,88.21042814698782,6,1,81.93,SYNTHETIC
2026-02-03T06:30:00,12951,Rajdhani,1,ST,BRC,129.0,81.0,79.0,90.0,0.06726101047987854,103.10150329165363,6,1,76.5,SYNTHETIC
2026-02-03T06:45:00,12004,Shatabdi,0,CNB,LKO,71.6,75.0,72.0,85.0,1.6123208083134966,59.742433264447286,6,1,85.16,SYNTHETIC
2026-02-03T07:00:00,12004,Shatabdi,0,NDLS,GZB,24.5,38.0,36.0,42.0,-0.6584358033796456,30.0,7,1,44.4,SYNTHETIC
2026-02-03T07:15:00,12004,Shatabdi,0,NDLS,GZB,24.5,38.0,36.0,42.0,9.501204603553077,49.7251429383881,7,1,33.54,SYNTHETIC
2026-02-03T07:30:00,12951,Rajdhani,1,BCT,ST,263.0,162.0,158.0,172.0,-1.3885201409422052,95.13180086653577,7,1,163.13,SYNTHETIC
2026-02-03T07:45:00,12004,Shatabdi,0,CNB,LKO,71.6,75.0,72.0,85.0,4.445137587750057,44.9709364289872,7,1,84.38,SYNTHETIC
2026-02-03T08:00:00,12951,Rajdhani,1,BCT,ST,263.0,162.0,158.0,172.0,-1.6050640723954857,100.8782981857832,8,1,168.44,SYNTHETIC
2026-02-03T08:15:00,12951,Rajdhani,1,KOTA,MTJ,324.0,195.0,190.0,212.0,14.149610171802664,111.59543597267698,8,1,191.81,SYNTHETIC
2026-02-03T08:30:00,12951,Rajdhani,1,BCT,ST,263.0,162.0,158.0,172.0,2.556166617859999,104.46503088130457,8,1,164.44,SYNTHETIC
2026-02-03T08:45:00,12004,Shatabdi,0,ALJN,CNB,308.6,209.0,205.0,228.0,7.905008764720154,77.10368010203428,8,1,242.55,SYNTHETIC
2026-02-03T09:00:00,12004,Shatabdi,0,GZB,ALJN,106.3,59.0,57.0,68.0,7.518001919994383,104.60819977824818,9,1,68.46,SYNTHETIC
2026-02-03T09:15:00,12004,Shatabdi,0,NDLS,GZB,24.5,38.0,36.0,42.0,-1.3859337981562436,48.83845373233188,9,1,38.85,SYNTHETIC
2026-02-03T09:30:00,12004,Shatabdi,0,GZB,ALJN,106.3,59.0,57.0,68.0,0.9454570140794685,109.10535848766266,9,1,68.12,SYNTHETIC
2026-02-03T09:45:00,12951,Rajdhani,1,MTJ,NDLS,143.0,110.0,108.0,125.0,1.218888001118069,86.62856142221074,9,1,114.23,SYNTHETIC
2026-02-03T10:00:00,12004,Shatabdi,0,NDLS,GZB,24.5,38.0,36.0,42.0,2.225806180281415,30.0,10,1,45.21,SYNTHETIC
2026-02-03T10:15:00,12004,Shatabdi,0,ALJN,CNB,308.6,209.0,205.0,228.0,16.052373153982117,84.62701563852181,10,1,241.21,SYNTHETIC
2026-02-03T10:30:00,12951,Rajdhani,1,BRC,RTM,261.0,197.0,193.0,215.0,7.187153886664085,92.0985143499091,10,1,201.81,SYNTHETIC
2026-02-03T10:45:00,12951,Rajdhani,1,KOTA,MTJ,324.0,195.0,190.0,212.0,-0.7583321227857167,115.54805895143335,10,1,208.76,SYNTHETIC
2026-02-03T11:00:00,12951,Rajdhani,1,KOTA,MTJ,324.0,195.0,190.0,212.0,3.515207846628222,108.87561793747709,11,1,204.32,SYNTHETIC
2026-02-03T11:15:00,12951,Rajdhani,1,RTM,KOTA,266.0,157.0,154.0,170.0,-0.9029270557178015,86.91388374786384,11,1,165.23,SYNTHETIC
2026-02-03T11:30:00,12951,Rajdhani,1,BRC,RTM,261.0,197.0,193.0,215.0,0.6774743538130306,81.53922683861953,11,1,202.68,SYNTHETIC
2026-02-03T11:45:00,12004,Shatabdi,0,GZB,ALJN,106.3,59.0,57.0,68.0,4.573667805805071,121.83562628720821,11,1,66.7,SYNTHETIC
2026-02-03T12:00:00,12004,Shatabdi,0,CNB,LKO,71.6,75.0,72.0,85.0,1.1333650599037943,54.89584256083148,12,1,79.8,SYNTHETIC
2026-02-03T12:15:00,12004,Shatabdi,0,NDLS,GZB,24.5,38.0,36.0,42.0,-1.7968113396220875,53.799665065074706,12,1,38.38,SYNTHETIC
2026-02-03T12:30:00,12951,Rajdhani,1,BCT,ST,263.0,162.0,158.0,172.0,4.376962553783514,95.49268915370592,12,1,153.25,SYNTHETIC
2026-02-03T12:45:00,12004,Shatabdi,0,CNB,LKO,71.6,75.0,72.0,85.0,-1.9792874275536831,48.79098995190416,12,1,76.6,SYNTHETIC
2026-02-03T13:00:00,12951,Rajdhani,1,MTJ,NDLS,143.0,110.0,108.0,125.0,0.889841231005756,78.0050778329534,13,1,108.68,SYNTHETIC
2026-02-03T13:15:00,12004,Shatabdi,0,GZB,ALJN,106.3,59.0,57.0,68.0,-1.2185782164627343,100.9557804239764,13,1,62.67,SYNTHETIC
2026-02-03T13:30:00,12004,Shatabdi,0,CNB,LKO,71.6,75.0,72.0,85.0,-0.619455707340365,60.64084009730979,13,1,78.22,SYNTHETIC
2026-02-03T13:45:00,12951,Rajdhani,1,ST,BRC,129.0,81.0,79.0,90.0,-0.26290542587283317,107.3481433252608,13,1,74.41,SYNTHETIC
2026-02-03T14:00:00,12004,Shatabdi,0,NDLS,GZB,24.5,38.0,36.0,42.0,-0.9369327340772156,45.700898750625726,14,1,38.84,SYNTHETIC
2026-02-03T14:15:00,12951,Rajdhani,1,ST,BRC,129.0,81.0,79.0,90.0,5.242445044620352,105.45140629708231,14,1,75.43,SYNTHETIC
2026-02-03T14:30:00,12004,Shatabdi,0,ALJN,CNB,308.6,209.0,205.0,228.0,-0.3637209436237736,90.14348712157731,14,1,226.35,SYNTHETIC
2026-02-03T14:45:00,12951,Rajdhani,1,MTJ,NDLS,143.0,110.0,108.0,125.0,5.389126541519762,82.78747142069703,14,1,109.13,SYNTHETIC
2026-02-03T15:00:00,12951,Rajdhani,1,BCT,ST,263.0,162.0,158.0,172.0,4.306450547944699,114.72937095116546,15,1,156.3,SYNTHETIC
2026-02-03T15:15:00,12951,Rajdhani,1,ST,BRC,129.0,81.0,79.0,90.0,2.1514542320937506,90.45700914327523,15,1,78.52,SYNTHETIC
2026-02-03T15:30:00,12004,Shatabdi,0,CNB,LKO,71.6,75.0,72.0,85.0,4.8983588446881825,66.2055927693769,15,1,74.78,SYNTHETIC
2026-02-03T15:45:00,12951,Rajdhani,1,KOTA,MTJ,324.0,195.0,190.0,212.0,0.06238082028750114,111.11954370422998,15,1,191.86,SYNTHETIC
2026-02-03T16:00:00,12951,Rajdhani,1,RTM,KOTA,266.0,157.0,154.0,170.0,2.5802887720226835,104.66453150890558,16,1,154.6,SYNTHETIC
2026-02-03T16:15:00,12951,Rajdhani,1,ST,BRC,129.0,81.0,79.0,90.0,-0.5091550893952019,93.36068279406686,16,1,78.39,SYNTHETIC
2026-02-03T16:30:00,12951,Rajdhani,1,MTJ,NDLS,143.0,110.0,108.0,125.0,-0.976453588016075,73.58242225837161,16,1,108.83,SYNTHETIC
2026-02-03T16:45:00,12951,Rajdhani,1,ST,BRC,129.0,81.0,79.0,90.0,-0.9250839406568188,108.51984397421745,16,1,77.48,SYNTHETIC
2026-02-03T17:00:00,12004,Shatabdi,0,NDLS,GZB,24.5,38.0,36.0,42.0,-0.9677115764790507,52.29805210821236,17,1,44.86,SYNTHETIC
2026-02-03T17:15:00,12951,Rajdhani,1,BCT,ST,263.0,162.0,158.0,172.0,8.914502314421851,105.1213434765322,17,1,159.94,SYNTHETIC
2026-02-03T17:30:00,12951,Rajdhani,1,RTM,KOTA,266.0,157.0,154.0,170.0,1.9408183574945657,108.9456934998574,17,1,160.87,SYNTHETIC
2026-02-03T17:45:00,12951,Rajdhani,1,BRC,RTM,261.0,197.0,193.0,215.0,3.028195017817641,72.8568709772881,17,1,204.57,SYNTHETIC
2026-02-03T18:00:00,12004,Shatabdi,0,CNB,LKO,71.6,75.0,72.0,85.0,9.120635211422062,68.96192315062314,18,1,85.12,SYNTHETIC
2026-02-03T18:15:00,12004,Shatabdi,0,ALJN,CNB,308.6,209.0,205.0,228.0,5.7354851011646755,104.48131437080164,18,1,230.96,SYNTHETIC
2026-02-03T18:30:00,12004,Shatabdi,0,CNB,LKO,71.6,75.0,72.0,85.0,0.1593612362136656,43.55663898781499,18,1,80.83,SYNTHETIC
2026-02-03T18:45:00,12004,Shatabdi,0,ALJN,CNB,308.6,209.0,205.0,228.0,4.708849950226039,90.01573990554397,18,1,236.87,SYNTHETIC
2026-02-03T19:00:00,12951,Rajdhani,1,ST,BRC,129.0,81.0,79.0,90.0,3.681227716271124,82.8956599106936,19,1,82.85,SYNTHETIC
2026-02-03T19:15:00,12004,Shatabdi,0,CNB,LKO,71.6,75.0,72.0,85.0,13.50128742439348,52.39202360992739,19,1,83.8,SYNTHETIC
2026-02-03T19:30:00,12004,Shatabdi,0,CNB,LKO,71.6,75.0,72.0,85.0,3.8883095921231625,70.50487308497925,19,1,85.12,SYNTHETIC
2026-02-03T19:45:00,12951,Rajdhani,1,RTM,KOTA,266.0,157.0,154.0,170.0,-0.34585808809384,93.31659005471941,19,1,161.49,SYNTHETIC
2026-02-03T20:00:00,12004,Shatabdi,0,CNB,LKO,71.6,75.0,72.0,85.0,2.727264115599702,80.36614405736346,20,1,88.19,SYNTHETIC
2026-02-03T20:15:00,12004,Shatabdi,0,ALJN,CNB,308.6,209.0,205.0,228.0,13.241029985736876,101.87686166828657,20,1,241.65,SYNTHETIC
2026-02-03T20:30:00,12951,Rajdhani,1,BRC,RTM,261.0,197.0,193.0,215.0,0.8938289668615682,93.10752862286138,20,1,204.15,SYNTHETIC
2026-02-03T20:45:00,12951,Rajdhani,1,BRC,RTM,261.0,197.0,193.0,215.0,-0.33613798255434757,85.69297112608312,20,1,202.46,SYNTHETIC
2026-02-03T21:00:00,12951,Rajdhani,1,BRC,RTM,261.0,197.0,193.0,215.0,2.052371948805348,70.4592578974286,21,1,209.0,SYNTHETIC
2026-02-03T21:15:00,12951,Rajdhani,1,BCT,ST,263.0,162.0,158.0,172.0,5.760719000268162,98.23070776394967,21,1,159.02,SYNTHETIC
2026-02-03T21:30:00,12951,Rajdhani,1,ST,BRC,129.0,81.0,79.0,90.0,-0.7118898093823853,102.7606072487725,21,1,83.78,SYNTHETIC
2026-02-03T21:45:00,12951,Rajdhani,1,ST,BRC,129.0,81.0,79.0,90.0,31.967911258949016,87.56173592999279,21,1,79.94,SYNTHETIC
2026-02-03T22:00:00,12951,Rajdhani,1,MTJ,NDLS,143.0,110.0,108.0,125.0,6.186924579154532,86.42869578828817,22,1,106.14,SYNTHETIC
2026-02-03T22:15:00,12951,Rajdhani,1,KOTA,MTJ,324.0,195.0,190.0,212.0,2.4569753313310185,109.96311233537554,22,1,188.39,SYNTHETIC
2026-02-03T22:30:00,12951,Rajdhani,1,BRC,RTM,261.0,197.0,193.0,215.0,4.591328124549553,76.6052698693633,22,1,196.44,SYNTHETIC
2026-02-03T22:45:00,12004,Shatabdi,0,CNB,LKO,71.6,75.0,72.0,85.0,1.438411852003429,63.2757575392693,22,1,83.11,SYNTHETIC
2026-02-03T23:00:00,12004,Shatabdi,0,CNB,LKO,71.6,75.0,72.0,85.0,4.3528428483762305,79.12334169219942,23,1,75.52,SYNTHETIC
2026-02-03T23:15:00,12004,Shatabdi,0,ALJN,CNB,308.6,209.0,205.0,228.0,24.271372001579667,79.87682205553347,23,1,218.92,SYNTHETIC
2026-02-03T23:30:00,12951,Rajdhani,1,BRC,RTM,261.0,197.0,193.0,215.0,5.692775845362286,82.1311542978186,23,1,187.33,SYNTHETIC
2026-02-03T23:45:00,12951,Rajdhani,1,MTJ,NDLS,143.0,110.0,108.0,125.0,2.813482256575538,80.55280823136667,23,1,103.72,SYNTHETIC
2026-02-04T00:00:00,12951,Rajdhani,1,ST,BRC,129.0,81.0,79.0,90.0,1.7901170737983456,114.19729726485502,0,2,73.63,SYNTHETIC
2026-02-04T00:15:00,12004,Shatabdi,0,ALJN,CNB,308.6,209.0,205.0,228.0,3.099724665161414,80.04591978777836,0,2,223.13,SYNTHETIC
2026-02-04T00:30:00,12951,Rajdhani,1,MTJ,NDLS,143.0,110.0,108.0,125.0,4.719603462902173,87.62563161599518,0,2,105.85,SYNTHETIC
2026-02-04T00:45:00,12951,Rajdhani,1,BRC,RTM,261.0,197.0,193.0,215.0,1.3007072913677122,80.75751129627608,0,2,195.77,SYNTHETIC
2026-02-04T01:00:00,12951,Rajdhani,1,ST,BRC,129.0,81.0,79.0,90.0,-1.0810802041095964,107.1048962074362,1,2,76.96,SYNTHETIC
2026-02-04T01:15:00,12004,Shatabdi,0,CNB,LKO,71.6,75.0,72.0,85.0,-0.09857927993964877,62.8142922812183,1,2,73.19,SYNTHETIC
2026-02-04T01:30:00,12004,Shatabdi,0,ALJN,CNB,308.6,209.0,205.0,228.0,16.44467968337027,104.00764465206387,1,2,206.6,SYNTHETIC
2026-02-04T01:45:00,12004,Shatabdi,0,CNB,LKO,71.6,75.0,72.0,85.0,0.5708244542511727,64.5549522486868,1,2,78.84,SYNTHETIC
2026-02-04T02:00:00,12951,Rajdhani,1,BCT,ST,263.0,162.0,158.0,172.0,1.8831012296107428,113.44528572952301,2,2,156.76,SYNTHETIC
2026-02-04T02:15:00,12951,Rajdhani,1,ST,BRC,129.0,81.0,79.0,90.0,15.637983755396327,88.51999646254149,2,2,72.35,SYNTHETIC
2026-02-04T02:30:00,12004,Shatabdi,0,NDLS,GZB,24.5,38.0,36.0,42.0,-1.8142547711756536,40.24293501742647,2,2,38.14,SYNTHETIC
2026-02-04T02:45:00,12004,Shatabdi,0,GZB,ALJN,106.3,59.0,57.0,68.0,3.7474853138773803,117.08245598553758,2,2,57.58,SYNTHETIC
2026-02-04T03:00:00,12004,Shatabdi,0,CNB,LKO,71.6,75.0,72.0,85.0,-1.849482979209647,53.67017155215734,3,2,78.95,SYNTHETIC
2026-02-04T03:15:00,12951,Rajdhani,1,RTM,KOTA,266.0,157.0,154.0,170.0,-0.4363394995187311,107.55113084407516,3,2,144.69,SYNTHETIC
2026-02-04T03:30:00,12004,Shatabdi,0,GZB,ALJN,106.3,59.0,57.0,68.0,7.417677322134956,130.0,3,2,58.04,SYNTHETIC
2026-02-04T03:45:00,12004,Shatabdi,0,GZB,ALJN,106.3,59.0,57.0,68.0,40.41858799691557,118.37551695424033,3,2,67.34,SYNTHETIC
2026-02-04T04:00:00,12951,Rajdhani,1,ST,BRC,129.0,81.0,79.0,90.0,16.828522000969624,91.11635145288886,4,2,75.05,SYNTHETIC
2026-02-04T04:15:00,12951,Rajdhani,1,BRC,RTM,261.0,197.0,193.0,215.0,13.996915523308063,73.98596066066526,4,2,180.14,SYNTHETIC
2026-02-04T04:30:00,12004,Shatabdi,0,GZB,ALJN,106.3,59.0,57.0,68.0,-1.471006492736558,115.931603893848,4,2,54.03,SYNTHETIC
2026-02-04T04:45:00,12004,Shatabdi,0,NDLS,GZB,24.5,38.0,36.0,42.0,5.585243363322561,51.38460504914513,4,2,34.49,SYNTHETIC
2026-02-04T05:00:00,12951,Rajdhani,1,RTM,KOTA,266.0,157.0,154.0,170.0,-0.6949178795709341,99.77276236644488,5,2,149.89,SYNTHETIC
2026-02-04T05:15:00,12951,Rajdhani,1,KOTA,MTJ,324.0,195.0,190.0,212.0,-1.6571023863352727,104.7685587958603,5,2,179.03,SYNTHETIC
2026-02-04T05:30:00,12951,Rajdhani,1,ST,BRC,129.0,81.0,79.0,90.0,3.627696653076951,89.92216215431509,5,2,80.11,SYNTHETIC
2026-02-04T05:45:00,12951,Rajdhani,1,MTJ,NDLS,143.0,110.0,108.0,125.0,3.587667479396341,96.42457605947932,5,2,103.28,SYNTHETIC
2026-02-04T06:00:00,12004,Shatabdi,0,GZB,ALJN,106.3,59.0,57.0,68.0,12.872428219818728,103.24264630358279,6,2,58.39,SYNTHETIC
2026-02-04T06:15:00,12951,Rajdhani,1,ST,BRC,129.0,81.0,79.0,90.0,0.6457035089925971,104.17170884093355,6,2,75.07,SYNTHETIC
2026-02-04T06:30:00,12951,Rajdhani,1,BCT,ST,263.0,162.0,158.0,172.0,7.747899654345558,114.10468687253478,6,2,152.93,SYNTHETIC
2026-02-04T06:45:00,12951,Rajdhani,1,ST,BRC,129.0,81.0,79.0,90.0,0.8424101267268971,104.02411081599922,6,2,79.89,SYNTHETIC
2026-02-04T07:00:00,12951,Rajdhani,1,ST,BRC,129.0,81.0,79.0,90.0,9.761717332937055,97.98325688676344,7,2,79.19,SYNTHETIC
2026-02-04T07:15:00,12951,Rajdhani,1,MTJ,NDLS,143.0,110.0,108.0,125.0,8.740352216593422,92.3633034630902,7,2,113.41,SYNTHETIC
2026-02-04T07:30:00,12004,Shatabdi,0,CNB,LKO,71.6,75.0,72.0,85.0,12.386158499285813,60.96796104764709,7,2,74.12,SYNTHETIC
2026-02-04T07:45:00,12951,Rajdhani,1,KOTA,MTJ,324.0,195.0,190.0,212.0,10.569573457020763,96.20326829512085,7,2,186.53,SYNTHETIC
2026-02-04T08:00:00,12004,Shatabdi,0,ALJN,CNB,308.6,209.0,205.0,228.0,-0.7116554955992869,110.11579593365522,8,2,241.92,SYNTHETIC
2026-02-04T08:15:00,12004,Shatabdi,0,ALJN,CNB,308.6,209.0,205.0,228.0,2.2297070284461817,91.47347436391696,8,2,238.04,SYNTHETIC
2026-02-04T08:30:00,12004,Shatabdi,0,GZB,ALJN,106.3,59.0,57.0,68.0,4.8336639141564435,93.13885684902898,8,2,70.62,SYNTHETIC
2026-02-04T08:45:00,12951,Rajdhani,1,KOTA,MTJ,324.0,195.0,190.0,212.0,5.7544474458299755,80.68899936853893,8,2,201.49,SYNTHETIC
2026-02-04T09:00:00,12951,Rajdhani,1,MTJ,NDLS,143.0,110.0,108.0,125.0,1.1934879891143444,78.47835729834568,9,2,116.32,SYNTHETIC
2026-02-04T09:15:00,12004,Shatabdi,0,NDLS,GZB,24.5,38.0,36.0,42.0,-1.541557364704838,30.0,9,2,39.1,SYNTHETIC
2026-02-04T09:30:00,12951,Rajdhani,1,KOTA,MTJ,324.0,195.0,190.0,212.0,2.773754526110019,102.77390882269691,9,2,208.16,SYNTHETIC
2026-02-04T09:45:00,12951,Rajdhani,1,RTM,KOTA,266.0,157.0,154.0,170.0,5.342238646295748,94.55482415028692,9,2,156.7,SYNTHETIC
2026-02-04T10:00:00,12951,Rajdhani,1,BRC,RTM,261.0,197.0,193.0,215.0,-1.5207598764694696,81.83193640541005,10,2,201.26,SYNTHETIC
2026-02-04T10:15:00,12004,Shatabdi,0,NDLS,GZB,24.5,38.0,36.0,42.0,8.565351214531177,43.962513222345045,10,2,42.82,SYNTHETIC
2026-02-04T10:30:00,12004,Shatabdi,0,NDLS,GZB,24.5,38.0,36.0,42.0,-0.8526656867504405,47.414682260246515,10,2,43.46,SYNTHETIC
2026-02-04T10:45:00,12951,Rajdhani,1,BCT,ST,263.0,162.0,158.0,172.0,2.3829860837974515,88.90777707418869,10,2,174.46,SYNTHETIC
2026-02-04T11:00:00,12004,Shatabdi,0,ALJN,CNB,308.6,209.0,205.0,228.0,8.204309803329703,91.67477630503538,11,2,225.09,SYNTHETIC
2026-02-04T11:15:00,12951,Rajdhani,1,RTM,KOTA,266.0,157.0,154.0,170.0,1.359214766542033,101.00419349236765,11,2,168.71,SYNTHETIC
2026-02-04T11:30:00,12951,Rajdhani,1,ST,BRC,129.0,81.0,79.0,90.0,5.68763284561456,100.52000944218018,11,2,79.66,SYNTHETIC
2026-02-04T11:45:00,12951,Rajdhani,1,KOTA,MTJ,324.0,195.0,190.0,212.0,9.600532784457474,107.79105477804042,11,2,200.79,SYNTHETIC
2026-02-04T12:00:00,12951,Rajdhani,1,BRC,RTM,261.0,197.0,193.0,215.0,6.791190224824506,87.65182743852881,12,2,187.34,SYNTHETIC
2026-02-04T12:15:00,12004,Shatabdi,0,NDLS,GZB,24.5,38.0,36.0,42.0,-1.8963778178194122,42.40431983977164,12,2,40.36,SYNTHETIC
2026-02-04T12:30:00,12951,Rajdhani,1,BRC,RTM,261.0,197.0,193.0,215.0,4.97976710693105,76.76167312875376,12,2,187.76,SYNTHETIC
2026-02-04T12:45:00,12951,Rajdhani,1,ST,BRC,129.0,81.0,79.0,90.0,10.732372139330952,97.433824281229,12,2,77.36,SYNTHETIC
2026-02-04T13:00:00,12004,Shatabdi,0,NDLS,GZB,24.5,38.0,36.0,42.0,2.2758691809388987,33.352650812455956,13,2,39.66,SYNTHETIC
2026-02-04T13:15:00,12004,Shatabdi,0,GZB,ALJN,106.3,59.0,57.0,68.0,2.416355308048863,104.23569673264478,13,2,63.48,SYNTHETIC
2026-02-04T13:30:00,12004,Shatabdi,0,NDLS,GZB,24.5,38.0,36.0,42.0,-0.24001176087364495,54.54432147245256,13,2,40.27,SYNTHETIC
2026-02-04T13:45:00,12004,Shatabdi,0,NDLS,GZB,24.5,38.0,36.0,42.0,2.6515887419236996,45.0004768259225,13,2,39.7,SYNTHETIC
2026-02-04T14:00:00,12951,Rajdhani,1,MTJ,NDLS,143.0,110.0,108.0,125.0,19.001365690681087,90.54880913514125,14,2,102.98,SYNTHETIC
2026-02-04T14:15:00,12951,Rajdhani,1,MTJ,NDLS,143.0,110.0,108.0,125.0,3.855818366427475,91.44525633381788,14,2,103.39,SYNTHETIC
2026-02-04T14:30:00,12951,Rajdhani,1,RTM,KOTA,266.0,157.0,154.0,170.0,-1.5724374149126197,109.37371845866228,14,2,153.45,SYNTHETIC
2026-02-04T14:45:00,12951,Rajdhani,1,RTM,KOTA,266.0,157.0,154.0,170.0,3.291360865061443,101.44957531663677,14,2,148.88,SYNTHETIC
2026-02-04T15:00:00,12004,Shatabdi,0,ALJN,CNB,308.6,209.0,205.0,228.0,-1.614533908562272,91.63945231698511,15,2,232.14,SYNTHETIC
2026-02-04T15:15:00,12951,Rajdhani,1,MTJ,NDLS,143.0,110.0,108.0,125.0,2.0190451113014527,59.810858011789236,15,2,106.27,SYNTHETIC
2026-02-04T15:30:00,12951,Rajdhani,1,ST,BRC,129.0,81.0,79.0,90.0,3.812897761899758,100.40953748306292,15,2,79.55,SYNTHETIC
2026-02-04T15:45:00,12004,Shatabdi,0,GZB,ALJN,106.3,59.0,57.0,68.0,5.789974638691511,119.46426420338346,15,2,59.93,SYNTHETIC
2026-02-04T16:00:00,12004,Shatabdi,0,ALJN,CNB,308.6,209.0,205.0,228.0,-0.38525366805193206,85.54115218581305,16,2,220.08,SYNTHETIC
2026-02-04T16:15:00,12951,Rajdhani,1,KOTA,MTJ,324.0,195.0,190.0,212.0,-0.9265771982216198,86.27617195941812,16,2,189.11,SYNTHETIC
2026-02-04T16:30:00,12004,Shatabdi,0,GZB,ALJN,106.3,59.0,57.0,68.0,10.504378828992085,129.49286607384204,16,2,60.3,SYNTHETIC
2026-02-04T16:45:00,12004,Shatabdi,0,GZB,ALJN,106.3,59.0,57.0,68.0,15.734561450659164,115.61954347405276,16,2,60.08,SYNTHETIC
2026-02-04T17:00:00,12951,Rajdhani,1,KOTA,MTJ,324.0,195.0,190.0,212.0,17.754590604962875,114.87540183006244,17,2,202.15,SYNTHETIC
2026-02-04T17:15:00,12004,Shatabdi,0,GZB,ALJN,106.3,59.0,57.0,68.0,19.500929762427184,111.64643370083878,17,2,65.18,SYNTHETIC
2026-02-04T17:30:00,12951,Rajdhani,1,BRC,RTM,261.0,197.0,193.0,215.0,12.560936280679035,94.941129268911,17,2,204.25,SYNTHETIC
2026-02-04T17:45:00,12951,Rajdhani,1,MTJ,NDLS,143.0,110.0,108.0,125.0,8.53639517499935,83.00770274017505,17,2,117.01,SYNTHETIC
2026-02-04T18:00:00,12004,Shatabdi,0,ALJN,CNB,308.6,209.0,205.0,228.0,19.123429671424624,123.49778112749856,18,2,237.81,SYNTHETIC
2026-02-04T18:15:00,12951,Rajdhani,1,BRC,RTM,261.0,197.0,193.0,215.0,0.5537964062102279,89.38285714991284,18,2,202.93,SYNTHETIC
2026-02-04T18:30:00,12951,Rajdhani,1,MTJ,NDLS,143.0,110.0,108.0,125.0,-0.5614765753727609,91.18190863751431,18,2,116.25,SYNTHETIC
2026-02-04T18:45:00,12951,Rajdhani,1,ST,BRC,129.0,81.0,79.0,90.0,-0.018045060567194016,97.45887097214802,18,2,82.37,SYNTHETIC
2026-02-04T19:00:00,12951,Rajdhani,1,BCT,ST,263.0,162.0,158.0,172.0,-1.444819290105126,104.12781179416874,19,2,174.87,SYNTHETIC
2026-02-04T19:15:00,12004,Shatabdi,0,CNB,LKO,71.6,75.0,72.0,85.0,-0.5652912310029892,74.14067665016545,19,2,91.94,SYNTHETIC
2026-02-04T19:30:00,12951,Rajdhani,1,BRC,RTM,261.0,197.0,193.0,215.0,11.459660505698677,79.32515434949632,19,2,203.04,SYNTHETIC
2026-02-04T19:45:00,12951,Rajdhani,1,KOTA,MTJ,324.0,195.0,190.0,212.0,0.14356376782427738,99.28935701012031,19,2,204.08,SYNTHETIC
2026-02-04T20:00:00,12951,Rajdhani,1,BRC,RTM,261.0,197.0,193.0,215.0,-1.261209869839382,74.9014938861844,20,2,207.28,SYNTHETIC
2026-02-04T20:15:00,12004,Shatabdi,0,CNB,LKO,71.6,75.0,72.0,85.0,0.9381724491594281,71.81614135999705,20,2,85.73,SYNTHETIC
2026-02-04T20:30:00,12004,Shatabdi,0,NDLS,GZB,24.5,38.0,36.0,42.0,0.288342543223175,44.307231750418886,20,2,43.7,SYNTHETIC
2026-02-04T20:45:00,12951,Rajdhani,1,MTJ,NDLS,143.0,110.0,108.0,125.0,8.808464709164639,88.16242975928043,20,2,112.0,SYNTHETIC
2026-02-04T21:00:00,12004,Shatabdi,0,NDLS,GZB,24.5,38.0,36.0,42.0,8.728628456005215,41.457650366607766,21,2,42.56,SYNTHETIC
2026-02-04T21:15:00,12951,Rajdhani,1,BCT,ST,263.0,162.0,158.0,172.0,-0.6100601950999684,90.68239442642196,21,2,168.17,SYNTHETIC
2026-02-04T21:30:00,12951,Rajdhani,1,KOTA,MTJ,324.0,195.0,190.0,212.0,0.012247402096844606,92.23477143988467,21,2,207.88,SYNTHETIC
2026-02-04T21:45:00,12951,Rajdhani,1,KOTA,MTJ,324.0,195.0,190.0,212.0,2.0510388837566245,120.81997461522947,21,2,194.23,SYNTHETIC
2026-02-04T22:00:00,12951,Rajdhani,1,MTJ,NDLS,143.0,110.0,108.0,125.0,5.632683653688202,86.48697539465364,22,2,105.69,SYNTHETIC
2026-02-04T22:15:00,12951,Rajdhani,1,MTJ,NDLS,143.0,110.0,108.0,125.0,8.042295020238914,95.7905329327371,22,2,111.34,SYNTHETIC
2026-02-04T22:30:00,12951,Rajdhani,1,ST,BRC,129.0,81.0,79.0,90.0,9.387476516504286,105.51069463590194,22,2,70.56,SYNTHETIC
2026-02-04T22:45:00,12004,Shatabdi,0,NDLS,GZB,24.5,38.0,36.0,42.0,8.377993176360665,45.93228892585495,22,2,40.71,SYNTHETIC
2026-02-04T23:00:00,12004,Shatabdi,0,ALJN,CNB,308.6,209.0,205.0,228.0,6.066071059020825,89.46820441978527,23,2,224.36,SYNTHETIC
2026-02-04T23:15:00,12951,Rajdhani,1,MTJ,NDLS,143.0,110.0,108.0,125.0,12.08949767131315,93.84554564513618,23,2,105.82,SYNTHETIC
2026-02-04T23:30:00,12951,Rajdhani,1,KOTA,MTJ,324.0,195.0,190.0,212.0,-1.8955298416042246,115.50897466010055,23,2,190.31,SYNTHETIC
2026-02-04T23:45:00,12951,Rajdhani,1,KOTA,MTJ,324.0,195.0,190.0,212.0,-1.4365450340444965,103.71241075054917,23,2,190.17,SYNTHETIC
2026-02-05T00:00:00,12004,Shatabdi,0,NDLS,GZB,24.5,38.0,36.0,42.0,2.553432100014205,39.64833799826683,0,3,44.28,SYNTHETIC
2026-02-05T00:15:00,12004,Shatabdi,0,ALJN,CNB,308.6,209.0,205.0,228.0,0.4388001265692427,94.14735942446288,0,3,228.04,SYNTHETIC
2026-02-05T00:30:00,12004,Shatabdi,0,CNB,LKO,71.6,75.0,72.0,85.0,3.729805012653366,54.16910936749941,0,3,77.73,SYNTHETIC
2026-02-05T00:45:00,12004,Shatabdi,0,GZB,ALJN,106.3,59.0,57.0,68.0,8.58585609020195,119.07319913206793,0,3,65.12,SYNTHETIC
2026-02-05T01:00:00,12951,Rajdhani,1,KOTA,MTJ,324.0,195.0,190.0,212.0,5.65550362383547,95.7353329287109,1,3,175.27,SYNTHETIC
2026-02-05T01:15:00,12951,Rajdhani,1,MTJ,NDLS,143.0,110.0,108.0,125.0,2.707980299394567,70.43304393242573,1,3,101.5,SYNTHETIC
2026-02-05T01:30:00,12951,Rajdhani,1,ST,BRC,129.0,81.0,79.0,90.0,29.00334916779847,102.66028153512322,1,3,74.22,SYNTHETIC
2026-02-05T01:45:00,12004,Shatabdi,0,ALJN,CNB,308.6,209.0,205.0,228.0,-1.0433291018367343,81.52105134630074,1,3,215.35,SYNTHETIC
2026-02-05T02:00:00,12951,Rajdhani,1,BCT,ST,263.0,162.0,158.0,172.0,-0.48628436565531885,86.06988836738714,2,3,153.56,SYNTHETIC
2026-02-05T02:15:00,12951,Rajdhani,1,BCT,ST,263.0,162.0,158.0,172.0,16.234830390748847,117.68741488752757,2,3,148.64,SYNTHETIC
2026-02-05T02:30:00,12951,Rajdhani,1,BCT,ST,263.0,162.0,158.0,172.0,5.659227005531886,116.97049800827418,2,3,150.57,SYNTHETIC
2026-02-05T02:45:00,12951,Rajdhani,1,BCT,ST,263.0,162.0,158.0,172.0,0.17680185306808616,100.78841282609288,2,3,153.43,SYNTHETIC
2026-02-05T03:00:00,12004,Shatabdi,0,CNB,LKO,71.6,75.0,72.0,85.0,33.18965596953296,72.67577904083224,3,3,77.32,SYNTHETIC
2026-02-05T03:15:00,12951,Rajdhani,1,ST,BRC,129.0,81.0,79.0,90.0,-1.3555754419592825,89.99755375323744,3,3,77.56,SYNTHETIC
2026-02-05T03:30:00,12004,Shatabdi,0,NDLS,GZB,24.5,38.0,36.0,42.0,2.77291881096326,52.62073109338584,3,3,44.23,SYNTHETIC
2026-02-05T03:45:00,12951,Rajdhani,1,KOTA,MTJ,324.0,195.0,190.0,212.0,-1.0058198515305667,104.9556410196787,3,3,178.69,SYNTHETIC
2026-02-05T04:00:00,12004,Shatabdi,0,ALJN,CNB,308.6,209.0,205.0,228.0,8.7198435594921,85.15518014917251,4,3,203.84,SYNTHETIC
2026-02-05T04:15:00,12951,Rajdhani,1,BRC,RTM,261.0,197.0,193.0,215.0,0.9729532643151719,97.86275882644125,4,3,182.27,SYNTHETIC
2026-02-05T04:30:00,12004,Shatabdi,0,GZB,ALJN,106.3,59.0,57.0,68.0,1.3258893015962983,122.68485046624062,4,3,59.06,SYNTHETIC
2026-02-05T04:45:00,12004,Shatabdi,0,GZB,ALJN,106.3,59.0,57.0,68.0,-0.6833344386705091,101.14136829952027,4,3,61.19,SYNTHETIC
2026-02-05T05:00:00,12004,Shatabdi,0,ALJN,CNB,308.6,209.0,205.0,228.0,0.19183168072446355,84.01549643270008,5,3,213.32,SYNTHETIC
2026-02-05T05:15:00,12951,Rajdhani,1,RTM,KOTA,266.0,157.0,154.0,170.0,-1.5687571533280997,102.6342048061795,5,3,147.19,SYNTHETIC
2026-02-05T05:30:00,12951,Rajdhani,1,BCT,ST,263.0,162.0,158.0,172.0,-1.0345905914195825,91.10340609419988,5,3,151.05,SYNTHETIC
2026-02-05T05:45:00,12951,Rajdhani,1,MTJ,NDLS,143.0,110.0,108.0,125.0,-1.841593923859448,74.28623345769937,5,3,102.35,SYNTHETIC
2026-02-05T06:00:00,12004,Shatabdi,0,ALJN,CNB,308.6,209.0,205.0,228.0,16.955518338610872,104.72362107131306,6,3,219.77,SYNTHETIC
2026-02-05T06:15:00,12951,Rajdhani,1,MTJ,NDLS,143.0,110.0,108.0,125.0,-1.216984658401425,69.68552101796304,6,3,107.01,SYNTHETIC
2026-02-05T06:30:00,12951,Rajdhani,1,BRC,RTM,261.0,197.0,193.0,215.0,6.355155776055463,79.55123945897715,6,3,190.37,SYNTHETIC
2026-02-05T06:45:00,12004,Shatabdi,0,ALJN,CNB,308.6,209.0,205.0,228.0,0.6284718807327123,90.7111094996855,6,3,229.39,SYNTHETIC
2026-02-05T07:00:00,12004,Shatabdi,0,GZB,ALJN,106.3,59.0,57.0,68.0,-0.8796246948894619,104.04365618567495,7,3,64.61,SYNTHETIC
2026-02-05T07:15:00,12004,Shatabdi,0,GZB,ALJN,106.3,59.0,57.0,68.0,-1.42710088186811,130.0,7,3,67.68,SYNTHETIC
2026-02-05T07:30:00,12004,Shatabdi,0,NDLS,GZB,24.5,38.0,36.0,42.0,6.838246839135525,30.0,7,3,40.47,SYNTHETIC
2026-02-05T07:45:00,12004,Shatabdi,0,GZB,ALJN,106.3,59.0,57.0,68.0,16.400403690979285,112.58477184947587,7,3,58.29,SYNTHETIC
2026-02-05T08:00:00,12951,Rajdhani,1,BRC,RTM,261.0,197.0,193.0,215.0,2.2290196208036495,87.19368193119222,8,3,211.69,SYNTHETIC
2026-02-05T08:15:00,12951,Rajdhani,1,MTJ,NDLS,143.0,110.0,108.0,125.0,3.41658422444021,61.006914856518144,8,3,113.39,SYNTHETIC
2026-02-05T08:30:00,12951,Rajdhani,1,BCT,ST,263.0,162.0,158.0,172.0,-1.8600640733417544,108.06205837737005,8,3,170.73,SYNTHETIC
2026-02-05T08:45:00,12951,Rajdhani,1,MTJ,NDLS,143.0,110.0,108.0,125.0,0.9340932980381718,83.86746600579785,8,3,109.41,SYNTHETIC
2026-02-05T09:00:00,12951,Rajdhani,1,RTM,KOTA,266.0,157.0,154.0,170.0,-0.6872546067522203,115.04251582834678,9,3,166.18,SYNTHETIC
2026-02-05T09:15:00,12004,Shatabdi,0,GZB,ALJN,106.3,59.0,57.0,68.0,-0.2919909748023617,116.30395393626414,9,3,59.17,SYNTHETIC
2026-02-05T09:30:00,12951,Rajdhani,1,MTJ,NDLS,143.0,110.0,108.0,125.0,6.302980105298889,69.87563904798714,9,3,110.84,SYNTHETIC
2026-02-05T09:45:00,12004,Shatabdi,0,CNB,LKO,71.6,75.0,72.0,85.0,0.3507438146604631,83.2855736983688,9,3,85.22,SYNTHETIC
2026-02-05T10:00:00,12951,Rajdhani,1,RTM,KOTA,266.0,157.0,154.0,170.0,1.552009773111013,97.68537622588532,10,3,169.3,SYNTHETIC
2026-02-05T10:15:00,12951,Rajdhani,1,BCT,ST,263.0,162.0,158.0,172.0,2.9012824780173254,97.43973475194359,10,3,168.85,SYNTHETIC
2026-02-05T10:30:00,12004,Shatabdi,0,NDLS,GZB,24.5,38.0,36.0,42.0,1.3988757322017014,47.48075012569576,10,3,46.03,SYNTHETIC
2026-02-05T10:45:00,12951,Rajdhani,1,ST,BRC,129.0,81.0,79.0,90.0,7.53289193282165,115.53846342058372,10,3,87.67,SYNTHETIC
2026-02-05T11:00:00,12951,Rajdhani,1,BRC,RTM,261.0,197.0,193.0,215.0,1.2013822484752579,95.79923323240457,11,3,213.99,SYNTHETIC
2026-02-05T11:15:00,12951,Rajdhani,1,BRC,RTM,261.0,197.0,193.0,215.0,11.683419388746458,64.5462717807593,11,3,192.62,SYNTHETIC
2026-02-05T11:30:00,12951,Rajdhani,1,BCT,ST,263.0,162.0,158.0,172.0,-1.81865547125315,113.96776196202809,11,3,169.43,SYNTHETIC
2026-02-05T11:45:00,12951,Rajdhani,1,RTM,KOTA,266.0,157.0,154.0,170.0,1.946852727359853,102.28324135208057,11,3,156.26,SYNTHETIC
2026-02-05T12:00:00,12951,Rajdhani,1,BRC,RTM,261.0,197.0,193.0,215.0,-0.8820493012876947,72.99487045023282,12,3,191.07,SYNTHETIC
2026-02-05T12:15:00,12951,Rajdhani,1,KOTA,MTJ,324.0,195.0,190.0,212.0,3.7724935364413863,92.26449545803891,12,3,192.05,SYNTHETIC
2026-02-05T12:30:00,12004,Shatabdi,0,GZB,ALJN,106.3,59.0,57.0,68.0,1.5255399099653566,104.54311374143559,12,3,69.37,SYNTHETIC
2026-02-05T12:45:00,12004,Shatabdi,0,NDLS,GZB,24.5,38.0,36.0,42.0,2.078924354217272,30.0,12,3,41.31,SYNTHETIC
2026-02-05T13:00:00,12004,Shatabdi,0,CNB,LKO,71.6,75.0,72.0,85.0,-0.9888233935206592,52.81112095183161,13,3,74.3,SYNTHETIC
2026-02-05T13:15:00,12004,Shatabdi,0,NDLS,GZB,24.5,38.0,36.0,42.0,-1.7375259386701778,39.87533785321003,13,3,44.52,SYNTHETIC
2026-02-05T13:30:00,12004,Shatabdi,0,NDLS,GZB,24.5,38.0,36.0,42.0,7.507035858454726,34.360127318318014,13,3,36.53,SYNTHETIC
2026-02-05T13:45:00,12951,Rajdhani,1,MTJ,NDLS,143.0,110.0,108.0,125.0,-1.2693158044018156,83.78117025026741,13,3,111.13,SYNTHETIC
2026-02-05T14:00:00,12004,Shatabdi,0,NDLS,GZB,24.5,38.0,36.0,42.0,0.6699712239271274,46.12616325364481,14,3,39.25,SYNTHETIC
2026-02-05T14:15:00,12951,Rajdhani,1,BRC,RTM,261.0,197.0,193.0,215.0,6.441867740324923,81.19447481587014,14,3,182.63,SYNTHETIC
2026-02-05T14:30:00,12951,Rajdhani,1,BRC,RTM,261.0,197.0,193.0,215.0,6.481557099239813,87.60730216003388,14,3,185.37,SYNTHETIC
2026-02-05T14:45:00,12951,Rajdhani,1,BRC,RTM,261.0,197.0,193.0,215.0,7.067425978742072,88.84256165788804,14,3,184.8,SYNTHETIC
2026-02-05T15:00:00,12004,Shatabdi,0,GZB,ALJN,106.3,59.0,57.0,68.0,10.653053884618881,107.4598724519227,15,3,66.75,SYNTHETIC
2026-02-05T15:15:00,12004,Shatabdi,0,GZB,ALJN,106.3,59.0,57.0,68.0,1.4478037508140673,109.5130327759502,15,3,62.26,SYNTHETIC
2026-02-05T15:30:00,12951,Rajdhani,1,BRC,RTM,261.0,197.0,193.0,215.0,1.5781351534038688,85.18061354954746,15,3,198.76,SYNTHETIC
2026-02-05T15:45:00,12951,Rajdhani,1,MTJ,NDLS,143.0,110.0,108.0,125.0,4.68429401869172,78.51845049176052,15,3,102.39,SYNTHETIC
2026-02-05T16:00:00,12951,Rajdhani,1,MTJ,NDLS,143.0,110.0,108.0,125.0,3.7166777139091414,56.468979352117046,16,3,109.61,SYNTHETIC
2026-02-05T16:15:00,12004,Shatabdi,0,ALJN,CNB,308.6,209.0,205.0,228.0,-0.4313877554555936,66.54625292024117,16,3,228.98,SYNTHETIC
2026-02-05T16:30:00,12004,Shatabdi,0,CNB,LKO,71.6,75.0,72.0,85.0,-1.1130670180412043,50.63071127647017,16,3,83.0,SYNTHETIC
2026-02-05T16:45:00,12004,Shatabdi,0,GZB,ALJN,106.3,59.0,57.0,68.0,-1.8398493266925684,107.6848781619735,16,3,62.06,SYNTHETIC
2026-02-05T17:00:00,12004,Shatabdi,0,CNB,LKO,71.6,75.0,72.0,85.0,7.847000427047703,68.00508312895927,17,3,86.9,SYNTHETIC
2026-02-05T17:15:00,12004,Shatabdi,0,NDLS,GZB,24.5,38.0,36.0,42.0,5.099652121148823,37.23427796150085,17,3,40.19,SYNTHETIC
2026-02-05T17:30:00,12951,Rajdhani,1,ST,BRC,129.0,81.0,79.0,90.0,1.2615048089288132,73.04778133096377,17,3,88.08,SYNTHETIC
2026-02-05T17:45:00,12951,Rajdhani,1,RTM,KOTA,266.0,157.0,154.0,170.0,2.498634390839559,102.26424660592163,17,3,163.79,SYNTHETIC
2026-02-05T18:00:00,12951,Rajdhani,1,MTJ,NDLS,143.0,110.0,108.0,125.0,-1.0548736498175826,85.27131406126063,18,3,109.69,SYNTHETIC
2026-02-05T18:15:00,12004,Shatabdi,0,CNB,LKO,71.6,75.0,72.0,85.0,5.458482352735253,63.838326964895046,18,3,83.93,SYNTHETIC
2026-02-05T18:30:00,12951,Rajdhani,1,ST,BRC,129.0,81.0,79.0,90.0,7.046087343804302,95.07699257701411,18,3,75.74,SYNTHETIC
2026-02-05T18:45:00,12951,Rajdhani,1,KOTA,MTJ,324.0,195.0,190.0,212.0,-1.125334266942747,95.97663100811815,18,3,200.99,SYNTHETIC
2026-02-05T19:00:00,12951,Rajdhani,1,BCT,ST,263.0,162.0,158.0,172.0,6.2474774578248855,109.31902917663521,19,3,165.21,SYNTHETIC
2026-02-05T19:15:00,12004,Shatabdi,0,GZB,ALJN,106.3,59.0,57.0,68.0,10.142111180306037,107.62201102444989,19,3,61.28,SYNTHETIC
2026-02-05T19:30:00,12951,Rajdhani,1,RTM,KOTA,266.0,157.0,154.0,170.0,0.9313533275033463,115.59147527107912,19,3,163.93,SYNTHETIC
2026-02-05T19:45:00,12951,Rajdhani,1,BRC,RTM,261.0,197.0,193.0,215.0,1.917172535929101,84.91354003440946,19,3,202.63,SYNTHETIC
2026-02-05T20:00:00,12951,Rajdhani,1,BRC,RTM,261.0,197.0,193.0,215.0,3.4065838132565123,89.66182385801717,20,3,213.88,SYNTHETIC
2026-02-05T20:15:00,12951,Rajdhani,1,KOTA,MTJ,324.0,195.0,190.0,212.0,-1.3533979870744661,104.83721543099529,20,3,203.83,SYNTHETIC
2026-02-05T20:30:00,12004,Shatabdi,0,CNB,LKO,71.6,75.0,72.0,85.0,4.64735584304221,67.12340190140252,20,3,85.51,SYNTHETIC
2026-02-05T20:45:00,12951,Rajdhani,1,MTJ,NDLS,143.0,110.0,108.0,125.0,-1.7046985268400359,91.93222361270581,20,3,113.64,SYNTHETIC
2026-02-05T21:00:00,12004,Shatabdi,0,NDLS,GZB,24.5,38.0,36.0,42.0,5.8891386416362925,47.645646092676984,21,3,44.1,SYNTHETIC
2026-02-05T21:15:00,12004,Shatabdi,0,CNB,LKO,71.6,75.0,72.0,85.0,11.5464768083791,58.179370788492726,21,3,85.55,SYNTHETIC
2026-02-05T21:30:00,12951,Rajdhani,1,ST,BRC,129.0,81.0,79.0,90.0,28.20052712779902,115.79492467131853,21,3,84.35,SYNTHETIC
2026-02-05T21:45:00,12004,Shatabdi,0,NDLS,GZB,24.5,38.0,36.0,42.0,9.668784450163393,30.0,21,3,44.19,SYNTHETIC
2026-02-05T22:00:00,12951,Rajdhani,1,MTJ,NDLS,143.0,110.0,108.0,125.0,-1.921630380787408,81.02627447241373,22,3,111.81,SYNTHETIC
2026-02-05T22:15:00,12004,Shatabdi,0,CNB,LKO,71.6,75.0,72.0,85.0,4.145798842029661,69.34842819542091,22,3,84.44,SYNTHETIC
2026-02-05T22:30:00,12004,Shatabdi,0,CNB,LKO,71.6,75.0,72.0,85.0,-1.02023827959056,65.55848817036926,22,3,84.03,SYNTHETIC
2026-02-05T22:45:00,12951,Rajdhani,1,RTM,KOTA,266.0,157.0,154.0,170.0,25.592118385283648,94.35922071351995,22,3,154.58,SYNTHETIC
2026-02-05T23:00:00,12004,Shatabdi,0,ALJN,CNB,308.6,209.0,205.0,228.0,-1.5096893580863495,81.25407367994264,23,3,228.51,SYNTHETIC
2026-02-05T23:15:00,12004,Shatabdi,0,NDLS,GZB,24.5,38.0,36.0,42.0,5.879061032829206,30.0,23,3,38.05,SYNTHETIC
2026-02-05T23:30:00,12951,Rajdhani,1,BCT,ST,263.0,162.0,158.0,172.0,5.918232040368418,109.6122682547477,23,3,154.17,SYNTHETIC
2026-02-05T23:45:00,12951,Rajdhani,1,BRC,RTM,261.0,197.0,193.0,215.0,2.9124106216384984,94.96422978211133,23,3,188.97,SYNTHETIC
2026-02-06T00:00:00,12004,Shatabdi,0,NDLS,GZB,24.5,38.0,36.0,42.0,7.50350590159681,35.01066270824556,0,4,37.82,SYNTHETIC
2026-02-06T00:15:00,12004,Shatabdi,0,CNB,LKO,71.6,75.0,72.0,85.0,-1.8198245434224163,70.87851456336969,0,4,79.23,SYNTHETIC
2026-02-06T00:30:00,12951,Rajdhani,1,MTJ,NDLS,143.0,110.0,108.0,125.0,0.37835469981884184,71.12094529856357,0,4,109.05,SYNTHETIC
2026-02-06T00:45:00,12004,Shatabdi,0,GZB,ALJN,106.3,59.0,57.0,68.0,7.225439262246301,120.08931179382964,0,4,58.51,SYNTHETIC
2026-02-06T01:00:00,12004,Shatabdi,0,ALJN,CNB,308.6,209.0,205.0,228.0,-1.721654529026293,103.25386890653381,1,4,214.08,SYNTHETIC
2026-02-06T01:15:00,12004,Shatabdi,0,NDLS,GZB,24.5,38.0,36.0,42.0,3.627869253802574,35.718596770589876,1,4,39.63,SYNTHETIC
2026-02-06T01:30:00,12004,Shatabdi,0,CNB,LKO,71.6,75.0,72.0,85.0,-1.3084745705662182,60.59048125665636,1,4,76.73,SYNTHETIC
2026-02-06T01:45:00,12951,Rajdhani,1,ST,BRC,129.0,81.0,79.0,90.0,1.9718012384249994,119.49954487227697,1,4,74.42,SYNTHETIC
2026-02-06T02:00:00,12951,Rajdhani,1,BRC,RTM,261.0,197.0,193.0,215.0,4.03217541461429,84.79187545717124,2,4,186.94,SYNTHETIC
2026-02-06T02:15:00,12951,Rajdhani,1,ST,BRC,129.0,81.0,79.0,90.0,3.600129888857051,99.23508314166193,2,4,69.61,SYNTHETIC
2026-02-06T02:30:00,12004,Shatabdi,0,GZB,ALJN,106.3,59.0,57.0,68.0,1.6109398442195024,108.37652887596401,2,4,61.95,SYNTHETIC
2026-02-06T02:45:00,12951,Rajdhani,1,BCT,ST,263.0,162.0,158.0,172.0,17.06330664191188,90.85861983293468,2,4,150.84,SYNTHETIC
2026-02-06T03:00:00,12951,Rajdhani,1,BRC,RTM,261.0,197.0,193.0,215.0,7.810755066607388,90.96693685401206,3,4,176.61,SYNTHETIC
2026-02-06T03:15:00,12951,Rajdhani,1,ST,BRC,129.0,81.0,79.0,90.0,8.815448343278868,104.09625161385932,3,4,70.77,SYNTHETIC
2026-02-06T03:30:00,12951,Rajdhani,1,ST,BRC,129.0,81.0,79.0,90.0,13.075004848316523,68.43644869029755,3,4,71.9,SYNTHETIC
2026-02-06T03:45:00,12951,Rajdhani,1,BRC,RTM,261.0,197.0,193.0,215.0,9.66342167875055,83.79401489428301,3,4,178.78,SYNTHETIC
2026-02-06T04:00:00,12951,Rajdhani,1,BCT,ST,263.0,162.0,158.0,172.0,2.2333847441550176,114.54723782687391,4,4,160.57,SYNTHETIC
2026-02-06T04:15:00,12004,Shatabdi,0,CNB,LKO,71.6,75.0,72.0,85.0,4.849718694428344,73.2007517892862,4,4,77.45,SYNTHETIC
2026-02-06T04:30:00,12004,Shatabdi,0,CNB,LKO,71.6,75.0,72.0,85.0,3.0671624097179446,77.84825503342454,4,4,76.99,SYNTHETIC
2026-02-06T04:45:00,12951,Rajdhani,1,ST,BRC,129.0,81.0,79.0,90.0,1.9901736570686532,97.65083880665613,4,4,77.54,SYNTHETIC
2026-02-06T05:00:00,12951,Rajdhani,1,BCT,ST,263.0,162.0,158.0,172.0,0.5946402416637842,100.89293451051097,5,4,152.37,SYNTHETIC
2026-02-06T05:15:00,12004,Shatabdi,0,NDLS,GZB,24.5,38.0,36.0,42.0,5.27501609418656,33.400969665552395,5,4,39.54,SYNTHETIC
2026-02-06T05:30:00,12951,Rajdhani,1,ST,BRC,129.0,81.0,79.0,90.0,-1.6094694657327262,88.26800587047606,5,4,76.62,SYNTHETIC
2026-02-06T05:45:00,12004,Shatabdi,0,NDLS,GZB,24.5,38.0,36.0,42.0,4.159085692658692,43.80781938557283,5,4,38.69,SYNTHETIC
2026-02-06T06:00:00,12951,Rajdhani,1,MTJ,NDLS,143.0,110.0,108.0,125.0,1.0494867378854034,77.77206552159033,6,4,109.41,SYNTHETIC
2026-02-06T06:15:00,12004,Shatabdi,0,ALJN,CNB,308.6,209.0,205.0,228.0,5.98494108677619,96.66276058704196,6,4,221.97,SYNTHETIC
2026-02-06T06:30:00,12004,Shatabdi,0,CNB,LKO,71.6,75.0,72.0,85.0,0.5968532965106843,46.75211102179702,6,4,75.12,SYNTHETIC
2026-02-06T06:45:00,12951,Rajdhani,1,MTJ,NDLS,143.0,110.0,108.0,125.0,-1.400437052312626,82.75405498229487,6,4,106.77,SYNTHETIC
2026-02-06T07:00:00,12004,Shatabdi,0,GZB,ALJN,106.3,59.0,57.0,68.0,8.942386949899426,113.80397415965632,7,4,60.64,SYNTHETIC
2026-02-06T07:15:00,12951,Rajdhani,1,RTM,KOTA,266.0,157.0,154.0,170.0,4.159032295923972,100.06380324569083,7,4,152.98,SYNTHETIC
2026-02-06T07:30:00,12951,Rajdhani,1,BCT,ST,263.0,162.0,158.0,172.0,3.482263923695511,99.02375175263752,7,4,154.0,SYNTHETIC
2026-02-06T07:45:00,12951,Rajdhani,1,BRC,RTM,261.0,197.0,193.0,215.0,2.26919087059885,86.84524272772505,7,4,198.16,SYNTHETIC
2026-02-06T08:00:00,12004,Shatabdi,0,CNB,LKO,71.6,75.0,72.0,85.0,0.17102991106665577,56.25435445643245,8,4,86.81,SYNTHETIC
2026-02-06T08:15:00,12004,Shatabdi,0,NDLS,GZB,24.5,38.0,36.0,42.0,12.022860503374895,31.305561773288666,8,4,45.29,SYNTHETIC
2026-02-06T08:30:00,12951,Rajdhani,1,BCT,ST,263.0,162.0,158.0,172.0,3.1298080604042724,90.21199743362062,8,4,167.35,SYNTHETIC
2026-02-06T08:45:00,12951,Rajdhani,1,KOTA,MTJ,324.0,195.0,190.0,212.0,0.7832042122519849,110.15759157747588,8,4,208.39,SYNTHETIC
2026-02-06T09:00:00,12004,Shatabdi,0,CNB,LKO,71.6,75.0,72.0,85.0,3.4278147693665764,54.44836125178518,9,4,81.88,SYNTHETIC
2026-02-06T09:15:00,12951,Rajdhani,1,BCT,ST,263.0,162.0,158.0,172.0,-1.3496535564361858,120.38110591440415,9,4,164.1,SYNTHETIC
2026-02-06T09:30:00,12004,Shatabdi,0,NDLS,GZB,24.5,38.0,36.0,42.0,5.580803864398964,53.77151024148059,9,4,38.61,SYNTHETIC
2026-02-06T09:45:00,12951,Rajdhani,1,MTJ,NDLS,143.0,110.0,108.0,125.0,29.199398430615723,92.06358538987465,9,4,117.28,SYNTHETIC
2026-02-06T10:00:00,12951,Rajdhani,1,RTM,KOTA,266.0,157.0,154.0,170.0,3.990488406959291,95.5297880793769,10,4,164.42,SYNTHETIC
2026-02-06T10:15:00,12951,Rajdhani,1,BRC,RTM,261.0,197.0,193.0,215.0,-0.679062532998645,77.2900709934981,10,4,206.05,SYNTHETIC
2026-02-06T10:30:00,12004,Shatabdi,0,GZB,ALJN,106.3,59.0,57.0,68.0,-0.2328764914649506,99.10388038409249,10,4,67.2,SYNTHETIC
2026-02-06T10:45:00,12004,Shatabdi,0,GZB,ALJN,106.3,59.0,57.0,68.0,16.948170570203246,97.49352555131114,10,4,64.93,SYNTHETIC
2026-02-06T11:00:00,12951,Rajdhani,1,ST,BRC,129.0,81.0,79.0,90.0,10.684150369955185,104.88652512807622,11,4,76.49,SYNTHETIC
2026-02-06T11:15:00,12004,Shatabdi,0,NDLS,GZB,24.5,38.0,36.0,42.0,1.585885995590011,51.60827283689154,11,4,43.77,SYNTHETIC
2026-02-06T11:30:00,12004,Shatabdi,0,CNB,LKO,71.6,75.0,72.0,85.0,1.3798079276311546,63.11441639258961,11,4,81.14,SYNTHETIC
2026-02-06T11:45:00,12004,Shatabdi,0,GZB,ALJN,106.3,59.0,57.0,68.0,0.7302007765469103,125.76134886854469,11,4,63.73,SYNTHETIC
2026-02-06T12:00:00,12951,Rajdhani,1,ST,BRC,129.0,81.0,79.0,90.0,-0.6348680095119017,83.33664441184774,12,4,79.87,SYNTHETIC
2026-02-06T12:15:00,12004,Shatabdi,0,GZB,ALJN,106.3,59.0,57.0,68.0,0.9760387539194895,113.21898726883262,12,4,61.72,SYNTHETIC
2026-02-06T12:30:00,12004,Shatabdi,0,NDLS,GZB,24.5,38.0,36.0,42.0,9.081683661156822,33.46071656941373,12,4,44.8,SYNTHETIC
2026-02-06T12:45:00,12951,Rajdhani,1,RTM,KOTA,266.0,157.0,154.0,170.0,2.811489671586336,96.01649717515531,12,4,158.91,SYNTHETIC
2026-02-06T13:00:00,12004,Shatabdi,0,CNB,LKO,71.6,75.0,72.0,85.0,15.05580865510477,69.42080398595546,13,4,80.33,SYNTHETIC
2026-02-06T13:15:00,12004,Shatabdi,0,ALJN,CNB,308.6,209.0,205.0,228.0,5.107833779389363,92.19808493368048,13,4,224.68,SYNTHETIC
2026-02-06T13:30:00,12951,Rajdhani,1,MTJ,NDLS,143.0,110.0,108.0,125.0,1.1280321632149866,84.8809857272505,13,4,112.81,SYNTHETIC
2026-02-06T13:45:00,12951,Rajdhani,1,MTJ,NDLS,143.0,110.0,108.0,125.0,1.6594996664901975,86.42638144324401,13,4,110.25,SYNTHETIC
2026-02-06T14:00:00,12951,Rajdhani,1,ST,BRC,129.0,81.0,79.0,90.0,1.9404624119836416,87.1632902175709,14,4,80.62,SYNTHETIC
2026-02-06T14:15:00,12951,Rajdhani,1,ST,BRC,129.0,81.0,79.0,90.0,12.80059940942026,90.95712046995162,14,4,79.93,SYNTHETIC
2026-02-06T14:30:00,12951,Rajdhani,1,KOTA,MTJ,324.0,195.0,190.0,212.0,0.6237846425479336,105.80460778672094,14,4,190.46,SYNTHETIC
2026-02-06T14:45:00,12951,Rajdhani,1,BRC,RTM,261.0,197.0,193.0,215.0,15.063565906081596,88.7949164818373,14,4,187.6,SYNTHETIC
2026-02-06T15:00:00,12004,Shatabdi,0,GZB,ALJN,106.3,59.0,57.0,68.0,4.02010727059576,113.91264115795715,15,4,66.02,SYNTHETIC
2026-02-06T15:15:00,12951,Rajdhani,1,RTM,KOTA,266.0,157.0,154.0,170.0,-1.8727623910922897,111.27581727351829,15,4,153.87,SYNTHETIC
2026-02-06T15:30:00,12951,Rajdhani,1,ST,BRC,129.0,81.0,79.0,90.0,12.428349164278043,87.83377416252677,15,4,74.22,SYNTHETIC
2026-02-06T15:45:00,12951,Rajdhani,1,BCT,ST,263.0,162.0,158.0,172.0,-1.3252586334946408,94.34063199283828,15,4,154.3,SYNTHETIC
2026-02-06T16:00:00,12004,Shatabdi,0,CNB,LKO,71.6,75.0,72.0,85.0,12.954894598506552,63.80616849473906,16,4,78.14,SYNTHETIC
2026-02-06T16:15:00,12951,Rajdhani,1,KOTA,MTJ,324.0,195.0,190.0,212.0,7.139404019707554,112.89715059935844,16,4,183.36,SYNTHETIC
2026-02-06T16:30:00,12951,Rajdhani,1,MTJ,NDLS,143.0,110.0,108.0,125.0,8.280081589678412,84.784268504766,16,4,97.83,SYNTHETIC
2026-02-06T16:45:00,12951,Rajdhani,1,RTM,KOTA,266.0,157.0,154.0,170.0,-1.639816211593736,114.84306587226685,16,4,156.21,SYNTHETIC
2026-02-06T17:00:00,12004,Shatabdi,0,CNB,LKO,71.6,75.0,72.0,85.0,18.02245520692798,62.923917009102965,17,4,85.58,SYNTHETIC
2026-02-06T17:15:00,12951,Rajdhani,1,ST,BRC,129.0,81.0,79.0,90.0,6.492135450922479,101.27400758280451,17,4,84.9,SYNTHETIC
2026-02-06T17:30:00,12004,Shatabdi,0,NDLS,GZB,24.5,38.0,36.0,42.0,-0.1643168823099681,42.75327121955601,17,4,46.4,SYNTHETIC
2026-02-06T17:45:00,12951,Rajdhani,1,KOTA,MTJ,324.0,195.0,190.0,212.0,5.296656820047568,107.57952082488292,17,4,194.01,SYNTHETIC
2026-02-06T18:00:00,12004,Shatabdi,0,ALJN,CNB,308.6,209.0,205.0,228.0,17.501379176832046,70.77109008033071,18,4,237.09,SYNTHETIC
2026-02-06T18:15:00,12951,Rajdhani,1,KOTA,MTJ,324.0,195.0,190.0,212.0,-0.17834634247054337,106.88183125921256,18,4,199.87,SYNTHETIC
2026-02-06T18:30:00,12951,Rajdhani,1,BRC,RTM,261.0,197.0,193.0,215.0,-0.9754238434599318,92.31912318982415,18,4,206.48,SYNTHETIC
2026-02-06T18:45:00,12951,Rajdhani,1,RTM,KOTA,266.0,157.0,154.0,170.0,1.7184803069390737,108.22879170015673,18,4,160.69,SYNTHETIC
2026-02-06T19:00:00,12951,Rajdhani,1,ST,BRC,129.0,81.0,79.0,90.0,-0.8809522074010068,95.93765271757977,19,4,82.47,SYNTHETIC
2026-02-06T19:15:00,12004,Shatabdi,0,ALJN,CNB,308.6,209.0,205.0,228.0,-1.889022962027172,107.49842808632026,19,4,247.38,SYNTHETIC
2026-02-06T19:30:00,12951,Rajdhani,1,RTM,KOTA,266.0,157.0,154.0,170.0,-0.7396987350261839,118.18991833965157,19,4,169.89,SYNTHETIC
2026-02-06T19:45:00,12004,Shatabdi,0,ALJN,CNB,308.6,209.0,205.0,228.0,5.568018127307262,86.61497206735038,19,4,241.33,SYNTHETIC
2026-02-06T20:00:00,12951,Rajdhani,1,MTJ,NDLS,143.0,110.0,108.0,125.0,1.0490090966245615,102.66513545128723,20,4,115.29,SYNTHETIC
2026-02-06T20:15:00,12951,Rajdhani,1,BCT,ST,263.0,162.0,158.0,172.0,-1.853831709380585,91.46855800700706,20,4,168.86,SYNTHETIC
2026-02-06T20:30:00,12004,Shatabdi,0,CNB,LKO,71.6,75.0,72.0,85.0,0.4013237716052602,59.270168406371475,20,4,83.05,SYNTHETIC
2026-02-06T20:45:00,12951,Rajdhani,1,BCT,ST,263.0,162.0,158.0,172.0,5.045982114111659,98.67053060648102,20,4,169.01,SYNTHETIC
2026-02-06T21:00:00,12951,Rajdhani,1,ST,BRC,129.0,81.0,79.0,90.0,4.750746535834619,112.95653478784446,21,4,87.16,SYNTHETIC
2026-02-06T21:15:00,12004,Shatabdi,0,GZB,ALJN,106.3,59.0,57.0,68.0,-0.24918146107975492,130.0,21,4,67.52,SYNTHETIC
2026-02-06T21:30:00,12004,Shatabdi,0,NDLS,GZB,24.5,38.0,36.0,42.0,7.4892833145329565,44.89615719155678,21,4,42.71,SYNTHETIC
2026-02-06T21:45:00,12951,Rajdhani,1,ST,BRC,129.0,81.0,79.0,90.0,0.4314392003257037,99.45010760861616,21,4,86.98,SYNTHETIC
2026-02-06T22:00:00,12951,Rajdhani,1,BRC,RTM,261.0,197.0,193.0,215.0,8.975704274385109,83.93878197649354,22,4,182.95,SYNTHETIC
2026-02-06T22:15:00,12951,Rajdhani,1,BRC,RTM,261.0,197.0,193.0,215.0,1.509614140232868,96.22072487449721,22,4,194.53,SYNTHETIC
2026-02-06T22:30:00,12951,Rajdhani,1,BCT,ST,263.0,162.0,158.0,172.0,4.607212563959756,107.24869835618438,22,4,158.83,SYNTHETIC
2026-02-06T22:45:00,12951,Rajdhani,1,ST,BRC,129.0,81.0,79.0,90.0,14.729037577095827,82.13140776581983,22,4,80.9,SYNTHETIC
2026-02-06T23:00:00,12004,Shatabdi,0,NDLS,GZB,24.5,38.0,36.0,42.0,0.815712571952842,40.72837837235321,23,4,35.08,SYNTHETIC
2026-02-06T23:15:00,12004,Shatabdi,0,CNB,LKO,71.6,75.0,72.0,85.0,1.2666112933678804,57.170558543364365,23,4,82.57,SYNTHETIC
2026-02-06T23:30:00,12951,Rajdhani,1,BCT,ST,263.0,162.0,158.0,172.0,-1.2937386559363924,100.54811797409123,23,4,159.29,SYNTHETIC
2026-02-06T23:45:00,12951,Rajdhani,1,RTM,KOTA,266.0,157.0,154.0,170.0,9.189801074961185,97.69287630846402,23,4,141.09,SYNTHETIC
2026-02-07T00:00:00,12951,Rajdhani,1,RTM,KOTA,266.0,157.0,154.0,170.0,-0.06738836135261717,92.96868808951702,0,5,154.71,SYNTHETIC
2026-02-07T00:15:00,12004,Shatabdi,0,GZB,ALJN,106.3,59.0,57.0,68.0,3.8492611000324333,108.54700359505698,0,5,60.66,SYNTHETIC
2026-02-07T00:30:00,12951,Rajdhani,1,MTJ,NDLS,143.0,110.0,108.0,125.0,-1.8073537420405097,93.19330535588344,0,5,107.47,SYNTHETIC
2026-02-07T00:45:00,12951,Rajdhani,1,BRC,RTM,261.0,197.0,193.0,215.0,12.800566922823784,89.38691378091798,0,5,188.97,SYNTHETIC
2026-02-07T01:00:00,12951,Rajdhani,1,RTM,KOTA,266.0,157.0,154.0,170.0,19.589351429169938,109.35167060537104,1,5,147.38,SYNTHETIC
2026-02-07T01:15:00,12951,Rajdhani,1,ST,BRC,129.0,81.0,79.0,90.0,1.1309915782851467,83.96813745787473,1,5,76.08,SYNTHETIC
2026-02-07T01:30:00,12004,Shatabdi,0,CNB,LKO,71.6,75.0,72.0,85.0,7.983993965980471,73.33956816435966,1,5,76.24,SYNTHETIC
2026-02-07T01:45:00,12004,Shatabdi,0,NDLS,GZB,24.5,38.0,36.0,42.0,1.4342154431584762,33.11886174745175,1,5,37.78,SYNTHETIC
2026-02-07T02:00:00,12951,Rajdhani,1,KOTA,MTJ,324.0,195.0,190.0,212.0,3.8254597683255698,120.41640657907755,2,5,183.43,SYNTHETIC
2026-02-07T02:15:00,12004,Shatabdi,0,GZB,ALJN,106.3,59.0,57.0,68.0,-1.1125254487184684,111.50992356397175,2,5,60.56,SYNTHETIC
2026-02-07T02:30:00,12951,Rajdhani,1,RTM,KOTA,266.0,157.0,154.0,170.0,-0.691386162859758,97.0008015986895,2,5,152.97,SYNTHETIC
2026-02-07T02:45:00,12951,Rajdhani,1,BCT,ST,263.0,162.0,158.0,172.0,5.894791126255296,105.44059748785318,2,5,148.78,SYNTHETIC
2026-02-07T03:00:00,12004,Shatabdi,0,GZB,ALJN,106.3,59.0,57.0,68.0,4.144464754638334,124.83374477747773,3,5,54.2,SYNTHETIC
2026-02-07T03:15:00,12951,Rajdhani,1,KOTA,MTJ,324.0,195.0,190.0,212.0,13.52080429912639,94.42226581465845,3,5,172.38,SYNTHETIC
2026-02-07T03:30:00,12951,Rajdhani,1,ST,BRC,129.0,81.0,79.0,90.0,7.551640219395436,99.16640117365492,3,5,73.4,SYNTHETIC
2026-02-07T03:45:00,12951,Rajdhani,1,BCT,ST,263.0,162.0,158.0,172.0,-1.5923153025960304,93.31799236340957,3,5,153.18,SYNTHETIC
2026-02-07T04:00:00,12951,Rajdhani,1,BRC,RTM,261.0,197.0,193.0,215.0,-1.1820358327215956,68.67105764266736,4,5,184.88,SYNTHETIC
2026-02-07T04:15:00,12004,Shatabdi,0,NDLS,GZB,24.5,38.0,36.0,42.0,-0.35083021223346833,57.01401814499373,4,5,44.63,SYNTHETIC
2026-02-07T04:30:00,12004,Shatabdi,0,ALJN,CNB,308.6,209.0,205.0,228.0,4.664493608190366,100.005702883047,4,5,218.29,SYNTHETIC
2026-02-07T04:45:00,12951,Rajdhani,1,MTJ,NDLS,143.0,110.0,108.0,125.0,4.453253544462703,68.21118263639697,4,5,102.09,SYNTHETIC
2026-02-07T05:00:00,12951,Rajdhani,1,KOTA,MTJ,324.0,195.0,190.0,212.0,0.7068870119483326,97.18865777413208,5,5,178.92,SYNTHETIC
2026-02-07T05:15:00,12951,Rajdhani,1,KOTA,MTJ,324.0,195.0,190.0,212.0,2.396915741361842,112.99574013921803,5,5,184.2,SYNTHETIC
2026-02-07T05:30:00,12951,Rajdhani,1,RTM,KOTA,266.0,157.0,154.0,170.0,5.000052881960952,113.89043088778352,5,5,138.51,SYNTHETIC
2026-02-07T05:45:00,12951,Rajdhani,1,ST,BRC,129.0,81.0,79.0,90.0,-1.8548256657739564,88.67425125354872,5,5,74.62,SYNTHETIC
2026-02-07T06:00:00,12004,Shatabdi,0,ALJN,CNB,308.6,209.0,205.0,228.0,4.676280016487933,92.93820385531991,6,5,223.9,SYNTHETIC
2026-02-07T06:15:00,12004,Shatabdi,0,GZB,ALJN,106.3,59.0,57.0,68.0,0.7194572226594245,107.86037978174691,6,5,59.36,SYNTHETIC
2026-02-07T06:30:00,12951,Rajdhani,1,ST,BRC,129.0,81.0,79.0,90.0,22.578401774150027,95.9931077578825,6,5,76.31,SYNTHETIC
2026-02-07T06:45:00,12004,Shatabdi,0,CNB,LKO,71.6,75.0,72.0,85.0,-0.9082586452031616,55.22187136788962,6,5,77.36,SYNTHETIC
2026-02-07T07:00:00,12951,Rajdhani,1,KOTA,MTJ,324.0,195.0,190.0,212.0,-0.753441908668889,108.1224626771266,7,5,192.24,SYNTHETIC
2026-02-07T07:15:00,12951,Rajdhani,1,RTM,KOTA,266.0,157.0,154.0,170.0,2.9348470980646786,101.02069140409827,7,5,152.97,SYNTHETIC
2026-02-07T07:30:00,12951,Rajdhani,1,KOTA,MTJ,324.0,195.0,190.0,212.0,16.768710963378812,110.27279859791983,7,5,185.92,SYNTHETIC
2026-02-07T07:45:00,12004,Shatabdi,0,GZB,ALJN,106.3,59.0,57.0,68.0,8.6690369943644,122.36122045052305,7,5,58.44,SYNTHETIC
2026-02-07T08:00:00,12951,Rajdhani,1,BRC,RTM,261.0,197.0,193.0,215.0,27.919535269245934,68.69808421595503,8,5,205.43,SYNTHETIC
2026-02-07T08:15:00,12951,Rajdhani,1,RTM,KOTA,266.0,157.0,154.0,170.0,2.332419999694795,106.09984316584861,8,5,160.53,SYNTHETIC
2026-02-07T08:30:00,12951,Rajdhani,1,ST,BRC,129.0,81.0,79.0,90.0,3.951149391022816,104.85016069051605,8,5,88.22,SYNTHETIC
2026-02-07T08:45:00,12951,Rajdhani,1,KOTA,MTJ,324.0,195.0,190.0,212.0,5.058089678145178,110.47131807294505,8,5,198.42,SYNTHETIC
2026-02-07T09:00:00,12004,Shatabdi,0,CNB,LKO,71.6,75.0,72.0,85.0,-0.15994905104757717,59.149535553586205,9,5,83.85,SYNTHETIC
2026-02-07T09:15:00,12004,Shatabdi,0,ALJN,CNB,308.6,209.0,205.0,228.0,19.961108409446688,88.64055475902053,9,5,239.95,SYNTHETIC
2026-02-07T09:30:00,12951,Rajdhani,1,RTM,KOTA,266.0,157.0,154.0,170.0,1.7088319385952304,108.34505223011743,9,5,165.03,SYNTHETIC
2026-02-07T09:45:00,12951,Rajdhani,1,BRC,RTM,261.0,197.0,193.0,215.0,-1.040507481307353,88.50609570206271,9,5,208.08,SYNTHETIC
2026-02-07T10:00:00,12004,Shatabdi,0,ALJN,CNB,308.6,209.0,205.0,228.0,0.6088994705280455,87.67874430281911,10,5,246.47,SYNTHETIC
2026-02-07T10:15:00,12951,Rajdhani,1,BCT,ST,263.0,162.0,158.0,172.0,1.914823340086027,90.9431127024338,10,5,167.16,SYNTHETIC
2026-02-07T10:30:00,12951,Rajdhani,1,BCT,ST,263.0,162.0,158.0,172.0,-1.3057426276188282,114.53629944491135,10,5,167.01,SYNTHETIC
2026-02-07T10:45:00,12951,Rajdhani,1,KOTA,MTJ,324.0,195.0,190.0,212.0,6.528184690532186,112.72791314001944,10,5,194.51,SYNTHETIC
2026-02-07T11:00:00,12004,Shatabdi,0,NDLS,GZB,24.5,38.0,36.0,42.0,6.016438707188607,38.08928987748214,11,5,41.66,SYNTHETIC
2026-02-07T11:15:00,12951,Rajdhani,1,KOTA,MTJ,324.0,195.0,190.0,212.0,7.060215053059633,79.50666839160581,11,5,197.13,SYNTHETIC
2026-02-07T11:30:00,12004,Shatabdi,0,NDLS,GZB,24.5,38.0,36.0,42.0,17.310991611805523,33.73308246518232,11,5,43.34,SYNTHETIC
2026-02-07T11:45:00,12951,Rajdhani,1,RTM,KOTA,266.0,157.0,154.0,170.0,1.7887451117492619,109.47041279434553,11,5,166.84,SYNTHETIC
2026-02-07T12:00:00,12951,Rajdhani,1,KOTA,MTJ,324.0,195.0,190.0,212.0,-1.8155304813682103,111.91523997091063,12,5,188.07,SYNTHETIC
2026-02-07T12:15:00,12951,Rajdhani,1,ST,BRC,129.0,81.0,79.0,90.0,-0.14070432506830866,103.36509851183139,12,5,78.03,SYNTHETIC
2026-02-07T12:30:00,12951,Rajdhani,1,BRC,RTM,261.0,197.0,193.0,215.0,13.666538057025285,82.86048559671958,12,5,185.44,SYNTHETIC
2026-02-07T12:45:00,12004,Shatabdi,0,ALJN,CNB,308.6,209.0,205.0,228.0,15.663953408063811,87.4196792432598,12,5,218.06,SYNTHETIC
2026-02-07T13:00:00,12951,Rajdhani,1,RTM,KOTA,266.0,157.0,154.0,170.0,3.969387523611532,95.73012372363411,13,5,153.15,SYNTHETIC
2026-02-07T13:15:00,12951,Rajdhani,1,KOTA,MTJ,324.0,195.0,190.0,212.0,-0.8896507534909419,100.67652970612906,13,5,191.21,SYNTHETIC
2026-02-07T13:30:00,12951,Rajdhani,1,MTJ,NDLS,143.0,110.0,108.0,125.0,-1.0001507865964205,80.60811709414205,13,5,106.04,SYNTHETIC
2026-02-07T13:45:00,12951,Rajdhani,1,MTJ,NDLS,143.0,110.0,108.0,125.0,4.063638204227832,96.92624902513704,13,5,110.87,SYNTHETIC
2026-02-07T14:00:00,12951,Rajdhani,1,BCT,ST,263.0,162.0,158.0,172.0,-1.9304726415626041,90.48134026781621,14,5,158.12,SYNTHETIC
2026-02-07T14:15:00,12004,Shatabdi,0,ALJN,CNB,308.6,209.0,205.0,228.0,2.586111921911373,103.75741628573272,14,5,224.91,SYNTHETIC
2026-02-07T14:30:00,12004,Shatabdi,0,ALJN,CNB,308.6,209.0,205.0,228.0,5.996239411750249,82.88835860325605,14,5,226.6,SYNTHETIC
2026-02-07T14:45:00,12951,Rajdhani,1,ST,BRC,129.0,81.0,79.0,90.0,3.5471823003200873,83.07532149790157,14,5,75.21,SYNTHETIC
2026-02-07T15:00:00,12951,Rajdhani,1,MTJ,NDLS,143.0,110.0,108.0,125.0,3.05170015146879,94.34608201604185,15,5,104.36,SYNTHETIC
2026-02-07T15:15:00,12004,Shatabdi,0,NDLS,GZB,24.5,38.0,36.0,42.0,3.3414462520217247,52.662282722112586,15,5,35.13,SYNTHETIC
2026-02-07T15:30:00,12004,Shatabdi,0,CNB,LKO,71.6,75.0,72.0,85.0,-1.4760049060728728,57.167502815840564,15,5,84.6,SYNTHETIC
2026-02-07T15:45:00,12004,Shatabdi,0,NDLS,GZB,24.5,38.0,36.0,42.0,-0.5301278859062726,46.11491855045017,15,5,43.12,SYNTHETIC
2026-02-07T16:00:00,12004,Shatabdi,0,NDLS,GZB,24.5,38.0,36.0,42.0,5.359236433225773,49.77747169268001,16,5,39.05,SYNTHETIC
2026-02-07T16:15:00,12004,Shatabdi,0,ALJN,CNB,308.6,209.0,205.0,228.0,3.475337493241094,75.97632743483322,16,5,218.43,SYNTHETIC
2026-02-07T16:30:00,12004,Shatabdi,0,GZB,ALJN,106.3,59.0,57.0,68.0,7.506409249321475,113.35171466277748,16,5,57.58,SYNTHETIC
2026-02-07T16:45:00,12951,Rajdhani,1,BRC,RTM,261.0,197.0,193.0,215.0,0.7090494954226081,80.41769799341938,16,5,190.45,SYNTHETIC
2026-02-07T17:00:00,12004,Shatabdi,0,GZB,ALJN,106.3,59.0,57.0,68.0,7.030092224671996,100.40890368971787,17,5,65.34,SYNTHETIC
2026-02-07T17:15:00,12951,Rajdhani,1,KOTA,MTJ,324.0,195.0,190.0,212.0,0.3487349222900864,102.44336176423806,17,5,204.73,SYNTHETIC
2026-02-07T17:30:00,12004,Shatabdi,0,GZB,ALJN,106.3,59.0,57.0,68.0,-0.9741110796829506,130.0,17,5,69.49,SYNTHETIC
2026-02-07T17:45:00,12004,Shatabdi,0,ALJN,CNB,308.6,209.0,205.0,228.0,-0.46783997249782816,86.3107481578031,17,5,244.51,SYNTHETIC
2026-02-07T18:00:00,12004,Shatabdi,0,CNB,LKO,71.6,75.0,72.0,85.0,3.75917160741687,56.339958681538654,18,5,83.5,SYNTHETIC
2026-02-07T18:15:00,12004,Shatabdi,0,CNB,LKO,71.6,75.0,72.0,85.0,0.014479285746330284,63.57239805479923,18,5,85.25,SYNTHETIC
2026-02-07T18:30:00,12951,Rajdhani,1,KOTA,MTJ,324.0,195.0,190.0,212.0,1.4079963125951322,103.93664640015197,18,5,206.39,SYNTHETIC
2026-02-07T18:45:00,12004,Shatabdi,0,CNB,LKO,71.6,75.0,72.0,85.0,3.146864105741562,62.978894265265424,18,5,86.62,SYNTHETIC
2026-02-07T19:00:00,12004,Shatabdi,0,GZB,ALJN,106.3,59.0,57.0,68.0,0.13984293949336424,99.79804498796115,19,5,69.26,SYNTHETIC
2026-02-07T19:15:00,12951,Rajdhani,1,BCT,ST,263.0,162.0,158.0,172.0,25.374550584379527,103.7536357745053,19,5,165.88,SYNTHETIC
2026-02-07T19:30:00,12004,Shatabdi,0,CNB,LKO,71.6,75.0,72.0,85.0,6.180145194248553,56.03608618707164,19,5,85.89,SYNTHETIC
2026-02-07T19:45:00,12951,Rajdhani,1,KOTA,MTJ,324.0,195.0,190.0,212.0,1.1737516518231548,83.6730911011195,19,5,213.08,SYNTHETIC
2026-02-07T20:00:00,12004,Shatabdi,0,CNB,LKO,71.6,75.0,72.0,85.0,8.35304609428286,74.08620820229102,20,5,79.13,SYNTHETIC
2026-02-07T20:15:00,12951,Rajdhani,1,KOTA,MTJ,324.0,195.0,190.0,212.0,6.14258503887535,100.95626719746726,20,5,201.87,SYNTHETIC
2026-02-07T20:30:00,12004,Shatabdi,0,NDLS,GZB,24.5,38.0,36.0,42.0,0.25611289839417894,38.900908908743695,20,5,42.97,SYNTHETIC
2026-02-07T20:45:00,12004,Shatabdi,0,NDLS,GZB,24.5,38.0,36.0,42.0,21.414931389494964,37.95255789104747,20,5,38.36,SYNTHETIC
2026-02-07T21:00:00,12951,Rajdhani,1,ST,BRC,129.0,81.0,79.0,90.0,-0.9513140886612987,94.81711517211191,21,5,87.06,SYNTHETIC
2026-02-07T21:15:00,12951,Rajdhani,1,BRC,RTM,261.0,197.0,193.0,215.0,17.80665186613698,105.32345390878152,21,5,199.35,SYNTHETIC
2026-02-07T21:30:00,12004,Shatabdi,0,NDLS,GZB,24.5,38.0,36.0,42.0,14.723821503111843,37.25964197613805,21,5,40.71,SYNTHETIC
2026-02-07T21:45:00,12004,Shatabdi,0,ALJN,CNB,308.6,209.0,205.0,228.0,9.466089962842558,57.818616457555144,21,5,246.71,SYNTHETIC
2026-02-07T22:00:00,12004,Shatabdi,0,CNB,LKO,71.6,75.0,72.0,85.0,-0.14863636911760492,62.337188217879536,22,5,81.86,SYNTHETIC
2026-02-07T22:15:00,12004,Shatabdi,0,CNB,LKO,71.6,75.0,72.0,85.0,0.8078758390038656,67.94441881038584,22,5,82.52,SYNTHETIC
2026-02-07T22:30:00,12951,Rajdhani,1,BRC,RTM,261.0,197.0,193.0,215.0,2.463223955681058,84.42496048136556,22,5,195.85,SYNTHETIC
2026-02-07T22:45:00,12951,Rajdhani,1,ST,BRC,129.0,81.0,79.0,90.0,-0.04649667556224224,124.38540104125236,22,5,79.19,SYNTHETIC
2026-02-07T23:00:00,12951,Rajdhani,1,KOTA,MTJ,324.0,195.0,190.0,212.0,4.406754605192874,97.64652954643174,23,5,192.39,SYNTHETIC
2026-02-07T23:15:00,12004,Shatabdi,0,CNB,LKO,71.6,75.0,72.0,85.0,8.598959457629254,52.73723436519598,23,5,79.92,SYNTHETIC
2026-02-07T23:30:00,12004,Shatabdi,0,ALJN,CNB,308.6,209.0,205.0,228.0,0.6278934001132397,89.78492943186444,23,5,229.47,SYNTHETIC
2026-02-07T23:45:00,12951,Rajdhani,1,BRC,RTM,261.0,197.0,193.0,215.0,2.761629539122718,74.9227798139427,23,5,192.21,SYNTHETIC
2026-02-08T00:00:00,12004,Shatabdi,0,GZB,ALJN,106.3,59.0,57.0,68.0,5.206638093241489,102.63421222331262,0,6,57.71,SYNTHETIC
2026-02-08T00:15:00,12004,Shatabdi,0,CNB,LKO,71.6,75.0,72.0,85.0,0.9399141194372507,30.0,0,6,77.41,SYNTHETIC
2026-02-08T00:30:00,12951,Rajdhani,1,BRC,RTM,261.0,197.0,193.0,215.0,14.030867383481041,89.23725387100494,0,6,187.39,SYNTHETIC
2026-02-08T00:45:00,12004,Shatabdi,0,GZB,ALJN,106.3,59.0,57.0,68.0,4.658814378076848,102.40860758074311,0,6,60.28,SYNTHETIC
2026-02-08T01:00:00,12951,Rajdhani,1,BCT,ST,263.0,162.0,158.0,172.0,2.093426911315319,97.67334323046023,1,6,153.9,SYNTHETIC
2026-02-08T01:15:00,12004,Shatabdi,0,GZB,ALJN,106.3,59.0,57.0,68.0,3.620509613425659,101.89730632565319,1,6,66.54,SYNTHETIC
2026-02-08T01:30:00,12951,Rajdhani,1,KOTA,MTJ,324.0,195.0,190.0,212.0,-0.9397538840798412,106.63245131226414,1,6,183.87,SYNTHETIC
2026-02-08T01:45:00,12951,Rajdhani,1,BRC,RTM,261.0,197.0,193.0,215.0,20.273289998765215,85.29137370235536,1,6,180.17,SYNTHETIC
2026-02-08T02:00:00,12951,Rajdhani,1,KOTA,MTJ,324.0,195.0,190.0,212.0,0.34334166817090717,83.52704563874181,2,6,180.46,SYNTHETIC
2026-02-08T02:15:00,12004,Shatabdi,0,ALJN,CNB,308.6,209.0,205.0,228.0,2.801940401008612,86.90995389257924,2,6,227.6,SYNTHETIC
2026-02-08T02:30:00,12951,Rajdhani,1,MTJ,NDLS,143.0,110.0,108.0,125.0,9.406790057883768,78.8901779668998,2,6,104.67,SYNTHETIC
2026-02-08T02:45:00,12951,Rajdhani,1,MTJ,NDLS,143.0,110.0,108.0,125.0,6.3116818597431,66.8042385957971,2,6,98.63,SYNTHETIC
2026-02-08T03:00:00,12004,Shatabdi,0,NDLS,GZB,24.5,38.0,36.0,42.0,9.22357507040606,47.47863628919088,3,6,34.73,SYNTHETIC
2026-02-08T03:15:00,12004,Shatabdi,0,ALJN,CNB,308.6,209.0,205.0,228.0,7.28073682233776,101.04380959381488,3,6,215.04,SYNTHETIC
2026-02-08T03:30:00,12004,Shatabdi,0,ALJN,CNB,308.6,209.0,205.0,228.0,17.48433113290065,97.29125756913977,3,6,200.35,SYNTHETIC
2026-02-08T03:45:00,12004,Shatabdi,0,NDLS,GZB,24.5,38.0,36.0,42.0,3.6682454346223414,39.9733901768802,3,6,39.83,SYNTHETIC
2026-02-08T04:00:00,12004,Shatabdi,0,NDLS,GZB,24.5,38.0,36.0,42.0,6.632017548247713,44.053192449524495,4,6,35.61,SYNTHETIC
2026-02-08T04:15:00,12951,Rajdhani,1,BRC,RTM,261.0,197.0,193.0,215.0,7.5914128510019765,86.70937519646203,4,6,177.05,SYNTHETIC
2026-02-08T04:30:00,12004,Shatabdi,0,ALJN,CNB,308.6,209.0,205.0,228.0,-0.001101457043889642,99.71239491220673,4,6,218.98,SYNTHETIC
2026-02-08T04:45:00,12004,Shatabdi,0,ALJN,CNB,308.6,209.0,205.0,228.0,5.354785187405076,91.98988786482212,4,6,216.92,SYNTHETIC
2026-02-08T05:00:00,12004,Shatabdi,0,NDLS,GZB,24.5,38.0,36.0,42.0,0.49561557747336593,48.70045142861339,5,6,35.58,SYNTHETIC
2026-02-08T05:15:00,12951,Rajdhani,1,ST,BRC,129.0,81.0,79.0,90.0,9.475791242920852,77.56140122890193,5,6,74.8,SYNTHETIC
2026-02-08T05:30:00,12951,Rajdhani,1,BRC,RTM,261.0,197.0,193.0,215.0,-0.15116263873353208,79.54072279731267,5,6,183.72,SYNTHETIC
2026-02-08T05:45:00,12951,Rajdhani,1,BCT,ST,263.0,162.0,158.0,172.0,-1.5161352402977997,102.88001221037867,5,6,157.1,SYNTHETIC
2026-02-08T06:00:00,12951,Rajdhani,1,BCT,ST,263.0,162.0,158.0,172.0,0.6120211393863948,111.72513160648674,6,6,155.77,SYNTHETIC
2026-02-08T06:15:00,12951,Rajdhani,1,RTM,KOTA,266.0,157.0,154.0,170.0,7.6222400106220185,103.8283978460191,6,6,144.83,SYNTHETIC
2026-02-08T06:30:00,12951,Rajdhani,1,BRC,RTM,261.0,197.0,193.0,215.0,12.579795627221287,71.77745228211968,6,6,193.48,SYNTHETIC
2026-02-08T06:45:00,12004,Shatabdi,0,NDLS,GZB,24.5,38.0,36.0,42.0,2.1596310490612893,39.67487060985081,6,6,42.32,SYNTHETIC
2026-02-08T07:00:00,12951,Rajdhani,1,BRC,RTM,261.0,197.0,193.0,215.0,7.011294881467936,97.34561723537385,7,6,186.62,SYNTHETIC
2026-02-08T07:15:00,12004,Shatabdi,0,CNB,LKO,71.6,75.0,72.0,85.0,4.52314339875012,48.97549005967845,7,6,79.17,SYNTHETIC
2026-02-08T07:30:00,12951,Rajdhani,1,RTM,KOTA,266.0,157.0,154.0,170.0,-1.637692167600674,104.91667580580895,7,6,155.54,SYNTHETIC
2026-02-08T07:45:00,12004,Shatabdi,0,CNB,LKO,71.6,75.0,72.0,85.0,6.86567591425254,52.886268035160924,7,6,74.51,SYNTHETIC
2026-02-08T08:00:00,12004,Shatabdi,0,ALJN,CNB,308.6,209.0,205.0,228.0,12.245158904225084,105.66851650636416,8,6,231.74,SYNTHETIC
2026-02-08T08:15:00,12004,Shatabdi,0,ALJN,CNB,308.6,209.0,205.0,228.0,10.933824191222264,95.78944475915344,8,6,240.7,SYNTHETIC
2026-02-08T08:30:00,12004,Shatabdi,0,NDLS,GZB,24.5,38.0,36.0,42.0,3.4206968693256234,47.79809797501315,8,6,44.7,SYNTHETIC
2026-02-08T08:45:00,12951,Rajdhani,1,RTM,KOTA,266.0,157.0,154.0,170.0,1.599838368950099,99.96895090556993,8,6,164.8,SYNTHETIC
2026-02-08T09:00:00,12951,Rajdhani,1,MTJ,NDLS,143.0,110.0,108.0,125.0,1.5405755375769465,84.89587611124523,9,6,116.32,SYNTHETIC
2026-02-08T09:15:00,12004,Shatabdi,0,GZB,ALJN,106.3,59.0,57.0,68.0,1.408383644099569,125.72897762766502,9,6,70.85,SYNTHETIC
2026-02-08T09:30:00,12951,Rajdhani,1,MTJ,NDLS,143.0,110.0,108.0,125.0,1.81167148696353,73.39468687738999,9,6,112.3,SYNTHETIC
2026-02-08T09:45:00,12004,Shatabdi,0,ALJN,CNB,308.6,209.0,205.0,228.0,8.658655449653038,72.15928621817224,9,6,232.35,SYNTHETIC
2026-02-08T10:00:00,12951,Rajdhani,1,BRC,RTM,261.0,197.0,193.0,215.0,5.864220197032751,68.74023518699863,10,6,195.47,SYNTHETIC
2026-02-08T10:15:00,12951,Rajdhani,1,BCT,ST,263.0,162.0,158.0,172.0,3.123854144469661,82.20159800804349,10,6,161.69,SYNTHETIC
2026-02-08T10:30:00,12951,Rajdhani,1,KOTA,MTJ,324.0,195.0,190.0,212.0,-1.3267320742934934,111.53752403875508,10,6,204.26,SYNTHETIC
2026-02-08T10:45:00,12951,Rajdhani,1,KOTA,MTJ,324.0,195.0,190.0,212.0,0.7785310156175291,100.28097015517918,10,6,203.12,SYNTHETIC
2026-02-08T11:00:00,12004,Shatabdi,0,ALJN,CNB,308.6,209.0,205.0,228.0,5.713751905146531,102.54038469647222,11,6,232.88,SYNTHETIC
2026-02-08T11:15:00,12951,Rajdhani,1,BRC,RTM,261.0,197.0,193.0,215.0,-1.0135196606194357,89.03229590968692,11,6,200.95,SYNTHETIC
2026-02-08T11:30:00,12951,Rajdhani,1,BRC,RTM,261.0,197.0,193.0,215.0,2.976111765154509,90.02929642898737,11,6,209.7,SYNTHETIC
2026-02-08T11:45:00,12951,Rajdhani,1,BCT,ST,263.0,162.0,158.0,172.0,-1.8108638423937577,109.20278101120265,11,6,167.4,SYNTHETIC
2026-02-08T12:00:00,12951,Rajdhani,1,MTJ,NDLS,143.0,110.0,108.0,125.0,1.6029578320019224,92.45574296623016,12,6,106.41,SYNTHETIC
2026-02-08T12:15:00,12951,Rajdhani,1,BCT,ST,263.0,162.0,158.0,172.0,5.58718800343413,94.76168804212692,12,6,153.39,SYNTHETIC
2026-02-08T12:30:00,12004,Shatabdi,0,GZB,ALJN,106.3,59.0,57.0,68.0,-1.0271624225450264,104.3921487651879,12,6,64.0,SYNTHETIC
2026-02-08T12:45:00,12951,Rajdhani,1,RTM,KOTA,266.0,157.0,154.0,170.0,-1.858249715337977,105.72328947179902,12,6,150.12,SYNTHETIC
2026-02-08T13:00:00,12951,Rajdhani,1,BRC,RTM,261.0,197.0,193.0,215.0,0.5552994744902207,75.65592849494517,13,6,193.8,SYNTHETIC
2026-02-08T13:15:00,12004,Shatabdi,0,CNB,LKO,71.6,75.0,72.0,85.0,0.22614854825403752,63.30348230534292,13,6,76.84,SYNTHETIC
2026-02-08T13:30:00,12951,Rajdhani,1,ST,BRC,129.0,81.0,79.0,90.0,-1.4729005090788072,83.32761672812813,13,6,82.4,SYNTHETIC
2026-02-08T13:45:00,12951,Rajdhani,1,MTJ,NDLS,143.0,110.0,108.0,125.0,6.8743938229666135,73.92053746543725,13,6,102.59,SYNTHETIC
2026-02-08T14:00:00,12951,Rajdhani,1,ST,BRC,129.0,81.0,79.0,90.0,14.929437317856241,95.20392466374429,14,6,74.89,SYNTHETIC
2026-02-08T14:15:00,12951,Rajdhani,1,ST,BRC,129.0,81.0,79.0,90.0,2.1348129619397413,79.437771226607,14,6,80.18,SYNTHETIC
2026-02-08T14:30:00,12004,Shatabdi,0,CNB,LKO,71.6,75.0,72.0,85.0,4.6489806685028885,74.8538119248751,14,6,79.53,SYNTHETIC
2026-02-08T14:45:00,12004,Shatabdi,0,ALJN,CNB,308.6,209.0,205.0,228.0,2.052297067225717,89.94308420929379,14,6,224.01,SYNTHETIC
2026-02-08T15:00:00,12004,Shatabdi,0,ALJN,CNB,308.6,209.0,205.0,228.0,15.80673482562668,96.2324298685222,15,6,216.17,SYNTHETIC
2026-02-08T15:15:00,12951,Rajdhani,1,BRC,RTM,261.0,197.0,193.0,215.0,1.7539256253637836,94.82397655864375,15,6,196.05,SYNTHETIC
2026-02-08T15:30:00,12951,Rajdhani,1,MTJ,NDLS,143.0,110.0,108.0,125.0,3.006740552821107,77.92423458059676,15,6,105.19,SYNTHETIC
2026-02-08T15:45:00,12004,Shatabdi,0,ALJN,CNB,308.6,209.0,205.0,228.0,0.2078307193971387,91.98078198519464,15,6,231.69,SYNTHETIC
2026-02-08T16:00:00,12951,Rajdhani,1,ST,BRC,129.0,81.0,79.0,90.0,-0.26989344774944724,110.94698707942169,16,6,76.62,SYNTHETIC
2026-02-08T16:15:00,12951,Rajdhani,1,BRC,RTM,261.0,197.0,193.0,215.0,-1.1061802421522278,83.42659306924354,16,6,196.92,SYNTHETIC
2026-02-08T16:30:00,12951,Rajdhani,1,BRC,RTM,261.0,197.0,193.0,215.0,13.29356219656785,99.8202256226481,16,6,187.2,SYNTHETIC
2026-02-08T16:45:00,12004,Shatabdi,0,NDLS,GZB,24.5,38.0,36.0,42.0,6.5870867470788514,45.86422586669996,16,6,38.69,SYNTHETIC
2026-02-08T17:00:00,12004,Shatabdi,0,GZB,ALJN,106.3,59.0,57.0,68.0,12.62557253806083,110.7610378889108,17,6,61.44,SYNTHETIC
2026-02-08T17:15:00,12004,Shatabdi,0,ALJN,CNB,308.6,209.0,205.0,228.0,-0.6678677393776797,104.04016826398833,17,6,240.46,SYNTHETIC
2026-02-08T17:30:00,12951,Rajdhani,1,ST,BRC,129.0,81.0,79.0,90.0,-1.166838142801774,101.09102653237805,17,6,85.7,SYNTHETIC
2026-02-08T17:45:00,12004,Shatabdi,0,CNB,LKO,71.6,75.0,72.0,85.0,-1.1335375067076756,53.23805957740585,17,6,85.8,SYNTHETIC
2026-02-08T18:00:00,12951,Rajdhani,1,RTM,KOTA,266.0,157.0,154.0,170.0,-1.087756119831568,92.58968007534256,18,6,165.84,SYNTHETIC
2026-02-08T18:15:00,12951,Rajdhani,1,BCT,ST,263.0,162.0,158.0,172.0,-1.866427476378054,101.71987629145154,18,6,164.56,SYNTHETIC
2026-02-08T18:30:00,12004,Shatabdi,0,ALJN,CNB,308.6,209.0,205.0,228.0,6.599043514309168,92.66147120600046,18,6,229.53,SYNTHETIC
2026-02-08T18:45:00,12951,Rajdhani,1,ST,BRC,129.0,81.0,79.0,90.0,4.197338593150645,87.92133448570628,18,6,85.84,SYNTHETIC
2026-02-08T19:00:00,12951,Rajdhani,1,BRC,RTM,261.0,197.0,193.0,215.0,0.32403366819445223,75.80958977166723,19,6,203.3,SYNTHETIC
2026-02-08T19:15:00,12004,Shatabdi,0,GZB,ALJN,106.3,59.0,57.0,68.0,18.191042216411887,111.33230082458314,19,6,60.01,SYNTHETIC
2026-02-08T19:30:00,12951,Rajdhani,1,BCT,ST,263.0,162.0,158.0,172.0,2.4925174682058078,92.40124463665155,19,6,165.8,SYNTHETIC
2026-02-08T19:45:00,12951,Rajdhani,1,RTM,KOTA,266.0,157.0,154.0,170.0,2.8278499330384417,102.79956812665561,19,6,167.16,SYNTHETIC
2026-02-08T20:00:00,12951,Rajdhani,1,MTJ,NDLS,143.0,110.0,108.0,125.0,1.530593542707245,88.69270656821182,20,6,117.43,SYNTHETIC
2026-02-08T20:15:00,12951,Rajdhani,1,BCT,ST,263.0,162.0,158.0,172.0,-0.8493282978630985,114.31379436387783,20,6,171.59,SYNTHETIC
2026-02-08T20:30:00,12004,Shatabdi,0,GZB,ALJN,106.3,59.0,57.0,68.0,0.03938695904037459,101.99558371186977,20,6,66.96,SYNTHETIC
2026-02-08T20:45:00,12004,Shatabdi,0,NDLS,GZB,24.5,38.0,36.0,42.0,-1.3173163952317055,40.89262080811055,20,6,41.09,SYNTHETIC
2026-02-08T21:00:00,12951,Rajdhani,1,MTJ,NDLS,143.0,110.0,108.0,125.0,15.3960894516113,95.56942211383452,21,6,111.99,SYNTHETIC
2026-02-08T21:15:00,12951,Rajdhani,1,BRC,RTM,261.0,197.0,193.0,215.0,-1.693425591504682,73.58974751694245,21,6,208.39,SYNTHETIC
2026-02-08T21:30:00,12951,Rajdhani,1,RTM,KOTA,266.0,157.0,154.0,170.0,5.390036334416415,93.59595502616135,21,6,158.63,SYNTHETIC
2026-02-08T21:45:00,12951,Rajdhani,1,BRC,RTM,261.0,197.0,193.0,215.0,3.6146979292504398,90.48825360318595,21,6,207.1,SYNTHETIC
2026-02-08T22:00:00,12004,Shatabdi,0,CNB,LKO,71.6,75.0,72.0,85.0,3.0219367046349985,50.69557264627826,22,6,81.13,SYNTHETIC
2026-02-08T22:15:00,12951,Rajdhani,1,ST,BRC,129.0,81.0,79.0,90.0,9.116078528135748,96.761596830408,22,6,79.41,SYNTHETIC
2026-02-08T22:30:00,12951,Rajdhani,1,ST,BRC,129.0,81.0,79.0,90.0,18.9720776491728,100.09916411931528,22,6,83.06,SYNTHETIC
2026-02-08T22:45:00,12951,Rajdhani,1,ST,BRC,129.0,81.0,79.0,90.0,4.439402323550192,112.04978768652626,22,6,76.17,SYNTHETIC
2026-02-08T23:00:00,12951,Rajdhani,1,RTM,KOTA,266.0,157.0,154.0,170.0,0.4946469595130307,78.82661796334762,23,6,150.6,SYNTHETIC
2026-02-08T23:15:00,12951,Rajdhani,1,MTJ,NDLS,143.0,110.0,108.0,125.0,0.9948146915921652,78.66436982591742,23,6,109.72,SYNTHETIC
2026-02-08T23:30:00,12004,Shatabdi,0,ALJN,CNB,308.6,209.0,205.0,228.0,-0.9170518979379452,90.14011742659868,23,6,226.18,SYNTHETIC
2026-02-08T23:45:00,12951,Rajdhani,1,BCT,ST,263.0,162.0,158.0,172.0,2.5204200129699927,107.89153488677957,23,6,159.42,SYNTHETIC
2026-02-09T00:00:00,12951,Rajdhani,1,BRC,RTM,261.0,197.0,193.0,215.0,-0.8858773029554396,74.8454083365023,0,0,190.06,SYNTHETIC
2026-02-09T00:15:00,12004,Shatabdi,0,CNB,LKO,71.6,75.0,72.0,85.0,0.17950471215471442,63.026168037061204,0,0,79.32,SYNTHETIC
2026-02-09T00:30:00,12004,Shatabdi,0,CNB,LKO,71.6,75.0,72.0,85.0,6.848052001034485,67.25566121542188,0,0,77.05,SYNTHETIC
2026-02-09T00:45:00,12951,Rajdhani,1,ST,BRC,129.0,81.0,79.0,90.0,0.029644658383139788,95.73161526486734,0,0,78.79,SYNTHETIC
2026-02-09T01:00:00,12951,Rajdhani,1,BRC,RTM,261.0,197.0,193.0,215.0,3.8817751249291312,56.986263752271704,1,0,185.32,SYNTHETIC
2026-02-09T01:15:00,12951,Rajdhani,1,RTM,KOTA,266.0,157.0,154.0,170.0,8.50474204216722,84.50205991374263,1,0,144.69,SYNTHETIC
2026-02-09T01:30:00,12951,Rajdhani,1,MTJ,NDLS,143.0,110.0,108.0,125.0,-0.06235728370890525,81.73200024661625,1,0,99.8,SYNTHETIC
2026-02-09T01:45:00,12951,Rajdhani,1,ST,BRC,129.0,81.0,79.0,90.0,-1.5190975564335876,103.60647581304012,1,0,77.35,SYNTHETIC
2026-02-09T02:00:00,12004,Shatabdi,0,NDLS,GZB,24.5,38.0,36.0,42.0,8.960661634028588,46.29688462544994,2,0,37.41,SYNTHETIC
2026-02-09T02:15:00,12951,Rajdhani,1,BRC,RTM,261.0,197.0,193.0,215.0,22.547114266960307,70.99791567125652,2,0,177.1,SYNTHETIC
2026-02-09T02:30:00,12951,Rajdhani,1,RTM,KOTA,266.0,157.0,154.0,170.0,0.8503765226977471,88.94395782895991,2,0,150.7,SYNTHETIC
2026-02-09T02:45:00,12004,Shatabdi,0,ALJN,CNB,308.6,209.0,205.0,228.0,2.435343075479243,75.14599914624107,2,0,218.29,SYNTHETIC
2026-02-09T03:00:00,12004,Shatabdi,0,GZB,ALJN,106.3,59.0,57.0,68.0,15.082103413834599,98.10513956991413,3,0,60.95,SYNTHETIC
2026-02-09T03:15:00,12951,Rajdhani,1,BRC,RTM,261.0,197.0,193.0,215.0,-0.7413355033754199,87.24429636622548,3,0,184.29,SYNTHETIC
2026-02-09T03:30:00,12004,Shatabdi,0,CNB,LKO,71.6,75.0,72.0,85.0,13.373824765070712,77.84945370409488,3,0,73.45,SYNTHETIC
2026-02-09T03:45:00,12004,Shatabdi,0,NDLS,GZB,24.5,38.0,36.0,42.0,4.697236018792155,36.92767274840038,3,0,39.63,SYNTHETIC
2026-02-09T04:00:00,12004,Shatabdi,0,GZB,ALJN,106.3,59.0,57.0,68.0,4.736094219749423,113.45257466867068,4,0,57.6,SYNTHETIC
2026-02-09T04:15:00,12951,Rajdhani,1,BRC,RTM,261.0,197.0,193.0,215.0,-1.166933954181997,88.24690140576297,4,0,183.61,SYNTHETIC
2026-02-09T04:30:00,12951,Rajdhani,1,RTM,KOTA,266.0,157.0,154.0,170.0,-1.5725022052692732,110.3580394588871,4,0,150.32,SYNTHETIC
2026-02-09T04:45:00,12951,Rajdhani,1,MTJ,NDLS,143.0,110.0,108.0,125.0,5.205408819822725,88.32612575359911,4,0,97.66,SYNTHETIC
2026-02-09T05:00:00,12951,Rajdhani,1,BCT,ST,263.0,162.0,158.0,172.0,2.431921423076913,100.6825699767902,5,0,151.18,SYNTHETIC
2026-02-09T05:15:00,12951,Rajdhani,1,RTM,KOTA,266.0,157.0,154.0,170.0,1.7696755858637134,101.16355864687164,5,0,150.38,SYNTHETIC
2026-02-09T05:30:00,12004,Shatabdi,0,GZB,ALJN,106.3,59.0,57.0,68.0,3.6251356629988916,120.1774066281904,5,0,61.83,SYNTHETIC
2026-02-09T05:45:00,12951,Rajdhani,1,BCT,ST,263.0,162.0,158.0,172.0,-0.7345339785659688,111.69582162010347,5,0,154.63,SYNTHETIC
2026-02-09T06:00:00,12004,Shatabdi,0,ALJN,CNB,308.6,209.0,205.0,228.0,5.894335843253387,94.90842252868836,6,0,224.15,SYNTHETIC
2026-02-09T06:15:00,12951,Rajdhani,1,MTJ,NDLS,143.0,110.0,108.0,125.0,-0.8296458504174833,84.18827483426136,6,0,102.09,SYNTHETIC
2026-02-09T06:30:00,12004,Shatabdi,0,CNB,LKO,71.6,75.0,72.0,85.0,3.0111994427367863,59.02272884515539,6,0,80.95,SYNTHETIC
2026-02-09T06:45:00,12951,Rajdhani,1,ST,BRC,129.0,81.0,79.0,90.0,1.3614510228576666,97.56420502728507,6,0,79.77,SYNTHETIC
2026-02-09T07:00:00,12004,Shatabdi,0,ALJN,CNB,308.6,209.0,205.0,228.0,-1.7836313532508594,97.86509090737778,7,0,227.86,SYNTHETIC
2026-02-09T07:15:00,12004,Shatabdi,0,ALJN,CNB,308.6,209.0,205.0,228.0,-1.167504477548011,86.90674706945914,7,0,230.5,SYNTHETIC
2026-02-09T07:30:00,12004,Shatabdi,0,GZB,ALJN,106.3,59.0,57.0,68.0,1.1227703854374576,110.74351009651974,7,0,62.81,SYNTHETIC
2026-02-09T07:45:00,12951,Rajdhani,1,KOTA,MTJ,324.0,195.0,190.0,212.0,0.1045931927056647,102.43136870139841,7,0,186.21,SYNTHETIC
2026-02-09T08:00:00,12004,Shatabdi,0,CNB,LKO,71.6,75.0,72.0,85.0,16.503030610516586,74.19876738660355,8,0,86.78,SYNTHETIC
2026-02-09T08:15:00,12004,Shatabdi,0,CNB,LKO,71.6,75.0,72.0,85.0,2.9759832571491014,58.25082247372328,8,0,89.13,SYNTHETIC
2026-02-09T08:30:00,12004,Shatabdi,0,ALJN,CNB,308.6,209.0,205.0,228.0,-0.5039138509272556,88.79444927276796,8,0,250.69,SYNTHETIC
2026-02-09T08:45:00,12004,Shatabdi,0,CNB,LKO,71.6,75.0,72.0,85.0,9.695165097250834,72.12284978884881,8,0,83.38,SYNTHETIC
2026-02-09T09:00:00,12951,Rajdhani,1,MTJ,NDLS,143.0,110.0,108.0,125.0,5.555606202808534,89.00196775354651,9,0,111.01,SYNTHETIC
2026-02-09T09:15:00,12004,Shatabdi,0,NDLS,GZB,24.5,38.0,36.0,42.0,-1.0186852419777699,38.30211757047521,9,0,39.78,SYNTHETIC
2026-02-09T09:30:00,12951,Rajdhani,1,BRC,RTM,261.0,197.0,193.0,215.0,12.7945592916758,88.75331994099213,9,0,206.48,SYNTHETIC
2026-02-09T09:45:00,12951,Rajdhani,1,KOTA,MTJ,324.0,195.0,190.0,212.0,26.52147718699281,91.72720938510427,9,0,199.96,SYNTHETIC
2026-02-09T10:00:00,12951,Rajdhani,1,BCT,ST,263.0,162.0,158.0,172.0,1.232619792745905,87.87406919842009,10,0,168.55,SYNTHETIC
2026-02-09T10:15:00,12951,Rajdhani,1,BRC,RTM,261.0,197.0,193.0,215.0,-0.8015160138657618,62.36158761238478,10,0,208.49,SYNTHETIC
2026-02-09T10:30:00,12951,Rajdhani,1,BRC,RTM,261.0,197.0,193.0,215.0,10.43102702784011,90.26376210947976,10,0,207.18,SYNTHETIC
2026-02-09T10:45:00,12004,Shatabdi,0,GZB,ALJN,106.3,59.0,57.0,68.0,-0.8887628795672677,129.75230599930583,10,0,66.74,SYNTHETIC
2026-02-09T11:00:00,12951,Rajdhani,1,MTJ,NDLS,143.0,110.0,108.0,125.0,-0.17890757422606507,71.04844157696654,11,0,120.05,SYNTHETIC
2026-02-09T11:15:00,12004,Shatabdi,0,GZB,ALJN,106.3,59.0,57.0,68.0,-0.19838323915042277,115.53899761345873,11,0,70.9,SYNTHETIC
2026-02-09T11:30:00,12951,Rajdhani,1,KOTA,MTJ,324.0,195.0,190.0,212.0,3.429960960572892,104.11008468663356,11,0,205.03,SYNTHETIC
2026-02-09T11:45:00,12951,Rajdhani,1,MTJ,NDLS,143.0,110.0,108.0,125.0,3.2128559978303306,81.60513198498232,11,0,117.38,SYNTHETIC
2026-02-09T12:00:00,12004,Shatabdi,0,ALJN,CNB,308.6,209.0,205.0,228.0,-1.8401220708650428,90.61044016744405,12,0,221.26,SYNTHETIC
2026-02-09T12:15:00,12004,Shatabdi,0,NDLS,GZB,24.5,38.0,36.0,42.0,-1.4466973755086097,43.5174591318624,12,0,43.68,SYNTHETIC
2026-02-09T12:30:00,12951,Rajdhani,1,BRC,RTM,261.0,197.0,193.0,215.0,2.2049002829581177,76.7375728458902,12,0,196.49,SYNTHETIC
2026-02-09T12:45:00,12951,Rajdhani,1,MTJ,NDLS,143.0,110.0,108.0,125.0,3.1525026275198345,91.55219966379241,12,0,107.83,SYNTHETIC
2026-02-09T13:00:00,12951,Rajdhani,1,RTM,KOTA,266.0,157.0,154.0,170.0,7.696125140935187,97.56425920640582,13,0,151.07,SYNTHETIC
2026-02-09T13:15:00,12951,Rajdhani,1,RTM,KOTA,266.0,157.0,154.0,170.0,-0.6637779676883162,121.15432580706963,13,0,156.47,SYNTHETIC
2026-02-09T13:30:00,12951,Rajdhani,1,BCT,ST,263.0,162.0,158.0,172.0,-1.8138913760070337,111.8395950815672,13,0,156.87,SYNTHETIC
2026-02-09T13:45:00,12951,Rajdhani,1,KOTA,MTJ,324.0,195.0,190.0,212.0,11.631069224489059,96.24753605582023,13,0,183.52,SYNTHETIC
2026-02-09T14:00:00,12951,Rajdhani,1,BRC,RTM,261.0,197.0,193.0,215.0,0.08135005279225993,91.09931660049547,14,0,193.65,SYNTHETIC
2026-02-09T14:15:00,12004,Shatabdi,0,CNB,LKO,71.6,75.0,72.0,85.0,0.49015100814178725,64.1730960339063,14,0,77.64,SYNTHETIC
2026-02-09T14:30:00,12951,Rajdhani,1,BCT,ST,263.0,162.0,158.0,172.0,-0.49977006634378185,98.96202529527287,14,0,157.73,SYNTHETIC
2026-02-09T14:45:00,12004,Shatabdi,0,NDLS,GZB,24.5,38.0,36.0,42.0,5.68398969455201,43.90642687069672,14,0,44.7,SYNTHETIC
2026-02-09T15:00:00,12951,Rajdhani,1,BCT,ST,263.0,162.0,158.0,172.0,6.346437510940239,103.62679919240776,15,0,151.94,SYNTHETIC
2026-02-09T15:15:00,12951,Rajdhani,1,ST,BRC,129.0,81.0,79.0,90.0,-1.9231461957753824,99.0160174245172,15,0,81.75,SYNTHETIC
2026-02-09T15:30:00,12004,Shatabdi,0,NDLS,GZB,24.5,38.0,36.0,42.0,-1.6826604221090353,41.761811521195355,15,0,40.07,SYNTHETIC
2026-02-09T15:45:00,12004,Shatabdi,0,NDLS,GZB,24.5,38.0,36.0,42.0,1.580880879024666,42.58698573988668,15,0,39.83,SYNTHETIC
2026-02-09T16:00:00,12951,Rajdhani,1,MTJ,NDLS,143.0,110.0,108.0,125.0,8.256611044390286,75.18839310482586,16,0,104.96,SYNTHETIC
2026-02-09T16:15:00,12951,Rajdhani,1,KOTA,MTJ,324.0,195.0,190.0,212.0,0.5876292207409035,116.4322545128798,16,0,187.58,SYNTHETIC
2026-02-09T16:30:00,12951,Rajdhani,1,MTJ,NDLS,143.0,110.0,108.0,125.0,4.288949747649179,77.00912577352241,16,0,103.21,SYNTHETIC
2026-02-09T16:45:00,12004,Shatabdi,0,ALJN,CNB,308.6,209.0,205.0,228.0,-0.09925754247168861,85.79770857142178,16,0,224.3,SYNTHETIC
2026-02-09T17:00:00,12951,Rajdhani,1,ST,BRC,129.0,81.0,79.0,90.0,-0.1727744443282886,97.87207030374257,17,0,86.36,SYNTHETIC
2026-02-09T17:15:00,12004,Shatabdi,0,ALJN,CNB,308.6,209.0,205.0,228.0,10.544640484867008,90.14453287436842,17,0,227.24,SYNTHETIC
2026-02-09T17:30:00,12951,Rajdhani,1,ST,BRC,129.0,81.0,79.0,90.0,-0.05748844694200894,74.94536378651725,17,0,80.35,SYNTHETIC
2026-02-09T17:45:00,12004,Shatabdi,0,NDLS,GZB,24.5,38.0,36.0,42.0,0.3803083325834127,30.0,17,0,36.37,SYNTHETIC
2026-02-09T18:00:00,12951,Rajdhani,1,BRC,RTM,261.0,197.0,193.0,215.0,-0.8774488092784161,74.77422616083675,18,0,206.25,SYNTHETIC
2026-02-09T18:15:00,12951,Rajdhani,1,RTM,KOTA,266.0,157.0,154.0,170.0,-0.9328683663751565,96.59949598144365,18,0,162.13,SYNTHETIC
2026-02-09T18:30:00,12951,Rajdhani,1,BRC,RTM,261.0,197.0,193.0,215.0,7.737304053745348,80.96771159070703,18,0,202.55,SYNTHETIC
2026-02-09T18:45:00,12951,Rajdhani,1,ST,BRC,129.0,81.0,79.0,90.0,3.857183594568701,77.29649977953079,18,0,81.28,SYNTHETIC
2026-02-09T19:00:00,12951,Rajdhani,1,BRC,RTM,261.0,197.0,193.0,215.0,-1.5068586565797812,78.47952386161954,19,0,206.63,SYNTHETIC
2026-02-09T19:15:00,12004,Shatabdi,0,ALJN,CNB,308.6,209.0,205.0,228.0,3.7618410907299866,102.12397828619143,19,0,248.61,SYNTHETIC
2026-02-09T19:30:00,12004,Shatabdi,0,ALJN,CNB,308.6,209.0,205.0,228.0,1.0738935820164093,81.80502297529972,19,0,242.05,SYNTHETIC
2026-02-09T19:45:00,12004,Shatabdi,0,CNB,LKO,71.6,75.0,72.0,85.0,1.5423301969189698,73.6185037544804,19,0,88.27,SYNTHETIC
2026-02-09T20:00:00,12951,Rajdhani,1,MTJ,NDLS,143.0,110.0,108.0,125.0,10.088979720571182,71.20583133821357,20,0,111.89,SYNTHETIC
2026-02-09T20:15:00,12004,Shatabdi,0,CNB,LKO,71.6,75.0,72.0,85.0,-0.4136765858830116,60.1305022458321,20,0,81.96,SYNTHETIC
2026-02-09T20:30:00,12951,Rajdhani,1,KOTA,MTJ,324.0,195.0,190.0,212.0,2.935232618529519,103.71758219802688,20,0,203.58,SYNTHETIC
2026-02-09T20:45:00,12951,Rajdhani,1,BCT,ST,263.0,162.0,158.0,172.0,11.285136233397942,98.29619327081998,20,0,167.73,SYNTHETIC
2026-02-09T21:00:00,12004,Shatabdi,0,CNB,LKO,71.6,75.0,72.0,85.0,4.342547425448944,44.87091439647497,21,0,84.59,SYNTHETIC
2026-02-09T21:15:00,12004,Shatabdi,0,GZB,ALJN,106.3,59.0,57.0,68.0,7.7868340356440715,115.7805897324313,21,0,71.85,SYNTHETIC
2026-02-09T21:30:00,12004,Shatabdi,0,GZB,ALJN,106.3,59.0,57.0,68.0,4.858283669405155,120.68770209889958,21,0,66.71,SYNTHETIC
2026-02-09T21:45:00,12951,Rajdhani,1,MTJ,NDLS,143.0,110.0,108.0,125.0,11.531103176227866,71.44680316656546,21,0,116.86,SYNTHETIC
2026-02-09T22:00:00,12004,Shatabdi,0,CNB,LKO,71.6,75.0,72.0,85.0,6.1110723294221465,44.18083633045274,22,0,81.32,SYNTHETIC
2026-02-09T22:15:00,12951,Rajdhani,1,RTM,KOTA,266.0,157.0,154.0,170.0,17.303550869031916,98.37088956664398,22,0,150.22,SYNTHETIC
2026-02-09T22:30:00,12951,Rajdhani,1,KOTA,MTJ,324.0,195.0,190.0,212.0,6.347363581204975,93.0955462219124,22,0,182.15,SYNTHETIC
2026-02-09T22:45:00,12004,Shatabdi,0,CNB,LKO,71.6,75.0,72.0,85.0,1.5471591599842625,56.84788138221613,22,0,75.34,SYNTHETIC
2026-02-09T23:00:00,12951,Rajdhani,1,BRC,RTM,261.0,197.0,193.0,215.0,1.2696881540908307,84.22664931361317,23,0,194.4,SYNTHETIC
2026-02-09T23:15:00,12951,Rajdhani,1,MTJ,NDLS,143.0,110.0,108.0,125.0,-1.1458567353654314,86.02382351927552,23,0,109.32,SYNTHETIC
2026-02-09T23:30:00,12951,Rajdhani,1,RTM,KOTA,266.0,157.0,154.0,170.0,14.092334784742462,123.07685039324264,23,0,149.25,SYNTHETIC
2026-02-09T23:45:00,12951,Rajdhani,1,ST,BRC,129.0,81.0,79.0,90.0,21.041880654995733,96.73949319229337,23,0,78.24,SYNTHETIC
2026-02-10T00:00:00,12004,Shatabdi,0,NDLS,GZB,24.5,38.0,36.0,42.0,-1.242157473920053,37.683729208785884,0,1,38.41,SYNTHETIC
2026-02-10T00:15:00,12004,Shatabdi,0,GZB,ALJN,106.3,59.0,57.0,68.0,-1.1152615531162535,129.8316832649118,0,1,64.03,SYNTHETIC
2026-02-10T00:30:00,12951,Rajdhani,1,BCT,ST,263.0,162.0,158.0,172.0,-0.6292469206331597,90.1247409634491,0,1,161.05,SYNTHETIC
2026-02-10T00:45:00,12951,Rajdhani,1,ST,BRC,129.0,81.0,79.0,90.0,6.95373751018338,100.6966761418417,0,1,72.61,SYNTHETIC
2026-02-10T01:00:00,12951,Rajdhani,1,MTJ,NDLS,143.0,110.0,108.0,125.0,-1.3415275578605028,83.75042691461344,1,1,102.81,SYNTHETIC
2026-02-10T01:15:00,12951,Rajdhani,1,RTM,KOTA,266.0,157.0,154.0,170.0,5.54330265249641,92.22473397829177,1,1,139.5,SYNTHETIC
2026-02-10T01:30:00,12951,Rajdhani,1,BCT,ST,263.0,162.0,158.0,172.0,6.367031959313984,97.11671021660185,1,1,146.09,SYNTHETIC
2026-02-10T01:45:00,12951,Rajdhani,1,RTM,KOTA,266.0,157.0,154.0,170.0,2.630957156175713,110.95407839689248,1,1,146.3,SYNTHETIC
2026-02-10T02:00:00,12951,Rajdhani,1,KOTA,MTJ,324.0,195.0,190.0,212.0,1.383178862883046,111.6755210663404,2,1,185.68,SYNTHETIC
2026-02-10T02:15:00,12951,Rajdhani,1,BRC,RTM,261.0,197.0,193.0,215.0,-1.6382688396935192,99.51931667297976,2,1,186.55,SYNTHETIC
2026-02-10T02:30:00,12951,Rajdhani,1,BCT,ST,263.0,162.0,158.0,172.0,0.6647153402018766,97.38618348069366,2,1,154.18,SYNTHETIC
2026-02-10T02:45:00,12004,Shatabdi,0,CNB,LKO,71.6,75.0,72.0,85.0,-0.9385610036887166,56.721029106135155,2,1,75.1,SYNTHETIC
2026-02-10T03:00:00,12951,Rajdhani,1,ST,BRC,129.0,81.0,79.0,90.0,0.7801616835067113,90.81923934671853,3,1,77.45,SYNTHETIC
2026-02-10T03:15:00,12004,Shatabdi,0,GZB,ALJN,106.3,59.0,57.0,68.0,13.046031056593169,97.6537283448276,3,1,56.58,SYNTHETIC
2026-02-10T03:30:00,12004,Shatabdi,0,NDLS,GZB,24.5,38.0,36.0,42.0,2.464540234582314,49.55326798760197,3,1,35.83,SYNTHETIC
2026-02-10T03:45:00,12951,Rajdhani,1,RTM,KOTA,266.0,157.0,154.0,170.0,-0.7231404244116344,104.85666281805456,3,1,150.2,SYNTHETIC
2026-02-10T04:00:00,12951,Rajdhani,1,BRC,RTM,261.0,197.0,193.0,215.0,4.064317390796729,81.12438840324518,4,1,185.33,SYNTHETIC
2026-02-10T04:15:00,12951,Rajdhani,1,BCT,ST,263.0,162.0,158.0,172.0,0.6790340036654028,86.25089990915966,4,1,149.16,SYNTHETIC
2026-02-10T04:30:00,12004,Shatabdi,0,GZB,ALJN,106.3,59.0,57.0,68.0,1.120461930443021,104.5206833863035,4,1,59.18,SYNTHETIC
2026-02-10T04:45:00,12951,Rajdhani,1,BCT,ST,263.0,162.0,158.0,172.0,10.574931121246978,110.76620005847214,4,1,141.17,SYNTHETIC
2026-02-10T05:00:00,12004,Shatabdi,0,CNB,LKO,71.6,75.0,72.0,85.0,8.757805608288653,48.6874030359962,5,1,74.3,SYNTHETIC
2026-02-10T05:15:00,12004,Shatabdi,0,ALJN,CNB,308.6,209.0,205.0,228.0,26.07240924371727,74.63578032014621,5,1,219.07,SYNTHETIC
2026-02-10T05:30:00,12004,Shatabdi,0,ALJN,CNB,308.6,209.0,205.0,228.0,9.927783210030647,89.45648961270616,5,1,219.24,SYNTHETIC
2026-02-10T05:45:00,12951,Rajdhani,1,BRC,RTM,261.0,197.0,193.0,215.0,7.062471679421918,91.3588643919064,5,1,179.41,SYNTHETIC
2026-02-10T06:00:00,12951,Rajdhani,1,ST,BRC,129.0,81.0,79.0,90.0,1.8826875906654075,97.47499563619847,6,1,78.83,SYNTHETIC
2026-02-10T06:15:00,12004,Shatabdi,0,GZB,ALJN,106.3,59.0,57.0,68.0,10.145682031141448,123.68619400446201,6,1,65.3,SYNTHETIC
2026-02-10T06:30:00,12951,Rajdhani,1,ST,BRC,129.0,81.0,79.0,90.0,0.4145952548325633,87.54096626633785,6,1,76.87,SYNTHETIC
2026-02-10T06:45:00,12004,Shatabdi,0,NDLS,GZB,24.5,38.0,36.0,42.0,8.830416539582593,39.10734955781059,6,1,45.41,SYNTHETIC
2026-02-10T07:00:00,12951,Rajdhani,1,ST,BRC,129.0,81.0,79.0,90.0,1.6555172237901568,109.63346165887658,7,1,78.06,SYNTHETIC
2026-02-10T07:15:00,12004,Shatabdi,0,CNB,LKO,71.6,75.0,72.0,85.0,-1.6053189171921405,75.64212836603619,7,1,76.5,SYNTHETIC
2026-02-10T07:30:00,12951,Rajdhani,1,RTM,KOTA,266.0,157.0,154.0,170.0,-0.23214557110054135,119.98005658168302,7,1,156.67,SYNTHETIC
2026-02-10T07:45:00,12004,Shatabdi,0,ALJN,CNB,308.6,209.0,205.0,228.0,0.1947292765027271,95.14291274911608,7,1,231.46,SYNTHETIC
2026-02-10T08:00:00,12951,Rajdhani,1,KOTA,MTJ,324.0,195.0,190.0,212.0,0.9828687700289889,94.29818496349523,8,1,203.5,SYNTHETIC
2026-02-10T08:15:00,12951,Rajdhani,1,ST,BRC,129.0,81.0,79.0,90.0,2.3026399507729858,89.46454100561246,8,1,79.37,SYNTHETIC
2026-02-10T08:30:00,12004,Shatabdi,0,CNB,LKO,71.6,75.0,72.0,85.0,-1.8524441685637103,61.60253661732365,8,1,80.08,SYNTHETIC
2026-02-10T08:45:00,12004,Shatabdi,0,ALJN,CNB,308.6,209.0,205.0,228.0,9.972946554288756,92.21294668362263,8,1,230.26,SYNTHETIC
2026-02-10T09:00:00,12951,Rajdhani,1,RTM,KOTA,266.0,157.0,154.0,170.0,4.578428923489698,70.55736411138975,9,1,164.31,SYNTHETIC
2026-02-10T09:15:00,12951,Rajdhani,1,ST,BRC,129.0,81.0,79.0,90.0,3.137710596152517,91.5327449773278,9,1,79.39,SYNTHETIC
2026-02-10T09:30:00,12004,Shatabdi,0,NDLS,GZB,24.5,38.0,36.0,42.0,5.45227400233755,30.0,9,1,35.97,SYNTHETIC
2026-02-10T09:45:00,12951,Rajdhani,1,BCT,ST,263.0,162.0,158.0,172.0,8.980700493241564,85.99739454924105,9,1,158.3,SYNTHETIC
2026-02-10T10:00:00,12951,Rajdhani,1,BCT,ST,263.0,162.0,158.0,172.0,22.62389927871321,86.10868331060493,10,1,163.27,SYNTHETIC
2026-02-10T10:15:00,12004,Shatabdi,0,ALJN,CNB,308.6,209.0,205.0,228.0,0.3184182386344858,71.733059834765,10,1,239.11,SYNTHETIC
2026-02-10T10:30:00,12951,Rajdhani,1,MTJ,NDLS,143.0,110.0,108.0,125.0,0.37359675266738535,66.12675454056551,10,1,108.97,SYNTHETIC
2026-02-10T10:45:00,12951,Rajdhani,1,BCT,ST,263.0,162.0,158.0,172.0,-1.6532689711872721,97.23792568064128,10,1,170.42,SYNTHETIC
2026-02-10T11:00:00,12951,Rajdhani,1,KOTA,MTJ,324.0,195.0,190.0,212.0,5.42771646134342,78.28339156387109,11,1,199.07,SYNTHETIC
2026-02-10T11:15:00,12951,Rajdhani,1,MTJ,NDLS,143.0,110.0,108.0,125.0,3.6134222943464174,101.7155733394598,11,1,109.95,SYNTHETIC
2026-02-10T11:30:00,12004,Shatabdi,0,ALJN,CNB,308.6,209.0,205.0,228.0,2.8272319580077454,73.37444597098361,11,1,248.18,SYNTHETIC
2026-02-10T11:45:00,12951,Rajdhani,1,BRC,RTM,261.0,197.0,193.0,215.0,6.95882188969512,78.10893307307535,11,1,200.03,SYNTHETIC
2026-02-10T12:00:00,12004,Shatabdi,0,GZB,ALJN,106.3,59.0,57.0,68.0,3.60153245518221,117.9523248176057,12,1,64.39,SYNTHETIC
2026-02-10T12:15:00,12951,Rajdhani,1,BCT,ST,263.0,162.0,158.0,172.0,0.5162478836022002,125.14352190480504,12,1,156.92,SYNTHETIC
2026-02-10T12:30:00,12951,Rajdhani,1,KOTA,MTJ,324.0,195.0,190.0,212.0,2.874797669088048,112.5084642549095,12,1,188.68,SYNTHETIC
2026-02-10T12:45:00,12951,Rajdhani,1,KOTA,MTJ,324.0,195.0,190.0,212.0,-1.8184154273493713,96.56894140162794,12,1,195.38,SYNTHETIC
2026-02-10T13:00:00,12951,Rajdhani,1,BCT,ST,263.0,162.0,158.0,172.0,2.6731575544213397,110.56364061348958,13,1,155.86,SYNTHETIC
2026-02-10T13:15:00,12951,Rajdhani,1,ST,BRC,129.0,81.0,79.0,90.0,-0.269009679420948,111.51304399607181,13,1,74.76,SYNTHETIC
2026-02-10T13:30:00,12004,Shatabdi,0,NDLS,GZB,24.5,38.0,36.0,42.0,1.030836538459444,41.00517183718862,13,1,41.89,SYNTHETIC
2026-02-10T13:45:00,12004,Shatabdi,0,CNB,LKO,71.6,75.0,72.0,85.0,4.480352555449496,43.945773975354484,13,1,81.4,SYNTHETIC
2026-02-10T14:00:00,12004,Shatabdi,0,CNB,LKO,71.6,75.0,72.0,85.0,7.688992215052387,59.055908521450334,14,1,76.64,SYNTHETIC
2026-02-10T14:15:00,12951,Rajdhani,1,BRC,RTM,261.0,197.0,193.0,215.0,11.165149754306416,81.40330926053136,14,1,187.78,SYNTHETIC
2026-02-10T14:30:00,12004,Shatabdi,0,NDLS,GZB,24.5,38.0,36.0,42.0,7.235757676793298,33.840142886012885,14,1,36.82,SYNTHETIC
2026-02-10T14:45:00,12004,Shatabdi,0,NDLS,GZB,24.5,38.0,36.0,42.0,-1.5581905681553363,30.0,14,1,37.25,SYNTHETIC
2026-02-10T15:00:00,12951,Rajdhani,1,BRC,RTM,261.0,197.0,193.0,215.0,-0.6374182039554297,76.96332781500489,15,1,190.38,SYNTHETIC
2026-02-10T15:15:00,12951,Rajdhani,1,BCT,ST,263.0,162.0,158.0,172.0,9.09100953804965,102.03647183400216,15,1,153.61,SYNTHETIC
2026-02-10T15:30:00,12951,Rajdhani,1,BRC,RTM,261.0,197.0,193.0,215.0,12.001524332045307,82.56202499963769,15,1,187.87,SYNTHETIC
2026-02-10T15:45:00,12951,Rajdhani,1,RTM,KOTA,266.0,157.0,154.0,170.0,0.6879555149115437,124.0667860710668,15,1,155.82,SYNTHETIC
2026-02-10T16:00:00,12951,Rajdhani,1,MTJ,NDLS,143.0,110.0,108.0,125.0,5.324367106244279,77.14728850999329,16,1,102.77,SYNTHETIC
2026-02-10T16:15:00,12951,Rajdhani,1,ST,BRC,129.0,81.0,79.0,90.0,-0.8136300624507022,96.70942913132644,16,1,84.56,SYNTHETIC
2026-02-10T16:30:00,12951,Rajdhani,1,BCT,ST,263.0,162.0,158.0,172.0,-1.609718881163009,92.17114789041757,16,1,159.63,SYNTHETIC
2026-02-10T16:45:00,12004,Shatabdi,0,GZB,ALJN,106.3,59.0,57.0,68.0,-0.29585864305482534,106.5569034199117,16,1,65.11,SYNTHETIC
2026-02-10T17:00:00,12004,Shatabdi,0,GZB,ALJN,106.3,59.0,57.0,68.0,9.415314944372113,105.69209387542847,17,1,66.33,SYNTHETIC
2026-02-10T17:15:00,12951,Rajdhani,1,RTM,KOTA,266.0,157.0,154.0,170.0,3.9433580918638302,101.19236528098853,17,1,164.71,SYNTHETIC
2026-02-10T17:30:00,12004,Shatabdi,0,ALJN,CNB,308.6,209.0,205.0,228.0,-1.061114872961171,98.28647509052352,17,1,247.29,SYNTHETIC
2026-02-10T17:45:00,12004,Shatabdi,0,ALJN,CNB,308.6,209.0,205.0,228.0,-0.8029613543153185,87.94768120543506,17,1,234.98,SYNTHETIC
2026-02-10T18:00:00,12004,Shatabdi,0,GZB,ALJN,106.3,59.0,57.0,68.0,2.2594272255059673,99.30703529301442,18,1,66.24,SYNTHETIC
2026-02-10T18:15:00,12951,Rajdhani,1,KOTA,MTJ,324.0,195.0,190.0,212.0,3.199699002831845,100.60366443586311,18,1,204.28,SYNTHETIC
2026-02-10T18:30:00,12004,Shatabdi,0,CNB,LKO,71.6,75.0,72.0,85.0,10.998470531007726,71.76084967682294,18,1,81.91,SYNTHETIC
2026-02-10T18:45:00,12951,Rajdhani,1,BRC,RTM,261.0,197.0,193.0,215.0,-0.36304212710619255,89.29895626290184,18,1,206.51,SYNTHETIC
2026-02-10T19:00:00,12951,Rajdhani,1,ST,BRC,129.0,81.0,79.0,90.0,4.914714193513788,98.53614298381333,19,1,81.86,SYNTHETIC
2026-02-10T19:15:00,12004,Shatabdi,0,CNB,LKO,71.6,75.0,72.0,85.0,26.463702423748778,48.58109160723969,19,1,81.54,SYNTHETIC
2026-02-10T19:30:00,12004,Shatabdi,0,CNB,LKO,71.6,75.0,72.0,85.0,-0.4207589563080374,54.637317009238,19,1,86.83,SYNTHETIC
2026-02-10T19:45:00,12951,Rajdhani,1,KOTA,MTJ,324.0,195.0,190.0,212.0,3.5849526545671537,106.6462532597237,19,1,203.59,SYNTHETIC
2026-02-10T20:00:00,12951,Rajdhani,1,ST,BRC,129.0,81.0,79.0,90.0,-0.7052669734459283,104.13494063178051,20,1,84.34,SYNTHETIC
2026-02-10T20:15:00,12004,Shatabdi,0,ALJN,CNB,308.6,209.0,205.0,228.0,2.8203931825813475,83.97715310875127,20,1,243.46,SYNTHETIC
2026-02-10T20:30:00,12004,Shatabdi,0,GZB,ALJN,106.3,59.0,57.0,68.0,9.710024400399913,100.384895032867,20,1,67.88,SYNTHETIC
2026-02-10T20:45:00,12951,Rajdhani,1,MTJ,NDLS,143.0,110.0,108.0,125.0,-0.32563386971160124,78.22957339004033,20,1,114.66,SYNTHETIC
2026-02-10T21:00:00,12951,Rajdhani,1,MTJ,NDLS,143.0,110.0,108.0,125.0,9.371252657670519,67.64805010099761,21,1,110.22,SYNTHETIC
2026-02-10T21:15:00,12004,Shatabdi,0,CNB,LKO,71.6,75.0,72.0,85.0,15.767256232844034,41.16172814596568,21,1,82.09,SYNTHETIC
2026-02-10T21:30:00,12004,Shatabdi,0,NDLS,GZB,24.5,38.0,36.0,42.0,-1.437328261935274,50.22076508389906,21,1,42.23,SYNTHETIC
2026-02-10T21:45:00,12951,Rajdhani,1,ST,BRC,129.0,81.0,79.0,90.0,33.21693451117607,104.85623212408878,21,1,85.12,SYNTHETIC
2026-02-10T22:00:00,12951,Rajdhani,1,ST,BRC,129.0,81.0,79.0,90.0,2.3426892580442633,104.32409027915443,22,1,82.76,SYNTHETIC
2026-02-10T22:15:00,12004,Shatabdi,0,ALJN,CNB,308.6,209.0,205.0,228.0,5.418308996693165,85.75891729454985,22,1,211.27,SYNTHETIC
2026-02-10T22:30:00,12004,Shatabdi,0,ALJN,CNB,308.6,209.0,205.0,228.0,0.3120101099747026,97.56192154353124,22,1,228.14,SYNTHETIC
2026-02-10T22:45:00,12951,Rajdhani,1,ST,BRC,129.0,81.0,79.0,90.0,3.483833185547944,90.31265264085012,22,1,75.56,SYNTHETIC
2026-02-10T23:00:00,12951,Rajdhani,1,BRC,RTM,261.0,197.0,193.0,215.0,16.883533154607573,77.28872871144209,23,1,189.85,SYNTHETIC
2026-02-10T23:15:00,12951,Rajdhani,1,ST,BRC,129.0,81.0,79.0,90.0,-1.0313081471568526,100.00361733696505,23,1,78.16,SYNTHETIC
2026-02-10T23:30:00,12951,Rajdhani,1,RTM,KOTA,266.0,157.0,154.0,170.0,0.16082464119331386,93.3294969480496,23,1,154.53,SYNTHETIC
2026-02-10T23:45:00,12951,Rajdhani,1,KOTA,MTJ,324.0,195.0,190.0,212.0,8.051224703012013,87.55348467059024,23,1,185.63,SYNTHETIC
2026-02-11T00:00:00,12951,Rajdhani,1,ST,BRC,129.0,81.0,79.0,90.0,-1.7221132350944277,104.39589358306964,0,2,76.72,SYNTHETIC
2026-02-11T00:15:00,12004,Shatabdi,0,GZB,ALJN,106.3,59.0,57.0,68.0,-1.370931700364371,123.86622372581161,0,2,62.48,SYNTHETIC
2026-02-11T00:30:00,12951,Rajdhani,1,RTM,KOTA,266.0,157.0,154.0,170.0,-0.6932022546688443,112.5094532609611,0,2,154.1,SYNTHETIC
2026-02-11T00:45:00,12951,Rajdhani,1,BCT,ST,263.0,162.0,158.0,172.0,6.089668953923384,105.553737847403,0,2,156.55,SYNTHETIC
2026-02-11T01:00:00,12951,Rajdhani,1,MTJ,NDLS,143.0,110.0,108.0,125.0,-0.4379935967154709,72.478347602522,1,2,109.37,SYNTHETIC
2026-02-11T01:15:00,12004,Shatabdi,0,ALJN,CNB,308.6,209.0,205.0,228.0,-1.5313975583466175,83.04295683297103,1,2,220.86,SYNTHETIC
2026-02-11T01:30:00,12951,Rajdhani,1,BCT,ST,263.0,162.0,158.0,172.0,5.494148361917919,90.52164009036878,1,2,147.45,SYNTHETIC
2026-02-11T01:45:00,12004,Shatabdi,0,GZB,ALJN,106.3,59.0,57.0,68.0,10.797927762105225,109.99102218123598,1,2,58.08,SYNTHETIC
2026-02-11T02:00:00,12951,Rajdhani,1,MTJ,NDLS,143.0,110.0,108.0,125.0,-0.9163490409312423,93.20012835641776,2,2,102.45,SYNTHETIC
2026-02-11T02:15:00,12951,Rajdhani,1,KOTA,MTJ,324.0,195.0,190.0,212.0,5.154850811551437,86.09552569080887,2,2,176.84,SYNTHETIC
2026-02-11T02:30:00,12951,Rajdhani,1,BRC,RTM,261.0,197.0,193.0,215.0,0.4289171410570729,66.93353739256848,2,2,184.89,SYNTHETIC
2026-02-11T02:45:00,12951,Rajdhani,1,BRC,RTM,261.0,197.0,193.0,215.0,0.7665831252302393,87.65172609913598,2,2,185.56,SYNTHETIC
2026-02-11T03:00:00,12004,Shatabdi,0,GZB,ALJN,106.3,59.0,57.0,68.0,5.807121524049956,129.50484914544546,3,2,55.34,SYNTHETIC
2026-02-11T03:15:00,12951,Rajdhani,1,MTJ,NDLS,143.0,110.0,108.0,125.0,3.4560798009717386,68.34604955174537,3,2,100.67,SYNTHETIC
2026-02-11T03:30:00,12951,Rajdhani,1,ST,BRC,129.0,81.0,79.0,90.0,4.803883722553229,100.89791314851114,3,2,77.1,SYNTHETIC
2026-02-11T03:45:00,12004,Shatabdi,0,CNB,LKO,71.6,75.0,72.0,85.0,4.3344517247379155,67.09918772289717,3,2,77.31,SYNTHETIC
2026-02-11T04:00:00,12951,Rajdhani,1,RTM,KOTA,266.0,157.0,154.0,170.0,21.0651583548953,101.88162704986381,4,2,140.27,SYNTHETIC
2026-02-11T04:15:00,12951,Rajdhani,1,RTM,KOTA,266.0,157.0,154.0,170.0,1.7203239331223825,101.45667978675634,4,2,145.91,SYNTHETIC
2026-02-11T04:30:00,12004,Shatabdi,0,CNB,LKO,71.6,75.0,72.0,85.0,1.1609287387020135,57.245107219641255,4,2,79.22,SYNTHETIC
2026-02-11T04:45:00,12004,Shatabdi,0,NDLS,GZB,24.5,38.0,36.0,42.0,0.01019939562116523,30.0,4,2,40.69,SYNTHETIC
2026-02-11T05:00:00,12951,Rajdhani,1,MTJ,NDLS,143.0,110.0,108.0,125.0,0.4344377942151425,88.58653438843373,5,2,103.6,SYNTHETIC
2026-02-11T05:15:00,12951,Rajdhani,1,ST,BRC,129.0,81.0,79.0,90.0,-0.25982065115097264,103.27927144369418,5,2,73.97,SYNTHETIC
2026-02-11T05:30:00,12951,Rajdhani,1,BRC,RTM,261.0,197.0,193.0,215.0,10.597637231280196,90.71761268584648,5,2,180.8,SYNTHETIC
2026-02-11T05:45:00,12004,Shatabdi,0,GZB,ALJN,106.3,59.0,57.0,68.0,13.527348094097938,111.53330086989988,5,2,55.12,SYNTHETIC
2026-02-11T06:00:00,12951,Rajdhani,1,KOTA,MTJ,324.0,195.0,190.0,212.0,-0.32531434620001387,105.51807264017273,6,2,189.77,SYNTHETIC
2026-02-11T06:15:00,12951,Rajdhani,1,ST,BRC,129.0,81.0,79.0,90.0,3.7052630718849677,89.6999160316855,6,2,75.87,SYNTHETIC
2026-02-11T06:30:00,12951,Rajdhani,1,RTM,KOTA,266.0,157.0,154.0,170.0,10.980115894424525,112.49035739932219,6,2,145.34,SYNTHETIC
2026-02-11T06:45:00,12004,Shatabdi,0,NDLS,GZB,24.5,38.0,36.0,42.0,2.473515033776545,30.0,6,2,43.09,SYNTHETIC
2026-02-11T07:00:00,12951,Rajdhani,1,MTJ,NDLS,143.0,110.0,108.0,125.0,24.936057406797925,75.98989696826514,7,2,101.62,SYNTHETIC
2026-02-11T07:15:00,12951,Rajdhani,1,BRC,RTM,261.0,197.0,193.0,215.0,3.2566647981810863,82.1240416286721,7,2,195.69,SYNTHETIC
2026-02-11T07:30:00,12951,Rajdhani,1,ST,BRC,129.0,81.0,79.0,90.0,4.642546884905489,82.07277031176082,7,2,78.95,SYNTHETIC
2026-02-11T07:45:00,12951,Rajdhani,1,KOTA,MTJ,324.0,195.0,190.0,212.0,2.5493660928907413,104.883126724025,7,2,189.16,SYNTHETIC
2026-02-11T08:00:00,12951,Rajdhani,1,BCT,ST,263.0,162.0,158.0,172.0,-1.6836378190931702,116.0224769812372,8,2,173.79,SYNTHETIC
2026-02-11T08:15:00,12951,Rajdhani,1,RTM,KOTA,266.0,157.0,154.0,170.0,1.2002098274199522,107.67882963622813,8,2,164.79,SYNTHETIC
2026-02-11T08:30:00,12004,Shatabdi,0,ALJN,CNB,308.6,209.0,205.0,228.0,0.9790845315263188,78.5646067528426,8,2,243.19,SYNTHETIC
2026-02-11T08:45:00,12004,Shatabdi,0,NDLS,GZB,24.5,38.0,36.0,42.0,-0.3919615923168087,41.70157699629881,8,2,45.07,SYNTHETIC
2026-02-11T09:00:00,12004,Shatabdi,0,GZB,ALJN,106.3,59.0,57.0,68.0,-0.34775184229227385,121.97267255350172,9,2,66.43,SYNTHETIC
2026-02-11T09:15:00,12951,Rajdhani,1,BRC,RTM,261.0,197.0,193.0,215.0,3.2425096957626014,71.87472040822081,9,2,203.51,SYNTHETIC
2026-02-11T09:30:00,12004,Shatabdi,0,ALJN,CNB,308.6,209.0,205.0,228.0,3.834374868849098,95.43698121083513,9,2,241.93,SYNTHETIC
2026-02-11T09:45:00,12951,Rajdhani,1,ST,BRC,129.0,81.0,79.0,90.0,8.420799773410941,93.81049845525891,9,2,77.81,SYNTHETIC
2026-02-11T10:00:00,12004,Shatabdi,0,NDLS,GZB,24.5,38.0,36.0,42.0,8.53388920766634,33.198602104430414,10,2,42.81,SYNTHETIC
2026-02-11T10:15:00,12951,Rajdhani,1,ST,BRC,129.0,81.0,79.0,90.0,3.869315877048421,96.14016500552015,10,2,85.44,SYNTHETIC
2026-02-11T10:30:00,12951,Rajdhani,1,MTJ,NDLS,143.0,110.0,108.0,125.0,14.658372862433588,84.52720875634542,10,2,115.24,SYNTHETIC
2026-02-11T10:45:00,12951,Rajdhani,1,RTM,KOTA,266.0,157.0,154.0,170.0,2.537864805860197,101.21145587011353,10,2,164.62,SYNTHETIC
2026-02-11T11:00:00,12004,Shatabdi,0,CNB,LKO,71.6,75.0,72.0,85.0,0.43265098676162994,80.27008210503499,11,2,82.26,SYNTHETIC
2026-02-11T11:15:00,12951,Rajdhani,1,BCT,ST,263.0,162.0,158.0,172.0,0.8797497861524195,115.65905679668595,11,2,172.13,SYNTHETIC
2026-02-11T11:30:00,12951,Rajdhani,1,BRC,RTM,261.0,197.0,193.0,215.0,-1.59843005043905,83.4500505188194,11,2,202.61,SYNTHETIC
2026-02-11T11:45:00,12951,Rajdhani,1,MTJ,NDLS,143.0,110.0,108.0,125.0,-1.4582411311126768,86.83641212183521,11,2,114.01,SYNTHETIC
2026-02-11T12:00:00,12951,Rajdhani,1,MTJ,NDLS,143.0,110.0,108.0,125.0,1.4576826008259944,82.50660124225794,12,2,105.67,SYNTHETIC
2026-02-11T12:15:00,12004,Shatabdi,0,ALJN,CNB,308.6,209.0,205.0,228.0,-1.8339987605690145,93.06709109444503,12,2,227.41,SYNTHETIC
2026-02-11T12:30:00,12004,Shatabdi,0,ALJN,CNB,308.6,209.0,205.0,228.0,6.6015943266477315,99.1078261518059,12,2,219.24,SYNTHETIC
2026-02-11T12:45:00,12951,Rajdhani,1,BCT,ST,263.0,162.0,158.0,172.0,1.2736449431408623,104.74018458221119,12,2,159.8,SYNTHETIC
2026-02-11T13:00:00,12951,Rajdhani,1,BRC,RTM,261.0,197.0,193.0,215.0,3.5869910392389714,68.53263157206337,13,2,191.18,SYNTHETIC
2026-02-11T13:15:00,12951,Rajdhani,1,KOTA,MTJ,324.0,195.0,190.0,212.0,-0.9776031838056347,105.7443241315007,13,2,195.46,SYNTHETIC
2026-02-11T13:30:00,12951,Rajdhani,1,BCT,ST,263.0,162.0,158.0,172.0,24.65628277663933,96.28399826845613,13,2,160.29,SYNTHETIC
2026-02-11T13:45:00,12951,Rajdhani,1,MTJ,NDLS,143.0,110.0,108.0,125.0,1.5561428083899127,80.77409340487087,13,2,108.64,SYNTHETIC
2026-02-11T14:00:00,12004,Shatabdi,0,GZB,ALJN,106.3,59.0,57.0,68.0,-0.2541205939360216,118.92967206921698,14,2,64.91,SYNTHETIC
2026-02-11T14:15:00,12951,Rajdhani,1,ST,BRC,129.0,81.0,79.0,90.0,3.6199140574040047,73.92724557900571,14,2,79.05,SYNTHETIC
2026-02-11T14:30:00,12951,Rajdhani,1,ST,BRC,129.0,81.0,79.0,90.0,1.7782276000958745,98.89414757790124,14,2,74.86,SYNTHETIC
2026-02-11T14:45:00,12004,Shatabdi,0,CNB,LKO,71.6,75.0,72.0,85.0,6.540715841102648,76.4041042065009,14,2,80.79,SYNTHETIC
2026-02-11T15:00:00,12951,Rajdhani,1,BRC,RTM,261.0,197.0,193.0,215.0,5.9468420270807645,77.63781744416276,15,2,193.35,SYNTHETIC
2026-02-11T15:15:00,12004,Shatabdi,0,GZB,ALJN,106.3,59.0,57.0,68.0,0.5735440713896502,116.64077607245287,15,2,64.51,SYNTHETIC
2026-02-11T15:30:00,12951,Rajdhani,1,MTJ,NDLS,143.0,110.0,108.0,125.0,13.396994569377936,83.944950819511,15,2,102.63,SYNTHETIC
2026-02-11T15:45:00,12951,Rajdhani,1,BRC,RTM,261.0,197.0,193.0,215.0,3.4759981169702616,78.020743816731,15,2,192.15,SYNTHETIC
2026-02-11T16:00:00,12004,Shatabdi,0,ALJN,CNB,308.6,209.0,205.0,228.0,2.532932512665872,81.23730784428443,16,2,220.22,SYNTHETIC
2026-02-11T16:15:00,12951,Rajdhani,1,RTM,KOTA,266.0,157.0,154.0,170.0,-0.16071956311927105,87.97107867513958,16,2,158.83,SYNTHETIC
2026-02-11T16:30:00,12004,Shatabdi,0,CNB,LKO,71.6,75.0,72.0,85.0,22.59558133988888,48.97222680271109,16,2,75.59,SYNTHETIC
2026-02-11T16:45:00,12004,Shatabdi,0,CNB,LKO,71.6,75.0,72.0,85.0,9.35995274801111,58.44356784480556,16,2,77.52,SYNTHETIC
2026-02-11T17:00:00,12951,Rajdhani,1,ST,BRC,129.0,81.0,79.0,90.0,0.8205876656453679,95.9527801904276,17,2,82.64,SYNTHETIC
2026-02-11T17:15:00,12951,Rajdhani,1,BCT,ST,263.0,162.0,158.0,172.0,0.47987675342693104,121.90348234923604,17,2,165.56,SYNTHETIC
2026-02-11T17:30:00,12951,Rajdhani,1,ST,BRC,129.0,81.0,79.0,90.0,0.21209857496322737,100.57886961201476,17,2,87.71,SYNTHETIC
2026-02-11T17:45:00,12004,Shatabdi,0,CNB,LKO,71.6,75.0,72.0,85.0,-1.3670121912436268,64.6281672230752,17,2,82.31,SYNTHETIC
2026-02-11T18:00:00,12004,Shatabdi,0,ALJN,CNB,308.6,209.0,205.0,228.0,0.5168794840582618,80.37389028341434,18,2,244.83,SYNTHETIC
2026-02-11T18:15:00,12951,Rajdhani,1,BCT,ST,263.0,162.0,158.0,172.0,1.9920042453111924,92.41129587498546,18,2,173.94,SYNTHETIC
2026-02-11T18:30:00,12951,Rajdhani,1,RTM,KOTA,266.0,157.0,154.0,170.0,1.2870004440894531,111.57220481305507,18,2,164.83,SYNTHETIC
2026-02-11T18:45:00,12951,Rajdhani,1,MTJ,NDLS,143.0,110.0,108.0,125.0,1.2377710831723965,86.7938041869876,18,2,113.3,SYNTHETIC
2026-02-11T19:00:00,12004,Shatabdi,0,CNB,LKO,71.6,75.0,72.0,85.0,0.6738761045041177,55.46853775557199,19,2,85.56,SYNTHETIC
2026-02-11T19:15:00,12951,Rajdhani,1,BRC,RTM,261.0,197.0,193.0,215.0,0.3266566185762487,93.81263283624082,19,2,206.09,SYNTHETIC
2026-02-11T19:30:00,12951,Rajdhani,1,MTJ,NDLS,143.0,110.0,108.0,125.0,6.783300083016011,57.73147145576109,19,2,116.8,SYNTHETIC
2026-02-11T19:45:00,12951,Rajdhani,1,ST,BRC,129.0,81.0,79.0,90.0,-1.5683362218569905,89.65776065110413,19,2,78.35,SYNTHETIC
2026-02-11T20:00:00,12951,Rajdhani,1,KOTA,MTJ,324.0,195.0,190.0,212.0,3.0780664031076235,78.75496567070586,20,2,200.64,SYNTHETIC
2026-02-11T20:15:00,12004,Shatabdi,0,ALJN,CNB,308.6,209.0,205.0,228.0,-1.6723150246789658,84.20366305211317,20,2,239.83,SYNTHETIC
2026-02-11T20:30:00,12004,Shatabdi,0,CNB,LKO,71.6,75.0,72.0,85.0,-0.5568262140323106,50.96745939021632,20,2,85.04,SYNTHETIC
2026-02-11T20:45:00,12004,Shatabdi,0,NDLS,GZB,24.5,38.0,36.0,42.0,9.778173790649497,41.59416584148196,20,2,42.72,SYNTHETIC
2026-02-11T21:00:00,12951,Rajdhani,1,MTJ,NDLS,143.0,110.0,108.0,125.0,7.1240176334271474,59.96669335919784,21,2,112.58,SYNTHETIC
2026-02-11T21:15:00,12951,Rajdhani,1,ST,BRC,129.0,81.0,79.0,90.0,2.448991866381041,94.58255235360424,21,2,80.46,SYNTHETIC
2026-02-11T21:30:00,12004,Shatabdi,0,CNB,LKO,71.6,75.0,72.0,85.0,4.460554602524658,75.69770269856978,21,2,87.57,SYNTHETIC
2026-02-11T21:45:00,12004,Shatabdi,0,NDLS,GZB,24.5,38.0,36.0,42.0,-0.6595184952475095,39.96738956695139,21,2,41.34,SYNTHETIC
2026-02-11T22:00:00,12004,Shatabdi,0,ALJN,CNB,308.6,209.0,205.0,228.0,0.017961983273510285,83.77049147133677,22,2,232.55,SYNTHETIC
2026-02-11T22:15:00,12004,Shatabdi,0,CNB,LKO,71.6,75.0,72.0,85.0,-0.4045291317183295,63.45140483323257,22,2,81.93,SYNTHETIC
2026-02-11T22:30:00,12951,Rajdhani,1,ST,BRC,129.0,81.0,79.0,90.0,-1.4703553652021455,99.4931590407195,22,2,76.94,SYNTHETIC
2026-02-11T22:45:00,12951,Rajdhani,1,KOTA,MTJ,324.0,195.0,190.0,212.0,17.4476687417244,98.79398499248835,22,2,184.09,SYNTHETIC
2026-02-11T23:00:00,12951,Rajdhani,1,KOTA,MTJ,324.0,195.0,190.0,212.0,11.816322021158754,104.7185027013197,23,2,184.61,SYNTHETIC
2026-02-11T23:15:00,12004,Shatabdi,0,NDLS,GZB,24.5,38.0,36.0,42.0,-1.5998743185767643,30.0,23,2,38.62,SYNTHETIC
2026-02-11T23:30:00,12004,Shatabdi,0,GZB,ALJN,106.3,59.0,57.0,68.0,4.298429149564937,108.46349971355232,23,2,63.24,SYNTHETIC
2026-02-11T23:45:00,12951,Rajdhani,1,KOTA,MTJ,324.0,195.0,190.0,212.0,4.423879590702823,87.74305289168969,23,2,195.18,SYNTHETIC
2026-02-12T00:00:00,12004,Shatabdi,0,GZB,ALJN,106.3,59.0,57.0,68.0,-0.940944605015186,100.45990180592263,0,3,65.57,SYNTHETIC
2026-02-12T00:15:00,12951,Rajdhani,1,KOTA,MTJ,324.0,195.0,190.0,212.0,6.70405625102363,100.42597702855798,0,3,184.78,SYNTHETIC
2026-02-12T00:30:00,12951,Rajdhani,1,RTM,KOTA,266.0,157.0,154.0,170.0,12.624775080625414,85.40751772666847,0,3,150.21,SYNTHETIC
2026-02-12T00:45:00,12951,Rajdhani,1,BCT,ST,263.0,162.0,158.0,172.0,0.6299526877243116,91.26594448950405,0,3,159.69,SYNTHETIC
2026-02-12T01:00:00,12951,Rajdhani,1,BCT,ST,263.0,162.0,158.0,172.0,4.541897816496322,97.79119062539147,1,3,150.07,SYNTHETIC
2026-02-12T01:15:00,12004,Shatabdi,0,GZB,ALJN,106.3,59.0,57.0,68.0,5.3763857861871305,108.57245017457403,1,3,60.67,SYNTHETIC
2026-02-12T01:30:00,12004,Shatabdi,0,NDLS,GZB,24.5,38.0,36.0,42.0,-1.8627119001644394,54.84110609528985,1,3,40.05,SYNTHETIC
2026-02-12T01:45:00,12004,Shatabdi,0,ALJN,CNB,308.6,209.0,205.0,228.0,-1.9790127858784659,99.5115995041884,1,3,219.95,SYNTHETIC
2026-02-12T02:00:00,12951,Rajdhani,1,BRC,RTM,261.0,197.0,193.0,215.0,-1.724569004015883,60.81016089068501,2,3,189.45,SYNTHETIC
2026-02-12T02:15:00,12951,Rajdhani,1,BRC,RTM,261.0,197.0,193.0,215.0,-0.7635186949210073,72.47703428251394,2,3,189.25,SYNTHETIC
2026-02-12T02:30:00,12951,Rajdhani,1,MTJ,NDLS,143.0,110.0,108.0,125.0,-1.144032483816794,93.74474833365814,2,3,104.28,SYNTHETIC
2026-02-12T02:45:00,12004,Shatabdi,0,ALJN,CNB,308.6,209.0,205.0,228.0,12.155509284841527,72.66372585633826,2,3,210.69,SYNTHETIC
2026-02-12T03:00:00,12004,Shatabdi,0,CNB,LKO,71.6,75.0,72.0,85.0,2.947044304259536,61.07795017863421,3,3,74.72,SYNTHETIC
2026-02-12T03:15:00,12951,Rajdhani,1,BRC,RTM,261.0,197.0,193.0,215.0,4.915200477764243,80.61385489629653,3,3,183.49,SYNTHETIC
2026-02-12T03:30:00,12951,Rajdhani,1,ST,BRC,129.0,81.0,79.0,90.0,2.1282015061202166,106.20715856142898,3,3,77.5,SYNTHETIC
2026-02-12T03:45:00,12004,Shatabdi,0,ALJN,CNB,308.6,209.0,205.0,228.0,0.4580179334044594,87.72727021963318,3,3,216.76,SYNTHETIC
2026-02-12T04:00:00,12951,Rajdhani,1,MTJ,NDLS,143.0,110.0,108.0,125.0,6.653004658644431,79.14294010154781,4,3,98.11,SYNTHETIC
2026-02-12T04:15:00,12951,Rajdhani,1,KOTA,MTJ,324.0,195.0,190.0,212.0,2.6001035831042696,102.01609523298912,4,3,185.82,SYNTHETIC
2026-02-12T04:30:00,12951,Rajdhani,1,MTJ,NDLS,143.0,110.0,108.0,125.0,7.633833534573791,98.99145493652243,4,3,99.45,SYNTHETIC
2026-02-12T04:45:00,12951,Rajdhani,1,KOTA,MTJ,324.0,195.0,190.0,212.0,2.0972693373357227,97.84215998207206,4,3,184.96,SYNTHETIC
2026-02-12T05:00:00,12951,Rajdhani,1,MTJ,NDLS,143.0,110.0,108.0,125.0,5.014353974671047,95.08405781304148,5,3,97.95,SYNTHETIC
2026-02-12T05:15:00,12951,Rajdhani,1,BCT,ST,263.0,162.0,158.0,172.0,-1.051968629697214,104.49594101444947,5,3,154.82,SYNTHETIC
2026-02-12T05:30:00,12951,Rajdhani,1,BCT,ST,263.0,162.0,158.0,172.0,0.6499931285936755,97.19831515385361,5,3,153.28,SYNTHETIC
2026-02-12T05:45:00,12951,Rajdhani,1,KOTA,MTJ,324.0,195.0,190.0,212.0,0.08668880715981242,101.82456224745832,5,3,183.53,SYNTHETIC
2026-02-12T06:00:00,12951,Rajdhani,1,BRC,RTM,261.0,197.0,193.0,215.0,8.222339265445378,78.50478258347329,6,3,185.78,SYNTHETIC
2026-02-12T06:15:00,12004,Shatabdi,0,CNB,LKO,71.6,75.0,72.0,85.0,7.607335698155245,67.0226758166021,6,3,76.2,SYNTHETIC
2026-02-12T06:30:00,12951,Rajdhani,1,BCT,ST,263.0,162.0,158.0,172.0,4.92340648672667,103.1001240289391,6,3,161.32,SYNTHETIC
2026-02-12T06:45:00,12951,Rajdhani,1,KOTA,MTJ,324.0,195.0,190.0,212.0,-0.15931156528481782,107.45628866616923,6,3,184.54,SYNTHETIC
2026-02-12T07:00:00,12004,Shatabdi,0,CNB,LKO,71.6,75.0,72.0,85.0,-1.4129239390493185,47.6513127192738,7,3,73.94,SYNTHETIC
2026-02-12T07:15:00,12951,Rajdhani,1,KOTA,MTJ,324.0,195.0,190.0,212.0,1.2204315946954685,100.71934387083334,7,3,190.3,SYNTHETIC
2026-02-12T07:30:00,12951,Rajdhani,1,BRC,RTM,261.0,197.0,193.0,215.0,0.12892485212828841,96.34590539068911,7,3,196.79,SYNTHETIC
2026-02-12T07:45:00,12951,Rajdhani,1,KOTA,MTJ,324.0,195.0,190.0,212.0,-0.5988073848668047,110.81583215338016,7,3,191.81,SYNTHETIC
2026-02-12T08:00:00,12004,Shatabdi,0,GZB,ALJN,106.3,59.0,57.0,68.0,-0.2841733223003877,117.15019364400611,8,3,64.39,SYNTHETIC
2026-02-12T08:15:00,12951,Rajdhani,1,RTM,KOTA,266.0,157.0,154.0,170.0,-0.7741566918410783,108.05819985039051,8,3,165.41,SYNTHETIC
2026-02-12T08:30:00,12951,Rajdhani,1,ST,BRC,129.0,81.0,79.0,90.0,3.865922025817307,91.10423288475072,8,3,83.62,SYNTHETIC
2026-02-12T08:45:00,12004,Shatabdi,0,NDLS,GZB,24.5,38.0,36.0,42.0,-0.8734017894607169,53.40855416721532,8,3,46.56,SYNTHETIC
2026-02-12T09:00:00,12951,Rajdhani,1,MTJ,NDLS,143.0,110.0,108.0,125.0,-0.31466061467341255,83.77259071118783,9,3,110.86,SYNTHETIC
2026-02-12T09:15:00,12951,Rajdhani,1,MTJ,NDLS,143.0,110.0,108.0,125.0,16.79716414139295,88.63950336488836,9,3,119.22,SYNTHETIC
2026-02-12T09:30:00,12951,Rajdhani,1,ST,BRC,129.0,81.0,79.0,90.0,8.638815714615214,78.13836881533997,9,3,85.19,SYNTHETIC
2026-02-12T09:45:00,12951,Rajdhani,1,ST,BRC,129.0,81.0,79.0,90.0,24.060875493062447,105.97500844257009,9,3,81.52,SYNTHETIC
2026-02-12T10:00:00,12951,Rajdhani,1,ST,BRC,129.0,81.0,79.0,90.0,13.14298453130262,90.17927977723488,10,3,80.25,SYNTHETIC
2026-02-12T10:15:00,12004,Shatabdi,0,GZB,ALJN,106.3,59.0,57.0,68.0,-1.4689742680275995,101.69343794948857,10,3,69.49,SYNTHETIC
2026-02-12T10:30:00,12004,Shatabdi,0,ALJN,CNB,308.6,209.0,205.0,228.0,-1.7923485426382753,108.47317744500683,10,3,235.9,SYNTHETIC
2026-02-12T10:45:00,12951,Rajdhani,1,MTJ,NDLS,143.0,110.0,108.0,125.0,-1.3896649289704064,74.57443888553672,10,3,116.06,SYNTHETIC
2026-02-12T11:00:00,12951,Rajdhani,1,BRC,RTM,261.0,197.0,193.0,215.0,-1.9917988423868107,90.11472137956572,11,3,198.4,SYNTHETIC
2026-02-12T11:15:00,12951,Rajdhani,1,ST,BRC,129.0,81.0,79.0,90.0,10.354377681257853,89.9113713555077,11,3,85.97,SYNTHETIC
2026-02-12T11:30:00,12951,Rajdhani,1,BRC,RTM,261.0,197.0,193.0,215.0,16.103628319661127,47.83203622911066,11,3,202.11,SYNTHETIC
2026-02-12T11:45:00,12004,Shatabdi,0,CNB,LKO,71.6,75.0,72.0,85.0,5.766388317146964,64.11103418279254,11,3,74.6,SYNTHETIC
2026-02-12T12:00:00,12951,Rajdhani,1,ST,BRC,129.0,81.0,79.0,90.0,10.124120388442396,112.16372423905564,12,3,78.23,SYNTHETIC
2026-02-12T12:15:00,12004,Shatabdi,0,ALJN,CNB,308.6,209.0,205.0,228.0,4.19760922180477,86.50133634596502,12,3,222.51,SYNTHETIC
2026-02-12T12:30:00,12004,Shatabdi,0,NDLS,GZB,24.5,38.0,36.0,42.0,2.925071172431328,50.99976540649216,12,3,37.18,SYNTHETIC
2026-02-12T12:45:00,12004,Shatabdi,0,CNB,LKO,71.6,75.0,72.0,85.0,0.41230875413059564,55.83463431828828,12,3,78.4,SYNTHETIC
2026-02-12T13:00:00,12951,Rajdhani,1,KOTA,MTJ,324.0,195.0,190.0,212.0,0.8400536472441722,101.67954880516068,13,3,187.4,SYNTHETIC
2026-02-12T13:15:00,12951,Rajdhani,1,RTM,KOTA,266.0,157.0,154.0,170.0,0.875361575299741,105.25231682368087,13,3,157.86,SYNTHETIC
2026-02-12T13:30:00,12951,Rajdhani,1,MTJ,NDLS,143.0,110.0,108.0,125.0,4.286170195261969,75.87673380906534,13,3,107.59,SYNTHETIC
2026-02-12T13:45:00,12004,Shatabdi,0,CNB,LKO,71.6,75.0,72.0,85.0,22.802596754769922,60.83221952950392,13,3,71.62,SYNTHETIC
2026-02-12T14:00:00,12951,Rajdhani,1,KOTA,MTJ,324.0,195.0,190.0,212.0,0.11792419003412435,100.38797446893342,14,3,192.5,SYNTHETIC
2026-02-12T14:15:00,12004,Shatabdi,0,GZB,ALJN,106.3,59.0,57.0,68.0,6.429125985703411,104.09929208851149,14,3,62.49,SYNTHETIC
2026-02-12T14:30:00,12004,Shatabdi,0,ALJN,CNB,308.6,209.0,205.0,228.0,-0.5186038880060613,95.66015192203122,14,3,228.53,SYNTHETIC
2026-02-12T14:45:00,12951,Rajdhani,1,KOTA,MTJ,324.0,195.0,190.0,212.0,7.149637509716214,100.49633509026003,14,3,186.09,SYNTHETIC
2026-02-12T15:00:00,12951,Rajdhani,1,RTM,KOTA,266.0,157.0,154.0,170.0,4.710540822936057,82.07301786180987,15,3,156.37,SYNTHETIC
2026-02-12T15:15:00,12951,Rajdhani,1,ST,BRC,129.0,81.0,79.0,90.0,-1.9809659558334793,101.09953352627684,15,3,73.66,SYNTHETIC
2026-02-12T15:30:00,12004,Shatabdi,0,NDLS,GZB,24.5,38.0,36.0,42.0,12.307102197490375,37.5743571544746,15,3,45.79,SYNTHETIC
2026-02-12T15:45:00,12951,Rajdhani,1,ST,BRC,129.0,81.0,79.0,90.0,-0.623375918904536,105.12121125968171,15,3,77.78,SYNTHETIC
2026-02-12T16:00:00,12004,Shatabdi,0,CNB,LKO,71.6,75.0,72.0,85.0,1.9123418994561088,56.60726812877817,16,3,72.86,SYNTHETIC
2026-02-12T16:15:00,12951,Rajdhani,1,MTJ,NDLS,143.0,110.0,108.0,125.0,-1.9065107669783183,76.25471959141238,16,3,106.53,SYNTHETIC
2026-02-12T16:30:00,12951,Rajdhani,1,MTJ,NDLS,143.0,110.0,108.0,125.0,0.1624252274743947,80.42524894724238,16,3,111.09,SYNTHETIC
2026-02-12T16:45:00,12004,Shatabdi,0,ALJN,CNB,308.6,209.0,205.0,228.0,5.251296802380876,86.00443946920092,16,3,214.68,SYNTHETIC
2026-02-12T17:00:00,12951,Rajdhani,1,BCT,ST,263.0,162.0,158.0,172.0,0.3583783923378214,120.898758186955,17,3,168.58,SYNTHETIC
2026-02-12T17:15:00,12951,Rajdhani,1,BCT,ST,263.0,162.0,158.0,172.0,0.112650664700773,101.63319861157514,17,3,162.8,SYNTHETIC
2026-02-12T17:30:00,12004,Shatabdi,0,CNB,LKO,71.6,75.0,72.0,85.0,3.6643117421459728,57.627831976868116,17,3,87.2,SYNTHETIC
2026-02-12T17:45:00,12004,Shatabdi,0,NDLS,GZB,24.5,38.0,36.0,42.0,13.798194708433261,52.607384778631385,17,3,40.26,SYNTHETIC
2026-02-12T18:00:00,12004,Shatabdi,0,GZB,ALJN,106.3,59.0,57.0,68.0,-0.8435070505558291,130.0,18,3,66.68,SYNTHETIC
2026-02-12T18:15:00,12951,Rajdhani,1,BCT,ST,263.0,162.0,158.0,172.0,-1.1979255295378355,102.01561081295172,18,3,169.32,SYNTHETIC
2026-02-12T18:30:00,12004,Shatabdi,0,ALJN,CNB,308.6,209.0,205.0,228.0,14.863153560827094,82.11327854541425,18,3,236.96,SYNTHETIC
2026-02-12T18:45:00,12004,Shatabdi,0,NDLS,GZB,24.5,38.0,36.0,42.0,10.828309212239919,43.09004299296521,18,3,41.43,SYNTHETIC
2026-02-12T19:00:00,12004,Shatabdi,0,CNB,LKO,71.6,75.0,72.0,85.0,-1.8455742333941205,56.25285430519757,19,3,86.61,SYNTHETIC
2026-02-12T19:15:00,12951,Rajdhani,1,BRC,RTM,261.0,197.0,193.0,215.0,-1.0426203677660295,98.98625244255473,19,3,210.5,SYNTHETIC
2026-02-12T19:30:00,12951,Rajdhani,1,MTJ,NDLS,143.0,110.0,108.0,125.0,10.997276295768284,64.68537112331794,19,3,117.52,SYNTHETIC
2026-02-12T19:45:00,12004,Shatabdi,0,ALJN,CNB,308.6,209.0,205.0,228.0,27.550025408117342,114.57607713755112,19,3,246.29,SYNTHETIC
2026-02-12T20:00:00,12004,Shatabdi,0,CNB,LKO,71.6,75.0,72.0,85.0,-0.4833272907686772,61.13414138871892,20,3,84.6,SYNTHETIC
2026-02-12T20:15:00,12004,Shatabdi,0,CNB,LKO,71.6,75.0,72.0,85.0,11.108022353759884,54.906566666458154,20,3,80.42,SYNTHETIC
2026-02-12T20:30:00,12951,Rajdhani,1,KOTA,MTJ,324.0,195.0,190.0,212.0,3.2652280096490447,116.281767935916,20,3,202.23,SYNTHETIC
2026-02-12T20:45:00,12004,Shatabdi,0,NDLS,GZB,24.5,38.0,36.0,42.0,-1.845431999809885,42.306427383131386,20,3,43.09,SYNTHETIC
2026-02-12T21:00:00,12951,Rajdhani,1,RTM,KOTA,266.0,157.0,154.0,170.0,3.3916363323769794,105.82253870517363,21,3,164.74,SYNTHETIC
2026-02-12T21:15:00,12004,Shatabdi,0,NDLS,GZB,24.5,38.0,36.0,42.0,8.079929148605363,30.0,21,3,43.5,SYNTHETIC
2026-02-12T21:30:00,12004,Shatabdi,0,NDLS,GZB,24.5,38.0,36.0,42.0,-1.351345821642652,36.1290588053517,21,3,42.36,SYNTHETIC
2026-02-12T21:45:00,12004,Shatabdi,0,NDLS,GZB,24.5,38.0,36.0,42.0,13.655793032450305,53.332298358793196,21,3,38.87,SYNTHETIC
2026-02-12T22:00:00,12951,Rajdhani,1,RTM,KOTA,266.0,157.0,154.0,170.0,10.56862101851053,95.31147999986908,22,3,154.73,SYNTHETIC
2026-02-12T22:15:00,12951,Rajdhani,1,RTM,KOTA,266.0,157.0,154.0,170.0,11.813502081937898,93.72194079240205,22,3,146.74,SYNTHETIC
2026-02-12T22:30:00,12951,Rajdhani,1,BCT,ST,263.0,162.0,158.0,172.0,-1.5886559536866711,88.49370192735327,22,3,154.59,SYNTHETIC
2026-02-12T22:45:00,12951,Rajdhani,1,KOTA,MTJ,324.0,195.0,190.0,212.0,12.653366020672681,122.00919284188015,22,3,185.96,SYNTHETIC
2026-02-12T23:00:00,12004,Shatabdi,0,NDLS,GZB,24.5,38.0,36.0,42.0,3.539327940805199,44.16369017595314,23,3,46.34,SYNTHETIC
2026-02-12T23:15:00,12951,Rajdhani,1,BCT,ST,263.0,162.0,158.0,172.0,-1.01807083724738,94.4802884854092,23,3,160.81,SYNTHETIC
2026-02-12T23:30:00,12951,Rajdhani,1,BCT,ST,263.0,162.0,158.0,172.0,9.638502046316722,114.4381324995735,23,3,150.66,SYNTHETIC
2026-02-12T23:45:00,12951,Rajdhani,1,RTM,KOTA,266.0,157.0,154.0,170.0,7.334198203561945,110.08221256707678,23,3,149.6,SYNTHETIC
2026-02-13T00:00:00,12951,Rajdhani,1,RTM,KOTA,266.0,157.0,154.0,170.0,0.4674167964081386,111.76895930507325,0,4,154.63,SYNTHETIC
2026-02-13T00:15:00,12004,Shatabdi,0,GZB,ALJN,106.3,59.0,57.0,68.0,1.054891351659832,105.68338885414285,0,4,60.52,SYNTHETIC
2026-02-13T00:30:00,12951,Rajdhani,1,ST,BRC,129.0,81.0,79.0,90.0,7.082620866772148,99.90506429105368,0,4,77.77,SYNTHETIC
2026-02-13T00:45:00,12951,Rajdhani,1,ST,BRC,129.0,81.0,79.0,90.0,2.4566434260278767,103.37813268966798,0,4,77.7,SYNTHETIC
2026-02-13T01:00:00,12951,Rajdhani,1,ST,BRC,129.0,81.0,79.0,90.0,3.329246443984517,106.57163405728146,1,4,72.55,SYNTHETIC
2026-02-13T01:15:00,12951,Rajdhani,1,BCT,ST,263.0,162.0,158.0,172.0,9.150424640312618,91.73369976261388,1,4,145.11,SYNTHETIC
2026-02-13T01:30:00,12951,Rajdhani,1,RTM,KOTA,266.0,157.0,154.0,170.0,-1.279940970865841,103.54044221049986,1,4,148.57,SYNTHETIC
2026-02-13T01:45:00,12951,Rajdhani,1,RTM,KOTA,266.0,157.0,154.0,170.0,10.533165729045361,89.7709570715041,1,4,139.57,SYNTHETIC
2026-02-13T02:00:00,12951,Rajdhani,1,RTM,KOTA,266.0,157.0,154.0,170.0,0.9310238351853655,103.97178457461165,2,4,146.58,SYNTHETIC
2026-02-13T02:15:00,12951,Rajdhani,1,ST,BRC,129.0,81.0,79.0,90.0,2.8969936461884354,122.49167030331469,2,4,72.58,SYNTHETIC
2026-02-13T02:30:00,12951,Rajdhani,1,RTM,KOTA,266.0,157.0,154.0,170.0,17.329332345489497,115.44064720884299,2,4,143.75,SYNTHETIC
2026-02-13T02:45:00,12951,Rajdhani,1,BRC,RTM,261.0,197.0,193.0,215.0,-0.17129088998554565,73.56300651709172,2,4,190.12,SYNTHETIC
2026-02-13T03:00:00,12004,Shatabdi,0,NDLS,GZB,24.5,38.0,36.0,42.0,0.277306237503236,30.989054128057777,3,4,38.66,SYNTHETIC
2026-02-13T03:15:00,12951,Rajdhani,1,RTM,KOTA,266.0,157.0,154.0,170.0,-1.0977644228388315,115.10706243989405,3,4,149.88,SYNTHETIC
2026-02-13T03:30:00,12951,Rajdhani,1,BCT,ST,263.0,162.0,158.0,172.0,-0.31051095054790423,94.8270978296831,3,4,152.21,SYNTHETIC
2026-02-13T03:45:00,12951,Rajdhani,1,KOTA,MTJ,324.0,195.0,190.0,212.0,3.9309878146642783,87.57336137537916,3,4,184.31,SYNTHETIC
2026-02-13T04:00:00,12004,Shatabdi,0,ALJN,CNB,308.6,209.0,205.0,228.0,-0.9308357249653834,83.08700912226294,4,4,218.63,SYNTHETIC
2026-02-13T04:15:00,12951,Rajdhani,1,RTM,KOTA,266.0,157.0,154.0,170.0,-0.6607739323752515,112.37375181727694,4,4,147.65,SYNTHETIC
2026-02-13T04:30:00,12951,Rajdhani,1,BRC,RTM,261.0,197.0,193.0,215.0,7.153494047199867,80.79787045874468,4,4,177.41,SYNTHETIC
2026-02-13T04:45:00,12004,Shatabdi,0,CNB,LKO,71.6,75.0,72.0,85.0,1.1459506714722218,69.2275579319063,4,4,76.31,SYNTHETIC
2026-02-13T05:00:00,12004,Shatabdi,0,ALJN,CNB,308.6,209.0,205.0,228.0,-1.5900344174751027,94.18965024982015,5,4,215.09,SYNTHETIC
2026-02-13T05:15:00,12951,Rajdhani,1,MTJ,NDLS,143.0,110.0,108.0,125.0,2.5973962536537902,73.26047591483791,5,4,104.3,SYNTHETIC
2026-02-13T05:30:00,12951,Rajdhani,1,KOTA,MTJ,324.0,195.0,190.0,212.0,3.227728286401656,96.58802935004778,5,4,179.87,SYNTHETIC
2026-02-13T05:45:00,12951,Rajdhani,1,BCT,ST,263.0,162.0,158.0,172.0,-0.014077980175713378,87.34133730910028,5,4,157.0,SYNTHETIC
2026-02-13T06:00:00,12004,Shatabdi,0,NDLS,GZB,24.5,38.0,36.0,42.0,2.33233149998022,45.865707372105554,6,4,41.75,SYNTHETIC
2026-02-13T06:15:00,12004,Shatabdi,0,GZB,ALJN,106.3,59.0,57.0,68.0,7.463452765267286,118.77758792698758,6,4,60.06,SYNTHETIC
2026-02-13T06:30:00,12951,Rajdhani,1,ST,BRC,129.0,81.0,79.0,90.0,-0.142659535499162,85.50481658353446,6,4,75.41,SYNTHETIC
2026-02-13T06:45:00,12951,Rajdhani,1,BRC,RTM,261.0,197.0,193.0,215.0,-0.8378524550097648,81.93778068738024,6,4,193.98,SYNTHETIC
2026-02-13T07:00:00,12951,Rajdhani,1,RTM,KOTA,266.0,157.0,154.0,170.0,-1.2669120977453687,104.01729100474067,7,4,149.84,SYNTHETIC
2026-02-13T07:15:00,12951,Rajdhani,1,KOTA,MTJ,324.0,195.0,190.0,212.0,5.550033667944449,102.28230014464684,7,4,182.33,SYNTHETIC
2026-02-13T07:30:00,12951,Rajdhani,1,KOTA,MTJ,324.0,195.0,190.0,212.0,5.284716980807221,104.3925372785267,7,4,185.73,SYNTHETIC
2026-02-13T07:45:00,12951,Rajdhani,1,BCT,ST,263.0,162.0,158.0,172.0,1.3438525217815673,105.50455299331222,7,4,161.07,SYNTHETIC
2026-02-13T08:00:00,12004,Shatabdi,0,GZB,ALJN,106.3,59.0,57.0,68.0,5.2264286347834945,105.81036642819384,8,4,66.67,SYNTHETIC
2026-02-13T08:15:00,12004,Shatabdi,0,CNB,LKO,71.6,75.0,72.0,85.0,-0.5424997531288374,62.111211162722164,8,4,89.95,SYNTHETIC
2026-02-13T08:30:00,12951,Rajdhani,1,BCT,ST,263.0,162.0,158.0,172.0,0.563289640892684,106.82744092002142,8,4,167.38,SYNTHETIC
2026-02-13T08:45:00,12004,Shatabdi,0,GZB,ALJN,106.3,59.0,57.0,68.0,5.299937502128337,95.02903441129091,8,4,63.53,SYNTHETIC
2026-02-13T09:00:00,12951,Rajdhani,1,KOTA,MTJ,324.0,195.0,190.0,212.0,0.05355155600679673,93.67980554636604,9,4,201.88,SYNTHETIC
2026-02-13T09:15:00,12004,Shatabdi,0,ALJN,CNB,308.6,209.0,205.0,228.0,22.16793855189774,94.1041940061775,9,4,240.84,SYNTHETIC
2026-02-13T09:30:00,12951,Rajdhani,1,ST,BRC,129.0,81.0,79.0,90.0,3.576518509500284,99.9115420116522,9,4,79.84,SYNTHETIC
2026-02-13T09:45:00,12004,Shatabdi,0,GZB,ALJN,106.3,59.0,57.0,68.0,-0.34752498060862713,109.60935702878822,9,4,63.42,SYNTHETIC
2026-02-13T10:00:00,12004,Shatabdi,0,ALJN,CNB,308.6,209.0,205.0,228.0,5.215771305791514,82.30339027407769,10,4,232.6,SYNTHETIC
2026-02-13T10:15:00,12951,Rajdhani,1,RTM,KOTA,266.0,157.0,154.0,170.0,5.345102244902884,107.98172703159845,10,4,161.42,SYNTHETIC
2026-02-13T10:30:00,12951,Rajdhani,1,KOTA,MTJ,324.0,195.0,190.0,212.0,-0.5902529103415479,101.7868069299459,10,4,205.51,SYNTHETIC
2026-02-13T10:45:00,12951,Rajdhani,1,RTM,KOTA,266.0,157.0,154.0,170.0,-0.2505093875322417,111.85484485049513,10,4,167.56,SYNTHETIC
2026-02-13T11:00:00,12951,Rajdhani,1,BCT,ST,263.0,162.0,158.0,172.0,4.459207412287055,88.73218526498223,11,4,163.59,SYNTHETIC
2026-02-13T11:15:00,12951,Rajdhani,1,BRC,RTM,261.0,197.0,193.0,215.0,10.856687777144952,79.73708170920746,11,4,204.95,SYNTHETIC
2026-02-13T11:30:00,12004,Shatabdi,0,GZB,ALJN,106.3,59.0,57.0,68.0,0.18402879094751956,123.32141183033066,11,4,64.6,SYNTHETIC
2026-02-13T11:45:00,12951,Rajdhani,1,BRC,RTM,261.0,197.0,193.0,215.0,9.993045495449765,78.96840837951959,11,4,200.21,SYNTHETIC
2026-02-13T12:00:00,12004,Shatabdi,0,NDLS,GZB,24.5,38.0,36.0,42.0,-0.7715180736586646,45.33941168749053,12,4,37.32,SYNTHETIC
2026-02-13T12:15:00,12951,Rajdhani,1,BCT,ST,263.0,162.0,158.0,172.0,3.4190550934942046,87.64504306795833,12,4,158.16,SYNTHETIC
2026-02-13T12:30:00,12951,Rajdhani,1,KOTA,MTJ,324.0,195.0,190.0,212.0,0.6765790903779969,103.19105297213441,12,4,184.66,SYNTHETIC
2026-02-13T12:45:00,12004,Shatabdi,0,CNB,LKO,71.6,75.0,72.0,85.0,-1.058928199123962,59.45294906400713,12,4,82.29,SYNTHETIC
2026-02-13T13:00:00,12004,Shatabdi,0,ALJN,CNB,308.6,209.0,205.0,228.0,1.0079358704749515,84.96374466231978,13,4,229.48,SYNTHETIC
2026-02-13T13:15:00,12004,Shatabdi,0,CNB,LKO,71.6,75.0,72.0,85.0,2.626498641184531,45.964100774587806,13,4,80.02,SYNTHETIC
2026-02-13T13:30:00,12951,Rajdhani,1,BCT,ST,263.0,162.0,158.0,172.0,4.332162759266527,100.3230353391025,13,4,156.69,SYNTHETIC
2026-02-13T13:45:00,12951,Rajdhani,1,MTJ,NDLS,143.0,110.0,108.0,125.0,-1.986466853619811,87.71432853955577,13,4,106.07,SYNTHETIC
2026-02-13T14:00:00,12004,Shatabdi,0,ALJN,CNB,308.6,209.0,205.0,228.0,5.4629714224224255,101.19921873290073,14,4,219.28,SYNTHETIC
2026-02-13T14:15:00,12951,Rajdhani,1,RTM,KOTA,266.0,157.0,154.0,170.0,7.073268893844972,112.15505997211193,14,4,148.45,SYNTHETIC
2026-02-13T14:30:00,12004,Shatabdi,0,NDLS,GZB,24.5,38.0,36.0,42.0,0.2454448323230296,31.052669918225973,14,4,38.06,SYNTHETIC
2026-02-13T14:45:00,12004,Shatabdi,0,ALJN,CNB,308.6,209.0,205.0,228.0,-0.06516432441039122,81.4623255395133,14,4,220.58,SYNTHETIC
2026-02-13T15:00:00,12951,Rajdhani,1,BRC,RTM,261.0,197.0,193.0,215.0,0.3425285384447663,74.27869012531028,15,4,191.82,SYNTHETIC
2026-02-13T15:15:00,12004,Shatabdi,0,NDLS,GZB,24.5,38.0,36.0,42.0,7.606233708870651,41.39517251725654,15,4,37.79,SYNTHETIC
2026-02-13T15:30:00,12951,Rajdhani,1,MTJ,NDLS,143.0,110.0,108.0,125.0,15.723256176673125,81.58011377736953,15,4,108.66,SYNTHETIC
2026-02-13T15:45:00,12951,Rajdhani,1,BRC,RTM,261.0,197.0,193.0,215.0,25.261427322103586,96.46818734968238,15,4,197.51,SYNTHETIC
2026-02-13T16:00:00,12951,Rajdhani,1,RTM,KOTA,266.0,157.0,154.0,170.0,7.5270945871434645,96.53389178969803,16,4,151.31,SYNTHETIC
2026-02-13T16:15:00,12951,Rajdhani,1,ST,BRC,129.0,81.0,79.0,90.0,0.5378482165317902,93.92417401484828,16,4,76.6,SYNTHETIC
2026-02-13T16:30:00,12951,Rajdhani,1,BCT,ST,263.0,162.0,158.0,172.0,3.25034157759592,120.48318268311009,16,4,156.5,SYNTHETIC
2026-02-13T16:45:00,12951,Rajdhani,1,RTM,KOTA,266.0,157.0,154.0,170.0,18.81810474773923,103.91222715259914,16,4,152.16,SYNTHETIC
2026-02-13T17:00:00,12951,Rajdhani,1,BRC,RTM,261.0,197.0,193.0,215.0,3.8847619262935984,75.22172774876883,17,4,207.48,SYNTHETIC
2026-02-13T17:15:00,12951,Rajdhani,1,BCT,ST,263.0,162.0,158.0,172.0,4.454372010443681,100.36190165361384,17,4,165.11,SYNTHETIC
2026-02-13T17:30:00,12951,Rajdhani,1,BCT,ST,263.0,162.0,158.0,172.0,0.4226817350868335,93.6869979012237,17,4,165.5,SYNTHETIC
2026-02-13T17:45:00,12951,Rajdhani,1,BRC,RTM,261.0,197.0,193.0,215.0,-1.759679253999173,90.82755239453532,17,4,205.64,SYNTHETIC
2026-02-13T18:00:00,12951,Rajdhani,1,ST,BRC,129.0,81.0,79.0,90.0,14.650313940052563,91.12501884578033,18,4,78.62,SYNTHETIC
2026-02-13T18:15:00,12951,Rajdhani,1,BCT,ST,263.0,162.0,158.0,172.0,1.1309301918923311,80.66328633328644,18,4,170.04,SYNTHETIC
2026-02-13T18:30:00,12951,Rajdhani,1,BRC,RTM,261.0,197.0,193.0,215.0,0.34273106029228284,84.42085345680896,18,4,212.6,SYNTHETIC
2026-02-13T18:45:00,12951,Rajdhani,1,MTJ,NDLS,143.0,110.0,108.0,125.0,4.733643277213223,82.0415262004423,18,4,111.46,SYNTHETIC
2026-02-13T19:00:00,12951,Rajdhani,1,KOTA,MTJ,324.0,195.0,190.0,212.0,0.0010306944502116444,101.55713127383618,19,4,206.97,SYNTHETIC
2026-02-13T19:15:00,12951,Rajdhani,1,RTM,KOTA,266.0,157.0,154.0,170.0,4.235215874174879,100.78845909353596,19,4,165.7,SYNTHETIC
2026-02-13T19:30:00,12951,Rajdhani,1,BCT,ST,263.0,162.0,158.0,172.0,5.591226919283812,105.54922222807107,19,4,156.25,SYNTHETIC
2026-02-13T19:45:00,12951,Rajdhani,1,KOTA,MTJ,324.0,195.0,190.0,212.0,-0.5310877595764099,105.64581076817461,19,4,206.81,SYNTHETIC
2026-02-13T20:00:00,12004,Shatabdi,0,CNB,LKO,71.6,75.0,72.0,85.0,-1.8642791588865282,45.600576646634224,20,4,89.35,SYNTHETIC
2026-02-13T20:15:00,12951,Rajdhani,1,RTM,KOTA,266.0,157.0,154.0,170.0,-0.30190649972501316,104.92691407615129,20,4,168.48,SYNTHETIC
2026-02-13T20:30:00,12004,Shatabdi,0,NDLS,GZB,24.5,38.0,36.0,42.0,9.674414911714354,42.99902639504219,20,4,42.36,SYNTHETIC
2026-02-13T20:45:00,12951,Rajdhani,1,RTM,KOTA,266.0,157.0,154.0,170.0,3.0931850832620773,109.82680877907325,20,4,168.34,SYNTHETIC
2026-02-13T21:00:00,12951,Rajdhani,1,KOTA,MTJ,324.0,195.0,190.0,212.0,-1.097595510898694,109.12592235099982,21,4,198.17,SYNTHETIC
2026-02-13T21:15:00,12004,Shatabdi,0,NDLS,GZB,24.5,38.0,36.0,42.0,-1.550931756237873,35.97501236951186,21,4,41.48,SYNTHETIC
2026-02-13T21:30:00,12951,Rajdhani,1,KOTA,MTJ,324.0,195.0,190.0,212.0,-1.2683622349847024,105.00042298484382,21,4,208.95,SYNTHETIC
2026-02-13T21:45:00,12004,Shatabdi,0,GZB,ALJN,106.3,59.0,57.0,68.0,0.670824470710186,100.11345788860471,21,4,65.78,SYNTHETIC
2026-02-13T22:00:00,12951,Rajdhani,1,MTJ,NDLS,143.0,110.0,108.0,125.0,1.8716738611161423,81.33542074991618,22,4,106.79,SYNTHETIC
2026-02-13T22:15:00,12004,Shatabdi,0,NDLS,GZB,24.5,38.0,36.0,42.0,2.115537725084552,46.58161217714674,22,4,38.19,SYNTHETIC
2026-02-13T22:30:00,12951,Rajdhani,1,KOTA,MTJ,324.0,195.0,190.0,212.0,1.0056998453848434,88.63222490338768,22,4,190.5,SYNTHETIC
2026-02-13T22:45:00,12951,Rajdhani,1,ST,BRC,129.0,81.0,79.0,90.0,8.686209415508706,101.42554540445462,22,4,73.83,SYNTHETIC
2026-02-13T23:00:00,12951,Rajdhani,1,KOTA,MTJ,324.0,195.0,190.0,212.0,6.237934015852057,111.47108739093164,23,4,188.09,SYNTHETIC
2026-02-13T23:15:00,12004,Shatabdi,0,GZB,ALJN,106.3,59.0,57.0,68.0,2.130391621408597,107.41532474275239,23,4,63.92,SYNTHETIC
2026-02-13T23:30:00,12951,Rajdhani,1,BCT,ST,263.0,162.0,158.0,172.0,0.7395562645436864,94.67950450061356,23,4,162.9,SYNTHETIC
2026-02-13T23:45:00,12951,Rajdhani,1,KOTA,MTJ,324.0,195.0,190.0,212.0,12.292774839358673,103.04624764854654,23,4,184.24,SYNTHETIC
2026-02-14T00:00:00,12951,Rajdhani,1,MTJ,NDLS,143.0,110.0,108.0,125.0,-1.8727502229359412,75.61866990398435,0,5,102.88,SYNTHETIC
2026-02-14T00:15:00,12004,Shatabdi,0,NDLS,GZB,24.5,38.0,36.0,42.0,-1.1025718278460244,60.09068243459395,0,5,42.64,SYNTHETIC
2026-02-14T00:30:00,12004,Shatabdi,0,CNB,LKO,71.6,75.0,72.0,85.0,-0.30777363868128216,65.41726465057631,0,5,80.68,SYNTHETIC
2026-02-14T00:45:00,12004,Shatabdi,0,GZB,ALJN,106.3,59.0,57.0,68.0,7.067495886823359,120.70487031375728,0,5,63.85,SYNTHETIC
2026-02-14T01:00:00,12951,Rajdhani,1,MTJ,NDLS,143.0,110.0,108.0,125.0,-0.8126309705161423,76.60904566369524,1,5,105.52,SYNTHETIC
2026-02-14T01:15:00,12951,Rajdhani,1,RTM,KOTA,266.0,157.0,154.0,170.0,8.94230350853469,96.94489172370956,1,5,144.24,SYNTHETIC
2026-02-14T01:30:00,12951,Rajdhani,1,RTM,KOTA,266.0,157.0,154.0,170.0,-0.17459543672626832,107.10418918230559,1,5,149.93,SYNTHETIC
2026-02-14T01:45:00,12004,Shatabdi,0,ALJN,CNB,308.6,209.0,205.0,228.0,0.7406196186236973,83.29908384705458,1,5,217.44,SYNTHETIC
2026-02-14T02:00:00,12004,Shatabdi,0,CNB,LKO,71.6,75.0,72.0,85.0,-1.0707394516310975,52.08968776922907,2,5,78.84,SYNTHETIC
2026-02-14T02:15:00,12951,Rajdhani,1,ST,BRC,129.0,81.0,79.0,90.0,-0.6721633793735702,99.83398649487546,2,5,73.02,SYNTHETIC
2026-02-14T02:30:00,12951,Rajdhani,1,MTJ,NDLS,143.0,110.0,108.0,125.0,-0.6008078100659493,92.07149061317291,2,5,108.31,SYNTHETIC
2026-02-14T02:45:00,12951,Rajdhani,1,MTJ,NDLS,143.0,110.0,108.0,125.0,1.009980759045555,76.01311331384744,2,5,102.6,SYNTHETIC
2026-02-14T03:00:00,12951,Rajdhani,1,RTM,KOTA,266.0,157.0,154.0,170.0,-1.2967119911536842,104.95398239636752,3,5,151.12,SYNTHETIC
2026-02-14T03:15:00,12951,Rajdhani,1,BRC,RTM,261.0,197.0,193.0,215.0,3.278367042676785,81.44901733957028,3,5,185.8,SYNTHETIC
2026-02-14T03:30:00,12004,Shatabdi,0,GZB,ALJN,106.3,59.0,57.0,68.0,2.0257598938588313,120.65679675882187,3,5,62.31,SYNTHETIC
2026-02-14T03:45:00,12951,Rajdhani,1,KOTA,MTJ,324.0,195.0,190.0,212.0,-0.1571798399504667,113.22027848159426,3,5,181.13,SYNTHETIC
2026-02-14T04:00:00,12951,Rajdhani,1,ST,BRC,129.0,81.0,79.0,90.0,-0.213885684784743,80.83724780301141,4,5,74.44,SYNTHETIC
2026-02-14T04:15:00,12004,Shatabdi,0,CNB,LKO,71.6,75.0,72.0,85.0,11.842570657502066,62.43794937888292,4,5,71.64,SYNTHETIC
2026-02-14T04:30:00,12951,Rajdhani,1,MTJ,NDLS,143.0,110.0,108.0,125.0,-0.8443295316280985,69.78794804837145,4,5,103.11,SYNTHETIC
2026-02-14T04:45:00,12004,Shatabdi,0,ALJN,CNB,308.6,209.0,205.0,228.0,-0.8229726095137448,87.62925697598591,4,5,216.64,SYNTHETIC
2026-02-14T05:00:00,12951,Rajdhani,1,BCT,ST,263.0,162.0,158.0,172.0,9.940069896973162,95.30028865595195,5,5,147.41,SYNTHETIC
2026-02-14T05:15:00,12004,Shatabdi,0,ALJN,CNB,308.6,209.0,205.0,228.0,1.0347465341272937,106.50532748958996,5,5,218.87,SYNTHETIC
2026-02-14T05:30:00,12951,Rajdhani,1,RTM,KOTA,266.0,157.0,154.0,170.0,-1.4300173447503506,105.4951424725863,5,5,149.75,SYNTHETIC
2026-02-14T05:45:00,12951,Rajdhani,1,KOTA,MTJ,324.0,195.0,190.0,212.0,15.997190935931513,100.80448498845833,5,5,180.18,SYNTHETIC
2026-02-14T06:00:00,12004,Shatabdi,0,ALJN,CNB,308.6,209.0,205.0,228.0,3.9739030465196956,100.50995102104235,6,5,228.7,SYNTHETIC
2026-02-14T06:15:00,12951,Rajdhani,1,KOTA,MTJ,324.0,195.0,190.0,212.0,-1.3809473751576902,104.1134914096871,6,5,192.73,SYNTHETIC
2026-02-14T06:30:00,12004,Shatabdi,0,CNB,LKO,71.6,75.0,72.0,85.0,11.550008782260964,56.268454983583695,6,5,76.32,SYNTHETIC
2026-02-14T06:45:00,12951,Rajdhani,1,MTJ,NDLS,143.0,110.0,108.0,125.0,13.49435913766537,73.02025492063726,6,5,109.08,SYNTHETIC
2026-02-14T07:00:00,12951,Rajdhani,1,KOTA,MTJ,324.0,195.0,190.0,212.0,1.0414982323733124,107.44626814778672,7,5,190.74,SYNTHETIC
2026-02-14T07:15:00,12951,Rajdhani,1,MTJ,NDLS,143.0,110.0,108.0,125.0,5.4373111586492096,69.94501713734557,7,5,102.75,SYNTHETIC
2026-02-14T07:30:00,12004,Shatabdi,0,ALJN,CNB,308.6,209.0,205.0,228.0,0.6330451267284403,81.1619725239507,7,5,223.23,SYNTHETIC
2026-02-14T07:45:00,12951,Rajdhani,1,MTJ,NDLS,143.0,110.0,108.0,125.0,4.568764017438911,72.7646116871133,7,5,106.94,SYNTHETIC
2026-02-14T08:00:00,12951,Rajdhani,1,KOTA,MTJ,324.0,195.0,190.0,212.0,8.58469554356227,103.01410555662707,8,5,204.04,SYNTHETIC
2026-02-14T08:15:00,12951,Rajdhani,1,MTJ,NDLS,143.0,110.0,108.0,125.0,3.3608391530494783,97.61350129298275,8,5,111.19,SYNTHETIC
2026-02-14T08:30:00,12004,Shatabdi,0,NDLS,GZB,24.5,38.0,36.0,42.0,-1.584881959967412,37.61271936855002,8,5,44.92,SYNTHETIC
2026-02-14T08:45:00,12004,Shatabdi,0,NDLS,GZB,24.5,38.0,36.0,42.0,2.1245511363321796,41.14701749433042,8,5,42.41,SYNTHETIC
2026-02-14T09:00:00,12004,Shatabdi,0,NDLS,GZB,24.5,38.0,36.0,42.0,0.8129544032464189,44.19434935844202,9,5,44.06,SYNTHETIC
2026-02-14T09:15:00,12951,Rajdhani,1,BRC,RTM,261.0,197.0,193.0,215.0,-0.9620735356429133,71.3978006341658,9,5,207.21,SYNTHETIC
2026-02-14T09:30:00,12951,Rajdhani,1,MTJ,NDLS,143.0,110.0,108.0,125.0,23.81112312704268,83.41116970985213,9,5,111.38,SYNTHETIC
2026-02-14T09:45:00,12004,Shatabdi,0,GZB,ALJN,106.3,59.0,57.0,68.0,-0.5284006778376475,116.66579512795677,9,5,66.73,SYNTHETIC
2026-02-14T10:00:00,12004,Shatabdi,0,CNB,LKO,71.6,75.0,72.0,85.0,2.604538692067208,54.422512105481076,10,5,87.8,SYNTHETIC
2026-02-14T10:15:00,12004,Shatabdi,0,NDLS,GZB,24.5,38.0,36.0,42.0,-0.8082916463214027,30.0,10,5,41.48,SYNTHETIC
2026-02-14T10:30:00,12951,Rajdhani,1,KOTA,MTJ,324.0,195.0,190.0,212.0,-0.8260075680576808,93.50579134037534,10,5,195.88,SYNTHETIC
2026-02-14T10:45:00,12004,Shatabdi,0,CNB,LKO,71.6,75.0,72.0,85.0,0.8752541265198635,56.177522655576425,10,5,81.44,SYNTHETIC
2026-02-14T11:00:00,12004,Shatabdi,0,CNB,LKO,71.6,75.0,72.0,85.0,6.942524906306918,63.582383705517536,11,5,82.96,SYNTHETIC
2026-02-14T11:15:00,12951,Rajdhani,1,BCT,ST,263.0,162.0,158.0,172.0,5.74295196763688,95.65858812461312,11,5,162.62,SYNTHETIC
2026-02-14T11:30:00,12951,Rajdhani,1,RTM,KOTA,266.0,157.0,154.0,170.0,0.02225001802446913,73.65429205145949,11,5,163.69,SYNTHETIC
2026-02-14T11:45:00,12004,Shatabdi,0,ALJN,CNB,308.6,209.0,205.0,228.0,5.658092788540913,109.7876904841447,11,5,241.21,SYNTHETIC
2026-02-14T12:00:00,12951,Rajdhani,1,KOTA,MTJ,324.0,195.0,190.0,212.0,4.208701238330535,104.95248292051123,12,5,191.56,SYNTHETIC
2026-02-14T12:15:00,12951,Rajdhani,1,ST,BRC,129.0,81.0,79.0,90.0,20.22538994275652,90.46871492167621,12,5,79.88,SYNTHETIC
2026-02-14T12:30:00,12004,Shatabdi,0,NDLS,GZB,24.5,38.0,36.0,42.0,18.957969047800976,30.0,12,5,44.99,SYNTHETIC
2026-02-14T12:45:00,12951,Rajdhani,1,ST,BRC,129.0,81.0,79.0,90.0,-0.43321057262814766,90.11861073305917,12,5,74.31,SYNTHETIC
2026-02-14T13:00:00,12951,Rajdhani,1,BCT,ST,263.0,162.0,158.0,172.0,9.653337122145544,96.60693613010164,13,5,153.07,SYNTHETIC
2026-02-14T13:15:00,12004,Shatabdi,0,GZB,ALJN,106.3,59.0,57.0,68.0,1.4893706738336698,109.04378168382188,13,5,60.28,SYNTHETIC
2026-02-14T13:30:00,12951,Rajdhani,1,ST,BRC,129.0,81.0,79.0,90.0,3.152986864255859,110.55985221939997,13,5,74.59,SYNTHETIC
2026-02-14T13:45:00,12004,Shatabdi,0,NDLS,GZB,24.5,38.0,36.0,42.0,-0.6667432741285375,40.2745457884395,13,5,39.71,SYNTHETIC
2026-02-14T14:00:00,12951,Rajdhani,1,BRC,RTM,261.0,197.0,193.0,215.0,16.64489413443701,86.92574945518253,14,5,180.06,SYNTHETIC
2026-02-14T14:15:00,12951,Rajdhani,1,BCT,ST,263.0,162.0,158.0,172.0,5.086025064566702,65.67526592739807,14,5,154.96,SYNTHETIC
2026-02-14T14:30:00,12004,Shatabdi,0,NDLS,GZB,24.5,38.0,36.0,42.0,6.942333484312485,39.34019911461658,14,5,30.74,SYNTHETIC
2026-02-14T14:45:00,12004,Shatabdi,0,NDLS,GZB,24.5,38.0,36.0,42.0,5.381085657896825,38.08570357242337,14,5,38.65,SYNTHETIC
2026-02-14T15:00:00,12951,Rajdhani,1,BCT,ST,263.0,162.0,158.0,172.0,6.2584657019063545,93.79181048004901,15,5,155.53,SYNTHETIC
2026-02-14T15:15:00,12951,Rajdhani,1,KOTA,MTJ,324.0,195.0,190.0,212.0,0.6282746673861999,123.1758413289056,15,5,194.01,SYNTHETIC
2026-02-14T15:30:00,12004,Shatabdi,0,CNB,LKO,71.6,75.0,72.0,85.0,10.26344279426521,68.67056899925873,15,5,74.17,SYNTHETIC
2026-02-14T15:45:00,12004,Shatabdi,0,CNB,LKO,71.6,75.0,72.0,85.0,-0.1470126630379136,54.707685103706915,15,5,81.22,SYNTHETIC
2026-02-14T16:00:00,12951,Rajdhani,1,BCT,ST,263.0,162.0,158.0,172.0,1.2068988520009079,86.0274514742455,16,5,163.82,SYNTHETIC
2026-02-14T16:15:00,12004,Shatabdi,0,GZB,ALJN,106.3,59.0,57.0,68.0,0.4639826292083078,122.64584508799297,16,5,65.45,SYNTHETIC
2026-02-14T16:30:00,12004,Shatabdi,0,ALJN,CNB,308.6,209.0,205.0,228.0,-1.043114472462812,83.33772683260602,16,5,218.31,SYNTHETIC
2026-02-14T16:45:00,12004,Shatabdi,0,CNB,LKO,71.6,75.0,72.0,85.0,1.1150903427381174,77.42704303926821,16,5,79.78,SYNTHETIC
2026-02-14T17:00:00,12004,Shatabdi,0,CNB,LKO,71.6,75.0,72.0,85.0,-1.9220709235179958,69.03723134261276,17,5,86.6,SYNTHETIC
2026-02-14T17:15:00,12004,Shatabdi,0,ALJN,CNB,308.6,209.0,205.0,228.0,2.4445057079287142,102.45748067344722,17,5,240.5,SYNTHETIC
2026-02-14T17:30:00,12004,Shatabdi,0,ALJN,CNB,308.6,209.0,205.0,228.0,-1.6829128775680378,96.41384453286096,17,5,233.45,SYNTHETIC
2026-02-14T17:45:00,12004,Shatabdi,0,GZB,ALJN,106.3,59.0,57.0,68.0,1.127990741040311,109.36593618432153,17,5,60.86,SYNTHETIC
2026-02-14T18:00:00,12951,Rajdhani,1,ST,BRC,129.0,81.0,79.0,90.0,0.10257573406873366,103.18472251035283,18,5,85.49,SYNTHETIC
2026-02-14T18:15:00,12951,Rajdhani,1,BRC,RTM,261.0,197.0,193.0,215.0,-0.19267911058650888,80.92432603571905,18,5,205.75,SYNTHETIC
2026-02-14T18:30:00,12004,Shatabdi,0,CNB,LKO,71.6,75.0,72.0,85.0,10.329741634859777,75.53918745242036,18,5,77.29,SYNTHETIC
2026-02-14T18:45:00,12951,Rajdhani,1,BCT,ST,263.0,162.0,158.0,172.0,4.326296877257647,103.34857570378809,18,5,179.05,SYNTHETIC
2026-02-14T19:00:00,12951,Rajdhani,1,ST,BRC,129.0,81.0,79.0,90.0,13.00706217424587,89.11414065073996,19,5,76.12,SYNTHETIC
2026-02-14T19:15:00,12004,Shatabdi,0,NDLS,GZB,24.5,38.0,36.0,42.0,-0.7922303997141769,57.19438443929653,19,5,44.21,SYNTHETIC
2026-02-14T19:30:00,12951,Rajdhani,1,BCT,ST,263.0,162.0,158.0,172.0,4.876600366980828,100.9595313019372,19,5,165.96,SYNTHETIC
2026-02-14T19:45:00,12004,Shatabdi,0,NDLS,GZB,24.5,38.0,36.0,42.0,1.439944818426853,53.891099116208544,19,5,45.55,SYNTHETIC
2026-02-14T20:00:00,12004,Shatabdi,0,ALJN,CNB,308.6,209.0,205.0,228.0,-1.7939071968482225,115.68353222823875,20,5,245.25,SYNTHETIC
2026-02-14T20:15:00,12951,Rajdhani,1,BCT,ST,263.0,162.0,158.0,172.0,-1.5471828776077732,100.85600787220092,20,5,164.69,SYNTHETIC
2026-02-14T20:30:00,12951,Rajdhani,1,MTJ,NDLS,143.0,110.0,108.0,125.0,-0.3637979777870508,85.65099056031838,20,5,114.09,SYNTHETIC
2026-02-14T20:45:00,12951,Rajdhani,1,KOTA,MTJ,324.0,195.0,190.0,212.0,-0.338389396016483,109.82254341996072,20,5,204.13,SYNTHETIC
2026-02-14T21:00:00,12004,Shatabdi,0,ALJN,CNB,308.6,209.0,205.0,228.0,-1.6621054038480063,84.84976681685248,21,5,254.58,SYNTHETIC
2026-02-14T21:15:00,12004,Shatabdi,0,CNB,LKO,71.6,75.0,72.0,85.0,2.777234210992078,58.017430877524156,21,5,86.25,SYNTHETIC
2026-02-14T21:30:00,12004,Shatabdi,0,NDLS,GZB,24.5,38.0,36.0,42.0,11.024205165498202,33.66050360317664,21,5,42.66,SYNTHETIC
2026-02-14T21:45:00,12951,Rajdhani,1,BCT,ST,263.0,162.0,158.0,172.0,-1.3130094476607552,105.42224077247585,21,5,170.03,SYNTHETIC
2026-02-14T22:00:00,12004,Shatabdi,0,CNB,LKO,71.6,75.0,72.0,85.0,-1.5012946476947553,56.243677377415196,22,5,78.18,SYNTHETIC
2026-02-14T22:15:00,12951,Rajdhani,1,RTM,KOTA,266.0,157.0,154.0,170.0,-1.6246478106234565,121.44410553974647,22,5,151.4,SYNTHETIC
2026-02-14T22:30:00,12951,Rajdhani,1,ST,BRC,129.0,81.0,79.0,90.0,-0.03894262855707398,108.05602250597943,22,5,83.35,SYNTHETIC
2026-02-14T22:45:00,12951,Rajdhani,1,RTM,KOTA,266.0,157.0,154.0,170.0,-0.9385386274598724,123.75917368380476,22,5,155.79,SYNTHETIC
2026-02-14T23:00:00,12004,Shatabdi,0,CNB,LKO,71.6,75.0,72.0,85.0,-0.36051631323020006,71.38468837084345,23,5,82.73,SYNTHETIC
2026-02-14T23:15:00,12951,Rajdhani,1,ST,BRC,129.0,81.0,79.0,90.0,7.256797321820725,100.42996526486549,23,5,78.31,SYNTHETIC
2026-02-14T23:30:00,12004,Shatabdi,0,NDLS,GZB,24.5,38.0,36.0,42.0,5.252889811919355,30.0,23,5,43.91,SYNTHETIC
2026-02-14T23:45:00,12951,Rajdhani,1,RTM,KOTA,266.0,157.0,154.0,170.0,-1.1282124831342109,100.29583281579517,23,5,150.1,SYNTHETIC
2026-02-15T00:00:00,12951,Rajdhani,1,BRC,RTM,261.0,197.0,193.0,215.0,3.018682473318317,82.0895392853722,0,6,187.91,SYNTHETIC
2026-02-15T00:15:00,12004,Shatabdi,0,NDLS,GZB,24.5,38.0,36.0,42.0,2.0652644317775426,47.88274399823908,0,6,35.48,SYNTHETIC
2026-02-15T00:30:00,12951,Rajdhani,1,MTJ,NDLS,143.0,110.0,108.0,125.0,0.8904852627149697,61.573058568599926,0,6,104.97,SYNTHETIC
2026-02-15T00:45:00,12004,Shatabdi,0,ALJN,CNB,308.6,209.0,205.0,228.0,8.940882641331044,94.29264148469494,0,6,216.15,SYNTHETIC
2026-02-15T01:00:00,12951,Rajdhani,1,ST,BRC,129.0,81.0,79.0,90.0,1.6367922492673,103.51140655002054,1,6,77.24,SYNTHETIC
2026-02-15T01:15:00,12951,Rajdhani,1,BCT,ST,263.0,162.0,158.0,172.0,1.8554444880655288,107.08503594236053,1,6,152.45,SYNTHETIC
2026-02-15T01:30:00,12004,Shatabdi,0,CNB,LKO,71.6,75.0,72.0,85.0,1.679931038797883,38.77219885217315,1,6,74.89,SYNTHETIC
2026-02-15T01:45:00,12004,Shatabdi,0,CNB,LKO,71.6,75.0,72.0,85.0,-1.7707603247748467,70.05320953986401,1,6,71.43,SYNTHETIC
2026-02-15T02:00:00,12951,Rajdhani,1,MTJ,NDLS,143.0,110.0,108.0,125.0,2.068553825857368,85.0455718848861,2,6,103.76,SYNTHETIC
2026-02-15T02:15:00,12951,Rajdhani,1,KOTA,MTJ,324.0,195.0,190.0,212.0,1.258351586484462,116.46322766728235,2,6,182.2,SYNTHETIC
2026-02-15T02:30:00,12951,Rajdhani,1,BRC,RTM,261.0,197.0,193.0,215.0,1.245827342183353,84.78893565318499,2,6,180.04,SYNTHETIC
2026-02-15T02:45:00,12004,Shatabdi,0,CNB,LKO,71.6,75.0,72.0,85.0,7.57225663488728,76.6041729088142,2,6,78.47,SYNTHETIC
2026-02-15T03:00:00,12004,Shatabdi,0,NDLS,GZB,24.5,38.0,36.0,42.0,5.478167081386916,30.0,3,6,37.15,SYNTHETIC
2026-02-15T03:15:00,12004,Shatabdi,0,GZB,ALJN,106.3,59.0,57.0,68.0,3.1450328956529043,115.21553290169774,3,6,59.92,SYNTHETIC
2026-02-15T03:30:00,12951,Rajdhani,1,RTM,KOTA,266.0,157.0,154.0,170.0,4.448118123197904,88.06306367394654,3,6,147.64,SYNTHETIC
2026-02-15T03:45:00,12004,Shatabdi,0,CNB,LKO,71.6,75.0,72.0,85.0,-0.40392151538484167,68.15472124398116,3,6,76.48,SYNTHETIC
2026-02-15T04:00:00,12951,Rajdhani,1,MTJ,NDLS,143.0,110.0,108.0,125.0,1.6829563799136222,100.52075773147051,4,6,100.26,SYNTHETIC
2026-02-15T04:15:00,12951,Rajdhani,1,BCT,ST,263.0,162.0,158.0,172.0,3.3056352192053717,77.70058061898331,4,6,149.49,SYNTHETIC
2026-02-15T04:30:00,12951,Rajdhani,1,BRC,RTM,261.0,197.0,193.0,215.0,-1.187207683712996,98.61323097846196,4,6,184.26,SYNTHETIC
2026-02-15T04:45:00,12004,Shatabdi,0,CNB,LKO,71.6,75.0,72.0,85.0,13.205218928473833,54.710062527478875,4,6,72.89,SYNTHETIC
2026-02-15T05:00:00,12951,Rajdhani,1,BRC,RTM,261.0,197.0,193.0,215.0,14.902414835390438,78.54154099814497,5,6,179.88,SYNTHETIC
2026-02-15T05:15:00,12004,Shatabdi,0,ALJN,CNB,308.6,209.0,205.0,228.0,-1.4619433237689603,93.64534524785579,5,6,224.92,SYNTHETIC
2026-02-15T05:30:00,12951,Rajdhani,1,BRC,RTM,261.0,197.0,193.0,215.0,3.7573683636122297,60.97695326882534,5,6,186.23,SYNTHETIC
2026-02-15T05:45:00,12951,Rajdhani,1,KOTA,MTJ,324.0,195.0,190.0,212.0,-0.9403872082468925,112.32083124499599,5,6,180.79,SYNTHETIC
2026-02-15T06:00:00,12004,Shatabdi,0,NDLS,GZB,24.5,38.0,36.0,42.0,1.8509015503877357,35.22212713516563,6,6,35.82,SYNTHETIC
2026-02-15T06:15:00,12004,Shatabdi,0,ALJN,CNB,308.6,209.0,205.0,228.0,5.612982886717093,87.54911799313606,6,6,223.34,SYNTHETIC
2026-02-15T06:30:00,12951,Rajdhani,1,BRC,RTM,261.0,197.0,193.0,215.0,0.2767455603583886,80.7530150861673,6,6,200.38,SYNTHETIC
2026-02-15T06:45:00,12951,Rajdhani,1,MTJ,NDLS,143.0,110.0,108.0,125.0,0.7877339438663498,78.44637733290513,6,6,110.24,SYNTHETIC
2026-02-15T07:00:00,12004,Shatabdi,0,GZB,ALJN,106.3,59.0,57.0,68.0,13.023839775759516,111.7977344714518,7,6,62.83,SYNTHETIC
2026-02-15T07:15:00,12004,Shatabdi,0,NDLS,GZB,24.5,38.0,36.0,42.0,8.040507273427764,39.509077483899965,7,6,38.47,SYNTHETIC
2026-02-15T07:30:00,12004,Shatabdi,0,CNB,LKO,71.6,75.0,72.0,85.0,1.4394584393473076,42.735800891340865,7,6,76.93,SYNTHETIC
2026-02-15T07:45:00,12951,Rajdhani,1,KOTA,MTJ,324.0,195.0,190.0,212.0,-1.153102321970938,88.9228340575302,7,6,186.93,SYNTHETIC
2026-02-15T08:00:00,12004,Shatabdi,0,ALJN,CNB,308.6,209.0,205.0,228.0,-0.5850966797875412,94.9207736566504,8,6,243.07,SYNTHETIC
2026-02-15T08:15:00,12004,Shatabdi,0,GZB,ALJN,106.3,59.0,57.0,68.0,-1.1898357887689266,124.25116765027012,8,6,61.32,SYNTHETIC
2026-02-15T08:30:00,12951,Rajdhani,1,BCT,ST,263.0,162.0,158.0,172.0,6.95870850588833,121.36896861379904,8,6,163.48,SYNTHETIC
2026-02-15T08:45:00,12951,Rajdhani,1,BCT,ST,263.0,162.0,158.0,172.0,1.1696455721852477,82.71011641683123,8,6,168.55,SYNTHETIC
2026-02-15T09:00:00,12951,Rajdhani,1,BCT,ST,263.0,162.0,158.0,172.0,3.097604351298955,119.05189773758565,9,6,168.01,SYNTHETIC
2026-02-15T09:15:00,12951,Rajdhani,1,BRC,RTM,261.0,197.0,193.0,215.0,-0.8592185673625554,78.18697827198324,9,6,202.41,SYNTHETIC
2026-02-15T09:30:00,12004,Shatabdi,0,ALJN,CNB,308.6,209.0,205.0,228.0,-0.4514495280189108,79.08684776567772,9,6,239.71,SYNTHETIC
2026-02-15T09:45:00,12004,Shatabdi,0,ALJN,CNB,308.6,209.0,205.0,228.0,-0.47361157753279604,76.48401591062127,9,6,245.9,SYNTHETIC
2026-02-15T10:00:00,12004,Shatabdi,0,CNB,LKO,71.6,75.0,72.0,85.0,14.019518613043356,38.567588303972,10,6,84.35,SYNTHETIC
2026-02-15T10:15:00,12951,Rajdhani,1,RTM,KOTA,266.0,157.0,154.0,170.0,-0.2634127784753608,100.58375369284796,10,6,166.98,SYNTHETIC
2026-02-15T10:30:00,12951,Rajdhani,1,RTM,KOTA,266.0,157.0,154.0,170.0,-0.42894582119630775,94.96957742283078,10,6,163.48,SYNTHETIC
2026-02-15T10:45:00,12004,Shatabdi,0,ALJN,CNB,308.6,209.0,205.0,228.0,1.060098687890382,76.90836937427004,10,6,240.68,SYNTHETIC
2026-02-15T11:00:00,12951,Rajdhani,1,RTM,KOTA,266.0,157.0,154.0,170.0,8.841592861063607,98.43811141462824,11,6,160.05,SYNTHETIC
2026-02-15T11:15:00,12951,Rajdhani,1,BRC,RTM,261.0,197.0,193.0,215.0,16.47735158415499,97.66108169796208,11,6,198.72,SYNTHETIC
2026-02-15T11:30:00,12951,Rajdhani,1,BCT,ST,263.0,162.0,158.0,172.0,-1.1103934863178755,105.31157619703623,11,6,172.91,SYNTHETIC
2026-02-15T11:45:00,12004,Shatabdi,0,NDLS,GZB,24.5,38.0,36.0,42.0,-1.6703886099418428,47.09689039419954,11,6,39.44,SYNTHETIC
2026-02-15T12:00:00,12951,Rajdhani,1,KOTA,MTJ,324.0,195.0,190.0,212.0,0.5925286731164965,107.42288818327391,12,6,191.13,SYNTHETIC
2026-02-15T12:15:00,12951,Rajdhani,1,ST,BRC,129.0,81.0,79.0,90.0,1.1966598819189294,98.46505468211335,12,6,74.29,SYNTHETIC
2026-02-15T12:30:00,12951,Rajdhani,1,RTM,KOTA,266.0,157.0,154.0,170.0,0.685230998600554,107.45767639527166,12,6,151.03,SYNTHETIC
2026-02-15T12:45:00,12004,Shatabdi,0,CNB,LKO,71.6,75.0,72.0,85.0,-0.6326871821895736,53.1029813402069,12,6,83.19,SYNTHETIC
2026-02-15T13:00:00,12951,Rajdhani,1,MTJ,NDLS,143.0,110.0,108.0,125.0,-0.05753408779857638,81.60107231930509,13,6,109.31,SYNTHETIC
2026-02-15T13:15:00,12951,Rajdhani,1,BCT,ST,263.0,162.0,158.0,172.0,-1.466799904137445,112.28307370890431,13,6,158.96,SYNTHETIC
2026-02-15T13:30:00,12004,Shatabdi,0,NDLS,GZB,24.5,38.0,36.0,42.0,14.796971185124136,42.026673204054454,13,6,37.62,SYNTHETIC
2026-02-15T13:45:00,12951,Rajdhani,1,RTM,KOTA,266.0,157.0,154.0,170.0,-1.4205690286656898,97.18073942119237,13,6,154.08,SYNTHETIC
2026-02-15T14:00:00,12951,Rajdhani,1,BRC,RTM,261.0,197.0,193.0,215.0,-1.3202317817759268,87.00857573164036,14,6,194.32,SYNTHETIC
2026-02-15T14:15:00,12951,Rajdhani,1,ST,BRC,129.0,81.0,79.0,90.0,-1.3806939881192908,111.26820778504194,14,6,79.48,SYNTHETIC
2026-02-15T14:30:00,12951,Rajdhani,1,KOTA,MTJ,324.0,195.0,190.0,212.0,4.312613618962293,99.56990701817382,14,6,193.92,SYNTHETIC
2026-02-15T14:45:00,12951,Rajdhani,1,RTM,KOTA,266.0,157.0,154.0,170.0,0.3823335441777225,94.8788563240876,14,6,158.16,SYNTHETIC
2026-02-15T15:00:00,12951,Rajdhani,1,KOTA,MTJ,324.0,195.0,190.0,212.0,0.2797402224124097,103.33312302175884,15,6,184.98,SYNTHETIC
2026-02-15T15:15:00,12951,Rajdhani,1,RTM,KOTA,266.0,157.0,154.0,170.0,7.787707171401678,100.08138715510007,15,6,154.49,SYNTHETIC
2026-02-15T15:30:00,12004,Shatabdi,0,NDLS,GZB,24.5,38.0,36.0,42.0,1.9524672751266774,44.471737676259465,15,6,41.4,SYNTHETIC
2026-02-15T15:45:00,12004,Shatabdi,0,GZB,ALJN,106.3,59.0,57.0,68.0,6.413505816443811,108.97624312414136,15,6,62.85,SYNTHETIC
2026-02-15T16:00:00,12004,Shatabdi,0,ALJN,CNB,308.6,209.0,205.0,228.0,2.1369442299795685,95.16520559653925,16,6,226.71,SYNTHETIC
2026-02-15T16:15:00,12004,Shatabdi,0,GZB,ALJN,106.3,59.0,57.0,68.0,-0.8211826056964033,111.08857378949712,16,6,63.27,SYNTHETIC
2026-02-15T16:30:00,12951,Rajdhani,1,ST,BRC,129.0,81.0,79.0,90.0,-1.4227870739107258,84.64519629587345,16,6,80.91,SYNTHETIC
2026-02-15T16:45:00,12951,Rajdhani,1,MTJ,NDLS,143.0,110.0,108.0,125.0,1.0067982947344625,100.43359923912726,16,6,106.22,SYNTHETIC
2026-02-15T17:00:00,12951,Rajdhani,1,KOTA,MTJ,324.0,195.0,190.0,212.0,3.9340481474096256,102.71041146672353,17,6,203.81,SYNTHETIC
2026-02-15T17:15:00,12004,Shatabdi,0,CNB,LKO,71.6,75.0,72.0,85.0,5.686810133365665,78.99731892377457,17,6,79.44,SYNTHETIC
2026-02-15T17:30:00,12004,Shatabdi,0,NDLS,GZB,24.5,38.0,36.0,42.0,-0.6963813527831575,51.29446439180908,17,6,48.55,SYNTHETIC
2026-02-15T17:45:00,12004,Shatabdi,0,CNB,LKO,71.6,75.0,72.0,85.0,6.169792241621792,51.63424428109543,17,6,78.84,SYNTHETIC
2026-02-15T18:00:00,12951,Rajdhani,1,BCT,ST,263.0,162.0,158.0,172.0,16.112414593412176,86.0579271327246,18,6,159.23,SYNTHETIC
2026-02-15T18:15:00,12951,Rajdhani,1,KOTA,MTJ,324.0,195.0,190.0,212.0,6.530804737629493,98.96747710192665,18,6,199.22,SYNTHETIC
2026-02-15T18:30:00,12951,Rajdhani,1,KOTA,MTJ,324.0,195.0,190.0,212.0,12.967213396147619,97.403159197071,18,6,198.03,SYNTHETIC
2026-02-15T18:45:00,12004,Shatabdi,0,GZB,ALJN,106.3,59.0,57.0,68.0,1.594932042897045,118.06463699256085,18,6,76.01,SYNTHETIC
2026-02-15T19:00:00,12004,Shatabdi,0,NDLS,GZB,24.5,38.0,36.0,42.0,6.452411121015626,36.9419823735677,19,6,46.86,SYNTHETIC
2026-02-15T19:15:00,12951,Rajdhani,1,BRC,RTM,261.0,197.0,193.0,215.0,0.22660236159779146,79.42554375827619,19,6,205.89,SYNTHETIC
2026-02-15T19:30:00,12004,Shatabdi,0,GZB,ALJN,106.3,59.0,57.0,68.0,10.176559238942676,114.80140177323575,19,6,64.81,SYNTHETIC
2026-02-15T19:45:00,12004,Shatabdi,0,NDLS,GZB,24.5,38.0,36.0,42.0,11.755277272731288,30.0,19,6,37.09,SYNTHETIC
2026-02-15T20:00:00,12951,Rajdhani,1,BCT,ST,263.0,162.0,158.0,172.0,-0.7287306530280597,87.88059350187767,20,6,174.08,SYNTHETIC
2026-02-15T20:15:00,12004,Shatabdi,0,NDLS,GZB,24.5,38.0,36.0,42.0,-1.158486266907782,34.85339877028634,20,6,45.07,SYNTHETIC
2026-02-15T20:30:00,12004,Shatabdi,0,ALJN,CNB,308.6,209.0,205.0,228.0,1.1827128721520022,90.95378790758976,20,6,235.05,SYNTHETIC
2026-02-15T20:45:00,12951,Rajdhani,1,RTM,KOTA,266.0,157.0,154.0,170.0,12.844787699826483,93.64411134830098,20,6,157.7,SYNTHETIC
2026-02-15T21:00:00,12951,Rajdhani,1,BCT,ST,263.0,162.0,158.0,172.0,2.838284473187022,100.38700530954578,21,6,168.45,SYNTHETIC
2026-02-15T21:15:00,12951,Rajdhani,1,BCT,ST,263.0,162.0,158.0,172.0,2.228812217232896,101.53094384004267,21,6,171.35,SYNTHETIC
2026-02-15T21:30:00,12004,Shatabdi,0,ALJN,CNB,308.6,209.0,205.0,228.0,4.201547916802236,96.53192687823956,21,6,251.03,SYNTHETIC
2026-02-15T21:45:00,12951,Rajdhani,1,KOTA,MTJ,324.0,195.0,190.0,212.0,26.29538566594356,119.84135774995022,21,6,206.67,SYNTHETIC
2026-02-15T22:00:00,12951,Rajdhani,1,ST,BRC,129.0,81.0,79.0,90.0,15.308215840187799,94.80232704217771,22,6,82.95,SYNTHETIC
2026-02-15T22:15:00,12951,Rajdhani,1,MTJ,NDLS,143.0,110.0,108.0,125.0,2.3577649818079944,86.48240328195263,22,6,106.9,SYNTHETIC
2026-02-15T22:30:00,12951,Rajdhani,1,MTJ,NDLS,143.0,110.0,108.0,125.0,5.276082974605374,63.93834535293094,22,6,107.56,SYNTHETIC
2026-02-15T22:45:00,12951,Rajdhani,1,KOTA,MTJ,324.0,195.0,190.0,212.0,12.069245786564963,95.79279542873859,22,6,182.7,SYNTHETIC
2026-02-15T23:00:00,12951,Rajdhani,1,BCT,ST,263.0,162.0,158.0,172.0,3.738964501650864,106.72723211311059,23,6,155.87,SYNTHETIC
2026-02-15T23:15:00,12951,Rajdhani,1,MTJ,NDLS,143.0,110.0,108.0,125.0,1.267901940863494,89.84206734049226,23,6,106.98,SYNTHETIC
2026-02-15T23:30:00,12951,Rajdhani,1,BRC,RTM,261.0,197.0,193.0,215.0,3.334613781012,83.33859779679645,23,6,192.66,SYNTHETIC
2026-02-15T23:45:00,12951,Rajdhani,1,BRC,RTM,261.0,197.0,193.0,215.0,-1.1206531495356935,69.6883183475922,23,6,193.61,SYNTHETIC
2026-02-16T00:00:00,12951,Rajdhani,1,BRC,RTM,261.0,197.0,193.0,215.0,8.063262082852248,83.58055347798837,0,0,186.95,SYNTHETIC
2026-02-16T00:15:00,12951,Rajdhani,1,RTM,KOTA,266.0,157.0,154.0,170.0,13.949619981022959,91.04479921495592,0,0,152.56,SYNTHETIC
2026-02-16T00:30:00,12951,Rajdhani,1,MTJ,NDLS,143.0,110.0,108.0,125.0,4.266629935638672,94.7722832921255,0,0,109.09,SYNTHETIC
2026-02-16T00:45:00,12951,Rajdhani,1,BCT,ST,263.0,162.0,158.0,172.0,4.968564110625701,120.52016422736656,0,0,157.38,SYNTHETIC
2026-02-16T01:00:00,12004,Shatabdi,0,ALJN,CNB,308.6,209.0,205.0,228.0,4.794316324626006,96.02342446598182,1,0,213.46,SYNTHETIC
2026-02-16T01:15:00,12951,Rajdhani,1,ST,BRC,129.0,81.0,79.0,90.0,5.528371674061965,109.96808576720751,1,0,75.01,SYNTHETIC
2026-02-16T01:30:00,12951,Rajdhani,1,ST,BRC,129.0,81.0,79.0,90.0,0.4933120795635211,99.53817054330861,1,0,76.61,SYNTHETIC
2026-02-16T01:45:00,12951,Rajdhani,1,BCT,ST,263.0,162.0,158.0,172.0,10.23089402424834,95.13632634017287,1,0,151.6,SYNTHETIC
2026-02-16T02:00:00,12951,Rajdhani,1,BRC,RTM,261.0,197.0,193.0,215.0,-0.425592700920423,73.10494003710117,2,0,189.95,SYNTHETIC
2026-02-16T02:15:00,12951,Rajdhani,1,MTJ,NDLS,143.0,110.0,108.0,125.0,6.649844873722296,74.28379926030276,2,0,98.35,SYNTHETIC
2026-02-16T02:30:00,12951,Rajdhani,1,BCT,ST,263.0,162.0,158.0,172.0,3.8142366975999025,111.10113012385241,2,0,153.66,SYNTHETIC
2026-02-16T02:45:00,12004,Shatabdi,0,GZB,ALJN,106.3,59.0,57.0,68.0,0.18144759098994356,91.09191066968074,2,0,59.4,SYNTHETIC
2026-02-16T03:00:00,12004,Shatabdi,0,ALJN,CNB,308.6,209.0,205.0,228.0,3.8346207941765904,76.67088347246198,3,0,217.13,SYNTHETIC
2026-02-16T03:15:00,12951,Rajdhani,1,BRC,RTM,261.0,197.0,193.0,215.0,1.6578390484324554,78.00667045301569,3,0,183.65,SYNTHETIC
2026-02-16T03:30:00,12951,Rajdhani,1,BRC,RTM,261.0,197.0,193.0,215.0,-1.5742643084357992,76.22125846463534,3,0,184.04,SYNTHETIC
2026-02-16T03:45:00,12951,Rajdhani,1,ST,BRC,129.0,81.0,79.0,90.0,5.552974440568917,110.17411553663212,3,0,75.63,SYNTHETIC
2026-02-16T04:00:00,12951,Rajdhani,1,MTJ,NDLS,143.0,110.0,108.0,125.0,1.2450103825476093,81.91916716897366,4,0,103.73,SYNTHETIC
2026-02-16T04:15:00,12951,Rajdhani,1,BRC,RTM,261.0,197.0,193.0,215.0,6.00083725025635,93.54373071911121,4,0,176.39,SYNTHETIC
2026-02-16T04:30:00,12951,Rajdhani,1,ST,BRC,129.0,81.0,79.0,90.0,-1.934268419693852,94.71050728282285,4,0,77.13,SYNTHETIC
2026-02-16T04:45:00,12951,Rajdhani,1,BRC,RTM,261.0,197.0,193.0,215.0,14.7212477176544,90.50561363311304,4,0,177.81,SYNTHETIC
2026-02-16T05:00:00,12951,Rajdhani,1,KOTA,MTJ,324.0,195.0,190.0,212.0,-0.027435389879423067,98.98070933014665,5,0,186.48,SYNTHETIC
2026-02-16T05:15:00,12951,Rajdhani,1,BCT,ST,263.0,162.0,158.0,172.0,0.5913170004721087,115.7856497192014,5,0,150.34,SYNTHETIC
2026-02-16T05:30:00,12951,Rajdhani,1,ST,BRC,129.0,81.0,79.0,90.0,7.900363647261937,124.34581703110467,5,0,77.81,SYNTHETIC
2026-02-16T05:45:00,12951,Rajdhani,1,ST,BRC,129.0,81.0,79.0,90.0,1.7283410323139705,121.8554672894031,5,0,74.99,SYNTHETIC
2026-02-16T06:00:00,12004,Shatabdi,0,CNB,LKO,71.6,75.0,72.0,85.0,1.4528817114550607,79.88879229638752,6,0,80.34,SYNTHETIC
2026-02-16T06:15:00,12004,Shatabdi,0,ALJN,CNB,308.6,209.0,205.0,228.0,0.45197852445438436,87.81410055914765,6,0,232.39,SYNTHETIC
2026-02-16T06:30:00,12004,Shatabdi,0,GZB,ALJN,106.3,59.0,57.0,68.0,-1.4316975254776474,115.24383620670467,6,0,67.87,SYNTHETIC
2026-02-16T06:45:00,12951,Rajdhani,1,MTJ,NDLS,143.0,110.0,108.0,125.0,4.823819937849343,90.03784746650658,6,0,110.09,SYNTHETIC
2026-02-16T07:00:00,12951,Rajdhani,1,ST,BRC,129.0,81.0,79.0,90.0,2.0375499425937944,98.3790819394138,7,0,74.44,SYNTHETIC
2026-02-16T07:15:00,12951,Rajdhani,1,RTM,KOTA,266.0,157.0,154.0,170.0,4.945075954356241,96.67185696358328,7,0,151.93,SYNTHETIC
2026-02-16T07:30:00,12951,Rajdhani,1,MTJ,NDLS,143.0,110.0,108.0,125.0,32.334515740544965,88.53333480813731,7,0,105.84,SYNTHETIC
2026-02-16T07:45:00,12004,Shatabdi,0,NDLS,GZB,24.5,38.0,36.0,42.0,0.19549815250083435,39.49290121406945,7,0,31.7,SYNTHETIC
2026-02-16T08:00:00,12951,Rajdhani,1,RTM,KOTA,266.0,157.0,154.0,170.0,-0.6269618570773514,122.20308701554076,8,0,166.57,SYNTHETIC
2026-02-16T08:15:00,12951,Rajdhani,1,BCT,ST,263.0,162.0,158.0,172.0,3.022450526746013,109.74242437702016,8,0,167.98,SYNTHETIC
2026-02-16T08:30:00,12951,Rajdhani,1,RTM,KOTA,266.0,157.0,154.0,170.0,4.587887419287336,95.538104066225,8,0,163.53,SYNTHETIC
2026-02-16T08:45:00,12951,Rajdhani,1,RTM,KOTA,266.0,157.0,154.0,170.0,-1.406833236664042,91.23064272486742,8,0,164.19,SYNTHETIC
2026-02-16T09:00:00,12004,Shatabdi,0,NDLS,GZB,24.5,38.0,36.0,42.0,-1.622145743346194,43.68615284500828,9,0,45.16,SYNTHETIC
2026-02-16T09:15:00,12951,Rajdhani,1,BRC,RTM,261.0,197.0,193.0,215.0,11.183855483111738,70.08194405924286,9,0,203.97,SYNTHETIC
2026-02-16T09:30:00,12951,Rajdhani,1,BRC,RTM,261.0,197.0,193.0,215.0,5.624006303513635,87.8458626341677,9,0,196.8,SYNTHETIC
2026-02-16T09:45:00,12004,Shatabdi,0,NDLS,GZB,24.5,38.0,36.0,42.0,1.8340407735363993,52.521022503444534,9,0,42.28,SYNTHETIC
2026-02-16T10:00:00,12004,Shatabdi,0,GZB,ALJN,106.3,59.0,57.0,68.0,-1.006067271555087,100.07685419385272,10,0,64.36,SYNTHETIC
2026-02-16T10:15:00,12004,Shatabdi,0,ALJN,CNB,308.6,209.0,205.0,228.0,6.126034518375803,98.93418537051065,10,0,237.76,SYNTHETIC
2026-02-16T10:30:00,12951,Rajdhani,1,RTM,KOTA,266.0,157.0,154.0,170.0,12.771717585842303,112.56248824480659,10,0,162.82,SYNTHETIC
2026-02-16T10:45:00,12951,Rajdhani,1,BCT,ST,263.0,162.0,158.0,172.0,1.108371686000397,77.68586517510539,10,0,167.2,SYNTHETIC
2026-02-16T11:00:00,12004,Shatabdi,0,NDLS,GZB,24.5,38.0,36.0,42.0,7.045128932473421,35.29398649491091,11,0,44.33,SYNTHETIC
2026-02-16T11:15:00,12951,Rajdhani,1,RTM,KOTA,266.0,157.0,154.0,170.0,5.060158182106688,109.44073554670157,11,0,163.35,SYNTHETIC
2026-02-16T11:30:00,12951,Rajdhani,1,MTJ,NDLS,143.0,110.0,108.0,125.0,33.27984811047846,83.11491237374412,11,0,117.47,SYNTHETIC
2026-02-16T11:45:00,12951,Rajdhani,1,BRC,RTM,261.0,197.0,193.0,215.0,-1.7258530603525175,64.07232818575221,11,0,201.22,SYNTHETIC
2026-02-16T12:00:00,12004,Shatabdi,0,NDLS,GZB,24.5,38.0,36.0,42.0,5.536713660453718,34.98834117711383,12,0,42.82,SYNTHETIC
2026-02-16T12:15:00,12951,Rajdhani,1,BRC,RTM,261.0,197.0,193.0,215.0,-0.6909247955014228,73.18034857103243,12,0,190.84,SYNTHETIC
2026-02-16T12:30:00,12951,Rajdhani,1,BRC,RTM,261.0,197.0,193.0,215.0,5.346610738084673,75.93866119011074,12,0,187.45,SYNTHETIC
2026-02-16T12:45:00,12951,Rajdhani,1,RTM,KOTA,266.0,157.0,154.0,170.0,-1.5003663912466665,95.47613291690159,12,0,151.45,SYNTHETIC
2026-02-16T13:00:00,12951,Rajdhani,1,ST,BRC,129.0,81.0,79.0,90.0,2.309634885036651,91.24222176915725,13,0,82.07,SYNTHETIC
2026-02-16T13:15:00,12951,Rajdhani,1,KOTA,MTJ,324.0,195.0,190.0,212.0,0.10867683732170663,101.30598601209084,13,0,186.63,SYNTHETIC
2026-02-16T13:30:00,12951,Rajdhani,1,BRC,RTM,261.0,197.0,193.0,215.0,5.745474106983425,99.61132632501808,13,0,190.1,SYNTHETIC
2026-02-16T13:45:00,12951,Rajdhani,1,RTM,KOTA,266.0,157.0,154.0,170.0,-0.8857206084140987,96.84216802693471,13,0,154.87,SYNTHETIC
2026-02-16T14:00:00,12004,Shatabdi,0,GZB,ALJN,106.3,59.0,57.0,68.0,1.2488196344824911,106.56978426657533,14,0,62.14,SYNTHETIC
2026-02-16T14:15:00,12951,Rajdhani,1,KOTA,MTJ,324.0,195.0,190.0,212.0,-0.31259838921026106,85.81224443213893,14,0,187.05,SYNTHETIC
2026-02-16T14:30:00,12004,Shatabdi,0,ALJN,CNB,308.6,209.0,205.0,228.0,15.80391860902946,90.56830674161169,14,0,218.39,SYNTHETIC
2026-02-16T14:45:00,12004,Shatabdi,0,NDLS,GZB,24.5,38.0,36.0,42.0,22.37796138000209,44.21927766449196,14,0,39.97,SYNTHETIC
2026-02-16T15:00:00,12951,Rajdhani,1,RTM,KOTA,266.0,157.0,154.0,170.0,5.234488587204387,115.09438465198127,15,0,152.93,SYNTHETIC
2026-02-16T15:15:00,12951,Rajdhani,1,ST,BRC,129.0,81.0,79.0,90.0,-1.9333042843381103,75.58145687866156,15,0,83.63,SYNTHETIC
2026-02-16T15:30:00,12004,Shatabdi,0,CNB,LKO,71.6,75.0,72.0,85.0,8.77277110160781,75.091458254311,15,0,76.71,SYNTHETIC
2026-02-16T15:45:00,12004,Shatabdi,0,CNB,LKO,71.6,75.0,72.0,85.0,14.122542188738151,43.65549278980986,15,0,78.13,SYNTHETIC
2026-02-16T16:00:00,12004,Shatabdi,0,CNB,LKO,71.6,75.0,72.0,85.0,-0.15389609688864825,55.668733121790936,16,0,76.55,SYNTHETIC
2026-02-16T16:15:00,12951,Rajdhani,1,RTM,KOTA,266.0,157.0,154.0,170.0,1.4119957909604803,115.21255044686175,16,0,151.49,SYNTHETIC
2026-02-16T16:30:00,12004,Shatabdi,0,ALJN,CNB,308.6,209.0,205.0,228.0,-0.6466182010851234,97.88247142703123,16,0,225.09,SYNTHETIC
2026-02-16T16:45:00,12951,Rajdhani,1,RTM,KOTA,266.0,157.0,154.0,170.0,4.657539804240342,94.39553294196257,16,0,160.35,SYNTHETIC
2026-02-16T17:00:00,12004,Shatabdi,0,CNB,LKO,71.6,75.0,72.0,85.0,7.808182301333185,79.46615034957264,17,0,85.01,SYNTHETIC
2026-02-16T17:15:00,12951,Rajdhani,1,RTM,KOTA,266.0,157.0,154.0,170.0,-0.9208180834176081,96.77263204430776,17,0,164.11,SYNTHETIC
2026-02-16T17:30:00,12004,Shatabdi,0,CNB,LKO,71.6,75.0,72.0,85.0,-0.9286394580979527,59.05981233464746,17,0,82.88,SYNTHETIC
2026-02-16T17:45:00,12951,Rajdhani,1,BCT,ST,263.0,162.0,158.0,172.0,3.4624983180117974,99.54376125932819,17,0,167.95,SYNTHETIC
2026-02-16T18:00:00,12951,Rajdhani,1,MTJ,NDLS,143.0,110.0,108.0,125.0,5.022350883050169,94.32132890847959,18,0,112.5,SYNTHETIC
2026-02-16T18:15:00,12004,Shatabdi,0,NDLS,GZB,24.5,38.0,36.0,42.0,27.119599770056176,42.09052876774587,18,0,39.05,SYNTHETIC
2026-02-16T18:30:00,12951,Rajdhani,1,KOTA,MTJ,324.0,195.0,190.0,212.0,1.0393611259900313,117.91320894652385,18,0,196.77,SYNTHETIC
2026-02-16T18:45:00,12951,Rajdhani,1,KOTA,MTJ,324.0,195.0,190.0,212.0,-1.3402752830344542,88.40694143054033,18,0,200.28,SYNTHETIC
2026-02-16T19:00:00,12951,Rajdhani,1,KOTA,MTJ,324.0,195.0,190.0,212.0,19.419562129860186,105.55816248634767,19,0,202.86,SYNTHETIC
2026-02-16T19:15:00,12951,Rajdhani,1,ST,BRC,129.0,81.0,79.0,90.0,2.656843665252829,96.96120231493411,19,0,79.51,SYNTHETIC
2026-02-16T19:30:00,12951,Rajdhani,1,ST,BRC,129.0,81.0,79.0,90.0,0.4958643911318492,108.93809368538318,19,0,81.84,SYNTHETIC
2026-02-16T19:45:00,12951,Rajdhani,1,MTJ,NDLS,143.0,110.0,108.0,125.0,4.327322568933056,73.85838915606195,19,0,114.86,SYNTHETIC
2026-02-16T20:00:00,12004,Shatabdi,0,GZB,ALJN,106.3,59.0,57.0,68.0,-0.8895572597765482,99.8538673403933,20,0,63.36,SYNTHETIC
2026-02-16T20:15:00,12951,Rajdhani,1,BRC,RTM,261.0,197.0,193.0,215.0,4.031498402295712,95.18231527895931,20,0,203.58,SYNTHETIC
2026-02-16T20:30:00,12951,Rajdhani,1,RTM,KOTA,266.0,157.0,154.0,170.0,4.762099485540095,114.4558454134961,20,0,168.49,SYNTHETIC
2026-02-16T20:45:00,12951,Rajdhani,1,BRC,RTM,261.0,197.0,193.0,215.0,-1.9310542622894036,79.6644072455548,20,0,201.35,SYNTHETIC
2026-02-16T21:00:00,12004,Shatabdi,0,GZB,ALJN,106.3,59.0,57.0,68.0,4.9660622115412725,122.94787585703814,21,0,69.65,SYNTHETIC
2026-02-16T21:15:00,12004,Shatabdi,0,GZB,ALJN,106.3,59.0,57.0,68.0,-1.3045487802851108,115.42574460200548,21,0,69.86,SYNTHETIC
2026-02-16T21:30:00,12951,Rajdhani,1,MTJ,NDLS,143.0,110.0,108.0,125.0,16.379358048391158,80.71263115055083,21,0,111.21,SYNTHETIC
2026-02-16T21:45:00,12004,Shatabdi,0,NDLS,GZB,24.5,38.0,36.0,42.0,4.460367556738213,47.746897144138586,21,0,41.33,SYNTHETIC
2026-02-16T22:00:00,12951,Rajdhani,1,BCT,ST,263.0,162.0,158.0,172.0,1.1367515500963252,111.14018451582028,22,0,156.07,SYNTHETIC
2026-02-16T22:15:00,12951,Rajdhani,1,BCT,ST,263.0,162.0,158.0,172.0,0.5677133129699143,90.91068003597528,22,0,155.77,SYNTHETIC
2026-02-16T22:30:00,12951,Rajdhani,1,BCT,ST,263.0,162.0,158.0,172.0,1.3485466099196008,107.77127518014464,22,0,159.61,SYNTHETIC
2026-02-16T22:45:00,12951,Rajdhani,1,BRC,RTM,261.0,197.0,193.0,215.0,3.726204639768345,90.90177275192897,22,0,202.18,SYNTHETIC
2026-02-16T23:00:00,12951,Rajdhani,1,BCT,ST,263.0,162.0,158.0,172.0,8.53132203054138,94.8710895577755,23,0,149.89,SYNTHETIC
2026-02-16T23:15:00,12951,Rajdhani,1,MTJ,NDLS,143.0,110.0,108.0,125.0,-1.5874892493052197,88.51092830253728,23,0,108.84,SYNTHETIC
2026-02-16T23:30:00,12004,Shatabdi,0,GZB,ALJN,106.3,59.0,57.0,68.0,7.580579066245672,109.57595709149294,23,0,57.89,SYNTHETIC
2026-02-16T23:45:00,12951,Rajdhani,1,RTM,KOTA,266.0,157.0,154.0,170.0,0.28284233258744873,101.06274374726874,23,0,156.85,SYNTHETIC
2026-02-17T00:00:00,12004,Shatabdi,0,GZB,ALJN,106.3,59.0,57.0,68.0,9.830646590059578,99.57604996077445,0,1,62.55,SYNTHETIC
2026-02-17T00:15:00,12004,Shatabdi,0,GZB,ALJN,106.3,59.0,57.0,68.0,-0.6836484961964688,109.39533021664612,0,1,65.22,SYNTHETIC
2026-02-17T00:30:00,12951,Rajdhani,1,ST,BRC,129.0,81.0,79.0,90.0,-1.4705253624328107,103.37571484601634,0,1,80.91,SYNTHETIC
2026-02-17T00:45:00,12951,Rajdhani,1,KOTA,MTJ,324.0,195.0,190.0,212.0,3.345621619662987,90.46738886893404,0,1,191.42,SYNTHETIC
2026-02-17T01:00:00,12004,Shatabdi,0,GZB,ALJN,106.3,59.0,57.0,68.0,4.829117720280466,113.51237804451138,1,1,57.47,SYNTHETIC
2026-02-17T01:15:00,12951,Rajdhani,1,ST,BRC,129.0,81.0,79.0,90.0,0.052837057656074826,109.16858597495741,1,1,74.84,SYNTHETIC
2026-02-17T01:30:00,12951,Rajdhani,1,MTJ,NDLS,143.0,110.0,108.0,125.0,5.418546113039628,87.31593494340981,1,1,103.15,SYNTHETIC
2026-02-17T01:45:00,12951,Rajdhani,1,BCT,ST,263.0,162.0,158.0,172.0,1.40625563807474,96.77499820912473,1,1,148.76,SYNTHETIC
2026-02-17T02:00:00,12004,Shatabdi,0,ALJN,CNB,308.6,209.0,205.0,228.0,7.549587634910637,102.42518971892773,2,1,206.52,SYNTHETIC
2026-02-17T02:15:00,12004,Shatabdi,0,ALJN,CNB,308.6,209.0,205.0,228.0,-1.9782655111935308,87.29592098522298,2,1,210.99,SYNTHETIC
2026-02-17T02:30:00,12951,Rajdhani,1,ST,BRC,129.0,81.0,79.0,90.0,9.973713598876316,89.93529977703217,2,1,75.86,SYNTHETIC
2026-02-17T02:45:00,12004,Shatabdi,0,ALJN,CNB,308.6,209.0,205.0,228.0,3.8269395859052064,91.71930131249641,2,1,213.81,SYNTHETIC
2026-02-17T03:00:00,12951,Rajdhani,1,ST,BRC,129.0,81.0,79.0,90.0,-1.4033689515801564,102.26196347724448,3,1,75.23,SYNTHETIC
2026-02-17T03:15:00,12004,Shatabdi,0,GZB,ALJN,106.3,59.0,57.0,68.0,6.187362462479236,96.50259661605527,3,1,58.52,SYNTHETIC
2026-02-17T03:30:00,12004,Shatabdi,0,CNB,LKO,71.6,75.0,72.0,85.0,7.386122171511829,54.79844794148369,3,1,73.2,SYNTHETIC
2026-02-17T03:45:00,12951,Rajdhani,1,KOTA,MTJ,324.0,195.0,190.0,212.0,-0.649593063367115,115.18647125749595,3,1,184.91,SYNTHETIC
2026-02-17T04:00:00,12951,Rajdhani,1,ST,BRC,129.0,81.0,79.0,90.0,3.455881066219499,92.84064218725779,4,1,72.35,SYNTHETIC
2026-02-17T04:15:00,12951,Rajdhani,1,MTJ,NDLS,143.0,110.0,108.0,125.0,6.649444591071905,88.9911126047383,4,1,104.21,SYNTHETIC
2026-02-17T04:30:00,12951,Rajdhani,1,KOTA,MTJ,324.0,195.0,190.0,212.0,4.9448660354095875,119.40657458903712,4,1,184.18,SYNTHETIC
2026-02-17T04:45:00,12951,Rajdhani,1,BCT,ST,263.0,162.0,158.0,172.0,-1.0500579604639158,92.52168210278519,4,1,151.21,SYNTHETIC
2026-02-17T05:00:00,12951,Rajdhani,1,BCT,ST,263.0,162.0,158.0,172.0,7.299116978750963,91.48651027608386,5,1,147.4,SYNTHETIC
2026-02-17T05:15:00,12951,Rajdhani,1,BRC,RTM,261.0,197.0,193.0,215.0,6.260551854887527,72.12461489695413,5,1,180.37,SYNTHETIC
2026-02-17T05:30:00,12951,Rajdhani,1,ST,BRC,129.0,81.0,79.0,90.0,8.575468800128583,109.39424848299504,5,1,73.01,SYNTHETIC
2026-02-17T05:45:00,12951,Rajdhani,1,MTJ,NDLS,143.0,110.0,108.0,125.0,13.94207484189652,70.946494414215,5,1,102.84,SYNTHETIC
2026-02-17T06:00:00,12951,Rajdhani,1,RTM,KOTA,266.0,157.0,154.0,170.0,0.10708181217392898,103.18673211811496,6,1,150.62,SYNTHETIC
2026-02-17T06:15:00,12951,Rajdhani,1,RTM,KOTA,266.0,157.0,154.0,170.0,12.157998948929645,89.31358877904347,6,1,150.4,SYNTHETIC
2026-02-17T06:30:00,12004,Shatabdi,0,CNB,LKO,71.6,75.0,72.0,85.0,-0.426384623199749,69.6257642197121,6,1,77.08,SYNTHETIC
2026-02-17T06:45:00,12951,Rajdhani,1,RTM,KOTA,266.0,157.0,154.0,170.0,-1.9251867298758625,100.53594339378411,6,1,156.45,SYNTHETIC
2026-02-17T07:00:00,12951,Rajdhani,1,ST,BRC,129.0,81.0,79.0,90.0,1.0628315933557948,97.94231483696731,7,1,83.78,SYNTHETIC
2026-02-17T07:15:00,12951,Rajdhani,1,ST,BRC,129.0,81.0,79.0,90.0,4.147706422733883,93.63920667498014,7,1,73.42,SYNTHETIC
2026-02-17T07:30:00,12004,Shatabdi,0,ALJN,CNB,308.6,209.0,205.0,228.0,3.1639606344139617,87.95451274299296,7,1,223.54,SYNTHETIC
2026-02-17T07:45:00,12951,Rajdhani,1,ST,BRC,129.0,81.0,79.0,90.0,-1.9702847080803303,103.92209794576343,7,1,82.61,SYNTHETIC
2026-02-17T08:00:00,12951,Rajdhani,1,KOTA,MTJ,324.0,195.0,190.0,212.0,11.89509596149413,119.78568645543919,8,1,195.55,SYNTHETIC
2026-02-17T08:15:00,12004,Shatabdi,0,GZB,ALJN,106.3,59.0,57.0,68.0,-0.8910243932322635,95.87314426151268,8,1,68.25,SYNTHETIC
2026-02-17T08:30:00,12951,Rajdhani,1,BRC,RTM,261.0,197.0,193.0,215.0,0.6692571861919583,78.26282581756223,8,1,208.18,SYNTHETIC
2026-02-17T08:45:00,12951,Rajdhani,1,BRC,RTM,261.0,197.0,193.0,215.0,4.168910993038166,70.66896469808651,8,1,210.77,SYNTHETIC
2026-02-17T09:00:00,12004,Shatabdi,0,CNB,LKO,71.6,75.0,72.0,85.0,5.44086247956116,72.03744613165496,9,1,83.27,SYNTHETIC
2026-02-17T09:15:00,12951,Rajdhani,1,KOTA,MTJ,324.0,195.0,190.0,212.0,1.031152552230803,119.26009874269646,9,1,199.69,SYNTHETIC
2026-02-17T09:30:00,12951,Rajdhani,1,BRC,RTM,261.0,197.0,193.0,215.0,-0.16118760300112545,76.4420978722191,9,1,207.28,SYNTHETIC
2026-02-17T09:45:00,12951,Rajdhani,1,BCT,ST,263.0,162.0,158.0,172.0,13.85283469299814,87.71734415378417,9,1,163.3,SYNTHETIC
2026-02-17T10:00:00,12951,Rajdhani,1,BCT,ST,263.0,162.0,158.0,172.0,1.0170578633510052,97.12218371813383,10,1,169.76,SYNTHETIC
2026-02-17T10:15:00,12004,Shatabdi,0,CNB,LKO,71.6,75.0,72.0,85.0,1.9278076941671372,62.987070593156815,10,1,81.23,SYNTHETIC
2026-02-17T10:30:00,12951,Rajdhani,1,RTM,KOTA,266.0,157.0,154.0,170.0,20.28716922185983,116.93769671574206,10,1,161.38,SYNTHETIC
2026-02-17T10:45:00,12951,Rajdhani,1,ST,BRC,129.0,81.0,79.0,90.0,7.4393563314975815,83.97694959817235,10,1,80.23,SYNTHETIC
2026-02-17T11:00:00,12951,Rajdhani,1,BCT,ST,263.0,162.0,158.0,172.0,1.9593607725437896,98.4763882531097,11,1,172.12,SYNTHETIC
2026-02-17T11:15:00,12951,Rajdhani,1,BCT,ST,263.0,162.0,158.0,172.0,5.538906754994755,108.03195282230415,11,1,162.98,SYNTHETIC
2026-02-17T11:30:00,12951,Rajdhani,1,KOTA,MTJ,324.0,195.0,190.0,212.0,6.877715258938956,111.60707809899979,11,1,197.07,SYNTHETIC
2026-02-17T11:45:00,12951,Rajdhani,1,BCT,ST,263.0,162.0,158.0,172.0,33.92761079976102,105.88348646452911,11,1,169.33,SYNTHETIC
2026-02-17T12:00:00,12004,Shatabdi,0,GZB,ALJN,106.3,59.0,57.0,68.0,1.7302488698723826,96.68031592145041,12,1,67.31,SYNTHETIC
2026-02-17T12:15:00,12951,Rajdhani,1,ST,BRC,129.0,81.0,79.0,90.0,21.636565221004098,111.74862346129132,12,1,76.58,SYNTHETIC
2026-02-17T12:30:00,12004,Shatabdi,0,NDLS,GZB,24.5,38.0,36.0,42.0,-1.873658141296547,40.11004332031027,12,1,38.0,SYNTHETIC
2026-02-17T12:45:00,12951,Rajdhani,1,BRC,RTM,261.0,197.0,193.0,215.0,6.59954426247074,60.1318471649663,12,1,188.42,SYNTHETIC
2026-02-17T13:00:00,12004,Shatabdi,0,CNB,LKO,71.6,75.0,72.0,85.0,-1.4919986182987985,55.9587023286714,13,1,87.81,SYNTHETIC
2026-02-17T13:15:00,12951,Rajdhani,1,MTJ,NDLS,143.0,110.0,108.0,125.0,-1.0790115914663236,92.03301555735122,13,1,108.91,SYNTHETIC
2026-02-17T13:30:00,12004,Shatabdi,0,ALJN,CNB,308.6,209.0,205.0,228.0,-1.494016751143489,84.12160854979024,13,1,224.92,SYNTHETIC
2026-02-17T13:45:00,12951,Rajdhani,1,BRC,RTM,261.0,197.0,193.0,215.0,4.139144535870761,79.25097261036285,13,1,192.99,SYNTHETIC
2026-02-17T14:00:00,12951,Rajdhani,1,BCT,ST,263.0,162.0,158.0,172.0,1.290350432454562,92.95646948875594,14,1,157.19,SYNTHETIC
2026-02-17T14:15:00,12004,Shatabdi,0,ALJN,CNB,308.6,209.0,205.0,228.0,-0.7512275610868064,84.18208933170627,14,1,229.88,SYNTHETIC
2026-02-17T14:30:00,12951,Rajdhani,1,MTJ,NDLS,143.0,110.0,108.0,125.0,-1.1033126923538257,81.04575597205047,14,1,105.72,SYNTHETIC
2026-02-17T14:45:00,12004,Shatabdi,0,GZB,ALJN,106.3,59.0,57.0,68.0,3.4094569601282823,103.77699516984912,14,1,67.29,SYNTHETIC
2026-02-17T15:00:00,12004,Shatabdi,0,CNB,LKO,71.6,75.0,72.0,85.0,1.6778753047825963,54.59969569827291,15,1,85.66,SYNTHETIC
2026-02-17T15:15:00,12951,Rajdhani,1,MTJ,NDLS,143.0,110.0,108.0,125.0,1.171179686503307,84.65220889178451,15,1,108.01,SYNTHETIC
2026-02-17T15:30:00,12004,Shatabdi,0,CNB,LKO,71.6,75.0,72.0,85.0,10.72339990572145,64.45253993468668,15,1,73.47,SYNTHETIC
2026-02-17T15:45:00,12951,Rajdhani,1,MTJ,NDLS,143.0,110.0,108.0,125.0,10.697708402163673,83.28099468311233,15,1,102.13,SYNTHETIC
2026-02-17T16:00:00,12951,Rajdhani,1,KOTA,MTJ,324.0,195.0,190.0,212.0,-1.2909318758950612,89.12406989536298,16,1,189.53,SYNTHETIC
2026-02-17T16:15:00,12004,Shatabdi,0,ALJN,CNB,308.6,209.0,205.0,228.0,0.1076553260808466,106.4355491527182,16,1,228.71,SYNTHETIC
2026-02-17T16:30:00,12004,Shatabdi,0,ALJN,CNB,308.6,209.0,205.0,228.0,2.2934636017885524,91.27966537606663,16,1,227.57,SYNTHETIC
2026-02-17T16:45:00,12004,Shatabdi,0,NDLS,GZB,24.5,38.0,36.0,42.0,2.702449214868089,44.005138953831846,16,1,36.22,SYNTHETIC
2026-02-17T17:00:00,12004,Shatabdi,0,NDLS,GZB,24.5,38.0,36.0,42.0,19.55903543139506,43.1333438765446,17,1,38.2,SYNTHETIC
2026-02-17T17:15:00,12951,Rajdhani,1,KOTA,MTJ,324.0,195.0,190.0,212.0,1.2535427312650165,98.24547120422362,17,1,205.66,SYNTHETIC
2026-02-17T17:30:00,12951,Rajdhani,1,RTM,KOTA,266.0,157.0,154.0,170.0,-1.8788285341898825,106.37459293902869,17,1,170.58,SYNTHETIC
2026-02-17T17:45:00,12951,Rajdhani,1,RTM,KOTA,266.0,157.0,154.0,170.0,-0.03969847955063077,100.97064078707378,17,1,162.2,SYNTHETIC
2026-02-17T18:00:00,12004,Shatabdi,0,ALJN,CNB,308.6,209.0,205.0,228.0,7.490965944033958,100.7974890028613,18,1,243.27,SYNTHETIC
2026-02-17T18:15:00,12004,Shatabdi,0,ALJN,CNB,308.6,209.0,205.0,228.0,4.248780769078518,91.23914071699585,18,1,234.31,SYNTHETIC
2026-02-17T18:30:00,12951,Rajdhani,1,RTM,KOTA,266.0,157.0,154.0,170.0,2.76561504332126,104.90239546081266,18,1,159.43,SYNTHETIC
2026-02-17T18:45:00,12951,Rajdhani,1,RTM,KOTA,266.0,157.0,154.0,170.0,0.07870150007448595,90.56815022475215,18,1,167.87,SYNTHETIC
2026-02-17T19:00:00,12951,Rajdhani,1,BCT,ST,263.0,162.0,158.0,172.0,-0.8901950914655816,107.13785705331097,19,1,172.96,SYNTHETIC
2026-02-17T19:15:00,12951,Rajdhani,1,RTM,KOTA,266.0,157.0,154.0,170.0,1.2497999120265924,119.69326471457207,19,1,163.63,SYNTHETIC
2026-02-17T19:30:00,12004,Shatabdi,0,GZB,ALJN,106.3,59.0,57.0,68.0,18.894947878701366,110.8635687155532,19,1,68.24,SYNTHETIC
2026-02-17T19:45:00,12951,Rajdhani,1,BCT,ST,263.0,162.0,158.0,172.0,2.3856853566233323,119.48890495395908,19,1,165.33,SYNTHETIC
2026-02-17T20:00:00,12951,Rajdhani,1,KOTA,MTJ,324.0,195.0,190.0,212.0,7.2595740865694545,98.06737964604999,20,1,192.51,SYNTHETIC
2026-02-17T20:15:00,12951,Rajdhani,1,ST,BRC,129.0,81.0,79.0,90.0,3.198426205277821,107.00635946425156,20,1,78.3,SYNTHETIC
2026-02-17T20:30:00,12951,Rajdhani,1,KOTA,MTJ,324.0,195.0,190.0,212.0,-1.599482837795156,101.80075626921756,20,1,198.08,SYNTHETIC
2026-02-17T20:45:00,12951,Rajdhani,1,ST,BRC,129.0,81.0,79.0,90.0,-1.0488497043849883,105.29103865988328,20,1,91.51,SYNTHETIC
2026-02-17T21:00:00,12004,Shatabdi,0,ALJN,CNB,308.6,209.0,205.0,228.0,19.41543159419134,93.1905896477057,21,1,232.55,SYNTHETIC
2026-02-17T21:15:00,12004,Shatabdi,0,GZB,ALJN,106.3,59.0,57.0,68.0,3.6802037186602554,117.6905493219533,21,1,64.03,SYNTHETIC
2026-02-17T21:30:00,12004,Shatabdi,0,NDLS,GZB,24.5,38.0,36.0,42.0,25.107539941222463,40.263241998575324,21,1,41.96,SYNTHETIC
2026-02-17T21:45:00,12951,Rajdhani,1,BCT,ST,263.0,162.0,158.0,172.0,13.274999619226755,99.79373747290686,21,1,163.61,SYNTHETIC
2026-02-17T22:00:00,12004,Shatabdi,0,ALJN,CNB,308.6,209.0,205.0,228.0,18.76033925509307,88.95235507244861,22,1,225.37,SYNTHETIC
2026-02-17T22:15:00,12951,Rajdhani,1,BRC,RTM,261.0,197.0,193.0,215.0,-0.0783732929722718,65.83858708562369,22,1,187.79,SYNTHETIC
2026-02-17T22:30:00,12951,Rajdhani,1,MTJ,NDLS,143.0,110.0,108.0,125.0,-0.9009839725580449,86.19608845432738,22,1,99.07,SYNTHETIC
2026-02-17T22:45:00,12951,Rajdhani,1,MTJ,NDLS,143.0,110.0,108.0,125.0,1.9036146363095598,86.50385794196356,22,1,112.26,SYNTHETIC
2026-02-17T23:00:00,12004,Shatabdi,0,CNB,LKO,71.6,75.0,72.0,85.0,0.3084333250712934,50.061292330752906,23,1,80.18,SYNTHETIC
2026-02-17T23:15:00,12951,Rajdhani,1,RTM,KOTA,266.0,157.0,154.0,170.0,12.535524550281004,120.81216568680681,23,1,151.3,SYNTHETIC
2026-02-17T23:30:00,12004,Shatabdi,0,CNB,LKO,71.6,75.0,72.0,85.0,5.343382090283293,76.67811431859332,23,1,75.13,SYNTHETIC
2026-02-17T23:45:00,12951,Rajdhani,1,ST,BRC,129.0,81.0,79.0,90.0,7.381837297828794,99.21905952337323,23,1,76.92,SYNTHETIC
2026-02-18T00:00:00,12951,Rajdhani,1,KOTA,MTJ,324.0,195.0,190.0,212.0,-0.3820124356146133,113.92756648428063,0,2,186.87,SYNTHETIC
2026-02-18T00:15:00,12951,Rajdhani,1,RTM,KOTA,266.0,157.0,154.0,170.0,4.431207609213168,85.98643397489774,0,2,151.46,SYNTHETIC
2026-02-18T00:30:00,12951,Rajdhani,1,RTM,KOTA,266.0,157.0,154.0,170.0,0.3655299731662307,105.50737900858635,0,2,152.38,SYNTHETIC
2026-02-18T00:45:00,12951,Rajdhani,1,KOTA,MTJ,324.0,195.0,190.0,212.0,13.60919090833616,97.0554748657957,0,2,188.38,SYNTHETIC
2026-02-18T01:00:00,12004,Shatabdi,0,ALJN,CNB,308.6,209.0,205.0,228.0,9.59423702033131,96.56795640175277,1,2,218.31,SYNTHETIC
2026-02-18T01:15:00,12951,Rajdhani,1,RTM,KOTA,266.0,157.0,154.0,170.0,-0.794146391647045,94.67166925886163,1,2,151.43,SYNTHETIC
2026-02-18T01:30:00,12951,Rajdhani,1,RTM,KOTA,266.0,157.0,154.0,170.0,0.9170974036211903,95.87402564153405,1,2,149.06,SYNTHETIC
2026-02-18T01:45:00,12004,Shatabdi,0,CNB,LKO,71.6,75.0,72.0,85.0,-1.743016222271164,53.76368781495069,1,2,73.12,SYNTHETIC
2026-02-18T02:00:00,12951,Rajdhani,1,RTM,KOTA,266.0,157.0,154.0,170.0,4.8299056427566684,102.35873575733696,2,2,151.08,SYNTHETIC
2026-02-18T02:15:00,12004,Shatabdi,0,CNB,LKO,71.6,75.0,72.0,85.0,2.461858672746547,69.17944055543198,2,2,74.74,SYNTHETIC
2026-02-18T02:30:00,12951,Rajdhani,1,ST,BRC,129.0,81.0,79.0,90.0,2.3297595695684237,109.01013421954954,2,2,76.15,SYNTHETIC
2026-02-18T02:45:00,12951,Rajdhani,1,MTJ,NDLS,143.0,110.0,108.0,125.0,3.2896294792465426,86.49993009240431,2,2,104.15,SYNTHETIC
2026-02-18T03:00:00,12951,Rajdhani,1,BRC,RTM,261.0,197.0,193.0,215.0,-0.0386626639315657,61.15384070750193,3,2,182.79,SYNTHETIC
2026-02-18T03:15:00,12004,Shatabdi,0,NDLS,GZB,24.5,38.0,36.0,42.0,4.15918006171132,47.68891696550518,3,2,40.58,SYNTHETIC
2026-02-18T03:30:00,12951,Rajdhani,1,ST,BRC,129.0,81.0,79.0,90.0,23.078391054181687,104.98909738247563,3,2,70.68,SYNTHETIC
2026-02-18T03:45:00,12004,Shatabdi,0,NDLS,GZB,24.5,38.0,36.0,42.0,0.138353049779405,64.68978192524617,3,2,44.22,SYNTHETIC
2026-02-18T04:00:00,12951,Rajdhani,1,ST,BRC,129.0,81.0,79.0,90.0,-1.5827712497698498,103.7347180444322,4,2,81.27,SYNTHETIC
2026-02-18T04:15:00,12951,Rajdhani,1,ST,BRC,129.0,81.0,79.0,90.0,-1.7275738773967537,97.78233265311455,4,2,68.89,SYNTHETIC
2026-02-18T04:30:00,12951,Rajdhani,1,BCT,ST,263.0,162.0,158.0,172.0,12.713657736355664,94.3470279318423,4,2,151.25,SYNTHETIC
2026-02-18T04:45:00,12951,Rajdhani,1,ST,BRC,129.0,81.0,79.0,90.0,20.16762269384136,89.60384785136841,4,2,77.88,SYNTHETIC
2026-02-18T05:00:00,12004,Shatabdi,0,GZB,ALJN,106.3,59.0,57.0,68.0,9.685857018410188,111.35122409810323,5,2,56.25,SYNTHETIC
2026-02-18T05:15:00,12004,Shatabdi,0,CNB,LKO,71.6,75.0,72.0,85.0,28.00259643640902,63.628318576948466,5,2,78.2,SYNTHETIC
2026-02-18T05:30:00,12004,Shatabdi,0,CNB,LKO,71.6,75.0,72.0,85.0,-0.41558881670782566,51.95340525109304,5,2,75.81,SYNTHETIC
2026-02-18T05:45:00,12951,Rajdhani,1,KOTA,MTJ,324.0,195.0,190.0,212.0,7.505204292879258,108.45788641525515,5,2,176.44,SYNTHETIC
2026-02-18T06:00:00,12004,Shatabdi,0,CNB,LKO,71.6,75.0,72.0,85.0,11.438831149565981,78.59702812070188,6,2,73.97,SYNTHETIC
2026-02-18T06:15:00,12004,Shatabdi,0,CNB,LKO,71.6,75.0,72.0,85.0,1.0712423654144767,61.21417972435076,6,2,79.18,SYNTHETIC
2026-02-18T06:30:00,12951,Rajdhani,1,RTM,KOTA,266.0,157.0,154.0,170.0,4.4663325385702235,96.72108368359673,6,2,155.99,SYNTHETIC
2026-02-18T06:45:00,12951,Rajdhani,1,KOTA,MTJ,324.0,195.0,190.0,212.0,-0.42298523339865257,85.35120792921951,6,2,186.1,SYNTHETIC
2026-02-18T07:00:00,12004,Shatabdi,0,CNB,LKO,71.6,75.0,72.0,85.0,9.527076113776417,67.23260785173099,7,2,76.22,SYNTHETIC
2026-02-18T07:15:00,12951,Rajdhani,1,ST,BRC,129.0,81.0,79.0,90.0,3.022602969272924,89.15250102167741,7,2,73.82,SYNTHETIC
2026-02-18T07:30:00,12951,Rajdhani,1,BCT,ST,263.0,162.0,158.0,172.0,-0.14196896595497455,103.32664029622224,7,2,158.16,SYNTHETIC
2026-02-18T07:45:00,12951,Rajdhani,1,MTJ,NDLS,143.0,110.0,108.0,125.0,4.387299084039695,74.71378764433098,7,2,109.98,SYNTHETIC
2026-02-18T08:00:00,12951,Rajdhani,1,RTM,KOTA,266.0,157.0,154.0,170.0,1.083175454683043,106.42095153083773,8,2,168.92,SYNTHETIC
2026-02-18T08:15:00,12004,Shatabdi,0,GZB,ALJN,106.3,59.0,57.0,68.0,13.286522839531703,116.36140266400707,8,2,62.77,SYNTHETIC
2026-02-18T08:30:00,12951,Rajdhani,1,ST,BRC,129.0,81.0,79.0,90.0,2.54762305680051,87.61296632842595,8,2,86.99,SYNTHETIC
2026-02-18T08:45:00,12951,Rajdhani,1,ST,BRC,129.0,81.0,79.0,90.0,2.735522829142532,96.96297302146962,8,2,77.97,SYNTHETIC
2026-02-18T09:00:00,12004,Shatabdi,0,CNB,LKO,71.6,75.0,72.0,85.0,2.6729000303784325,49.29999350514123,9,2,82.05,SYNTHETIC
2026-02-18T09:15:00,12004,Shatabdi,0,CNB,LKO,71.6,75.0,72.0,85.0,0.9556714439010285,48.59177465957826,9,2,85.21,SYNTHETIC
2026-02-18T09:30:00,12951,Rajdhani,1,RTM,KOTA,266.0,157.0,154.0,170.0,4.232960235405853,95.26530036889451,9,2,165.4,SYNTHETIC
2026-02-18T09:45:00,12951,Rajdhani,1,BCT,ST,263.0,162.0,158.0,172.0,-0.6228807385737367,78.86478232095678,9,2,164.72,SYNTHETIC
2026-02-18T10:00:00,12004,Shatabdi,0,NDLS,GZB,24.5,38.0,36.0,42.0,10.683734210728261,48.081311787414364,10,2,40.45,SYNTHETIC
2026-02-18T10:15:00,12004,Shatabdi,0,ALJN,CNB,308.6,209.0,205.0,228.0,5.279021316827052,89.80599235255457,10,2,239.42,SYNTHETIC
2026-02-18T10:30:00,12951,Rajdhani,1,BRC,RTM,261.0,197.0,193.0,215.0,14.221076947518256,82.21047577406313,10,2,198.53,SYNTHETIC
2026-02-18T10:45:00,12951,Rajdhani,1,MTJ,NDLS,143.0,110.0,108.0,125.0,21.501942869898663,63.53119837722572,10,2,111.77,SYNTHETIC
2026-02-18T11:00:00,12004,Shatabdi,0,NDLS,GZB,24.5,38.0,36.0,42.0,9.962503172535243,44.16735816857125,11,2,44.84,SYNTHETIC
2026-02-18T11:15:00,12004,Shatabdi,0,CNB,LKO,71.6,75.0,72.0,85.0,16.403492918624327,64.65669297429098,11,2,81.54,SYNTHETIC
2026-02-18T11:30:00,12951,Rajdhani,1,RTM,KOTA,266.0,157.0,154.0,170.0,13.636286771670468,96.7702354525173,11,2,162.01,SYNTHETIC
2026-02-18T11:45:00,12951,Rajdhani,1,KOTA,MTJ,324.0,195.0,190.0,212.0,0.8430204575582216,103.71260912653653,11,2,206.92,SYNTHETIC
2026-02-18T12:00:00,12951,Rajdhani,1,KOTA,MTJ,324.0,195.0,190.0,212.0,19.492448731276724,112.41949797558753,12,2,185.32,SYNTHETIC
2026-02-18T12:15:00,12951,Rajdhani,1,ST,BRC,129.0,81.0,79.0,90.0,-1.9127155609411626,96.9994512874843,12,2,85.51,SYNTHETIC
2026-02-18T12:30:00,12951,Rajdhani,1,MTJ,NDLS,143.0,110.0,108.0,125.0,0.8210558164285175,71.27171230833993,12,2,110.29,SYNTHETIC
2026-02-18T12:45:00,12004,Shatabdi,0,CNB,LKO,71.6,75.0,72.0,85.0,1.343047911171091,57.682102271226306,12,2,75.42,SYNTHETIC
2026-02-18T13:00:00,12951,Rajdhani,1,BRC,RTM,261.0,197.0,193.0,215.0,3.1017614616834575,93.7810476287144,13,2,193.67,SYNTHETIC
2026-02-18T13:15:00,12951,Rajdhani,1,BCT,ST,263.0,162.0,158.0,172.0,0.41671004997595995,92.54959026556818,13,2,155.28,SYNTHETIC
2026-02-18T13:30:00,12951,Rajdhani,1,BCT,ST,263.0,162.0,158.0,172.0,1.8674103293204602,100.87390399929645,13,2,157.39,SYNTHETIC
2026-02-18T13:45:00,12004,Shatabdi,0,CNB,LKO,71.6,75.0,72.0,85.0,-0.6659013132974092,64.09419987975771,13,2,80.39,SYNTHETIC
2026-02-18T14:00:00,12004,Shatabdi,0,ALJN,CNB,308.6,209.0,205.0,228.0,19.482724717521553,90.59132909583539,14,2,218.22,SYNTHETIC
2026-02-18T14:15:00,12951,Rajdhani,1,KOTA,MTJ,324.0,195.0,190.0,212.0,9.74876507100289,105.62341840626834,14,2,183.85,SYNTHETIC
2026-02-18T14:30:00,12004,Shatabdi,0,GZB,ALJN,106.3,59.0,57.0,68.0,13.691339415768585,108.99431996541063,14,2,58.3,SYNTHETIC
2026-02-18T14:45:00,12951,Rajdhani,1,ST,BRC,129.0,81.0,79.0,90.0,5.472206857155091,86.60005284641251,14,2,75.93,SYNTHETIC
2026-02-18T15:00:00,12951,Rajdhani,1,ST,BRC,129.0,81.0,79.0,90.0,-1.3836278442774095,87.11057401074763,15,2,80.47,SYNTHETIC
2026-02-18T15:15:00,12004,Shatabdi,0,ALJN,CNB,308.6,209.0,205.0,228.0,0.20722875594504409,88.52842728349343,15,2,220.48,SYNTHETIC
2026-02-18T15:30:00,12004,Shatabdi,0,ALJN,CNB,308.6,209.0,205.0,228.0,11.562966891152882,79.85338941994816,15,2,218.71,SYNTHETIC
2026-02-18T15:45:00,12951,Rajdhani,1,MTJ,NDLS,143.0,110.0,108.0,125.0,0.8306788744588727,82.90545589392498,15,2,106.55,SYNTHETIC
2026-02-18T16:00:00,12951,Rajdhani,1,BCT,ST,263.0,162.0,158.0,172.0,1.141522264689855,100.23172716566226,16,2,161.98,SYNTHETIC
2026-02-18T16:15:00,12004,Shatabdi,0,GZB,ALJN,106.3,59.0,57.0,68.0,1.9046650712578996,122.24078038406219,16,2,64.14,SYNTHETIC
2026-02-18T16:30:00,12951,Rajdhani,1,BCT,ST,263.0,162.0,158.0,172.0,2.541121412285544,89.16968628794294,16,2,161.58,SYNTHETIC
2026-02-18T16:45:00,12951,Rajdhani,1,BRC,RTM,261.0,197.0,193.0,215.0,2.235711591108136,79.25397786199383,16,2,192.76,SYNTHETIC
2026-02-18T17:00:00,12951,Rajdhani,1,RTM,KOTA,266.0,157.0,154.0,170.0,1.9576527983888186,111.84696499275647,17,2,162.3,SYNTHETIC
2026-02-18T17:15:00,12951,Rajdhani,1,ST,BRC,129.0,81.0,79.0,90.0,-0.38843415898790346,105.73233739713105,17,2,82.42,SYNTHETIC
2026-02-18T17:30:00,12004,Shatabdi,0,GZB,ALJN,106.3,59.0,57.0,68.0,-1.4370716658698641,104.56269239617922,17,2,64.54,SYNTHETIC
2026-02-18T17:45:00,12951,Rajdhani,1,RTM,KOTA,266.0,157.0,154.0,170.0,0.7450662548000269,92.26765182001947,17,2,168.26,SYNTHETIC
2026-02-18T18:00:00,12951,Rajdhani,1,MTJ,NDLS,143.0,110.0,108.0,125.0,5.973768310390023,80.70207025670503,18,2,110.91,SYNTHETIC
2026-02-18T18:15:00,12004,Shatabdi,0,NDLS,GZB,24.5,38.0,36.0,42.0,8.845340903972794,31.52578983083453,18,2,44.89,SYNTHETIC
2026-02-18T18:30:00,12951,Rajdhani,1,ST,BRC,129.0,81.0,79.0,90.0,1.6053791009586664,93.12549663316008,18,2,81.0,SYNTHETIC
2026-02-18T18:45:00,12004,Shatabdi,0,GZB,ALJN,106.3,59.0,57.0,68.0,2.032202831104253,110.51793494333027,18,2,63.98,SYNTHETIC
2026-02-18T19:00:00,12951,Rajdhani,1,MTJ,NDLS,143.0,110.0,108.0,125.0,3.2019635847402332,75.03188834934375,19,2,111.88,SYNTHETIC
2026-02-18T19:15:00,12951,Rajdhani,1,BRC,RTM,261.0,197.0,193.0,215.0,2.3538249584398665,97.56408883234022,19,2,204.24,SYNTHETIC
2026-02-18T19:30:00,12004,Shatabdi,0,ALJN,CNB,308.6,209.0,205.0,228.0,6.613793804277943,86.25876448515376,19,2,234.37,SYNTHETIC
2026-02-18T19:45:00,12951,Rajdhani,1,BCT,ST,263.0,162.0,158.0,172.0,-1.137175019735412,105.51967408659799,19,2,167.68,SYNTHETIC
2026-02-18T20:00:00,12951,Rajdhani,1,ST,BRC,129.0,81.0,79.0,90.0,6.936104092962008,109.55231773167502,20,2,85.94,SYNTHETIC
2026-02-18T20:15:00,12951,Rajdhani,1,MTJ,NDLS,143.0,110.0,108.0,125.0,3.2253398981980093,70.40704110797239,20,2,116.9,SYNTHETIC
2026-02-18T20:30:00,12004,Shatabdi,0,ALJN,CNB,308.6,209.0,205.0,228.0,4.938629061593257,87.24824802253988,20,2,245.06,SYNTHETIC
2026-02-18T20:45:00,12004,Shatabdi,0,ALJN,CNB,308.6,209.0,205.0,228.0,8.58159164424452,78.5156907665611,20,2,234.72,SYNTHETIC
2026-02-18T21:00:00,12951,Rajdhani,1,BCT,ST,263.0,162.0,158.0,172.0,3.3542227462104988,96.02281902169827,21,2,167.87,SYNTHETIC
2026-02-18T21:15:00,12951,Rajdhani,1,MTJ,NDLS,143.0,110.0,108.0,125.0,-0.7764739593451158,99.78713015578914,21,2,114.52,SYNTHETIC
2026-02-18T21:30:00,12951,Rajdhani,1,BRC,RTM,261.0,197.0,193.0,215.0,-0.8123758156797909,89.69283850508013,21,2,208.03,SYNTHETIC
2026-02-18T21:45:00,12004,Shatabdi,0,GZB,ALJN,106.3,59.0,57.0,68.0,7.470403082472641,113.38512106611448,21,2,64.28,SYNTHETIC
2026-02-18T22:00:00,12951,Rajdhani,1,RTM,KOTA,266.0,157.0,154.0,170.0,9.457754117886575,100.87425982436037,22,2,153.61,SYNTHETIC
2026-02-18T22:15:00,12951,Rajdhani,1,RTM,KOTA,266.0,157.0,154.0,170.0,-0.6912679583596655,91.00176107562203,22,2,152.7,SYNTHETIC
2026-02-18T22:30:00,12951,Rajdhani,1,MTJ,NDLS,143.0,110.0,108.0,125.0,3.791222886135631,94.77257576767865,22,2,110.96,SYNTHETIC
2026-02-18T22:45:00,12004,Shatabdi,0,ALJN,CNB,308.6,209.0,205.0,228.0,10.198821185746082,81.94813037601645,22,2,220.34,SYNTHETIC
2026-02-18T23:00:00,12004,Shatabdi,0,ALJN,CNB,308.6,209.0,205.0,228.0,1.9341567267716044,102.29547389891076,23,2,224.11,SYNTHETIC
2026-02-18T23:15:00,12951,Rajdhani,1,KOTA,MTJ,324.0,195.0,190.0,212.0,0.9466186936522849,118.58696999528179,23,2,193.32,SYNTHETIC
2026-02-18T23:30:00,12951,Rajdhani,1,ST,BRC,129.0,81.0,79.0,90.0,24.565015966568858,102.36978373249498,23,2,77.21,SYNTHETIC
2026-02-18T23:45:00,12951,Rajdhani,1,KOTA,MTJ,324.0,195.0,190.0,212.0,1.8617040678056904,96.21036265991171,23,2,186.88,SYNTHETIC
2026-02-19T00:00:00,12004,Shatabdi,0,ALJN,CNB,308.6,209.0,205.0,228.0,-1.463720287855265,82.31733617133098,0,3,223.11,SYNTHETIC
2026-02-19T00:15:00,12951,Rajdhani,1,MTJ,NDLS,143.0,110.0,108.0,125.0,-0.6333489070248997,120.92339494778287,0,3,105.53,SYNTHETIC
2026-02-19T00:30:00,12951,Rajdhani,1,ST,BRC,129.0,81.0,79.0,90.0,-1.8727807857540224,106.90524281141417,0,3,78.28,SYNTHETIC
2026-02-19T00:45:00,12004,Shatabdi,0,GZB,ALJN,106.3,59.0,57.0,68.0,1.4214375641499188,122.63724793767261,0,3,66.71,SYNTHETIC
2026-02-19T01:00:00,12951,Rajdhani,1,BCT,ST,263.0,162.0,158.0,172.0,8.197042929916297,97.36933778583891,1,3,145.45,SYNTHETIC
2026-02-19T01:15:00,12004,Shatabdi,0,NDLS,GZB,24.5,38.0,36.0,42.0,9.590182061917101,42.22248380110865,1,3,35.14,SYNTHETIC
2026-02-19T01:30:00,12951,Rajdhani,1,BRC,RTM,261.0,197.0,193.0,215.0,-0.010020126774303195,89.77578993225798,1,3,183.32,SYNTHETIC
2026-02-19T01:45:00,12004,Shatabdi,0,NDLS,GZB,24.5,38.0,36.0,42.0,-1.7276429028626858,45.99290162074201,1,3,39.3,SYNTHETIC
2026-02-19T02:00:00,12004,Shatabdi,0,ALJN,CNB,308.6,209.0,205.0,228.0,2.822727292832356,97.26839300289133,2,3,224.47,SYNTHETIC
2026-02-19T02:15:00,12004,Shatabdi,0,NDLS,GZB,24.5,38.0,36.0,42.0,6.353598326251705,40.04244653587672,2,3,38.46,SYNTHETIC
2026-02-19T02:30:00,12951,Rajdhani,1,ST,BRC,129.0,81.0,79.0,90.0,2.1837940125704254,85.9315942189087,2,3,77.11,SYNTHETIC
2026-02-19T02:45:00,12951,Rajdhani,1,ST,BRC,129.0,81.0,79.0,90.0,7.221532175410502,89.81618434038243,2,3,79.35,SYNTHETIC
2026-02-19T03:00:00,12951,Rajdhani,1,MTJ,NDLS,143.0,110.0,108.0,125.0,1.4191548198541253,83.09022140472203,3,3,102.84,SYNTHETIC
2026-02-19T03:15:00,12951,Rajdhani,1,KOTA,MTJ,324.0,195.0,190.0,212.0,8.221860263622105,109.95442098015957,3,3,168.33,SYNTHETIC
2026-02-19T03:30:00,12951,Rajdhani,1,RTM,KOTA,266.0,157.0,154.0,170.0,8.954932430682891,130.0,3,3,146.67,SYNTHETIC
2026-02-19T03:45:00,12004,Shatabdi,0,NDLS,GZB,24.5,38.0,36.0,42.0,4.432010862313826,48.93928306481926,3,3,36.15,SYNTHETIC
2026-02-19T04:00:00,12004,Shatabdi,0,GZB,ALJN,106.3,59.0,57.0,68.0,0.5234505997845131,112.50054308049623,4,3,61.41,SYNTHETIC
2026-02-19T04:15:00,12951,Rajdhani,1,RTM,KOTA,266.0,157.0,154.0,170.0,6.024730015617971,92.67862430526415,4,3,144.89,SYNTHETIC
2026-02-19T04:30:00,12004,Shatabdi,0,GZB,ALJN,106.3,59.0,57.0,68.0,-1.7553483477456875,127.155457838422,4,3,66.18,SYNTHETIC
2026-02-19T04:45:00,12951,Rajdhani,1,BCT,ST,263.0,162.0,158.0,172.0,1.155910915009076,80.48541862770321,4,3,148.27,SYNTHETIC
2026-02-19T05:00:00,12951,Rajdhani,1,BRC,RTM,261.0,197.0,193.0,215.0,-1.2407595288487896,88.38038512228485,5,3,188.93,SYNTHETIC
2026-02-19T05:15:00,12004,Shatabdi,0,GZB,ALJN,106.3,59.0,57.0,68.0,19.87592804633531,120.51584541728525,5,3,60.19,SYNTHETIC
2026-02-19T05:30:00,12951,Rajdhani,1,BRC,RTM,261.0,197.0,193.0,215.0,1.5902806301011383,75.72695148167271,5,3,184.6,SYNTHETIC
2026-02-19T05:45:00,12004,Shatabdi,0,CNB,LKO,71.6,75.0,72.0,85.0,-1.9290688203686486,48.47075664703269,5,3,78.91,SYNTHETIC
2026-02-19T06:00:00,12004,Shatabdi,0,GZB,ALJN,106.3,59.0,57.0,68.0,6.877741943553518,104.23393228063597,6,3,59.1,SYNTHETIC
2026-02-19T06:15:00,12951,Rajdhani,1,RTM,KOTA,266.0,157.0,154.0,170.0,10.433654687847744,90.03736510512167,6,3,154.52,SYNTHETIC
2026-02-19T06:30:00,12951,Rajdhani,1,KOTA,MTJ,324.0,195.0,190.0,212.0,-0.601532211073863,92.37312839954706,6,3,194.91,SYNTHETIC
2026-02-19T06:45:00,12951,Rajdhani,1,RTM,KOTA,266.0,157.0,154.0,170.0,16.92483076514518,100.62897704102997,6,3,148.56,SYNTHETIC
2026-02-19T07:00:00,12004,Shatabdi,0,CNB,LKO,71.6,75.0,72.0,85.0,-1.8449887421562523,52.672698946846076,7,3,79.7,SYNTHETIC
2026-02-19T07:15:00,12004,Shatabdi,0,ALJN,CNB,308.6,209.0,205.0,228.0,1.98370856285473,89.45374412663263,7,3,226.68,SYNTHETIC
2026-02-19T07:30:00,12951,Rajdhani,1,ST,BRC,129.0,81.0,79.0,90.0,32.974442157211904,93.5091114598795,7,3,78.3,SYNTHETIC
2026-02-19T07:45:00,12951,Rajdhani,1,KOTA,MTJ,324.0,195.0,190.0,212.0,-0.6988238759418024,74.01896643460958,7,3,191.7,SYNTHETIC
2026-02-19T08:00:00,12951,Rajdhani,1,ST,BRC,129.0,81.0,79.0,90.0,0.23716454200843362,90.93731397705417,8,3,83.48,SYNTHETIC
2026-02-19T08:15:00,12004,Shatabdi,0,NDLS,GZB,24.5,38.0,36.0,42.0,2.6965325178302084,42.57534675692405,8,3,41.14,SYNTHETIC
2026-02-19T08:30:00,12004,Shatabdi,0,CNB,LKO,71.6,75.0,72.0,85.0,3.407796062213542,57.26600148932122,8,3,87.36,SYNTHETIC
2026-02-19T08:45:00,12951,Rajdhani,1,ST,BRC,129.0,81.0,79.0,90.0,0.48860259217692414,98.01997645481939,8,3,88.1,SYNTHETIC
2026-02-19T09:00:00,12951,Rajdhani,1,MTJ,NDLS,143.0,110.0,108.0,125.0,1.0644671110856496,85.61909264951592,9,3,119.44,SYNTHETIC
2026-02-19T09:15:00,12951,Rajdhani,1,MTJ,NDLS,143.0,110.0,108.0,125.0,-0.8430931201018135,88.14126208864859,9,3,111.58,SYNTHETIC
2026-02-19T09:30:00,12951,Rajdhani,1,KOTA,MTJ,324.0,195.0,190.0,212.0,-1.1512825946273533,101.34829542038067,9,3,205.66,SYNTHETIC
2026-02-19T09:45:00,12951,Rajdhani,1,RTM,KOTA,266.0,157.0,154.0,170.0,-1.3563696612914065,95.45634113316547,9,3,169.4,SYNTHETIC
2026-02-19T10:00:00,12004,Shatabdi,0,ALJN,CNB,308.6,209.0,205.0,228.0,11.300041947932046,96.83241497257349,10,3,235.1,SYNTHETIC
2026-02-19T10:15:00,12951,Rajdhani,1,KOTA,MTJ,324.0,195.0,190.0,212.0,3.75721904749832,110.0877085954464,10,3,204.34,SYNTHETIC
2026-02-19T10:30:00,12951,Rajdhani,1,RTM,KOTA,266.0,157.0,154.0,170.0,0.5452798243667649,118.29622536272933,10,3,160.63,SYNTHETIC
2026-02-19T10:45:00,12951,Rajdhani,1,MTJ,NDLS,143.0,110.0,108.0,125.0,7.90486236770912,92.64440892964117,10,3,113.41,SYNTHETIC
2026-02-19T11:00:00,12004,Shatabdi,0,CNB,LKO,71.6,75.0,72.0,85.0,-0.1653975269291359,51.774985293378876,11,3,82.19,SYNTHETIC
2026-02-19T11:15:00,12004,Shatabdi,0,GZB,ALJN,106.3,59.0,57.0,68.0,-0.6813689893025483,114.68380084848893,11,3,74.93,SYNTHETIC
2026-02-19T11:30:00,12951,Rajdhani,1,MTJ,NDLS,143.0,110.0,108.0,125.0,-1.8873976191618436,82.14907953175,11,3,114.98,SYNTHETIC
2026-02-19T11:45:00,12951,Rajdhani,1,ST,BRC,129.0,81.0,79.0,90.0,2.5581107434704737,96.75552594808129,11,3,81.23,SYNTHETIC
2026-02-19T12:00:00,12951,Rajdhani,1,MTJ,NDLS,143.0,110.0,108.0,125.0,18.387601100191127,88.73145916377402,12,3,107.69,SYNTHETIC
2026-02-19T12:15:00,12951,Rajdhani,1,KOTA,MTJ,324.0,195.0,190.0,212.0,12.606633326408176,87.26007606348739,12,3,183.51,SYNTHETIC
2026-02-19T12:30:00,12951,Rajdhani,1,BCT,ST,263.0,162.0,158.0,172.0,5.484471723533401,101.8381052318116,12,3,150.54,SYNTHETIC
2026-02-19T12:45:00,12951,Rajdhani,1,KOTA,MTJ,324.0,195.0,190.0,212.0,3.585694254441546,93.21827273654301,12,3,192.27,SYNTHETIC
2026-02-19T13:00:00,12004,Shatabdi,0,NDLS,GZB,24.5,38.0,36.0,42.0,0.4221942591895269,32.05636819816773,13,3,41.08,SYNTHETIC
2026-02-19T13:15:00,12951,Rajdhani,1,MTJ,NDLS,143.0,110.0,108.0,125.0,2.991915087197599,73.34607723772223,13,3,110.13,SYNTHETIC
2026-02-19T13:30:00,12951,Rajdhani,1,BCT,ST,263.0,162.0,158.0,172.0,16.35616321907867,101.11751230409556,13,3,152.71,SYNTHETIC
2026-02-19T13:45:00,12004,Shatabdi,0,ALJN,CNB,308.6,209.0,205.0,228.0,3.6248250279447856,112.23965454002031,13,3,233.04,SYNTHETIC
2026-02-19T14:00:00,12004,Shatabdi,0,GZB,ALJN,106.3,59.0,57.0,68.0,17.262851459961176,103.73734512346991,14,3,57.69,SYNTHETIC
2026-02-19T14:15:00,12004,Shatabdi,0,GZB,ALJN,106.3,59.0,57.0,68.0,1.6867166194119658,116.34601241713797,14,3,60.58,SYNTHETIC
2026-02-19T14:30:00,12951,Rajdhani,1,KOTA,MTJ,324.0,195.0,190.0,212.0,8.887077308415968,105.57971766937332,14,3,185.16,SYNTHETIC
2026-02-19T14:45:00,12951,Rajdhani,1,ST,BRC,129.0,81.0,79.0,90.0,5.3768600234260475,89.4513467597727,14,3,76.19,SYNTHETIC
2026-02-19T15:00:00,12951,Rajdhani,1,BRC,RTM,261.0,197.0,193.0,215.0,0.6214943035313021,85.50782953383339,15,3,190.0,SYNTHETIC
2026-02-19T15:15:00,12951,Rajdhani,1,MTJ,NDLS,143.0,110.0,108.0,125.0,-1.6626532655724797,77.4476714258798,15,3,113.13,SYNTHETIC
2026-02-19T15:30:00,12951,Rajdhani,1,MTJ,NDLS,143.0,110.0,108.0,125.0,17.115173108484587,80.71566389513438,15,3,106.21,SYNTHETIC
2026-02-19T15:45:00,12951,Rajdhani,1,RTM,KOTA,266.0,157.0,154.0,170.0,2.722838766388654,114.10437267127709,15,3,154.44,SYNTHETIC
2026-02-19T16:00:00,12951,Rajdhani,1,BCT,ST,263.0,162.0,158.0,172.0,-0.2774873594454226,101.67007811023487,16,3,160.86,SYNTHETIC
2026-02-19T16:15:00,12951,Rajdhani,1,MTJ,NDLS,143.0,110.0,108.0,125.0,-0.8893816119833793,87.17786139089154,16,3,106.73,SYNTHETIC
2026-02-19T16:30:00,12004,Shatabdi,0,CNB,LKO,71.6,75.0,72.0,85.0,-0.9258342124378363,71.94781960447595,16,3,82.17,SYNTHETIC
2026-02-19T16:45:00,12951,Rajdhani,1,MTJ,NDLS,143.0,110.0,108.0,125.0,-0.6622841396285577,67.881075449177,16,3,106.95,SYNTHETIC
2026-02-19T17:00:00,12004,Shatabdi,0,CNB,LKO,71.6,75.0,72.0,85.0,8.179043179977048,51.56129105553977,17,3,85.81,SYNTHETIC
2026-02-19T17:15:00,12951,Rajdhani,1,KOTA,MTJ,324.0,195.0,190.0,212.0,2.428955045458369,92.89677971148487,17,3,209.28,SYNTHETIC
2026-02-19T17:30:00,12951,Rajdhani,1,RTM,KOTA,266.0,157.0,154.0,170.0,0.018878120661112607,91.39863549924961,17,3,158.97,SYNTHETIC
2026-02-19T17:45:00,12951,Rajdhani,1,RTM,KOTA,266.0,157.0,154.0,170.0,-0.8466763237506929,101.28928046692603,17,3,166.19,SYNTHETIC
2026-02-19T18:00:00,12951,Rajdhani,1,MTJ,NDLS,143.0,110.0,108.0,125.0,4.376827051317978,80.96079223852618,18,3,112.0,SYNTHETIC
2026-02-19T18:15:00,12951,Rajdhani,1,BRC,RTM,261.0,197.0,193.0,215.0,11.959376210983244,77.91532871061754,18,3,202.27,SYNTHETIC
2026-02-19T18:30:00,12951,Rajdhani,1,MTJ,NDLS,143.0,110.0,108.0,125.0,3.390882665337199,75.53445002920806,18,3,115.21,SYNTHETIC
2026-02-19T18:45:00,12004,Shatabdi,0,GZB,ALJN,106.3,59.0,57.0,68.0,1.4741791508787716,113.0542843469053,18,3,70.09,SYNTHETIC
2026-02-19T19:00:00,12951,Rajdhani,1,KOTA,MTJ,324.0,195.0,190.0,212.0,-1.972711759496105,89.62102180912457,19,3,191.79,SYNTHETIC
2026-02-19T19:15:00,12004,Shatabdi,0,NDLS,GZB,24.5,38.0,36.0,42.0,2.89514048447357,31.06655638025979,19,3,36.98,SYNTHETIC
2026-02-19T19:30:00,12004,Shatabdi,0,CNB,LKO,71.6,75.0,72.0,85.0,6.950927384834525,45.40266641100133,19,3,86.35,SYNTHETIC
2026-02-19T19:45:00,12951,Rajdhani,1,BCT,ST,263.0,162.0,158.0,172.0,19.598356045352745,108.99456549257557,19,3,162.11,SYNTHETIC
2026-02-19T20:00:00,12951,Rajdhani,1,MTJ,NDLS,143.0,110.0,108.0,125.0,-0.5502639229769184,80.15675841903459,20,3,113.91,SYNTHETIC
2026-02-19T20:15:00,12951,Rajdhani,1,KOTA,MTJ,324.0,195.0,190.0,212.0,2.036765332353773,84.90899510881039,20,3,200.84,SYNTHETIC
2026-02-19T20:30:00,12004,Shatabdi,0,GZB,ALJN,106.3,59.0,57.0,68.0,4.233923644595771,117.72259538242646,20,3,72.2,SYNTHETIC
2026-02-19T20:45:00,12951,Rajdhani,1,MTJ,NDLS,143.0,110.0,108.0,125.0,-1.3578230210237376,78.58161292547825,20,3,115.32,SYNTHETIC
2026-02-19T21:00:00,12004,Shatabdi,0,CNB,LKO,71.6,75.0,72.0,85.0,4.275016862579565,75.52441234713005,21,3,87.25,SYNTHETIC
2026-02-19T21:15:00,12004,Shatabdi,0,CNB,LKO,71.6,75.0,72.0,85.0,6.4108843799257595,66.12716579568172,21,3,85.15,SYNTHETIC
2026-02-19T21:30:00,12951,Rajdhani,1,ST,BRC,129.0,81.0,79.0,90.0,10.291437781212261,83.21016423183009,21,3,80.22,SYNTHETIC
2026-02-19T21:45:00,12951,Rajdhani,1,MTJ,NDLS,143.0,110.0,108.0,125.0,21.019885988726756,69.75165246100079,21,3,115.24,SYNTHETIC
2026-02-19T22:00:00,12951,Rajdhani,1,BRC,RTM,261.0,197.0,193.0,215.0,5.8409243824854755,76.43159260801917,22,3,188.83,SYNTHETIC
2026-02-19T22:15:00,12951,Rajdhani,1,RTM,KOTA,266.0,157.0,154.0,170.0,-1.7535624788883224,105.38152025182158,22,3,152.94,SYNTHETIC
2026-02-19T22:30:00,12951,Rajdhani,1,BCT,ST,263.0,162.0,158.0,172.0,5.11277633365315,103.95970050406261,22,3,152.57,SYNTHETIC
2026-02-19T22:45:00,12004,Shatabdi,0,NDLS,GZB,24.5,38.0,36.0,42.0,-1.7247387763099993,44.45469445882459,22,3,40.71,SYNTHETIC
2026-02-19T23:00:00,12004,Shatabdi,0,CNB,LKO,71.6,75.0,72.0,85.0,5.717530051961505,57.33125420458013,23,3,77.67,SYNTHETIC
2026-02-19T23:15:00,12951,Rajdhani,1,ST,BRC,129.0,81.0,79.0,90.0,9.718446952350545,118.82498030691072,23,3,69.76,SYNTHETIC
2026-02-19T23:30:00,12951,Rajdhani,1,KOTA,MTJ,324.0,195.0,190.0,212.0,-1.8320521741472644,113.63900307149025,23,3,187.02,SYNTHETIC
2026-02-19T23:45:00,12004,Shatabdi,0,NDLS,GZB,24.5,38.0,36.0,42.0,0.501092360759448,42.62856507200466,23,3,41.92,SYNTHETIC
2026-02-20T00:00:00,12004,Shatabdi,0,ALJN,CNB,308.6,209.0,205.0,228.0,-1.9657732214904076,88.48878279927916,0,4,219.62,SYNTHETIC
2026-02-20T00:15:00,12951,Rajdhani,1,RTM,KOTA,266.0,157.0,154.0,170.0,14.745622546930168,93.3438566051337,0,4,143.82,SYNTHETIC
2026-02-20T00:30:00,12951,Rajdhani,1,KOTA,MTJ,324.0,195.0,190.0,212.0,15.451885908437887,87.33720272588955,0,4,182.68,SYNTHETIC
2026-02-20T00:45:00,12951,Rajdhani,1,RTM,KOTA,266.0,157.0,154.0,170.0,0.1338205503310741,105.1682950419444,0,4,158.15,SYNTHETIC
2026-02-20T01:00:00,12951,Rajdhani,1,BRC,RTM,261.0,197.0,193.0,215.0,-1.5044942364434735,76.5441240547297,1,4,185.77,SYNTHETIC
2026-02-20T01:15:00,12004,Shatabdi,0,ALJN,CNB,308.6,209.0,205.0,228.0,-1.3151645542815522,88.89808793601854,1,4,221.26,SYNTHETIC
2026-02-20T01:30:00,12951,Rajdhani,1,RTM,KOTA,266.0,157.0,154.0,170.0,7.275125402913202,89.41561036210535,1,4,144.98,SYNTHETIC
2026-02-20T01:45:00,12951,Rajdhani,1,BRC,RTM,261.0,197.0,193.0,215.0,-0.7717441677793528,73.46272183940631,1,4,184.91,SYNTHETIC
2026-02-20T02:00:00,12004,Shatabdi,0,NDLS,GZB,24.5,38.0,36.0,42.0,-0.9634779246746568,30.0,2,4,38.27,SYNTHETIC
2026-02-20T02:15:00,12951,Rajdhani,1,BRC,RTM,261.0,197.0,193.0,215.0,3.3511774932581684,79.97772374054313,2,4,183.67,SYNTHETIC
2026-02-20T02:30:00,12951,Rajdhani,1,ST,BRC,129.0,81.0,79.0,90.0,-1.8132191325080886,102.96726840012045,2,4,74.27,SYNTHETIC
2026-02-20T02:45:00,12951,Rajdhani,1,ST,BRC,129.0,81.0,79.0,90.0,7.455299519354211,110.57838055439046,2,4,72.89,SYNTHETIC
2026-02-20T03:00:00,12951,Rajdhani,1,KOTA,MTJ,324.0,195.0,190.0,212.0,1.1846374509370006,105.95471827782247,3,4,187.41,SYNTHETIC
2026-02-20T03:15:00,12004,Shatabdi,0,CNB,LKO,71.6,75.0,72.0,85.0,3.927393931868938,71.65035677073527,3,4,79.77,SYNTHETIC
2026-02-20T03:30:00,12951,Rajdhani,1,BRC,RTM,261.0,197.0,193.0,215.0,14.941358306912804,89.4631271886393,3,4,176.29,SYNTHETIC
2026-02-20T03:45:00,12951,Rajdhani,1,RTM,KOTA,266.0,157.0,154.0,170.0,3.2563681592847953,105.90981228347947,3,4,145.85,SYNTHETIC
2026-02-20T04:00:00,12951,Rajdhani,1,BCT,ST,263.0,162.0,158.0,172.0,3.0185361383749285,116.53379019049447,4,4,150.55,SYNTHETIC
2026-02-20T04:15:00,12951,Rajdhani,1,BRC,RTM,261.0,197.0,193.0,215.0,9.774454992200985,75.80778183771884,4,4,179.25,SYNTHETIC
2026-02-20T04:30:00,12951,Rajdhani,1,BCT,ST,263.0,162.0,158.0,172.0,4.2433496194493285,121.09066327745859,4,4,157.72,SYNTHETIC
2026-02-20T04:45:00,12951,Rajdhani,1,MTJ,NDLS,143.0,110.0,108.0,125.0,-0.4251566642472637,71.90119805898037,4,4,99.71,SYNTHETIC
2026-02-20T05:00:00,12951,Rajdhani,1,ST,BRC,129.0,81.0,79.0,90.0,-1.9217209767001207,101.07303092101236,5,4,77.88,SYNTHETIC
2026-02-20T05:15:00,12951,Rajdhani,1,ST,BRC,129.0,81.0,79.0,90.0,-0.2079223789275333,98.78070153446193,5,4,77.01,SYNTHETIC
2026-02-20T05:30:00,12951,Rajdhani,1,BCT,ST,263.0,162.0,158.0,172.0,2.9304344662903166,104.7084849883321,5,4,148.37,SYNTHETIC
2026-02-20T05:45:00,12951,Rajdhani,1,ST,BRC,129.0,81.0,79.0,90.0,-0.48791806010754035,98.82521575253868,5,4,76.72,SYNTHETIC
2026-02-20T06:00:00,12004,Shatabdi,0,ALJN,CNB,308.6,209.0,205.0,228.0,0.4869934936156497,98.52808417930083,6,4,228.07,SYNTHETIC
2026-02-20T06:15:00,12951,Rajdhani,1,MTJ,NDLS,143.0,110.0,108.0,125.0,-1.1944147619898606,81.83028632375049,6,4,111.13,SYNTHETIC
2026-02-20T06:30:00,12004,Shatabdi,0,ALJN,CNB,308.6,209.0,205.0,228.0,4.344182422197531,79.81811014601413,6,4,224.06,SYNTHETIC
2026-02-20T06:45:00,12004,Shatabdi,0,NDLS,GZB,24.5,38.0,36.0,42.0,4.127107535355716,52.65432077998617,6,4,37.04,SYNTHETIC
2026-02-20T07:00:00,12951,Rajdhani,1,RTM,KOTA,266.0,157.0,154.0,170.0,0.6287133454104916,105.04192766843113,7,4,155.03,SYNTHETIC
2026-02-20T07:15:00,12004,Shatabdi,0,NDLS,GZB,24.5,38.0,36.0,42.0,5.382922299433179,31.704991702338194,7,4,40.61,SYNTHETIC
2026-02-20T07:30:00,12951,Rajdhani,1,BRC,RTM,261.0,197.0,193.0,215.0,9.585550550670543,101.7420370993038,7,4,185.87,SYNTHETIC
2026-02-20T07:45:00,12951,Rajdhani,1,RTM,KOTA,266.0,157.0,154.0,170.0,-0.27498792626355595,123.61584568149263,7,4,151.08,SYNTHETIC
2026-02-20T08:00:00,12004,Shatabdi,0,ALJN,CNB,308.6,209.0,205.0,228.0,-0.9226673787411463,107.74981273330415,8,4,245.4,SYNTHETIC
2026-02-20T08:15:00,12004,Shatabdi,0,NDLS,GZB,24.5,38.0,36.0,42.0,0.08313474614833671,36.50284018594963,8,4,47.59,SYNTHETIC
2026-02-20T08:30:00,12004,Shatabdi,0,CNB,LKO,71.6,75.0,72.0,85.0,4.93451632442453,52.62672854294064,8,4,84.32,SYNTHETIC
2026-02-20T08:45:00,12004,Shatabdi,0,ALJN,CNB,308.6,209.0,205.0,228.0,6.533965130597764,85.05042664358831,8,4,243.64,SYNTHETIC
2026-02-20T09:00:00,12004,Shatabdi,0,GZB,ALJN,106.3,59.0,57.0,68.0,11.214289446240329,95.67607447321075,9,4,60.31,SYNTHETIC
2026-02-20T09:15:00,12004,Shatabdi,0,ALJN,CNB,308.6,209.0,205.0,228.0,-1.1219715057221666,101.41609104100388,9,4,248.76,SYNTHETIC
2026-02-20T09:30:00,12951,Rajdhani,1,MTJ,NDLS,143.0,110.0,108.0,125.0,-0.736865468021439,84.12067448875914,9,4,114.28,SYNTHETIC
2026-02-20T09:45:00,12951,Rajdhani,1,MTJ,NDLS,143.0,110.0,108.0,125.0,0.7371451389530836,104.86209794315323,9,4,113.93,SYNTHETIC
2026-02-20T10:00:00,12004,Shatabdi,0,CNB,LKO,71.6,75.0,72.0,85.0,-1.7806959457646119,68.0973862101362,10,4,87.75,SYNTHETIC
2026-02-20T10:15:00,12951,Rajdhani,1,BRC,RTM,261.0,197.0,193.0,215.0,-0.7068908143804511,81.28149116824203,10,4,213.65,SYNTHETIC
2026-02-20T10:30:00,12951,Rajdhani,1,BCT,ST,263.0,162.0,158.0,172.0,-1.5924621230638694,96.94083225356225,10,4,166.16,SYNTHETIC
2026-02-20T10:45:00,12951,Rajdhani,1,BCT,ST,263.0,162.0,158.0,172.0,11.51346517421231,80.10617695471338,10,4,158.19,SYNTHETIC
2026-02-20T11:00:00,12951,Rajdhani,1,ST,BRC,129.0,81.0,79.0,90.0,16.02103173338751,84.86324532643404,11,4,84.9,SYNTHETIC
2026-02-20T11:15:00,12951,Rajdhani,1,KOTA,MTJ,324.0,195.0,190.0,212.0,-0.3063866637130066,104.11317752104145,11,4,209.75,SYNTHETIC
2026-02-20T11:30:00,12951,Rajdhani,1,MTJ,NDLS,143.0,110.0,108.0,125.0,1.346687453346199,86.01310507753946,11,4,113.32,SYNTHETIC
2026-02-20T11:45:00,12004,Shatabdi,0,ALJN,CNB,308.6,209.0,205.0,228.0,2.979357954559851,96.64342556992509,11,4,250.49,SYNTHETIC
2026-02-20T12:00:00,12951,Rajdhani,1,BCT,ST,263.0,162.0,158.0,172.0,0.9111247182351887,97.10700862846474,12,4,156.29,SYNTHETIC
2026-02-20T12:15:00,12004,Shatabdi,0,NDLS,GZB,24.5,38.0,36.0,42.0,-0.771480184980085,53.28686645388997,12,4,40.08,SYNTHETIC
2026-02-20T12:30:00,12004,Shatabdi,0,NDLS,GZB,24.5,38.0,36.0,42.0,-0.9474236474985154,47.4235928535443,12,4,34.85,SYNTHETIC
2026-02-20T12:45:00,12004,Shatabdi,0,NDLS,GZB,24.5,38.0,36.0,42.0,5.566897461880412,43.344028943102785,12,4,35.59,SYNTHETIC
2026-02-20T13:00:00,12951,Rajdhani,1,MTJ,NDLS,143.0,110.0,108.0,125.0,-1.1120321899309271,89.25156796565342,13,4,103.55,SYNTHETIC
2026-02-20T13:15:00,12951,Rajdhani,1,MTJ,NDLS,143.0,110.0,108.0,125.0,-0.6997477839627964,70.22181210077129,13,4,110.79,SYNTHETIC
2026-02-20T13:30:00,12951,Rajdhani,1,BRC,RTM,261.0,197.0,193.0,215.0,4.901493316022774,102.73683819660347,13,4,193.99,SYNTHETIC
2026-02-20T13:45:00,12951,Rajdhani,1,MTJ,NDLS,143.0,110.0,108.0,125.0,3.091107048237598,78.66433156218143,13,4,109.88,SYNTHETIC
2026-02-20T14:00:00,12951,Rajdhani,1,BCT,ST,263.0,162.0,158.0,172.0,2.1589713958001795,90.26838237187023,14,4,162.3,SYNTHETIC
2026-02-20T14:15:00,12951,Rajdhani,1,RTM,KOTA,266.0,157.0,154.0,170.0,-1.8216881520420742,108.83918425437055,14,4,145.45,SYNTHETIC
2026-02-20T14:30:00,12951,Rajdhani,1,MTJ,NDLS,143.0,110.0,108.0,125.0,9.084696471915185,84.83354890647871,14,4,104.66,SYNTHETIC
2026-02-20T14:45:00,12951,Rajdhani,1,KOTA,MTJ,324.0,195.0,190.0,212.0,6.911232575111043,94.02266507812647,14,4,188.04,SYNTHETIC
2026-02-20T15:00:00,12951,Rajdhani,1,RTM,KOTA,266.0,157.0,154.0,170.0,1.526165786923146,103.27926396111974,15,4,154.4,SYNTHETIC
2026-02-20T15:15:00,12951,Rajdhani,1,KOTA,MTJ,324.0,195.0,190.0,212.0,0.26145177557724164,113.96043639880634,15,4,189.53,SYNTHETIC
2026-02-20T15:30:00,12004,Shatabdi,0,GZB,ALJN,106.3,59.0,57.0,68.0,3.6103812201366,106.14906856065271,15,4,64.9,SYNTHETIC
2026-02-20T15:45:00,12951,Rajdhani,1,KOTA,MTJ,324.0,195.0,190.0,212.0,-1.0741129821587054,114.18472024964319,15,4,194.04,SYNTHETIC
2026-02-20T16:00:00,12004,Shatabdi,0,GZB,ALJN,106.3,59.0,57.0,68.0,-1.0981692672254393,116.35117188700626,16,4,65.31,SYNTHETIC
2026-02-20T16:15:00,12004,Shatabdi,0,NDLS,GZB,24.5,38.0,36.0,42.0,8.922043108078899,57.575483045418004,16,4,40.15,SYNTHETIC
2026-02-20T16:30:00,12951,Rajdhani,1,BRC,RTM,261.0,197.0,193.0,215.0,2.6104258828952496,74.89222427996732,16,4,190.78,SYNTHETIC
2026-02-20T16:45:00,12004,Shatabdi,0,NDLS,GZB,24.5,38.0,36.0,42.0,9.007862006655257,40.449998611448564,16,4,36.61,SYNTHETIC
2026-02-20T17:00:00,12951,Rajdhani,1,BCT,ST,263.0,162.0,158.0,172.0,1.8953634878290107,106.7080705033532,17,4,165.71,SYNTHETIC
2026-02-20T17:15:00,12951,Rajdhani,1,MTJ,NDLS,143.0,110.0,108.0,125.0,6.6204582753918615,76.33472058422821,17,4,108.91,SYNTHETIC
2026-02-20T17:30:00,12951,Rajdhani,1,MTJ,NDLS,143.0,110.0,108.0,125.0,-1.8048824070045886,96.6909912008453,17,4,117.78,SYNTHETIC
2026-02-20T17:45:00,12951,Rajdhani,1,RTM,KOTA,266.0,157.0,154.0,170.0,2.3205006823161103,108.42200904036744,17,4,165.8,SYNTHETIC
2026-02-20T18:00:00,12004,Shatabdi,0,NDLS,GZB,24.5,38.0,36.0,42.0,-0.9279487744883408,50.1160728979644,18,4,41.31,SYNTHETIC
2026-02-20T18:15:00,12004,Shatabdi,0,CNB,LKO,71.6,75.0,72.0,85.0,-1.7498129638001745,66.48635527160141,18,4,90.74,SYNTHETIC
2026-02-20T18:30:00,12951,Rajdhani,1,MTJ,NDLS,143.0,110.0,108.0,125.0,0.8829479007225598,84.99342371452309,18,4,114.04,SYNTHETIC
2026-02-20T18:45:00,12004,Shatabdi,0,NDLS,GZB,24.5,38.0,36.0,42.0,-0.6567980033992549,38.92848701572466,18,4,43.0,SYNTHETIC
2026-02-20T19:00:00,12951,Rajdhani,1,BRC,RTM,261.0,197.0,193.0,215.0,7.907304770727624,89.96702698466538,19,4,197.15,SYNTHETIC
2026-02-20T19:15:00,12951,Rajdhani,1,BCT,ST,263.0,162.0,158.0,172.0,-0.2891345378867243,109.55816195319167,19,4,170.78,SYNTHETIC
2026-02-20T19:30:00,12004,Shatabdi,0,GZB,ALJN,106.3,59.0,57.0,68.0,2.3495607607471793,122.57586972713415,19,4,70.57,SYNTHETIC
2026-02-20T19:45:00,12951,Rajdhani,1,BCT,ST,263.0,162.0,158.0,172.0,6.826433859083304,119.11677959371292,19,4,164.65,SYNTHETIC
2026-02-20T20:00:00,12004,Shatabdi,0,CNB,LKO,71.6,75.0,72.0,85.0,8.335834898795211,44.49280798024198,20,4,82.41,SYNTHETIC
2026-02-20T20:15:00,12951,Rajdhani,1,MTJ,NDLS,143.0,110.0,108.0,125.0,1.6196143398119949,62.05271689066606,20,4,116.45,SYNTHETIC
2026-02-20T20:30:00,12951,Rajdhani,1,BRC,RTM,261.0,197.0,193.0,215.0,22.63375856302705,89.62826433285221,20,4,201.97,SYNTHETIC
2026-02-20T20:45:00,12951,Rajdhani,1,ST,BRC,129.0,81.0,79.0,90.0,8.687997574269254,100.26818781793118,20,4,85.88,SYNTHETIC
2026-02-20T21:00:00,12004,Shatabdi,0,NDLS,GZB,24.5,38.0,36.0,42.0,-1.5949036385666937,30.0,21,4,44.48,SYNTHETIC
2026-02-20T21:15:00,12951,Rajdhani,1,RTM,KOTA,266.0,157.0,154.0,170.0,3.19180205888341,111.29318277824387,21,4,172.31,SYNTHETIC
2026-02-20T21:30:00,12951,Rajdhani,1,KOTA,MTJ,324.0,195.0,190.0,212.0,8.46213214823333,86.06562147739258,21,4,192.12,SYNTHETIC
2026-02-20T21:45:00,12951,Rajdhani,1,BCT,ST,263.0,162.0,158.0,172.0,8.318910654441535,87.13290143863227,21,4,158.75,SYNTHETIC
2026-02-20T22:00:00,12004,Shatabdi,0,GZB,ALJN,106.3,59.0,57.0,68.0,-1.0987964674896396,123.81193986612222,22,4,65.31,SYNTHETIC
2026-02-20T22:15:00,12951,Rajdhani,1,MTJ,NDLS,143.0,110.0,108.0,125.0,-0.054008456926220916,84.73278278194205,22,4,106.89,SYNTHETIC
2026-02-20T22:30:00,12951,Rajdhani,1,KOTA,MTJ,324.0,195.0,190.0,212.0,-0.11580532471170235,89.04092676897353,22,4,193.64,SYNTHETIC
2026-02-20T22:45:00,12951,Rajdhani,1,ST,BRC,129.0,81.0,79.0,90.0,-1.8338022285952373,125.83380268424436,22,4,81.95,SYNTHETIC
2026-02-20T23:00:00,12951,Rajdhani,1,MTJ,NDLS,143.0,110.0,108.0,125.0,16.85029061689017,69.40871229120555,23,4,109.54,SYNTHETIC
2026-02-20T23:15:00,12004,Shatabdi,0,GZB,ALJN,106.3,59.0,57.0,68.0,-1.343251334782667,130.0,23,4,65.67,SYNTHETIC
2026-02-20T23:30:00,12951,Rajdhani,1,BRC,RTM,261.0,197.0,193.0,215.0,18.857763103853827,79.6401474105754,23,4,185.87,SYNTHETIC
2026-02-20T23:45:00,12951,Rajdhani,1,MTJ,NDLS,143.0,110.0,108.0,125.0,-0.5284841326711609,76.28563439595064,23,4,107.57,SYNTHETIC
2026-02-21T00:00:00,12951,Rajdhani,1,ST,BRC,129.0,81.0,79.0,90.0,2.3361177360016203,86.43007533101125,0,5,81.1,SYNTHETIC
2026-02-21T00:15:00,12951,Rajdhani,1,BCT,ST,263.0,162.0,158.0,172.0,-1.9634652562511985,90.89410878771842,0,5,159.89,SYNTHETIC
2026-02-21T00:30:00,12951,Rajdhani,1,BRC,RTM,261.0,197.0,193.0,215.0,-0.9765700441630636,87.1415262193084,0,5,191.43,SYNTHETIC
2026-02-21T00:45:00,12951,Rajdhani,1,MTJ,NDLS,143.0,110.0,108.0,125.0,4.005176577881656,80.91705392132418,0,5,105.76,SYNTHETIC
2026-02-21T01:00:00,12951,Rajdhani,1,RTM,KOTA,266.0,157.0,154.0,170.0,3.4223195445430807,100.94525561106062,1,5,144.83,SYNTHETIC
2026-02-21T01:15:00,12951,Rajdhani,1,ST,BRC,129.0,81.0,79.0,90.0,2.9106451439880363,104.47779551926723,1,5,78.42,SYNTHETIC
2026-02-21T01:30:00,12951,Rajdhani,1,MTJ,NDLS,143.0,110.0,108.0,125.0,1.9019972722303962,88.06496679444878,1,5,95.23,SYNTHETIC
2026-02-21T01:45:00,12951,Rajdhani,1,BRC,RTM,261.0,197.0,193.0,215.0,31.374160330700875,80.30658162430291,1,5,180.24,SYNTHETIC
2026-02-21T02:00:00,12951,Rajdhani,1,MTJ,NDLS,143.0,110.0,108.0,125.0,3.8498805720517772,81.49963517328158,2,5,102.32,SYNTHETIC
2026-02-21T02:15:00,12951,Rajdhani,1,BCT,ST,263.0,162.0,158.0,172.0,7.970361644030428,114.49083893233363,2,5,144.19,SYNTHETIC
2026-02-21T02:30:00,12951,Rajdhani,1,ST,BRC,129.0,81.0,79.0,90.0,1.7162909764219814,97.6751370830385,2,5,76.84,SYNTHETIC
2026-02-21T02:45:00,12951,Rajdhani,1,MTJ,NDLS,143.0,110.0,108.0,125.0,27.482206354924287,79.8669404887128,2,5,102.47,SYNTHETIC
2026-02-21T03:00:00,12951,Rajdhani,1,RTM,KOTA,266.0,157.0,154.0,170.0,2.2016610298524864,88.15929962395175,3,5,148.89,SYNTHETIC
2026-02-21T03:15:00,12004,Shatabdi,0,GZB,ALJN,106.3,59.0,57.0,68.0,-1.9277936805331566,120.70822019453526,3,5,61.78,SYNTHETIC
2026-02-21T03:30:00,12951,Rajdhani,1,MTJ,NDLS,143.0,110.0,108.0,125.0,5.74551802858762,78.35380248606528,3,5,100.81,SYNTHETIC
2026-02-21T03:45:00,12951,Rajdhani,1,BRC,RTM,261.0,197.0,193.0,215.0,9.833818810138622,92.55080966532206,3,5,181.2,SYNTHETIC
2026-02-21T04:00:00,12951,Rajdhani,1,KOTA,MTJ,324.0,195.0,190.0,212.0,19.22459187971159,106.15223332338063,4,5,176.34,SYNTHETIC
2026-02-21T04:15:00,12004,Shatabdi,0,ALJN,CNB,308.6,209.0,205.0,228.0,12.531016552671542,84.98023780603451,4,5,207.02,SYNTHETIC
2026-02-21T04:30:00,12004,Shatabdi,0,CNB,LKO,71.6,75.0,72.0,85.0,8.397128736373679,51.2888017588834,4,5,80.23,SYNTHETIC
2026-02-21T04:45:00,12951,Rajdhani,1,KOTA,MTJ,324.0,195.0,190.0,212.0,3.9301439731393826,112.289181731275,4,5,182.04,SYNTHETIC
2026-02-21T05:00:00,12951,Rajdhani,1,BCT,ST,263.0,162.0,158.0,172.0,7.043421060069308,93.97694930254687,5,5,146.92,SYNTHETIC
2026-02-21T05:15:00,12004,Shatabdi,0,ALJN,CNB,308.6,209.0,205.0,228.0,0.8308067995851651,79.67111739301282,5,5,210.49,SYNTHETIC
2026-02-21T05:30:00,12951,Rajdhani,1,BCT,ST,263.0,162.0,158.0,172.0,-1.6012279832383514,100.90558031917817,5,5,149.54,SYNTHETIC
2026-02-21T05:45:00,12004,Shatabdi,0,ALJN,CNB,308.6,209.0,205.0,228.0,9.448132669838794,94.49339781548353,5,5,215.93,SYNTHETIC
2026-02-21T06:00:00,12951,Rajdhani,1,ST,BRC,129.0,81.0,79.0,90.0,2.1877791903606987,107.94425835953,6,5,77.49,SYNTHETIC
2026-02-21T06:15:00,12951,Rajdhani,1,BCT,ST,263.0,162.0,158.0,172.0,8.063419042111446,100.33164888169553,6,5,146.75,SYNTHETIC
2026-02-21T06:30:00,12004,Shatabdi,0,ALJN,CNB,308.6,209.0,205.0,228.0,-0.5479340600858416,89.01074658701548,6,5,227.82,SYNTHETIC
2026-02-21T06:45:00,12951,Rajdhani,1,BCT,ST,263.0,162.0,158.0,172.0,-0.7234448721578346,87.22149993915312,6,5,159.28,SYNTHETIC
2026-02-21T07:00:00,12951,Rajdhani,1,MTJ,NDLS,143.0,110.0,108.0,125.0,-1.623934607894145,83.62125849461692,7,5,108.28,SYNTHETIC
2026-02-21T07:15:00,12951,Rajdhani,1,BRC,RTM,261.0,197.0,193.0,215.0,-1.682662745679585,73.9960307760168,7,5,190.66,SYNTHETIC
2026-02-21T07:30:00,12004,Shatabdi,0,GZB,ALJN,106.3,59.0,57.0,68.0,-0.18229954972774465,109.6430157109807,7,5,60.58,SYNTHETIC
2026-02-21T07:45:00,12951,Rajdhani,1,BCT,ST,263.0,162.0,158.0,172.0,2.8092427933270354,89.47703036076186,7,5,164.88,SYNTHETIC
2026-02-21T08:00:00,12951,Rajdhani,1,MTJ,NDLS,143.0,110.0,108.0,125.0,7.995772544065554,72.39116113501777,8,5,117.32,SYNTHETIC
2026-02-21T08:15:00,12004,Shatabdi,0,CNB,LKO,71.6,75.0,72.0,85.0,7.130161857818894,49.96140615755962,8,5,78.66,SYNTHETIC
2026-02-21T08:30:00,12004,Shatabdi,0,ALJN,CNB,308.6,209.0,205.0,228.0,7.526320510637346,75.89205393188765,8,5,238.77,SYNTHETIC
2026-02-21T08:45:00,12951,Rajdhani,1,BRC,RTM,261.0,197.0,193.0,215.0,17.273818499778372,87.24836093181528,8,5,204.18,SYNTHETIC
2026-02-21T09:00:00,12951,Rajdhani,1,RTM,KOTA,266.0,157.0,154.0,170.0,-0.25586405451745486,104.89880488558833,9,5,159.68,SYNTHETIC
2026-02-21T09:15:00,12004,Shatabdi,0,CNB,LKO,71.6,75.0,72.0,85.0,2.6028954216923816,52.55449833218698,9,5,93.46,SYNTHETIC
2026-02-21T09:30:00,12004,Shatabdi,0,ALJN,CNB,308.6,209.0,205.0,228.0,14.770576692359633,91.64151269347467,9,5,222.15,SYNTHETIC
2026-02-21T09:45:00,12951,Rajdhani,1,RTM,KOTA,266.0,157.0,154.0,170.0,5.664451937341663,95.12275090295061,9,5,160.38,SYNTHETIC
2026-02-21T10:00:00,12951,Rajdhani,1,MTJ,NDLS,143.0,110.0,108.0,125.0,0.01834076882180291,88.72692254580662,10,5,115.78,SYNTHETIC
2026-02-21T10:15:00,12004,Shatabdi,0,ALJN,CNB,308.6,209.0,205.0,228.0,0.7624132362563985,103.24488868835928,10,5,247.69,SYNTHETIC
2026-02-21T10:30:00,12951,Rajdhani,1,BRC,RTM,261.0,197.0,193.0,215.0,-0.6126886398193676,91.35272030616886,10,5,204.78,SYNTHETIC
2026-02-21T10:45:00,12951,Rajdhani,1,BCT,ST,263.0,162.0,158.0,172.0,2.624274795509397,109.46049617113727,10,5,168.61,SYNTHETIC
2026-02-21T11:00:00,12004,Shatabdi,0,ALJN,CNB,308.6,209.0,205.0,228.0,13.30701879707215,90.08434935068132,11,5,239.8,SYNTHETIC
2026-02-21T11:15:00,12951,Rajdhani,1,KOTA,MTJ,324.0,195.0,190.0,212.0,-1.8364117045690818,113.61287887584493,11,5,208.3,SYNTHETIC
2026-02-21T11:30:00,12004,Shatabdi,0,ALJN,CNB,308.6,209.0,205.0,228.0,5.902652830175995,80.37118023352336,11,5,236.48,SYNTHETIC
2026-02-21T11:45:00,12004,Shatabdi,0,GZB,ALJN,106.3,59.0,57.0,68.0,0.5569707549200151,106.72302407254392,11,5,66.95,SYNTHETIC
2026-02-21T12:00:00,12004,Shatabdi,0,ALJN,CNB,308.6,209.0,205.0,228.0,-0.8544923149281398,98.99305523974135,12,5,224.89,SYNTHETIC
2026-02-21T12:15:00,12951,Rajdhani,1,KOTA,MTJ,324.0,195.0,190.0,212.0,-0.8153873107120879,113.10575504070759,12,5,189.94,SYNTHETIC
2026-02-21T12:30:00,12951,Rajdhani,1,ST,BRC,129.0,81.0,79.0,90.0,13.21933972357914,81.93824623557785,12,5,74.61,SYNTHETIC
2026-02-21T12:45:00,12004,Shatabdi,0,CNB,LKO,71.6,75.0,72.0,85.0,4.57459056278125,63.98055035589984,12,5,75.27,SYNTHETIC
2026-02-21T13:00:00,12951,Rajdhani,1,ST,BRC,129.0,81.0,79.0,90.0,-0.3177731124828709,95.38897386887857,13,5,81.57,SYNTHETIC
2026-02-21T13:15:00,12004,Shatabdi,0,CNB,LKO,71.6,75.0,72.0,85.0,4.325536106972816,54.59864015643655,13,5,76.88,SYNTHETIC
2026-02-21T13:30:00,12004,Shatabdi,0,ALJN,CNB,308.6,209.0,205.0,228.0,16.587929138892672,93.69827387941989,13,5,231.06,SYNTHETIC
2026-02-21T13:45:00,12951,Rajdhani,1,BRC,RTM,261.0,197.0,193.0,215.0,1.4547389982301873,70.03430253859676,13,5,194.99,SYNTHETIC
2026-02-21T14:00:00,12951,Rajdhani,1,MTJ,NDLS,143.0,110.0,108.0,125.0,13.82169703511424,70.42006083282939,14,5,110.04,SYNTHETIC
2026-02-21T14:15:00,12004,Shatabdi,0,GZB,ALJN,106.3,59.0,57.0,68.0,-1.5397087853226843,107.95177794174836,14,5,60.57,SYNTHETIC
2026-02-21T14:30:00,12951,Rajdhani,1,KOTA,MTJ,324.0,195.0,190.0,212.0,6.384443473996328,108.64613237674007,14,5,184.89,SYNTHETIC
2026-02-21T14:45:00,12951,Rajdhani,1,BRC,RTM,261.0,197.0,193.0,215.0,3.8548885225319562,79.73986538574228,14,5,197.13,SYNTHETIC
2026-02-21T15:00:00,12951,Rajdhani,1,MTJ,NDLS,143.0,110.0,108.0,125.0,7.562540975342415,85.5549131727663,15,5,102.25,SYNTHETIC
2026-02-21T15:15:00,12004,Shatabdi,0,CNB,LKO,71.6,75.0,72.0,85.0,1.9542419521922123,65.07494877051158,15,5,73.13,SYNTHETIC
2026-02-21T15:30:00,12951,Rajdhani,1,KOTA,MTJ,324.0,195.0,190.0,212.0,0.647202889552041,110.76441851143612,15,5,190.44,SYNTHETIC
2026-02-21T15:45:00,12004,Shatabdi,0,NDLS,GZB,24.5,38.0,36.0,42.0,-0.45321663312149285,46.68465372597097,15,5,36.57,SYNTHETIC
2026-02-21T16:00:00,12951,Rajdhani,1,KOTA,MTJ,324.0,195.0,190.0,212.0,7.862460347340923,102.05829243618844,16,5,188.62,SYNTHETIC
2026-02-21T16:15:00,12004,Shatabdi,0,NDLS,GZB,24.5,38.0,36.0,42.0,5.714068290898702,36.37602323419959,16,5,36.54,SYNTHETIC
2026-02-21T16:30:00,12004,Shatabdi,0,CNB,LKO,71.6,75.0,72.0,85.0,4.741173787075185,46.56683630510724,16,5,82.35,SYNTHETIC
2026-02-21T16:45:00,12951,Rajdhani,1,BRC,RTM,261.0,197.0,193.0,215.0,4.020050206435204,93.73391440297824,16,5,195.17,SYNTHETIC
2026-02-21T17:00:00,12951,Rajdhani,1,BRC,RTM,261.0,197.0,193.0,215.0,-0.28565905670749636,92.25165939679468,17,5,205.16,SYNTHETIC
2026-02-21T17:15:00,12004,Shatabdi,0,CNB,LKO,71.6,75.0,72.0,85.0,0.07476463600852767,49.902581252717276,17,5,79.95,SYNTHETIC
2026-02-21T17:30:00,12951,Rajdhani,1,KOTA,MTJ,324.0,195.0,190.0,212.0,2.12815630733236,95.73356703618234,17,5,202.87,SYNTHETIC
2026-02-21T17:45:00,12004,Shatabdi,0,ALJN,CNB,308.6,209.0,205.0,228.0,15.254978953552161,113.1899274444507,17,5,233.35,SYNTHETIC
2026-02-21T18:00:00,12004,Shatabdi,0,GZB,ALJN,106.3,59.0,57.0,68.0,7.0909759005577175,105.10797497529556,18,5,68.59,SYNTHETIC
2026-02-21T18:15:00,12004,Shatabdi,0,NDLS,GZB,24.5,38.0,36.0,42.0,0.8369352879298826,30.0,18,5,43.36,SYNTHETIC
2026-02-21T18:30:00,12951,Rajdhani,1,BCT,ST,263.0,162.0,158.0,172.0,10.665453977791216,108.11070152914169,18,5,157.85,SYNTHETIC
2026-02-21T18:45:00,12004,Shatabdi,0,CNB,LKO,71.6,75.0,72.0,85.0,15.651724591188646,62.679144534093,18,5,86.61,SYNTHETIC
2026-02-21T19:00:00,12951,Rajdhani,1,BCT,ST,263.0,162.0,158.0,172.0,-0.1736344414474873,116.7026663671177,19,5,168.07,SYNTHETIC
2026-02-21T19:15:00,12951,Rajdhani,1,KOTA,MTJ,324.0,195.0,190.0,212.0,-0.7400760500168573,108.44690899648127,19,5,207.7,SYNTHETIC
2026-02-21T19:30:00,12004,Shatabdi,0,GZB,ALJN,106.3,59.0,57.0,68.0,-0.5744775251750773,118.7110451045289,19,5,67.63,SYNTHETIC
2026-02-21T19:45:00,12951,Rajdhani,1,ST,BRC,129.0,81.0,79.0,90.0,6.089007176781308,98.58721064770768,19,5,77.23,SYNTHETIC
2026-02-21T20:00:00,12951,Rajdhani,1,ST,BRC,129.0,81.0,79.0,90.0,5.330609091973059,89.2261080498653,20,5,77.95,SYNTHETIC
2026-02-21T20:15:00,12951,Rajdhani,1,ST,BRC,129.0,81.0,79.0,90.0,6.843230939995783,91.32882866481786,20,5,75.93,SYNTHETIC
2026-02-21T20:30:00,12004,Shatabdi,0,NDLS,GZB,24.5,38.0,36.0,42.0,8.562199225885713,46.56359219111921,20,5,41.85,SYNTHETIC
2026-02-21T20:45:00,12951,Rajdhani,1,MTJ,NDLS,143.0,110.0,108.0,125.0,0.4402147725139054,86.57935399483956,20,5,121.15,SYNTHETIC
2026-02-21T21:00:00,12951,Rajdhani,1,RTM,KOTA,266.0,157.0,154.0,170.0,-0.5114586408234989,96.71705523018724,21,5,166.96,SYNTHETIC
2026-02-21T21:15:00,12951,Rajdhani,1,BCT,ST,263.0,162.0,158.0,172.0,3.8742713109855798,91.7426443417976,21,5,170.16,SYNTHETIC
2026-02-21T21:30:00,12951,Rajdhani,1,MTJ,NDLS,143.0,110.0,108.0,125.0,5.341521360134475,80.86925117504532,21,5,113.31,SYNTHETIC
2026-02-21T21:45:00,12951,Rajdhani,1,KOTA,MTJ,324.0,195.0,190.0,212.0,14.54748559514675,107.00968780254607,21,5,196.02,SYNTHETIC
2026-02-21T22:00:00,12951,Rajdhani,1,BRC,RTM,261.0,197.0,193.0,215.0,1.4779515187222252,107.14931964512878,22,5,189.89,SYNTHETIC
2026-02-21T22:15:00,12004,Shatabdi,0,CNB,LKO,71.6,75.0,72.0,85.0,-1.7097180811049304,54.31799049571319,22,5,80.18,SYNTHETIC
2026-02-21T22:30:00,12951,Rajdhani,1,RTM,KOTA,266.0,157.0,154.0,170.0,4.172948028465619,110.32944093092698,22,5,153.73,SYNTHETIC
2026-02-21T22:45:00,12951,Rajdhani,1,ST,BRC,129.0,81.0,79.0,90.0,3.6083940411685225,96.74000646505911,22,5,81.07,SYNTHETIC
2026-02-21T23:00:00,12004,Shatabdi,0,NDLS,GZB,24.5,38.0,36.0,42.0,0.8691143480455388,35.83535058726038,23,5,41.51,SYNTHETIC
2026-02-21T23:15:00,12951,Rajdhani,1,RTM,KOTA,266.0,157.0,154.0,170.0,-0.5650232257911623,96.20890792539284,23,5,150.9,SYNTHETIC
2026-02-21T23:30:00,12951,Rajdhani,1,ST,BRC,129.0,81.0,79.0,90.0,14.650044447820488,98.2887925248144,23,5,74.21,SYNTHETIC
2026-02-21T23:45:00,12951,Rajdhani,1,BRC,RTM,261.0,197.0,193.0,215.0,0.8598202061768618,85.98686320877717,23,5,189.84,SYNTHETIC
2026-02-22T00:00:00,12951,Rajdhani,1,BCT,ST,263.0,162.0,158.0,172.0,0.38320482817006507,98.0558859862611,0,6,153.48,SYNTHETIC
2026-02-22T00:15:00,12951,Rajdhani,1,RTM,KOTA,266.0,157.0,154.0,170.0,0.0009324054316968144,80.36029756627164,0,6,155.36,SYNTHETIC
2026-02-22T00:30:00,12951,Rajdhani,1,RTM,KOTA,266.0,157.0,154.0,170.0,5.966225831029222,113.16226871588407,0,6,150.54,SYNTHETIC
2026-02-22T00:45:00,12004,Shatabdi,0,ALJN,CNB,308.6,209.0,205.0,228.0,9.010931695611367,102.05296576497425,0,6,221.21,SYNTHETIC
2026-02-22T01:00:00,12004,Shatabdi,0,NDLS,GZB,24.5,38.0,36.0,42.0,23.513407795603648,44.31619581000152,1,6,38.29,SYNTHETIC
2026-02-22T01:15:00,12951,Rajdhani,1,BCT,ST,263.0,162.0,158.0,172.0,0.9708453762226097,82.53458004557213,1,6,146.98,SYNTHETIC
2026-02-22T01:30:00,12004,Shatabdi,0,ALJN,CNB,308.6,209.0,205.0,228.0,1.9674872957750598,98.35145048470716,1,6,215.81,SYNTHETIC
2026-02-22T01:45:00,12004,Shatabdi,0,GZB,ALJN,106.3,59.0,57.0,68.0,6.512781296143668,103.24492494303811,1,6,59.5,SYNTHETIC
